ISO-10303-21;
HEADER;
/* Generated by software containing ST-Developer
 * from STEP Tools, Inc. (www.steptools.com) 
 */

FILE_DESCRIPTION(
/* description */ (''),
/* implementation_level */ '2;1');

FILE_NAME(
/* name */ 'Ball Wheel Bracket.step',
/* time_stamp */ '2025-04-08T23:19:23+07:00',
/* author */ (''),
/* organization */ (''),
/* preprocessor_version */ 'ST-DEVELOPER v20.1',
/* originating_system */ 'Autodesk Translation Framework v14.4.0.0',
/* authorisation */ '');

FILE_SCHEMA (('AUTOMOTIVE_DESIGN { 1 0 10303 214 3 1 1 }'));
ENDSEC;

DATA;
#10=MECHANICAL_DESIGN_GEOMETRIC_PRESENTATION_REPRESENTATION('',(#50,#51,
#52,#53,#54,#55,#56),#6106);
#11=ITEM_DEFINED_TRANSFORMATION($,$,#2709,#3005);
#12=ITEM_DEFINED_TRANSFORMATION($,$,#2709,#3006);
#13=ITEM_DEFINED_TRANSFORMATION($,$,#2729,#3007);
#14=ITEM_DEFINED_TRANSFORMATION($,$,#2729,#3008);
#15=ITEM_DEFINED_TRANSFORMATION($,$,#2803,#3009);
#16=ITEM_DEFINED_TRANSFORMATION($,$,#2803,#3010);
#17=(
REPRESENTATION_RELATIONSHIP($,$,#6126,#6125)
REPRESENTATION_RELATIONSHIP_WITH_TRANSFORMATION(#11)
SHAPE_REPRESENTATION_RELATIONSHIP()
);
#18=(
REPRESENTATION_RELATIONSHIP($,$,#6126,#6125)
REPRESENTATION_RELATIONSHIP_WITH_TRANSFORMATION(#12)
SHAPE_REPRESENTATION_RELATIONSHIP()
);
#19=(
REPRESENTATION_RELATIONSHIP($,$,#6127,#6125)
REPRESENTATION_RELATIONSHIP_WITH_TRANSFORMATION(#13)
SHAPE_REPRESENTATION_RELATIONSHIP()
);
#20=(
REPRESENTATION_RELATIONSHIP($,$,#6127,#6125)
REPRESENTATION_RELATIONSHIP_WITH_TRANSFORMATION(#14)
SHAPE_REPRESENTATION_RELATIONSHIP()
);
#21=(
REPRESENTATION_RELATIONSHIP($,$,#6128,#6125)
REPRESENTATION_RELATIONSHIP_WITH_TRANSFORMATION(#15)
SHAPE_REPRESENTATION_RELATIONSHIP()
);
#22=(
REPRESENTATION_RELATIONSHIP($,$,#6128,#6125)
REPRESENTATION_RELATIONSHIP_WITH_TRANSFORMATION(#16)
SHAPE_REPRESENTATION_RELATIONSHIP()
);
#23=CONTEXT_DEPENDENT_SHAPE_REPRESENTATION(#17,#6119);
#24=CONTEXT_DEPENDENT_SHAPE_REPRESENTATION(#18,#6120);
#25=CONTEXT_DEPENDENT_SHAPE_REPRESENTATION(#19,#6121);
#26=CONTEXT_DEPENDENT_SHAPE_REPRESENTATION(#20,#6122);
#27=CONTEXT_DEPENDENT_SHAPE_REPRESENTATION(#21,#6123);
#28=CONTEXT_DEPENDENT_SHAPE_REPRESENTATION(#22,#6124);
#29=NEXT_ASSEMBLY_USAGE_OCCURRENCE(
'Hexagon Regular Nut ISO 4032 - M4 Steel 6 Plain v2:1',
'Hexagon Regular Nut ISO 4032 - M4 Steel 6 Plain v2:1',
'Hexagon Regular Nut ISO 4032 - M4 Steel 6 Plain v2:1',#6130,#6131,
'Hexagon Regular Nut ISO 4032 - M4 Steel 6 Plain v2:1');
#30=NEXT_ASSEMBLY_USAGE_OCCURRENCE(
'Hexagon Regular Nut ISO 4032 - M4 Steel 6 Plain v2:2',
'Hexagon Regular Nut ISO 4032 - M4 Steel 6 Plain v2:2',
'Hexagon Regular Nut ISO 4032 - M4 Steel 6 Plain v2:2',#6130,#6131,
'Hexagon Regular Nut ISO 4032 - M4 Steel 6 Plain v2:2');
#31=NEXT_ASSEMBLY_USAGE_OCCURRENCE(
'Pan Head Screw ISO 7045 - M4 x 25 - Z Steel 4.6 Plain v1:1',
'Pan Head Screw ISO 7045 - M4 x 25 - Z Steel 4.6 Plain v1:1',
'Pan Head Screw ISO 7045 - M4 x 25 - Z Steel 4.6 Plain v1:1',#6130,#6132,
'Pan Head Screw ISO 7045 - M4 x 25 - Z Steel 4.6 Plain v1:1');
#32=NEXT_ASSEMBLY_USAGE_OCCURRENCE(
'Pan Head Screw ISO 7045 - M4 x 25 - Z Steel 4.6 Plain v1:2',
'Pan Head Screw ISO 7045 - M4 x 25 - Z Steel 4.6 Plain v1:2',
'Pan Head Screw ISO 7045 - M4 x 25 - Z Steel 4.6 Plain v1:2',#6130,#6132,
'Pan Head Screw ISO 7045 - M4 x 25 - Z Steel 4.6 Plain v1:2');
#33=NEXT_ASSEMBLY_USAGE_OCCURRENCE('9657K259_Compression Spring:1',
'9657K259_Compression Spring:1','9657K259_Compression Spring:1',#6130,#6133,
'9657K259_Compression Spring:1');
#34=NEXT_ASSEMBLY_USAGE_OCCURRENCE('9657K259_Compression Spring:2',
'9657K259_Compression Spring:2','9657K259_Compression Spring:2',#6130,#6133,
'9657K259_Compression Spring:2');
#35=B_SPLINE_CURVE_WITH_KNOTS('',3,(#4765,#4766,#4767,#4768,#4769,#4770,
#4771,#4772,#4773,#4774,#4775,#4776,#4777,#4778,#4779,#4780,#4781,#4782,
#4783,#4784,#4785,#4786,#4787,#4788,#4789,#4790,#4791,#4792,#4793,#4794,
#4795,#4796,#4797,#4798,#4799,#4800,#4801,#4802,#4803,#4804,#4805,#4806,
#4807,#4808,#4809,#4810,#4811,#4812,#4813,#4814,#4815,#4816,#4817,#4818,
#4819,#4820,#4821,#4822,#4823,#4824,#4825,#4826,#4827,#4828,#4829,#4830,
#4831,#4832,#4833,#4834,#4835,#4836,#4837,#4838,#4839,#4840,#4841,#4842,
#4843,#4844,#4845,#4846,#4847,#4848,#4849,#4850,#4851,#4852,#4853,#4854,
#4855,#4856),.UNSPECIFIED.,.F.,.F.,(4,2,2,2,2,2,2,2,2,2,2,2,2,2,2,2,2,2,
2,2,2,2,2,2,2,2,2,2,2,2,2,2,2,2,2,2,2,2,2,2,2,2,2,2,2,4),(0.,0.015625,0.03125,
0.046875,0.0546875,0.0625,0.078125,0.09765625,0.107421875,0.1171875,0.13671875,
0.15625,0.1875,0.21875,0.25,0.28125,0.3125,0.34375,0.375,0.40625,0.4375,
0.46875,0.5,0.53125,0.5625,0.59375,0.625,0.65625,0.6875,0.71875,0.75,0.78125,
0.8125,0.84375,0.87109375,0.884765625,0.8916015625,0.8984375,0.912109375,
0.92578125,0.939453125,0.953125,0.96484375,0.9765625,0.98828125,1.),
 .UNSPECIFIED.);
#36=B_SPLINE_CURVE_WITH_KNOTS('',3,(#4859,#4860,#4861,#4862,#4863,#4864,
#4865,#4866,#4867,#4868,#4869,#4870,#4871,#4872,#4873,#4874,#4875,#4876,
#4877,#4878,#4879,#4880,#4881,#4882,#4883,#4884,#4885,#4886,#4887,#4888,
#4889,#4890,#4891,#4892,#4893,#4894,#4895,#4896,#4897,#4898,#4899,#4900,
#4901,#4902,#4903,#4904,#4905,#4906,#4907,#4908,#4909,#4910,#4911,#4912,
#4913,#4914,#4915,#4916,#4917,#4918,#4919,#4920,#4921,#4922,#4923,#4924,
#4925,#4926,#4927,#4928,#4929,#4930,#4931,#4932,#4933,#4934,#4935,#4936,
#4937,#4938,#4939,#4940,#4941,#4942,#4943,#4944,#4945,#4946,#4947,#4948,
#4949,#4950),.UNSPECIFIED.,.F.,.F.,(4,2,2,2,2,2,2,2,2,2,2,2,2,2,2,2,2,2,
2,2,2,2,2,2,2,2,2,2,2,2,2,2,2,2,2,2,2,2,2,2,2,2,2,2,2,4),(0.,0.015625,0.03125,
0.046875,0.0546875,0.0625,0.078125,0.09765625,0.107421875,0.1171875,0.13671875,
0.15625,0.1875,0.21875,0.25,0.28125,0.3125,0.34375,0.375,0.40625,0.4375,
0.46875,0.5,0.53125,0.5625,0.59375,0.625,0.65625,0.6875,0.71875,0.75,0.78125,
0.8125,0.84375,0.87109375,0.884765625,0.8916015625,0.8984375,0.912109375,
0.92578125,0.939453125,0.953125,0.96484375,0.9765625,0.98828125,1.),
 .UNSPECIFIED.);
#37=(
BOUNDED_SURFACE()
B_SPLINE_SURFACE(3,3,((#4117,#4118,#4119,#4120,#4121,#4122,#4123,#4124,
#4125,#4126,#4127,#4128,#4129,#4130,#4131,#4132,#4133,#4134,#4135,#4136,
#4137,#4138,#4139,#4140,#4141,#4142,#4143,#4144,#4145,#4146,#4147,#4148,
#4149,#4150,#4151,#4152,#4153,#4154,#4155,#4156,#4157,#4158,#4159,#4160,
#4161,#4162,#4163,#4164,#4165,#4166,#4167,#4168,#4169,#4170,#4171,#4172,
#4173,#4174,#4175,#4176,#4177,#4178,#4179,#4180,#4181,#4182,#4183,#4184,
#4185,#4186,#4187,#4188,#4189,#4190,#4191,#4192,#4193,#4194,#4195,#4196,
#4197,#4198,#4199,#4200,#4201,#4202,#4203,#4204,#4205,#4206,#4207,#4208),
(#4209,#4210,#4211,#4212,#4213,#4214,#4215,#4216,#4217,#4218,#4219,#4220,
#4221,#4222,#4223,#4224,#4225,#4226,#4227,#4228,#4229,#4230,#4231,#4232,
#4233,#4234,#4235,#4236,#4237,#4238,#4239,#4240,#4241,#4242,#4243,#4244,
#4245,#4246,#4247,#4248,#4249,#4250,#4251,#4252,#4253,#4254,#4255,#4256,
#4257,#4258,#4259,#4260,#4261,#4262,#4263,#4264,#4265,#4266,#4267,#4268,
#4269,#4270,#4271,#4272,#4273,#4274,#4275,#4276,#4277,#4278,#4279,#4280,
#4281,#4282,#4283,#4284,#4285,#4286,#4287,#4288,#4289,#4290,#4291,#4292,
#4293,#4294,#4295,#4296,#4297,#4298,#4299,#4300),(#4301,#4302,#4303,#4304,
#4305,#4306,#4307,#4308,#4309,#4310,#4311,#4312,#4313,#4314,#4315,#4316,
#4317,#4318,#4319,#4320,#4321,#4322,#4323,#4324,#4325,#4326,#4327,#4328,
#4329,#4330,#4331,#4332,#4333,#4334,#4335,#4336,#4337,#4338,#4339,#4340,
#4341,#4342,#4343,#4344,#4345,#4346,#4347,#4348,#4349,#4350,#4351,#4352,
#4353,#4354,#4355,#4356,#4357,#4358,#4359,#4360,#4361,#4362,#4363,#4364,
#4365,#4366,#4367,#4368,#4369,#4370,#4371,#4372,#4373,#4374,#4375,#4376,
#4377,#4378,#4379,#4380,#4381,#4382,#4383,#4384,#4385,#4386,#4387,#4388,
#4389,#4390,#4391,#4392),(#4393,#4394,#4395,#4396,#4397,#4398,#4399,#4400,
#4401,#4402,#4403,#4404,#4405,#4406,#4407,#4408,#4409,#4410,#4411,#4412,
#4413,#4414,#4415,#4416,#4417,#4418,#4419,#4420,#4421,#4422,#4423,#4424,
#4425,#4426,#4427,#4428,#4429,#4430,#4431,#4432,#4433,#4434,#4435,#4436,
#4437,#4438,#4439,#4440,#4441,#4442,#4443,#4444,#4445,#4446,#4447,#4448,
#4449,#4450,#4451,#4452,#4453,#4454,#4455,#4456,#4457,#4458,#4459,#4460,
#4461,#4462,#4463,#4464,#4465,#4466,#4467,#4468,#4469,#4470,#4471,#4472,
#4473,#4474,#4475,#4476,#4477,#4478,#4479,#4480,#4481,#4482,#4483,#4484),
(#4485,#4486,#4487,#4488,#4489,#4490,#4491,#4492,#4493,#4494,#4495,#4496,
#4497,#4498,#4499,#4500,#4501,#4502,#4503,#4504,#4505,#4506,#4507,#4508,
#4509,#4510,#4511,#4512,#4513,#4514,#4515,#4516,#4517,#4518,#4519,#4520,
#4521,#4522,#4523,#4524,#4525,#4526,#4527,#4528,#4529,#4530,#4531,#4532,
#4533,#4534,#4535,#4536,#4537,#4538,#4539,#4540,#4541,#4542,#4543,#4544,
#4545,#4546,#4547,#4548,#4549,#4550,#4551,#4552,#4553,#4554,#4555,#4556,
#4557,#4558,#4559,#4560,#4561,#4562,#4563,#4564,#4565,#4566,#4567,#4568,
#4569,#4570,#4571,#4572,#4573,#4574,#4575,#4576),(#4577,#4578,#4579,#4580,
#4581,#4582,#4583,#4584,#4585,#4586,#4587,#4588,#4589,#4590,#4591,#4592,
#4593,#4594,#4595,#4596,#4597,#4598,#4599,#4600,#4601,#4602,#4603,#4604,
#4605,#4606,#4607,#4608,#4609,#4610,#4611,#4612,#4613,#4614,#4615,#4616,
#4617,#4618,#4619,#4620,#4621,#4622,#4623,#4624,#4625,#4626,#4627,#4628,
#4629,#4630,#4631,#4632,#4633,#4634,#4635,#4636,#4637,#4638,#4639,#4640,
#4641,#4642,#4643,#4644,#4645,#4646,#4647,#4648,#4649,#4650,#4651,#4652,
#4653,#4654,#4655,#4656,#4657,#4658,#4659,#4660,#4661,#4662,#4663,#4664,
#4665,#4666,#4667,#4668),(#4669,#4670,#4671,#4672,#4673,#4674,#4675,#4676,
#4677,#4678,#4679,#4680,#4681,#4682,#4683,#4684,#4685,#4686,#4687,#4688,
#4689,#4690,#4691,#4692,#4693,#4694,#4695,#4696,#4697,#4698,#4699,#4700,
#4701,#4702,#4703,#4704,#4705,#4706,#4707,#4708,#4709,#4710,#4711,#4712,
#4713,#4714,#4715,#4716,#4717,#4718,#4719,#4720,#4721,#4722,#4723,#4724,
#4725,#4726,#4727,#4728,#4729,#4730,#4731,#4732,#4733,#4734,#4735,#4736,
#4737,#4738,#4739,#4740,#4741,#4742,#4743,#4744,#4745,#4746,#4747,#4748,
#4749,#4750,#4751,#4752,#4753,#4754,#4755,#4756,#4757,#4758,#4759,#4760)),
 .UNSPECIFIED.,.T.,.F.,.F.)
B_SPLINE_SURFACE_WITH_KNOTS((4,3,4),(4,2,2,2,2,2,2,2,2,2,2,2,2,2,2,2,2,
2,2,2,2,2,2,2,2,2,2,2,2,2,2,2,2,2,2,2,2,2,2,2,2,2,2,2,2,4),(0.,0.5,1.),
(0.,0.015625,0.03125,0.046875,0.0546875,0.0625,0.078125,0.09765625,0.107421875,
0.1171875,0.13671875,0.15625,0.1875,0.21875,0.25,0.28125,0.3125,0.34375,
0.375,0.40625,0.4375,0.46875,0.5,0.53125,0.5625,0.59375,0.625,0.65625,0.6875,
0.71875,0.75,0.78125,0.8125,0.84375,0.87109375,0.884765625,0.8916015625,
0.8984375,0.912109375,0.92578125,0.939453125,0.953125,0.96484375,0.9765625,
0.98828125,1.),.UNSPECIFIED.)
GEOMETRIC_REPRESENTATION_ITEM()
RATIONAL_B_SPLINE_SURFACE(((1.,1.,1.,1.,1.,1.,1.,1.,1.,1.,1.,1.,1.,1.,1.,
1.,1.,1.,1.,1.,1.,1.,1.,1.,1.,1.,1.,1.,1.,1.,1.,1.,1.,1.,1.,1.,1.,1.,1.,
1.,1.,1.,1.,1.,1.,1.,1.,1.,1.,1.,1.,1.,1.,1.,1.,1.,1.,1.,1.,1.,1.,1.,1.,
1.,1.,1.,1.,1.,1.,1.,1.,1.,1.,1.,1.,1.,1.,1.,1.,1.,1.,1.,1.,1.,1.,1.,1.,
1.,1.,1.,1.,1.),(0.333333333333333,0.333333333333333,0.333333333333333,
0.333333333333333,0.333333333333333,0.333333333333333,0.333333333333333,
0.333333333333333,0.333333333333333,0.333333333333333,0.333333333333333,
0.333333333333333,0.333333333333333,0.333333333333333,0.333333333333333,
0.333333333333333,0.333333333333333,0.333333333333333,0.333333333333333,
0.333333333333333,0.333333333333333,0.333333333333333,0.333333333333333,
0.333333333333333,0.333333333333333,0.333333333333333,0.333333333333333,
0.333333333333333,0.333333333333333,0.333333333333333,0.333333333333333,
0.333333333333333,0.333333333333333,0.333333333333333,0.333333333333333,
0.333333333333333,0.333333333333333,0.333333333333333,0.333333333333333,
0.333333333333333,0.333333333333333,0.333333333333333,0.333333333333333,
0.333333333333333,0.333333333333333,0.333333333333333,0.333333333333333,
0.333333333333333,0.333333333333333,0.333333333333333,0.333333333333333,
0.333333333333333,0.333333333333333,0.333333333333333,0.333333333333333,
0.333333333333333,0.333333333333333,0.333333333333333,0.333333333333333,
0.333333333333333,0.333333333333333,0.333333333333333,0.333333333333333,
0.333333333333333,0.333333333333333,0.333333333333333,0.333333333333333,
0.333333333333333,0.333333333333333,0.333333333333333,0.333333333333333,
0.333333333333333,0.333333333333333,0.333333333333333,0.333333333333333,
0.333333333333333,0.333333333333333,0.333333333333333,0.333333333333333,
0.333333333333333,0.333333333333333,0.333333333333333,0.333333333333333,
0.333333333333333,0.333333333333333,0.333333333333333,0.333333333333333,
0.333333333333333,0.333333333333333,0.333333333333333,0.333333333333333,
0.333333333333333),(0.333333333333333,0.333333333333333,0.333333333333333,
0.333333333333333,0.333333333333333,0.333333333333333,0.333333333333333,
0.333333333333333,0.333333333333333,0.333333333333333,0.333333333333333,
0.333333333333333,0.333333333333333,0.333333333333333,0.333333333333333,
0.333333333333333,0.333333333333333,0.333333333333333,0.333333333333333,
0.333333333333333,0.333333333333333,0.333333333333333,0.333333333333333,
0.333333333333333,0.333333333333333,0.333333333333333,0.333333333333333,
0.333333333333333,0.333333333333333,0.333333333333333,0.333333333333333,
0.333333333333333,0.333333333333333,0.333333333333333,0.333333333333333,
0.333333333333333,0.333333333333333,0.333333333333333,0.333333333333333,
0.333333333333333,0.333333333333333,0.333333333333333,0.333333333333333,
0.333333333333333,0.333333333333333,0.333333333333333,0.333333333333333,
0.333333333333333,0.333333333333333,0.333333333333333,0.333333333333333,
0.333333333333333,0.333333333333333,0.333333333333333,0.333333333333333,
0.333333333333333,0.333333333333333,0.333333333333333,0.333333333333333,
0.333333333333333,0.333333333333333,0.333333333333333,0.333333333333333,
0.333333333333333,0.333333333333333,0.333333333333333,0.333333333333333,
0.333333333333333,0.333333333333333,0.333333333333333,0.333333333333333,
0.333333333333333,0.333333333333333,0.333333333333333,0.333333333333333,
0.333333333333333,0.333333333333333,0.333333333333333,0.333333333333333,
0.333333333333333,0.333333333333333,0.333333333333333,0.333333333333333,
0.333333333333333,0.333333333333333,0.333333333333333,0.333333333333333,
0.333333333333333,0.333333333333333,0.333333333333333,0.333333333333333,
0.333333333333333),(1.,1.,1.,1.,1.,1.,1.,1.,1.,1.,1.,1.,1.,1.,1.,1.,1.,
1.,1.,1.,1.,1.,1.,1.,1.,1.,1.,1.,1.,1.,1.,1.,1.,1.,1.,1.,1.,1.,1.,1.,1.,
1.,1.,1.,1.,1.,1.,1.,1.,1.,1.,1.,1.,1.,1.,1.,1.,1.,1.,1.,1.,1.,1.,1.,1.,
1.,1.,1.,1.,1.,1.,1.,1.,1.,1.,1.,1.,1.,1.,1.,1.,1.,1.,1.,1.,1.,1.,1.,1.,
1.,1.,1.),(0.333333333333333,0.333333333333333,0.333333333333333,0.333333333333333,
0.333333333333333,0.333333333333333,0.333333333333333,0.333333333333333,
0.333333333333333,0.333333333333333,0.333333333333333,0.333333333333333,
0.333333333333333,0.333333333333333,0.333333333333333,0.333333333333333,
0.333333333333333,0.333333333333333,0.333333333333333,0.333333333333333,
0.333333333333333,0.333333333333333,0.333333333333333,0.333333333333333,
0.333333333333333,0.333333333333333,0.333333333333333,0.333333333333333,
0.333333333333333,0.333333333333333,0.333333333333333,0.333333333333333,
0.333333333333333,0.333333333333333,0.333333333333333,0.333333333333333,
0.333333333333333,0.333333333333333,0.333333333333333,0.333333333333333,
0.333333333333333,0.333333333333333,0.333333333333333,0.333333333333333,
0.333333333333333,0.333333333333333,0.333333333333333,0.333333333333333,
0.333333333333333,0.333333333333333,0.333333333333333,0.333333333333333,
0.333333333333333,0.333333333333333,0.333333333333333,0.333333333333333,
0.333333333333333,0.333333333333333,0.333333333333333,0.333333333333333,
0.333333333333333,0.333333333333333,0.333333333333333,0.333333333333333,
0.333333333333333,0.333333333333333,0.333333333333333,0.333333333333333,
0.333333333333333,0.333333333333333,0.333333333333333,0.333333333333333,
0.333333333333333,0.333333333333333,0.333333333333333,0.333333333333333,
0.333333333333333,0.333333333333333,0.333333333333333,0.333333333333333,
0.333333333333333,0.333333333333333,0.333333333333333,0.333333333333333,
0.333333333333333,0.333333333333333,0.333333333333333,0.333333333333333,
0.333333333333333,0.333333333333333,0.333333333333333,0.333333333333333),
(0.333333333333333,0.333333333333333,0.333333333333333,0.333333333333333,
0.333333333333333,0.333333333333333,0.333333333333333,0.333333333333333,
0.333333333333333,0.333333333333333,0.333333333333333,0.333333333333333,
0.333333333333333,0.333333333333333,0.333333333333333,0.333333333333333,
0.333333333333333,0.333333333333333,0.333333333333333,0.333333333333333,
0.333333333333333,0.333333333333333,0.333333333333333,0.333333333333333,
0.333333333333333,0.333333333333333,0.333333333333333,0.333333333333333,
0.333333333333333,0.333333333333333,0.333333333333333,0.333333333333333,
0.333333333333333,0.333333333333333,0.333333333333333,0.333333333333333,
0.333333333333333,0.333333333333333,0.333333333333333,0.333333333333333,
0.333333333333333,0.333333333333333,0.333333333333333,0.333333333333333,
0.333333333333333,0.333333333333333,0.333333333333333,0.333333333333333,
0.333333333333333,0.333333333333333,0.333333333333333,0.333333333333333,
0.333333333333333,0.333333333333333,0.333333333333333,0.333333333333333,
0.333333333333333,0.333333333333333,0.333333333333333,0.333333333333333,
0.333333333333333,0.333333333333333,0.333333333333333,0.333333333333333,
0.333333333333333,0.333333333333333,0.333333333333333,0.333333333333333,
0.333333333333333,0.333333333333333,0.333333333333333,0.333333333333333,
0.333333333333333,0.333333333333333,0.333333333333333,0.333333333333333,
0.333333333333333,0.333333333333333,0.333333333333333,0.333333333333333,
0.333333333333333,0.333333333333333,0.333333333333333,0.333333333333333,
0.333333333333333,0.333333333333333,0.333333333333333,0.333333333333333,
0.333333333333333,0.333333333333333,0.333333333333333,0.333333333333333),
(1.,1.,1.,1.,1.,1.,1.,1.,1.,1.,1.,1.,1.,1.,1.,1.,1.,1.,1.,1.,1.,1.,1.,1.,
1.,1.,1.,1.,1.,1.,1.,1.,1.,1.,1.,1.,1.,1.,1.,1.,1.,1.,1.,1.,1.,1.,1.,1.,
1.,1.,1.,1.,1.,1.,1.,1.,1.,1.,1.,1.,1.,1.,1.,1.,1.,1.,1.,1.,1.,1.,1.,1.,
1.,1.,1.,1.,1.,1.,1.,1.,1.,1.,1.,1.,1.,1.,1.,1.,1.,1.,1.,1.)))
REPRESENTATION_ITEM('')
SURFACE()
);
#38=(
BOUNDED_SURFACE()
B_SPLINE_SURFACE(3,3,((#4951,#4952,#4953,#4954,#4955,#4956,#4957,#4958,
#4959,#4960,#4961,#4962,#4963,#4964,#4965,#4966,#4967,#4968,#4969,#4970,
#4971,#4972,#4973,#4974,#4975,#4976,#4977,#4978,#4979,#4980,#4981,#4982,
#4983,#4984,#4985,#4986,#4987,#4988,#4989,#4990,#4991,#4992,#4993,#4994,
#4995,#4996,#4997,#4998,#4999,#5000,#5001,#5002,#5003,#5004,#5005,#5006,
#5007,#5008,#5009,#5010,#5011,#5012,#5013,#5014,#5015,#5016,#5017,#5018,
#5019,#5020,#5021,#5022,#5023,#5024,#5025,#5026,#5027,#5028,#5029,#5030,
#5031,#5032,#5033,#5034,#5035,#5036,#5037,#5038,#5039,#5040,#5041,#5042),
(#5043,#5044,#5045,#5046,#5047,#5048,#5049,#5050,#5051,#5052,#5053,#5054,
#5055,#5056,#5057,#5058,#5059,#5060,#5061,#5062,#5063,#5064,#5065,#5066,
#5067,#5068,#5069,#5070,#5071,#5072,#5073,#5074,#5075,#5076,#5077,#5078,
#5079,#5080,#5081,#5082,#5083,#5084,#5085,#5086,#5087,#5088,#5089,#5090,
#5091,#5092,#5093,#5094,#5095,#5096,#5097,#5098,#5099,#5100,#5101,#5102,
#5103,#5104,#5105,#5106,#5107,#5108,#5109,#5110,#5111,#5112,#5113,#5114,
#5115,#5116,#5117,#5118,#5119,#5120,#5121,#5122,#5123,#5124,#5125,#5126,
#5127,#5128,#5129,#5130,#5131,#5132,#5133,#5134),(#5135,#5136,#5137,#5138,
#5139,#5140,#5141,#5142,#5143,#5144,#5145,#5146,#5147,#5148,#5149,#5150,
#5151,#5152,#5153,#5154,#5155,#5156,#5157,#5158,#5159,#5160,#5161,#5162,
#5163,#5164,#5165,#5166,#5167,#5168,#5169,#5170,#5171,#5172,#5173,#5174,
#5175,#5176,#5177,#5178,#5179,#5180,#5181,#5182,#5183,#5184,#5185,#5186,
#5187,#5188,#5189,#5190,#5191,#5192,#5193,#5194,#5195,#5196,#5197,#5198,
#5199,#5200,#5201,#5202,#5203,#5204,#5205,#5206,#5207,#5208,#5209,#5210,
#5211,#5212,#5213,#5214,#5215,#5216,#5217,#5218,#5219,#5220,#5221,#5222,
#5223,#5224,#5225,#5226),(#5227,#5228,#5229,#5230,#5231,#5232,#5233,#5234,
#5235,#5236,#5237,#5238,#5239,#5240,#5241,#5242,#5243,#5244,#5245,#5246,
#5247,#5248,#5249,#5250,#5251,#5252,#5253,#5254,#5255,#5256,#5257,#5258,
#5259,#5260,#5261,#5262,#5263,#5264,#5265,#5266,#5267,#5268,#5269,#5270,
#5271,#5272,#5273,#5274,#5275,#5276,#5277,#5278,#5279,#5280,#5281,#5282,
#5283,#5284,#5285,#5286,#5287,#5288,#5289,#5290,#5291,#5292,#5293,#5294,
#5295,#5296,#5297,#5298,#5299,#5300,#5301,#5302,#5303,#5304,#5305,#5306,
#5307,#5308,#5309,#5310,#5311,#5312,#5313,#5314,#5315,#5316,#5317,#5318),
(#5319,#5320,#5321,#5322,#5323,#5324,#5325,#5326,#5327,#5328,#5329,#5330,
#5331,#5332,#5333,#5334,#5335,#5336,#5337,#5338,#5339,#5340,#5341,#5342,
#5343,#5344,#5345,#5346,#5347,#5348,#5349,#5350,#5351,#5352,#5353,#5354,
#5355,#5356,#5357,#5358,#5359,#5360,#5361,#5362,#5363,#5364,#5365,#5366,
#5367,#5368,#5369,#5370,#5371,#5372,#5373,#5374,#5375,#5376,#5377,#5378,
#5379,#5380,#5381,#5382,#5383,#5384,#5385,#5386,#5387,#5388,#5389,#5390,
#5391,#5392,#5393,#5394,#5395,#5396,#5397,#5398,#5399,#5400,#5401,#5402,
#5403,#5404,#5405,#5406,#5407,#5408,#5409,#5410),(#5411,#5412,#5413,#5414,
#5415,#5416,#5417,#5418,#5419,#5420,#5421,#5422,#5423,#5424,#5425,#5426,
#5427,#5428,#5429,#5430,#5431,#5432,#5433,#5434,#5435,#5436,#5437,#5438,
#5439,#5440,#5441,#5442,#5443,#5444,#5445,#5446,#5447,#5448,#5449,#5450,
#5451,#5452,#5453,#5454,#5455,#5456,#5457,#5458,#5459,#5460,#5461,#5462,
#5463,#5464,#5465,#5466,#5467,#5468,#5469,#5470,#5471,#5472,#5473,#5474,
#5475,#5476,#5477,#5478,#5479,#5480,#5481,#5482,#5483,#5484,#5485,#5486,
#5487,#5488,#5489,#5490,#5491,#5492,#5493,#5494,#5495,#5496,#5497,#5498,
#5499,#5500,#5501,#5502),(#5503,#5504,#5505,#5506,#5507,#5508,#5509,#5510,
#5511,#5512,#5513,#5514,#5515,#5516,#5517,#5518,#5519,#5520,#5521,#5522,
#5523,#5524,#5525,#5526,#5527,#5528,#5529,#5530,#5531,#5532,#5533,#5534,
#5535,#5536,#5537,#5538,#5539,#5540,#5541,#5542,#5543,#5544,#5545,#5546,
#5547,#5548,#5549,#5550,#5551,#5552,#5553,#5554,#5555,#5556,#5557,#5558,
#5559,#5560,#5561,#5562,#5563,#5564,#5565,#5566,#5567,#5568,#5569,#5570,
#5571,#5572,#5573,#5574,#5575,#5576,#5577,#5578,#5579,#5580,#5581,#5582,
#5583,#5584,#5585,#5586,#5587,#5588,#5589,#5590,#5591,#5592,#5593,#5594)),
 .UNSPECIFIED.,.T.,.F.,.F.)
B_SPLINE_SURFACE_WITH_KNOTS((4,3,4),(4,2,2,2,2,2,2,2,2,2,2,2,2,2,2,2,2,
2,2,2,2,2,2,2,2,2,2,2,2,2,2,2,2,2,2,2,2,2,2,2,2,2,2,2,2,4),(0.,0.5,1.),
(0.,0.015625,0.03125,0.046875,0.0546875,0.0625,0.078125,0.09765625,0.107421875,
0.1171875,0.13671875,0.15625,0.1875,0.21875,0.25,0.28125,0.3125,0.34375,
0.375,0.40625,0.4375,0.46875,0.5,0.53125,0.5625,0.59375,0.625,0.65625,0.6875,
0.71875,0.75,0.78125,0.8125,0.84375,0.87109375,0.884765625,0.8916015625,
0.8984375,0.912109375,0.92578125,0.939453125,0.953125,0.96484375,0.9765625,
0.98828125,1.),.UNSPECIFIED.)
GEOMETRIC_REPRESENTATION_ITEM()
RATIONAL_B_SPLINE_SURFACE(((1.,1.,1.,1.,1.,1.,1.,1.,1.,1.,1.,1.,1.,1.,1.,
1.,1.,1.,1.,1.,1.,1.,1.,1.,1.,1.,1.,1.,1.,1.,1.,1.,1.,1.,1.,1.,1.,1.,1.,
1.,1.,1.,1.,1.,1.,1.,1.,1.,1.,1.,1.,1.,1.,1.,1.,1.,1.,1.,1.,1.,1.,1.,1.,
1.,1.,1.,1.,1.,1.,1.,1.,1.,1.,1.,1.,1.,1.,1.,1.,1.,1.,1.,1.,1.,1.,1.,1.,
1.,1.,1.,1.,1.),(0.333333333333333,0.333333333333333,0.333333333333333,
0.333333333333333,0.333333333333333,0.333333333333333,0.333333333333333,
0.333333333333333,0.333333333333333,0.333333333333333,0.333333333333333,
0.333333333333333,0.333333333333333,0.333333333333333,0.333333333333333,
0.333333333333333,0.333333333333333,0.333333333333333,0.333333333333333,
0.333333333333333,0.333333333333333,0.333333333333333,0.333333333333333,
0.333333333333333,0.333333333333333,0.333333333333333,0.333333333333333,
0.333333333333333,0.333333333333333,0.333333333333333,0.333333333333333,
0.333333333333333,0.333333333333333,0.333333333333333,0.333333333333333,
0.333333333333333,0.333333333333333,0.333333333333333,0.333333333333333,
0.333333333333333,0.333333333333333,0.333333333333333,0.333333333333333,
0.333333333333333,0.333333333333333,0.333333333333333,0.333333333333333,
0.333333333333333,0.333333333333333,0.333333333333333,0.333333333333333,
0.333333333333333,0.333333333333333,0.333333333333333,0.333333333333333,
0.333333333333333,0.333333333333333,0.333333333333333,0.333333333333333,
0.333333333333333,0.333333333333333,0.333333333333333,0.333333333333333,
0.333333333333333,0.333333333333333,0.333333333333333,0.333333333333333,
0.333333333333333,0.333333333333333,0.333333333333333,0.333333333333333,
0.333333333333333,0.333333333333333,0.333333333333333,0.333333333333333,
0.333333333333333,0.333333333333333,0.333333333333333,0.333333333333333,
0.333333333333333,0.333333333333333,0.333333333333333,0.333333333333333,
0.333333333333333,0.333333333333333,0.333333333333333,0.333333333333333,
0.333333333333333,0.333333333333333,0.333333333333333,0.333333333333333,
0.333333333333333),(0.333333333333333,0.333333333333333,0.333333333333333,
0.333333333333333,0.333333333333333,0.333333333333333,0.333333333333333,
0.333333333333333,0.333333333333333,0.333333333333333,0.333333333333333,
0.333333333333333,0.333333333333333,0.333333333333333,0.333333333333333,
0.333333333333333,0.333333333333333,0.333333333333333,0.333333333333333,
0.333333333333333,0.333333333333333,0.333333333333333,0.333333333333333,
0.333333333333333,0.333333333333333,0.333333333333333,0.333333333333333,
0.333333333333333,0.333333333333333,0.333333333333333,0.333333333333333,
0.333333333333333,0.333333333333333,0.333333333333333,0.333333333333333,
0.333333333333333,0.333333333333333,0.333333333333333,0.333333333333333,
0.333333333333333,0.333333333333333,0.333333333333333,0.333333333333333,
0.333333333333333,0.333333333333333,0.333333333333333,0.333333333333333,
0.333333333333333,0.333333333333333,0.333333333333333,0.333333333333333,
0.333333333333333,0.333333333333333,0.333333333333333,0.333333333333333,
0.333333333333333,0.333333333333333,0.333333333333333,0.333333333333333,
0.333333333333333,0.333333333333333,0.333333333333333,0.333333333333333,
0.333333333333333,0.333333333333333,0.333333333333333,0.333333333333333,
0.333333333333333,0.333333333333333,0.333333333333333,0.333333333333333,
0.333333333333333,0.333333333333333,0.333333333333333,0.333333333333333,
0.333333333333333,0.333333333333333,0.333333333333333,0.333333333333333,
0.333333333333333,0.333333333333333,0.333333333333333,0.333333333333333,
0.333333333333333,0.333333333333333,0.333333333333333,0.333333333333333,
0.333333333333333,0.333333333333333,0.333333333333333,0.333333333333333,
0.333333333333333),(1.,1.,1.,1.,1.,1.,1.,1.,1.,1.,1.,1.,1.,1.,1.,1.,1.,
1.,1.,1.,1.,1.,1.,1.,1.,1.,1.,1.,1.,1.,1.,1.,1.,1.,1.,1.,1.,1.,1.,1.,1.,
1.,1.,1.,1.,1.,1.,1.,1.,1.,1.,1.,1.,1.,1.,1.,1.,1.,1.,1.,1.,1.,1.,1.,1.,
1.,1.,1.,1.,1.,1.,1.,1.,1.,1.,1.,1.,1.,1.,1.,1.,1.,1.,1.,1.,1.,1.,1.,1.,
1.,1.,1.),(0.333333333333333,0.333333333333333,0.333333333333333,0.333333333333333,
0.333333333333333,0.333333333333333,0.333333333333333,0.333333333333333,
0.333333333333333,0.333333333333333,0.333333333333333,0.333333333333333,
0.333333333333333,0.333333333333333,0.333333333333333,0.333333333333333,
0.333333333333333,0.333333333333333,0.333333333333333,0.333333333333333,
0.333333333333333,0.333333333333333,0.333333333333333,0.333333333333333,
0.333333333333333,0.333333333333333,0.333333333333333,0.333333333333333,
0.333333333333333,0.333333333333333,0.333333333333333,0.333333333333333,
0.333333333333333,0.333333333333333,0.333333333333333,0.333333333333333,
0.333333333333333,0.333333333333333,0.333333333333333,0.333333333333333,
0.333333333333333,0.333333333333333,0.333333333333333,0.333333333333333,
0.333333333333333,0.333333333333333,0.333333333333333,0.333333333333333,
0.333333333333333,0.333333333333333,0.333333333333333,0.333333333333333,
0.333333333333333,0.333333333333333,0.333333333333333,0.333333333333333,
0.333333333333333,0.333333333333333,0.333333333333333,0.333333333333333,
0.333333333333333,0.333333333333333,0.333333333333333,0.333333333333333,
0.333333333333333,0.333333333333333,0.333333333333333,0.333333333333333,
0.333333333333333,0.333333333333333,0.333333333333333,0.333333333333333,
0.333333333333333,0.333333333333333,0.333333333333333,0.333333333333333,
0.333333333333333,0.333333333333333,0.333333333333333,0.333333333333333,
0.333333333333333,0.333333333333333,0.333333333333333,0.333333333333333,
0.333333333333333,0.333333333333333,0.333333333333333,0.333333333333333,
0.333333333333333,0.333333333333333,0.333333333333333,0.333333333333333),
(0.333333333333333,0.333333333333333,0.333333333333333,0.333333333333333,
0.333333333333333,0.333333333333333,0.333333333333333,0.333333333333333,
0.333333333333333,0.333333333333333,0.333333333333333,0.333333333333333,
0.333333333333333,0.333333333333333,0.333333333333333,0.333333333333333,
0.333333333333333,0.333333333333333,0.333333333333333,0.333333333333333,
0.333333333333333,0.333333333333333,0.333333333333333,0.333333333333333,
0.333333333333333,0.333333333333333,0.333333333333333,0.333333333333333,
0.333333333333333,0.333333333333333,0.333333333333333,0.333333333333333,
0.333333333333333,0.333333333333333,0.333333333333333,0.333333333333333,
0.333333333333333,0.333333333333333,0.333333333333333,0.333333333333333,
0.333333333333333,0.333333333333333,0.333333333333333,0.333333333333333,
0.333333333333333,0.333333333333333,0.333333333333333,0.333333333333333,
0.333333333333333,0.333333333333333,0.333333333333333,0.333333333333333,
0.333333333333333,0.333333333333333,0.333333333333333,0.333333333333333,
0.333333333333333,0.333333333333333,0.333333333333333,0.333333333333333,
0.333333333333333,0.333333333333333,0.333333333333333,0.333333333333333,
0.333333333333333,0.333333333333333,0.333333333333333,0.333333333333333,
0.333333333333333,0.333333333333333,0.333333333333333,0.333333333333333,
0.333333333333333,0.333333333333333,0.333333333333333,0.333333333333333,
0.333333333333333,0.333333333333333,0.333333333333333,0.333333333333333,
0.333333333333333,0.333333333333333,0.333333333333333,0.333333333333333,
0.333333333333333,0.333333333333333,0.333333333333333,0.333333333333333,
0.333333333333333,0.333333333333333,0.333333333333333,0.333333333333333),
(1.,1.,1.,1.,1.,1.,1.,1.,1.,1.,1.,1.,1.,1.,1.,1.,1.,1.,1.,1.,1.,1.,1.,1.,
1.,1.,1.,1.,1.,1.,1.,1.,1.,1.,1.,1.,1.,1.,1.,1.,1.,1.,1.,1.,1.,1.,1.,1.,
1.,1.,1.,1.,1.,1.,1.,1.,1.,1.,1.,1.,1.,1.,1.,1.,1.,1.,1.,1.,1.,1.,1.,1.,
1.,1.,1.,1.,1.,1.,1.,1.,1.,1.,1.,1.,1.,1.,1.,1.,1.,1.,1.,1.)))
REPRESENTATION_ITEM('')
SURFACE()
);
#39=SPHERICAL_SURFACE('',#2746,6.5);
#40=TOROIDAL_SURFACE('',#2733,2.210555,0.4);
#41=TOROIDAL_SURFACE('',#2741,2.92345827408356,1.03333333333333);
#42=SHAPE_REPRESENTATION_RELATIONSHIP('SRR','None',#6126,#46);
#43=SHAPE_REPRESENTATION_RELATIONSHIP('SRR','None',#6127,#47);
#44=SHAPE_REPRESENTATION_RELATIONSHIP('SRR','None',#6128,#48);
#45=SHAPE_REPRESENTATION_RELATIONSHIP('SRR','None',#6125,#49);
#46=ADVANCED_BREP_SHAPE_REPRESENTATION('',(#57),#6103);
#47=ADVANCED_BREP_SHAPE_REPRESENTATION('',(#58),#6104);
#48=ADVANCED_BREP_SHAPE_REPRESENTATION('',(#59),#6105);
#49=ADVANCED_BREP_SHAPE_REPRESENTATION('',(#60,#61,#62,#63),#6102);
#50=STYLED_ITEM('',(#6151),#57);
#51=STYLED_ITEM('',(#6149),#58);
#52=STYLED_ITEM('',(#6149),#59);
#53=STYLED_ITEM('',(#6150),#60);
#54=STYLED_ITEM('',(#6150),#61);
#55=STYLED_ITEM('',(#6151),#62);
#56=STYLED_ITEM('',(#6151),#63);
#57=MANIFOLD_SOLID_BREP('Body1',#2667);
#58=MANIFOLD_SOLID_BREP('Body1',#2668);
#59=MANIFOLD_SOLID_BREP('Body1',#2669);
#60=MANIFOLD_SOLID_BREP('Body1',#2670);
#61=MANIFOLD_SOLID_BREP('Body6',#2671);
#62=MANIFOLD_SOLID_BREP('Body16',#2672);
#63=MANIFOLD_SOLID_BREP('Body17',#2673);
#64=CYLINDRICAL_SURFACE('',#2728,1.666);
#65=CYLINDRICAL_SURFACE('',#2739,1.810555);
#66=CYLINDRICAL_SURFACE('',#2799,1.954);
#67=CYLINDRICAL_SURFACE('',#2815,5.5);
#68=CYLINDRICAL_SURFACE('',#2822,5.5);
#69=CYLINDRICAL_SURFACE('',#2828,2.1);
#70=CYLINDRICAL_SURFACE('',#2831,2.75);
#71=CYLINDRICAL_SURFACE('',#2833,2.75);
#72=CYLINDRICAL_SURFACE('',#2835,2.1);
#73=CYLINDRICAL_SURFACE('',#2839,5.99999999999999);
#74=CYLINDRICAL_SURFACE('',#2843,5.1);
#75=CYLINDRICAL_SURFACE('',#2847,6.);
#76=CYLINDRICAL_SURFACE('',#2853,5.1);
#77=CYLINDRICAL_SURFACE('',#2876,2.);
#78=CYLINDRICAL_SURFACE('',#2878,2.);
#79=CYLINDRICAL_SURFACE('',#2880,3.50000000000001);
#80=CYLINDRICAL_SURFACE('',#2884,3.5);
#81=CYLINDRICAL_SURFACE('',#2888,2.5);
#82=CYLINDRICAL_SURFACE('',#2891,2.5);
#83=CYLINDRICAL_SURFACE('',#2898,1.75);
#84=CYLINDRICAL_SURFACE('',#2901,2.5);
#85=CYLINDRICAL_SURFACE('',#2904,5.5);
#86=CYLINDRICAL_SURFACE('',#2908,3.);
#87=CYLINDRICAL_SURFACE('',#2912,3.);
#88=CYLINDRICAL_SURFACE('',#2915,6.49999999999999);
#89=CYLINDRICAL_SURFACE('',#2923,1.75);
#90=CYLINDRICAL_SURFACE('',#2926,2.5);
#91=CYLINDRICAL_SURFACE('',#2929,3.);
#92=CYLINDRICAL_SURFACE('',#2933,5.5);
#93=CYLINDRICAL_SURFACE('',#2937,6.5);
#94=CYLINDRICAL_SURFACE('',#2940,2.99999999999999);
#95=CYLINDRICAL_SURFACE('',#2964,1.75);
#96=CYLINDRICAL_SURFACE('',#2966,1.75);
#97=CYLINDRICAL_SURFACE('',#2968,1.75);
#98=CYLINDRICAL_SURFACE('',#2970,6.5);
#99=CYLINDRICAL_SURFACE('',#2972,5.50314419891272);
#100=CYLINDRICAL_SURFACE('',#2974,6.5);
#101=CYLINDRICAL_SURFACE('',#2977,6.5);
#102=CYLINDRICAL_SURFACE('',#2979,5.50314419891272);
#103=CYLINDRICAL_SURFACE('',#2981,6.49999999999999);
#104=CYLINDRICAL_SURFACE('',#2983,3.);
#105=CYLINDRICAL_SURFACE('',#2986,3.);
#106=CYLINDRICAL_SURFACE('',#2989,3.);
#107=CYLINDRICAL_SURFACE('',#2992,2.99999999999999);
#108=CYLINDRICAL_SURFACE('',#2995,2.5);
#109=CYLINDRICAL_SURFACE('',#3000,2.5);
#110=FACE_BOUND('',#413,.T.);
#111=FACE_BOUND('',#416,.T.);
#112=FACE_BOUND('',#421,.T.);
#113=FACE_BOUND('',#463,.T.);
#114=FACE_BOUND('',#467,.T.);
#115=FACE_BOUND('',#487,.T.);
#116=FACE_BOUND('',#488,.T.);
#117=FACE_BOUND('',#490,.T.);
#118=FACE_BOUND('',#491,.T.);
#119=FACE_BOUND('',#492,.T.);
#120=FACE_BOUND('',#493,.T.);
#121=FACE_BOUND('',#501,.T.);
#122=FACE_BOUND('',#509,.T.);
#123=FACE_BOUND('',#514,.T.);
#124=FACE_BOUND('',#517,.T.);
#125=FACE_BOUND('',#532,.T.);
#126=FACE_BOUND('',#533,.T.);
#127=FACE_BOUND('',#535,.T.);
#128=FACE_BOUND('',#536,.T.);
#129=FACE_BOUND('',#547,.T.);
#130=FACE_BOUND('',#548,.T.);
#131=FACE_BOUND('',#550,.T.);
#132=FACE_BOUND('',#551,.T.);
#133=FACE_BOUND('',#553,.T.);
#134=FACE_BOUND('',#554,.T.);
#135=FACE_BOUND('',#555,.T.);
#136=FACE_BOUND('',#556,.T.);
#137=FACE_BOUND('',#557,.T.);
#138=FACE_BOUND('',#576,.T.);
#139=FACE_BOUND('',#577,.T.);
#140=FACE_BOUND('',#578,.T.);
#141=FACE_BOUND('',#579,.T.);
#142=FACE_BOUND('',#580,.T.);
#143=FACE_BOUND('',#581,.T.);
#144=FACE_BOUND('',#582,.T.);
#145=(
BOUNDED_CURVE()
B_SPLINE_CURVE(2,(#3847,#3848,#3849),.UNSPECIFIED.,.F.,.F.)
B_SPLINE_CURVE_WITH_KNOTS((3,3),(0.000183619858829151,0.409201691716139),
 .UNSPECIFIED.)
CURVE()
GEOMETRIC_REPRESENTATION_ITEM()
RATIONAL_B_SPLINE_CURVE((1.00013898062186,1.15486101937814,1.00013898062186))
REPRESENTATION_ITEM('')
);
#146=(
BOUNDED_CURVE()
B_SPLINE_CURVE(2,(#3852,#3853,#3854),.UNSPECIFIED.,.F.,.F.)
B_SPLINE_CURVE_WITH_KNOTS((3,3),(0.00018361985882937,0.40920169171614),
 .UNSPECIFIED.)
CURVE()
GEOMETRIC_REPRESENTATION_ITEM()
RATIONAL_B_SPLINE_CURVE((1.00013898062186,1.15486101937813,1.00013898062186))
REPRESENTATION_ITEM('')
);
#147=(
BOUNDED_CURVE()
B_SPLINE_CURVE(2,(#3857,#3858,#3859),.UNSPECIFIED.,.F.,.F.)
B_SPLINE_CURVE_WITH_KNOTS((3,3),(0.000183619858829368,0.409201691716139),
 .UNSPECIFIED.)
CURVE()
GEOMETRIC_REPRESENTATION_ITEM()
RATIONAL_B_SPLINE_CURVE((1.00013898062186,1.15486101937814,1.00013898062186))
REPRESENTATION_ITEM('')
);
#148=(
BOUNDED_CURVE()
B_SPLINE_CURVE(2,(#3862,#3863,#3864),.UNSPECIFIED.,.F.,.F.)
B_SPLINE_CURVE_WITH_KNOTS((3,3),(0.000183619858829185,0.409201691716139),
 .UNSPECIFIED.)
CURVE()
GEOMETRIC_REPRESENTATION_ITEM()
RATIONAL_B_SPLINE_CURVE((1.00013898062186,1.15486101937814,1.00013898062186))
REPRESENTATION_ITEM('')
);
#149=(
BOUNDED_CURVE()
B_SPLINE_CURVE(2,(#3871,#3872,#3873),.UNSPECIFIED.,.F.,.F.)
B_SPLINE_CURVE_WITH_KNOTS((3,3),(0.204692655787484,0.409201691716139),
 .UNSPECIFIED.)
CURVE()
GEOMETRIC_REPRESENTATION_ITEM()
RATIONAL_B_SPLINE_CURVE((1.0775,1.0775,1.00013898062186))
REPRESENTATION_ITEM('')
);
#150=(
BOUNDED_CURVE()
B_SPLINE_CURVE(2,(#3875,#3876,#3877),.UNSPECIFIED.,.F.,.F.)
B_SPLINE_CURVE_WITH_KNOTS((3,3),(0.000183619858829494,0.409201691716139),
 .UNSPECIFIED.)
CURVE()
GEOMETRIC_REPRESENTATION_ITEM()
RATIONAL_B_SPLINE_CURVE((1.00013898062186,1.15486101937814,1.00013898062186))
REPRESENTATION_ITEM('')
);
#151=(
BOUNDED_CURVE()
B_SPLINE_CURVE(2,(#3878,#3879,#3880),.UNSPECIFIED.,.F.,.F.)
B_SPLINE_CURVE_WITH_KNOTS((3,3),(0.000183619858829515,0.409201691716139),
 .UNSPECIFIED.)
CURVE()
GEOMETRIC_REPRESENTATION_ITEM()
RATIONAL_B_SPLINE_CURVE((1.00013898062186,1.15486101937814,1.00013898062186))
REPRESENTATION_ITEM('')
);
#152=(
BOUNDED_CURVE()
B_SPLINE_CURVE(2,(#3882,#3883,#3884),.UNSPECIFIED.,.F.,.F.)
B_SPLINE_CURVE_WITH_KNOTS((3,3),(0.000183619858829365,0.409201691716139),
 .UNSPECIFIED.)
CURVE()
GEOMETRIC_REPRESENTATION_ITEM()
RATIONAL_B_SPLINE_CURVE((1.00013898062186,1.15486101937814,1.00013898062186))
REPRESENTATION_ITEM('')
);
#153=(
BOUNDED_CURVE()
B_SPLINE_CURVE(2,(#3885,#3886,#3887),.UNSPECIFIED.,.F.,.F.)
B_SPLINE_CURVE_WITH_KNOTS((3,3),(0.000183619858829412,0.204692655787484),
 .UNSPECIFIED.)
CURVE()
GEOMETRIC_REPRESENTATION_ITEM()
RATIONAL_B_SPLINE_CURVE((1.00013898062186,1.0775,1.0775))
REPRESENTATION_ITEM('')
);
#154=(
BOUNDED_CURVE()
B_SPLINE_CURVE(2,(#3890,#3891,#3892),.UNSPECIFIED.,.F.,.F.)
B_SPLINE_CURVE_WITH_KNOTS((3,3),(0.000183619858829225,0.409201691716139),
 .UNSPECIFIED.)
CURVE()
GEOMETRIC_REPRESENTATION_ITEM()
RATIONAL_B_SPLINE_CURVE((1.00013898062186,1.15486101937814,1.00013898062186))
REPRESENTATION_ITEM('')
);
#155=(
BOUNDED_CURVE()
B_SPLINE_CURVE(2,(#3896,#3897,#3898),.UNSPECIFIED.,.F.,.F.)
B_SPLINE_CURVE_WITH_KNOTS((3,3),(0.204692655787484,0.409201691716139),
 .UNSPECIFIED.)
CURVE()
GEOMETRIC_REPRESENTATION_ITEM()
RATIONAL_B_SPLINE_CURVE((1.0775,1.0775,1.00013898062186))
REPRESENTATION_ITEM('')
);
#156=(
BOUNDED_CURVE()
B_SPLINE_CURVE(2,(#3900,#3901,#3902),.UNSPECIFIED.,.F.,.F.)
B_SPLINE_CURVE_WITH_KNOTS((3,3),(0.000183619858829143,0.204692655787484),
 .UNSPECIFIED.)
CURVE()
GEOMETRIC_REPRESENTATION_ITEM()
RATIONAL_B_SPLINE_CURVE((1.00013898062186,1.0775,1.0775))
REPRESENTATION_ITEM('')
);
#157=(
BOUNDED_CURVE()
B_SPLINE_CURVE(2,(#3906,#3907,#3908),.UNSPECIFIED.,.F.,.F.)
B_SPLINE_CURVE_WITH_KNOTS((3,3),(0.000183619858829284,0.409201691716139),
 .UNSPECIFIED.)
CURVE()
GEOMETRIC_REPRESENTATION_ITEM()
RATIONAL_B_SPLINE_CURVE((1.00013898062186,1.15486101937813,1.00013898062186))
REPRESENTATION_ITEM('')
);
#158=(
BOUNDED_CURVE()
B_SPLINE_CURVE(2,(#3911,#3912,#3913),.UNSPECIFIED.,.F.,.F.)
B_SPLINE_CURVE_WITH_KNOTS((3,3),(0.000183619858829149,0.409201691716139),
 .UNSPECIFIED.)
CURVE()
GEOMETRIC_REPRESENTATION_ITEM()
RATIONAL_B_SPLINE_CURVE((1.00013898062186,1.15486101937814,1.00013898062186))
REPRESENTATION_ITEM('')
);
#159=PLANE('',#2716);
#160=PLANE('',#2717);
#161=PLANE('',#2720);
#162=PLANE('',#2721);
#163=PLANE('',#2722);
#164=PLANE('',#2723);
#165=PLANE('',#2724);
#166=PLANE('',#2727);
#167=PLANE('',#2737);
#168=PLANE('',#2770);
#169=PLANE('',#2771);
#170=PLANE('',#2772);
#171=PLANE('',#2773);
#172=PLANE('',#2774);
#173=PLANE('',#2775);
#174=PLANE('',#2776);
#175=PLANE('',#2777);
#176=PLANE('',#2778);
#177=PLANE('',#2779);
#178=PLANE('',#2780);
#179=PLANE('',#2781);
#180=PLANE('',#2782);
#181=PLANE('',#2783);
#182=PLANE('',#2784);
#183=PLANE('',#2785);
#184=PLANE('',#2786);
#185=PLANE('',#2787);
#186=PLANE('',#2788);
#187=PLANE('',#2789);
#188=PLANE('',#2790);
#189=PLANE('',#2791);
#190=PLANE('',#2792);
#191=PLANE('',#2793);
#192=PLANE('',#2794);
#193=PLANE('',#2795);
#194=PLANE('',#2796);
#195=PLANE('',#2797);
#196=PLANE('',#2798);
#197=PLANE('',#2801);
#198=PLANE('',#2808);
#199=PLANE('',#2809);
#200=PLANE('',#2810);
#201=PLANE('',#2813);
#202=PLANE('',#2819);
#203=PLANE('',#2827);
#204=PLANE('',#2838);
#205=PLANE('',#2842);
#206=PLANE('',#2846);
#207=PLANE('',#2850);
#208=PLANE('',#2851);
#209=PLANE('',#2852);
#210=PLANE('',#2856);
#211=PLANE('',#2857);
#212=PLANE('',#2858);
#213=PLANE('',#2859);
#214=PLANE('',#2860);
#215=PLANE('',#2861);
#216=PLANE('',#2862);
#217=PLANE('',#2863);
#218=PLANE('',#2864);
#219=PLANE('',#2865);
#220=PLANE('',#2866);
#221=PLANE('',#2868);
#222=PLANE('',#2869);
#223=PLANE('',#2870);
#224=PLANE('',#2871);
#225=PLANE('',#2872);
#226=PLANE('',#2873);
#227=PLANE('',#2874);
#228=PLANE('',#2883);
#229=PLANE('',#2887);
#230=PLANE('',#2894);
#231=PLANE('',#2896);
#232=PLANE('',#2903);
#233=PLANE('',#2907);
#234=PLANE('',#2911);
#235=PLANE('',#2918);
#236=PLANE('',#2921);
#237=PLANE('',#2928);
#238=PLANE('',#2932);
#239=PLANE('',#2936);
#240=PLANE('',#2943);
#241=PLANE('',#2945);
#242=PLANE('',#2948);
#243=PLANE('',#2976);
#244=PLANE('',#2985);
#245=PLANE('',#2988);
#246=PLANE('',#2991);
#247=PLANE('',#2994);
#248=PLANE('',#2998);
#249=PLANE('',#2999);
#250=PLANE('',#3003);
#251=PLANE('',#3004);
#252=FACE_OUTER_BOUND('',#403,.T.);
#253=FACE_OUTER_BOUND('',#404,.T.);
#254=FACE_OUTER_BOUND('',#405,.T.);
#255=FACE_OUTER_BOUND('',#406,.T.);
#256=FACE_OUTER_BOUND('',#407,.T.);
#257=FACE_OUTER_BOUND('',#408,.T.);
#258=FACE_OUTER_BOUND('',#409,.T.);
#259=FACE_OUTER_BOUND('',#410,.T.);
#260=FACE_OUTER_BOUND('',#411,.T.);
#261=FACE_OUTER_BOUND('',#412,.T.);
#262=FACE_OUTER_BOUND('',#414,.T.);
#263=FACE_OUTER_BOUND('',#415,.T.);
#264=FACE_OUTER_BOUND('',#417,.T.);
#265=FACE_OUTER_BOUND('',#418,.T.);
#266=FACE_OUTER_BOUND('',#419,.T.);
#267=FACE_OUTER_BOUND('',#420,.T.);
#268=FACE_OUTER_BOUND('',#422,.T.);
#269=FACE_OUTER_BOUND('',#423,.T.);
#270=FACE_OUTER_BOUND('',#424,.T.);
#271=FACE_OUTER_BOUND('',#425,.T.);
#272=FACE_OUTER_BOUND('',#426,.T.);
#273=FACE_OUTER_BOUND('',#427,.T.);
#274=FACE_OUTER_BOUND('',#428,.T.);
#275=FACE_OUTER_BOUND('',#429,.T.);
#276=FACE_OUTER_BOUND('',#430,.T.);
#277=FACE_OUTER_BOUND('',#431,.T.);
#278=FACE_OUTER_BOUND('',#432,.T.);
#279=FACE_OUTER_BOUND('',#433,.T.);
#280=FACE_OUTER_BOUND('',#434,.T.);
#281=FACE_OUTER_BOUND('',#435,.T.);
#282=FACE_OUTER_BOUND('',#436,.T.);
#283=FACE_OUTER_BOUND('',#437,.T.);
#284=FACE_OUTER_BOUND('',#438,.T.);
#285=FACE_OUTER_BOUND('',#439,.T.);
#286=FACE_OUTER_BOUND('',#440,.T.);
#287=FACE_OUTER_BOUND('',#441,.T.);
#288=FACE_OUTER_BOUND('',#442,.T.);
#289=FACE_OUTER_BOUND('',#443,.T.);
#290=FACE_OUTER_BOUND('',#444,.T.);
#291=FACE_OUTER_BOUND('',#445,.T.);
#292=FACE_OUTER_BOUND('',#446,.T.);
#293=FACE_OUTER_BOUND('',#447,.T.);
#294=FACE_OUTER_BOUND('',#448,.T.);
#295=FACE_OUTER_BOUND('',#449,.T.);
#296=FACE_OUTER_BOUND('',#450,.T.);
#297=FACE_OUTER_BOUND('',#451,.T.);
#298=FACE_OUTER_BOUND('',#452,.T.);
#299=FACE_OUTER_BOUND('',#453,.T.);
#300=FACE_OUTER_BOUND('',#454,.T.);
#301=FACE_OUTER_BOUND('',#455,.T.);
#302=FACE_OUTER_BOUND('',#456,.T.);
#303=FACE_OUTER_BOUND('',#457,.T.);
#304=FACE_OUTER_BOUND('',#458,.T.);
#305=FACE_OUTER_BOUND('',#459,.T.);
#306=FACE_OUTER_BOUND('',#460,.T.);
#307=FACE_OUTER_BOUND('',#461,.T.);
#308=FACE_OUTER_BOUND('',#462,.T.);
#309=FACE_OUTER_BOUND('',#464,.T.);
#310=FACE_OUTER_BOUND('',#465,.T.);
#311=FACE_OUTER_BOUND('',#466,.T.);
#312=FACE_OUTER_BOUND('',#468,.T.);
#313=FACE_OUTER_BOUND('',#469,.T.);
#314=FACE_OUTER_BOUND('',#470,.T.);
#315=FACE_OUTER_BOUND('',#471,.T.);
#316=FACE_OUTER_BOUND('',#472,.T.);
#317=FACE_OUTER_BOUND('',#473,.T.);
#318=FACE_OUTER_BOUND('',#474,.T.);
#319=FACE_OUTER_BOUND('',#475,.T.);
#320=FACE_OUTER_BOUND('',#476,.T.);
#321=FACE_OUTER_BOUND('',#477,.T.);
#322=FACE_OUTER_BOUND('',#478,.T.);
#323=FACE_OUTER_BOUND('',#479,.T.);
#324=FACE_OUTER_BOUND('',#480,.T.);
#325=FACE_OUTER_BOUND('',#481,.T.);
#326=FACE_OUTER_BOUND('',#482,.T.);
#327=FACE_OUTER_BOUND('',#483,.T.);
#328=FACE_OUTER_BOUND('',#484,.T.);
#329=FACE_OUTER_BOUND('',#485,.T.);
#330=FACE_OUTER_BOUND('',#486,.T.);
#331=FACE_OUTER_BOUND('',#489,.T.);
#332=FACE_OUTER_BOUND('',#494,.T.);
#333=FACE_OUTER_BOUND('',#495,.T.);
#334=FACE_OUTER_BOUND('',#496,.T.);
#335=FACE_OUTER_BOUND('',#497,.T.);
#336=FACE_OUTER_BOUND('',#498,.T.);
#337=FACE_OUTER_BOUND('',#499,.T.);
#338=FACE_OUTER_BOUND('',#500,.T.);
#339=FACE_OUTER_BOUND('',#502,.T.);
#340=FACE_OUTER_BOUND('',#503,.T.);
#341=FACE_OUTER_BOUND('',#504,.T.);
#342=FACE_OUTER_BOUND('',#505,.T.);
#343=FACE_OUTER_BOUND('',#506,.T.);
#344=FACE_OUTER_BOUND('',#507,.T.);
#345=FACE_OUTER_BOUND('',#508,.T.);
#346=FACE_OUTER_BOUND('',#510,.T.);
#347=FACE_OUTER_BOUND('',#511,.T.);
#348=FACE_OUTER_BOUND('',#512,.T.);
#349=FACE_OUTER_BOUND('',#513,.T.);
#350=FACE_OUTER_BOUND('',#515,.T.);
#351=FACE_OUTER_BOUND('',#516,.T.);
#352=FACE_OUTER_BOUND('',#518,.T.);
#353=FACE_OUTER_BOUND('',#519,.T.);
#354=FACE_OUTER_BOUND('',#520,.T.);
#355=FACE_OUTER_BOUND('',#521,.T.);
#356=FACE_OUTER_BOUND('',#522,.T.);
#357=FACE_OUTER_BOUND('',#523,.T.);
#358=FACE_OUTER_BOUND('',#524,.T.);
#359=FACE_OUTER_BOUND('',#525,.T.);
#360=FACE_OUTER_BOUND('',#526,.T.);
#361=FACE_OUTER_BOUND('',#527,.T.);
#362=FACE_OUTER_BOUND('',#528,.T.);
#363=FACE_OUTER_BOUND('',#529,.T.);
#364=FACE_OUTER_BOUND('',#530,.T.);
#365=FACE_OUTER_BOUND('',#531,.T.);
#366=FACE_OUTER_BOUND('',#534,.T.);
#367=FACE_OUTER_BOUND('',#537,.T.);
#368=FACE_OUTER_BOUND('',#538,.T.);
#369=FACE_OUTER_BOUND('',#539,.T.);
#370=FACE_OUTER_BOUND('',#540,.T.);
#371=FACE_OUTER_BOUND('',#541,.T.);
#372=FACE_OUTER_BOUND('',#542,.T.);
#373=FACE_OUTER_BOUND('',#543,.T.);
#374=FACE_OUTER_BOUND('',#544,.T.);
#375=FACE_OUTER_BOUND('',#545,.T.);
#376=FACE_OUTER_BOUND('',#546,.T.);
#377=FACE_OUTER_BOUND('',#549,.T.);
#378=FACE_OUTER_BOUND('',#552,.T.);
#379=FACE_OUTER_BOUND('',#558,.T.);
#380=FACE_OUTER_BOUND('',#559,.T.);
#381=FACE_OUTER_BOUND('',#560,.T.);
#382=FACE_OUTER_BOUND('',#561,.T.);
#383=FACE_OUTER_BOUND('',#562,.T.);
#384=FACE_OUTER_BOUND('',#563,.T.);
#385=FACE_OUTER_BOUND('',#564,.T.);
#386=FACE_OUTER_BOUND('',#565,.T.);
#387=FACE_OUTER_BOUND('',#566,.T.);
#388=FACE_OUTER_BOUND('',#567,.T.);
#389=FACE_OUTER_BOUND('',#568,.T.);
#390=FACE_OUTER_BOUND('',#569,.T.);
#391=FACE_OUTER_BOUND('',#570,.T.);
#392=FACE_OUTER_BOUND('',#571,.T.);
#393=FACE_OUTER_BOUND('',#572,.T.);
#394=FACE_OUTER_BOUND('',#573,.T.);
#395=FACE_OUTER_BOUND('',#574,.T.);
#396=FACE_OUTER_BOUND('',#575,.T.);
#397=FACE_OUTER_BOUND('',#583,.T.);
#398=FACE_OUTER_BOUND('',#584,.T.);
#399=FACE_OUTER_BOUND('',#585,.T.);
#400=FACE_OUTER_BOUND('',#586,.T.);
#401=FACE_OUTER_BOUND('',#587,.T.);
#402=FACE_OUTER_BOUND('',#588,.T.);
#403=EDGE_LOOP('',(#1767,#1768,#1769,#1770));
#404=EDGE_LOOP('',(#1771,#1772,#1773,#1774));
#405=EDGE_LOOP('',(#1775,#1776,#1777,#1778));
#406=EDGE_LOOP('',(#1779,#1780,#1781,#1782));
#407=EDGE_LOOP('',(#1783,#1784,#1785,#1786,#1787,#1788,#1789,#1790,#1791,
#1792));
#408=EDGE_LOOP('',(#1793,#1794,#1795,#1796));
#409=EDGE_LOOP('',(#1797,#1798,#1799,#1800,#1801,#1802));
#410=EDGE_LOOP('',(#1803,#1804,#1805,#1806));
#411=EDGE_LOOP('',(#1807,#1808,#1809,#1810));
#412=EDGE_LOOP('',(#1811));
#413=EDGE_LOOP('',(#1812));
#414=EDGE_LOOP('',(#1813,#1814,#1815,#1816,#1817,#1818,#1819,#1820,#1821,
#1822));
#415=EDGE_LOOP('',(#1823));
#416=EDGE_LOOP('',(#1824));
#417=EDGE_LOOP('',(#1825,#1826,#1827,#1828));
#418=EDGE_LOOP('',(#1829,#1830,#1831,#1832));
#419=EDGE_LOOP('',(#1833,#1834,#1835,#1836));
#420=EDGE_LOOP('',(#1837));
#421=EDGE_LOOP('',(#1838));
#422=EDGE_LOOP('',(#1839,#1840,#1841,#1842));
#423=EDGE_LOOP('',(#1843,#1844,#1845,#1846,#1847));
#424=EDGE_LOOP('',(#1848,#1849,#1850,#1851,#1852,#1853,#1854,#1855,#1856,
#1857,#1858,#1859,#1860,#1861,#1862,#1863,#1864,#1865,#1866,#1867,#1868,
#1869,#1870,#1871,#1872));
#425=EDGE_LOOP('',(#1873,#1874,#1875,#1876));
#426=EDGE_LOOP('',(#1877,#1878,#1879,#1880));
#427=EDGE_LOOP('',(#1881,#1882,#1883,#1884));
#428=EDGE_LOOP('',(#1885,#1886,#1887,#1888,#1889,#1890));
#429=EDGE_LOOP('',(#1891,#1892,#1893));
#430=EDGE_LOOP('',(#1894,#1895,#1896));
#431=EDGE_LOOP('',(#1897,#1898,#1899,#1900));
#432=EDGE_LOOP('',(#1901,#1902,#1903,#1904));
#433=EDGE_LOOP('',(#1905,#1906,#1907,#1908,#1909,#1910));
#434=EDGE_LOOP('',(#1911,#1912,#1913));
#435=EDGE_LOOP('',(#1914,#1915,#1916));
#436=EDGE_LOOP('',(#1917,#1918,#1919,#1920));
#437=EDGE_LOOP('',(#1921,#1922,#1923,#1924));
#438=EDGE_LOOP('',(#1925,#1926,#1927,#1928,#1929,#1930));
#439=EDGE_LOOP('',(#1931,#1932,#1933));
#440=EDGE_LOOP('',(#1934,#1935,#1936));
#441=EDGE_LOOP('',(#1937,#1938,#1939,#1940));
#442=EDGE_LOOP('',(#1941,#1942,#1943,#1944));
#443=EDGE_LOOP('',(#1945,#1946,#1947,#1948,#1949,#1950));
#444=EDGE_LOOP('',(#1951,#1952,#1953));
#445=EDGE_LOOP('',(#1954,#1955,#1956));
#446=EDGE_LOOP('',(#1957,#1958,#1959,#1960));
#447=EDGE_LOOP('',(#1961,#1962,#1963,#1964,#1965,#1966));
#448=EDGE_LOOP('',(#1967,#1968,#1969,#1970));
#449=EDGE_LOOP('',(#1971,#1972,#1973,#1974,#1975,#1976));
#450=EDGE_LOOP('',(#1977,#1978,#1979,#1980,#1981,#1982));
#451=EDGE_LOOP('',(#1983,#1984,#1985,#1986));
#452=EDGE_LOOP('',(#1987,#1988,#1989,#1990,#1991,#1992));
#453=EDGE_LOOP('',(#1993,#1994,#1995,#1996,#1997));
#454=EDGE_LOOP('',(#1998,#1999,#2000,#2001,#2002,#2003,#2004,#2005,#2006,
#2007,#2008,#2009));
#455=EDGE_LOOP('',(#2010,#2011,#2012,#2013));
#456=EDGE_LOOP('',(#2014));
#457=EDGE_LOOP('',(#2015,#2016,#2017,#2018));
#458=EDGE_LOOP('',(#2019,#2020,#2021,#2022));
#459=EDGE_LOOP('',(#2023,#2024,#2025,#2026));
#460=EDGE_LOOP('',(#2027,#2028));
#461=EDGE_LOOP('',(#2029,#2030));
#462=EDGE_LOOP('',(#2031));
#463=EDGE_LOOP('',(#2032));
#464=EDGE_LOOP('',(#2033,#2034,#2035));
#465=EDGE_LOOP('',(#2036,#2037,#2038,#2039,#2040,#2041,#2042,#2043,#2044));
#466=EDGE_LOOP('',(#2045));
#467=EDGE_LOOP('',(#2046));
#468=EDGE_LOOP('',(#2047,#2048,#2049,#2050,#2051,#2052,#2053,#2054,#2055));
#469=EDGE_LOOP('',(#2056,#2057,#2058));
#470=EDGE_LOOP('',(#2059,#2060,#2061,#2062));
#471=EDGE_LOOP('',(#2063,#2064,#2065,#2066));
#472=EDGE_LOOP('',(#2067,#2068,#2069,#2070));
#473=EDGE_LOOP('',(#2071,#2072,#2073,#2074));
#474=EDGE_LOOP('',(#2075,#2076,#2077,#2078));
#475=EDGE_LOOP('',(#2079,#2080,#2081,#2082));
#476=EDGE_LOOP('',(#2083,#2084,#2085,#2086));
#477=EDGE_LOOP('',(#2087,#2088,#2089,#2090));
#478=EDGE_LOOP('',(#2091,#2092,#2093,#2094));
#479=EDGE_LOOP('',(#2095,#2096,#2097,#2098));
#480=EDGE_LOOP('',(#2099,#2100,#2101,#2102));
#481=EDGE_LOOP('',(#2103,#2104,#2105,#2106));
#482=EDGE_LOOP('',(#2107,#2108,#2109,#2110));
#483=EDGE_LOOP('',(#2111,#2112,#2113,#2114));
#484=EDGE_LOOP('',(#2115,#2116,#2117,#2118));
#485=EDGE_LOOP('',(#2119,#2120,#2121,#2122));
#486=EDGE_LOOP('',(#2123,#2124,#2125,#2126,#2127,#2128,#2129,#2130,#2131,
#2132,#2133));
#487=EDGE_LOOP('',(#2134));
#488=EDGE_LOOP('',(#2135));
#489=EDGE_LOOP('',(#2136,#2137,#2138,#2139,#2140,#2141,#2142,#2143,#2144,
#2145,#2146,#2147,#2148,#2149,#2150));
#490=EDGE_LOOP('',(#2151));
#491=EDGE_LOOP('',(#2152));
#492=EDGE_LOOP('',(#2153));
#493=EDGE_LOOP('',(#2154));
#494=EDGE_LOOP('',(#2155,#2156,#2157,#2158));
#495=EDGE_LOOP('',(#2159,#2160,#2161,#2162));
#496=EDGE_LOOP('',(#2163,#2164,#2165,#2166));
#497=EDGE_LOOP('',(#2167,#2168,#2169,#2170));
#498=EDGE_LOOP('',(#2171,#2172,#2173,#2174));
#499=EDGE_LOOP('',(#2175,#2176,#2177,#2178));
#500=EDGE_LOOP('',(#2179,#2180,#2181,#2182,#2183,#2184));
#501=EDGE_LOOP('',(#2185));
#502=EDGE_LOOP('',(#2186,#2187,#2188,#2189));
#503=EDGE_LOOP('',(#2190,#2191,#2192,#2193));
#504=EDGE_LOOP('',(#2194,#2195,#2196,#2197));
#505=EDGE_LOOP('',(#2198,#2199,#2200,#2201));
#506=EDGE_LOOP('',(#2202,#2203,#2204,#2205));
#507=EDGE_LOOP('',(#2206,#2207,#2208,#2209));
#508=EDGE_LOOP('',(#2210,#2211,#2212,#2213,#2214,#2215));
#509=EDGE_LOOP('',(#2216));
#510=EDGE_LOOP('',(#2217,#2218,#2219,#2220));
#511=EDGE_LOOP('',(#2221,#2222,#2223,#2224));
#512=EDGE_LOOP('',(#2225,#2226,#2227,#2228));
#513=EDGE_LOOP('',(#2229));
#514=EDGE_LOOP('',(#2230));
#515=EDGE_LOOP('',(#2231,#2232,#2233,#2234));
#516=EDGE_LOOP('',(#2235));
#517=EDGE_LOOP('',(#2236));
#518=EDGE_LOOP('',(#2237,#2238,#2239,#2240));
#519=EDGE_LOOP('',(#2241,#2242,#2243,#2244));
#520=EDGE_LOOP('',(#2245));
#521=EDGE_LOOP('',(#2246));
#522=EDGE_LOOP('',(#2247,#2248,#2249,#2250));
#523=EDGE_LOOP('',(#2251,#2252,#2253,#2254));
#524=EDGE_LOOP('',(#2255,#2256,#2257,#2258));
#525=EDGE_LOOP('',(#2259,#2260,#2261,#2262));
#526=EDGE_LOOP('',(#2263,#2264,#2265,#2266));
#527=EDGE_LOOP('',(#2267,#2268,#2269,#2270));
#528=EDGE_LOOP('',(#2271,#2272,#2273,#2274));
#529=EDGE_LOOP('',(#2275,#2276,#2277,#2278));
#530=EDGE_LOOP('',(#2279,#2280,#2281,#2282));
#531=EDGE_LOOP('',(#2283,#2284,#2285,#2286,#2287,#2288,#2289,#2290,#2291));
#532=EDGE_LOOP('',(#2292));
#533=EDGE_LOOP('',(#2293));
#534=EDGE_LOOP('',(#2294,#2295,#2296,#2297,#2298,#2299,#2300,#2301));
#535=EDGE_LOOP('',(#2302,#2303,#2304,#2305,#2306,#2307));
#536=EDGE_LOOP('',(#2308));
#537=EDGE_LOOP('',(#2309,#2310,#2311,#2312));
#538=EDGE_LOOP('',(#2313,#2314,#2315,#2316));
#539=EDGE_LOOP('',(#2317,#2318,#2319,#2320));
#540=EDGE_LOOP('',(#2321,#2322,#2323,#2324));
#541=EDGE_LOOP('',(#2325,#2326,#2327,#2328));
#542=EDGE_LOOP('',(#2329,#2330,#2331,#2332));
#543=EDGE_LOOP('',(#2333,#2334,#2335,#2336));
#544=EDGE_LOOP('',(#2337,#2338,#2339,#2340));
#545=EDGE_LOOP('',(#2341,#2342,#2343,#2344));
#546=EDGE_LOOP('',(#2345,#2346,#2347,#2348,#2349,#2350,#2351,#2352));
#547=EDGE_LOOP('',(#2353));
#548=EDGE_LOOP('',(#2354));
#549=EDGE_LOOP('',(#2355,#2356,#2357,#2358,#2359,#2360,#2361,#2362,#2363));
#550=EDGE_LOOP('',(#2364,#2365,#2366,#2367,#2368,#2369));
#551=EDGE_LOOP('',(#2370));
#552=EDGE_LOOP('',(#2371,#2372,#2373,#2374,#2375,#2376,#2377,#2378,#2379,
#2380,#2381,#2382,#2383,#2384,#2385,#2386));
#553=EDGE_LOOP('',(#2387));
#554=EDGE_LOOP('',(#2388));
#555=EDGE_LOOP('',(#2389));
#556=EDGE_LOOP('',(#2390));
#557=EDGE_LOOP('',(#2391));
#558=EDGE_LOOP('',(#2392,#2393,#2394,#2395));
#559=EDGE_LOOP('',(#2396,#2397,#2398,#2399));
#560=EDGE_LOOP('',(#2400,#2401,#2402,#2403));
#561=EDGE_LOOP('',(#2404,#2405,#2406,#2407));
#562=EDGE_LOOP('',(#2408,#2409,#2410,#2411,#2412,#2413,#2414,#2415,#2416,
#2417,#2418,#2419));
#563=EDGE_LOOP('',(#2420,#2421,#2422,#2423));
#564=EDGE_LOOP('',(#2424,#2425,#2426,#2427));
#565=EDGE_LOOP('',(#2428,#2429,#2430,#2431));
#566=EDGE_LOOP('',(#2432,#2433,#2434,#2435,#2436,#2437,#2438,#2439,#2440,
#2441,#2442,#2443));
#567=EDGE_LOOP('',(#2444,#2445,#2446,#2447));
#568=EDGE_LOOP('',(#2448,#2449,#2450,#2451));
#569=EDGE_LOOP('',(#2452,#2453,#2454,#2455));
#570=EDGE_LOOP('',(#2456,#2457,#2458,#2459));
#571=EDGE_LOOP('',(#2460,#2461,#2462,#2463));
#572=EDGE_LOOP('',(#2464,#2465,#2466,#2467));
#573=EDGE_LOOP('',(#2468,#2469,#2470,#2471));
#574=EDGE_LOOP('',(#2472,#2473,#2474,#2475));
#575=EDGE_LOOP('',(#2476,#2477,#2478,#2479,#2480,#2481,#2482,#2483,#2484,
#2485,#2486,#2487,#2488,#2489));
#576=EDGE_LOOP('',(#2490));
#577=EDGE_LOOP('',(#2491));
#578=EDGE_LOOP('',(#2492));
#579=EDGE_LOOP('',(#2493));
#580=EDGE_LOOP('',(#2494));
#581=EDGE_LOOP('',(#2495));
#582=EDGE_LOOP('',(#2496));
#583=EDGE_LOOP('',(#2497,#2498,#2499,#2500));
#584=EDGE_LOOP('',(#2501));
#585=EDGE_LOOP('',(#2502));
#586=EDGE_LOOP('',(#2503,#2504,#2505,#2506));
#587=EDGE_LOOP('',(#2507));
#588=EDGE_LOOP('',(#2508));
#589=LINE('',#3834,#800);
#590=LINE('',#3840,#801);
#591=LINE('',#3845,#802);
#592=LINE('',#3851,#803);
#593=LINE('',#3861,#804);
#594=LINE('',#3869,#805);
#595=LINE('',#3893,#806);
#596=LINE('',#3903,#807);
#597=LINE('',#3909,#808);
#598=LINE('',#3918,#809);
#599=LINE('',#3921,#810);
#600=LINE('',#3927,#811);
#601=LINE('',#3941,#812);
#602=LINE('',#3995,#813);
#603=LINE('',#3998,#814);
#604=LINE('',#4000,#815);
#605=LINE('',#4001,#816);
#606=LINE('',#4004,#817);
#607=LINE('',#4005,#818);
#608=LINE('',#4008,#819);
#609=LINE('',#4010,#820);
#610=LINE('',#4012,#821);
#611=LINE('',#4013,#822);
#612=LINE('',#4015,#823);
#613=LINE('',#4017,#824);
#614=LINE('',#4020,#825);
#615=LINE('',#4022,#826);
#616=LINE('',#4023,#827);
#617=LINE('',#4026,#828);
#618=LINE('',#4027,#829);
#619=LINE('',#4030,#830);
#620=LINE('',#4032,#831);
#621=LINE('',#4034,#832);
#622=LINE('',#4035,#833);
#623=LINE('',#4037,#834);
#624=LINE('',#4039,#835);
#625=LINE('',#4042,#836);
#626=LINE('',#4044,#837);
#627=LINE('',#4045,#838);
#628=LINE('',#4048,#839);
#629=LINE('',#4049,#840);
#630=LINE('',#4052,#841);
#631=LINE('',#4054,#842);
#632=LINE('',#4056,#843);
#633=LINE('',#4057,#844);
#634=LINE('',#4059,#845);
#635=LINE('',#4061,#846);
#636=LINE('',#4064,#847);
#637=LINE('',#4066,#848);
#638=LINE('',#4067,#849);
#639=LINE('',#4070,#850);
#640=LINE('',#4071,#851);
#641=LINE('',#4074,#852);
#642=LINE('',#4076,#853);
#643=LINE('',#4078,#854);
#644=LINE('',#4079,#855);
#645=LINE('',#4081,#856);
#646=LINE('',#4083,#857);
#647=LINE('',#4086,#858);
#648=LINE('',#4087,#859);
#649=LINE('',#4089,#860);
#650=LINE('',#4092,#861);
#651=LINE('',#4093,#862);
#652=LINE('',#4095,#863);
#653=LINE('',#4098,#864);
#654=LINE('',#4099,#865);
#655=LINE('',#4101,#866);
#656=LINE('',#4104,#867);
#657=LINE('',#4105,#868);
#658=LINE('',#4107,#869);
#659=LINE('',#4111,#870);
#660=LINE('',#4115,#871);
#661=LINE('',#5609,#872);
#662=LINE('',#5610,#873);
#663=LINE('',#5613,#874);
#664=LINE('',#5616,#875);
#665=LINE('',#5620,#876);
#666=LINE('',#5629,#877);
#667=LINE('',#5633,#878);
#668=LINE('',#5639,#879);
#669=LINE('',#5643,#880);
#670=LINE('',#5644,#881);
#671=LINE('',#5649,#882);
#672=LINE('',#5653,#883);
#673=LINE('',#5657,#884);
#674=LINE('',#5663,#885);
#675=LINE('',#5668,#886);
#676=LINE('',#5669,#887);
#677=LINE('',#5670,#888);
#678=LINE('',#5676,#889);
#679=LINE('',#5679,#890);
#680=LINE('',#5681,#891);
#681=LINE('',#5682,#892);
#682=LINE('',#5688,#893);
#683=LINE('',#5691,#894);
#684=LINE('',#5693,#895);
#685=LINE('',#5694,#896);
#686=LINE('',#5699,#897);
#687=LINE('',#5702,#898);
#688=LINE('',#5703,#899);
#689=LINE('',#5705,#900);
#690=LINE('',#5708,#901);
#691=LINE('',#5710,#902);
#692=LINE('',#5711,#903);
#693=LINE('',#5717,#904);
#694=LINE('',#5719,#905);
#695=LINE('',#5720,#906);
#696=LINE('',#5722,#907);
#697=LINE('',#5728,#908);
#698=LINE('',#5730,#909);
#699=LINE('',#5732,#910);
#700=LINE('',#5733,#911);
#701=LINE('',#5736,#912);
#702=LINE('',#5738,#913);
#703=LINE('',#5739,#914);
#704=LINE('',#5742,#915);
#705=LINE('',#5744,#916);
#706=LINE('',#5745,#917);
#707=LINE('',#5748,#918);
#708=LINE('',#5750,#919);
#709=LINE('',#5751,#920);
#710=LINE('',#5754,#921);
#711=LINE('',#5756,#922);
#712=LINE('',#5757,#923);
#713=LINE('',#5759,#924);
#714=LINE('',#5760,#925);
#715=LINE('',#5767,#926);
#716=LINE('',#5769,#927);
#717=LINE('',#5771,#928);
#718=LINE('',#5772,#929);
#719=LINE('',#5775,#930);
#720=LINE('',#5777,#931);
#721=LINE('',#5778,#932);
#722=LINE('',#5781,#933);
#723=LINE('',#5783,#934);
#724=LINE('',#5784,#935);
#725=LINE('',#5787,#936);
#726=LINE('',#5789,#937);
#727=LINE('',#5790,#938);
#728=LINE('',#5793,#939);
#729=LINE('',#5795,#940);
#730=LINE('',#5796,#941);
#731=LINE('',#5798,#942);
#732=LINE('',#5799,#943);
#733=LINE('',#5805,#944);
#734=LINE('',#5809,#945);
#735=LINE('',#5815,#946);
#736=LINE('',#5822,#947);
#737=LINE('',#5829,#948);
#738=LINE('',#5835,#949);
#739=LINE('',#5847,#950);
#740=LINE('',#5851,#951);
#741=LINE('',#5856,#952);
#742=LINE('',#5858,#953);
#743=LINE('',#5860,#954);
#744=LINE('',#5861,#955);
#745=LINE('',#5867,#956);
#746=LINE('',#5870,#957);
#747=LINE('',#5872,#958);
#748=LINE('',#5873,#959);
#749=LINE('',#5879,#960);
#750=LINE('',#5882,#961);
#751=LINE('',#5884,#962);
#752=LINE('',#5885,#963);
#753=LINE('',#5891,#964);
#754=LINE('',#5897,#965);
#755=LINE('',#5908,#966);
#756=LINE('',#5912,#967);
#757=LINE('',#5917,#968);
#758=LINE('',#5919,#969);
#759=LINE('',#5921,#970);
#760=LINE('',#5922,#971);
#761=LINE('',#5928,#972);
#762=LINE('',#5931,#973);
#763=LINE('',#5933,#974);
#764=LINE('',#5934,#975);
#765=LINE('',#5940,#976);
#766=LINE('',#5943,#977);
#767=LINE('',#5945,#978);
#768=LINE('',#5946,#979);
#769=LINE('',#5952,#980);
#770=LINE('',#5955,#981);
#771=LINE('',#5974,#982);
#772=LINE('',#5986,#983);
#773=LINE('',#5990,#984);
#774=LINE('',#5994,#985);
#775=LINE('',#6007,#986);
#776=LINE('',#6011,#987);
#777=LINE('',#6015,#988);
#778=LINE('',#6018,#989);
#779=LINE('',#6021,#990);
#780=LINE('',#6025,#991);
#781=LINE('',#6026,#992);
#782=LINE('',#6030,#993);
#783=LINE('',#6033,#994);
#784=LINE('',#6034,#995);
#785=LINE('',#6038,#996);
#786=LINE('',#6042,#997);
#787=LINE('',#6043,#998);
#788=LINE('',#6047,#999);
#789=LINE('',#6051,#1000);
#790=LINE('',#6054,#1001);
#791=LINE('',#6055,#1002);
#792=LINE('',#6059,#1003);
#793=LINE('',#6062,#1004);
#794=LINE('',#6063,#1005);
#795=LINE('',#6067,#1006);
#796=LINE('',#6070,#1007);
#797=LINE('',#6071,#1008);
#798=LINE('',#6079,#1009);
#799=LINE('',#6087,#1010);
#800=VECTOR('',#3019,1.5381197846483);
#801=VECTOR('',#3026,1.5381197846483);
#802=VECTOR('',#3031,10.);
#803=VECTOR('',#3032,10.);
#804=VECTOR('',#3035,10.);
#805=VECTOR('',#3040,3.49625);
#806=VECTOR('',#3043,10.);
#807=VECTOR('',#3046,10.);
#808=VECTOR('',#3049,10.);
#809=VECTOR('',#3058,3.49625);
#810=VECTOR('',#3063,2.);
#811=VECTOR('',#3070,1.80529250000031);
#812=VECTOR('',#3089,1.810555);
#813=VECTOR('',#3148,3.96907472454028);
#814=VECTOR('',#3151,10.);
#815=VECTOR('',#3152,10.);
#816=VECTOR('',#3153,10.);
#817=VECTOR('',#3156,10.);
#818=VECTOR('',#3157,10.);
#819=VECTOR('',#3160,10.);
#820=VECTOR('',#3161,10.);
#821=VECTOR('',#3162,10.);
#822=VECTOR('',#3163,10.);
#823=VECTOR('',#3166,10.);
#824=VECTOR('',#3169,10.);
#825=VECTOR('',#3172,10.);
#826=VECTOR('',#3173,10.);
#827=VECTOR('',#3174,10.);
#828=VECTOR('',#3177,10.);
#829=VECTOR('',#3178,10.);
#830=VECTOR('',#3181,10.);
#831=VECTOR('',#3182,10.);
#832=VECTOR('',#3183,10.);
#833=VECTOR('',#3184,10.);
#834=VECTOR('',#3187,10.);
#835=VECTOR('',#3190,10.);
#836=VECTOR('',#3193,10.);
#837=VECTOR('',#3194,10.);
#838=VECTOR('',#3195,10.);
#839=VECTOR('',#3198,10.);
#840=VECTOR('',#3199,10.);
#841=VECTOR('',#3202,10.);
#842=VECTOR('',#3203,10.);
#843=VECTOR('',#3204,10.);
#844=VECTOR('',#3205,10.);
#845=VECTOR('',#3208,10.);
#846=VECTOR('',#3211,10.);
#847=VECTOR('',#3214,10.);
#848=VECTOR('',#3215,10.);
#849=VECTOR('',#3216,10.);
#850=VECTOR('',#3219,10.);
#851=VECTOR('',#3220,10.);
#852=VECTOR('',#3223,10.);
#853=VECTOR('',#3224,10.);
#854=VECTOR('',#3225,10.);
#855=VECTOR('',#3226,10.);
#856=VECTOR('',#3229,10.);
#857=VECTOR('',#3232,10.);
#858=VECTOR('',#3235,10.);
#859=VECTOR('',#3236,10.);
#860=VECTOR('',#3239,10.);
#861=VECTOR('',#3242,10.);
#862=VECTOR('',#3243,10.);
#863=VECTOR('',#3246,10.);
#864=VECTOR('',#3249,10.);
#865=VECTOR('',#3250,10.);
#866=VECTOR('',#3253,10.);
#867=VECTOR('',#3256,10.);
#868=VECTOR('',#3257,10.);
#869=VECTOR('',#3260,10.);
#870=VECTOR('',#3265,2.);
#871=VECTOR('',#3272,1.9052775);
#872=VECTOR('',#3297,10.);
#873=VECTOR('',#3298,10.);
#874=VECTOR('',#3301,5.5);
#875=VECTOR('',#3304,10.);
#876=VECTOR('',#3307,10.);
#877=VECTOR('',#3318,5.5);
#878=VECTOR('',#3321,10.);
#879=VECTOR('',#3326,10.);
#880=VECTOR('',#3331,10.);
#881=VECTOR('',#3332,10.);
#882=VECTOR('',#3337,2.1);
#883=VECTOR('',#3342,2.75);
#884=VECTOR('',#3347,2.75);
#885=VECTOR('',#3354,2.1);
#886=VECTOR('',#3359,10.);
#887=VECTOR('',#3360,10.);
#888=VECTOR('',#3361,10.);
#889=VECTOR('',#3368,10.);
#890=VECTOR('',#3371,10.);
#891=VECTOR('',#3372,10.);
#892=VECTOR('',#3373,10.);
#893=VECTOR('',#3380,10.);
#894=VECTOR('',#3383,10.);
#895=VECTOR('',#3384,10.);
#896=VECTOR('',#3385,10.);
#897=VECTOR('',#3392,10.);
#898=VECTOR('',#3395,10.);
#899=VECTOR('',#3396,10.);
#900=VECTOR('',#3399,10.);
#901=VECTOR('',#3402,10.);
#902=VECTOR('',#3403,10.);
#903=VECTOR('',#3404,10.);
#904=VECTOR('',#3411,10.);
#905=VECTOR('',#3414,10.);
#906=VECTOR('',#3415,10.);
#907=VECTOR('',#3418,10.);
#908=VECTOR('',#3425,10.);
#909=VECTOR('',#3426,10.);
#910=VECTOR('',#3427,10.);
#911=VECTOR('',#3428,10.);
#912=VECTOR('',#3431,10.);
#913=VECTOR('',#3432,10.);
#914=VECTOR('',#3433,10.);
#915=VECTOR('',#3436,10.);
#916=VECTOR('',#3437,10.);
#917=VECTOR('',#3438,10.);
#918=VECTOR('',#3441,10.);
#919=VECTOR('',#3442,10.);
#920=VECTOR('',#3443,10.);
#921=VECTOR('',#3446,10.);
#922=VECTOR('',#3447,10.);
#923=VECTOR('',#3448,10.);
#924=VECTOR('',#3451,10.);
#925=VECTOR('',#3452,10.);
#926=VECTOR('',#3459,10.);
#927=VECTOR('',#3460,10.);
#928=VECTOR('',#3461,10.);
#929=VECTOR('',#3462,10.);
#930=VECTOR('',#3465,10.);
#931=VECTOR('',#3466,10.);
#932=VECTOR('',#3467,10.);
#933=VECTOR('',#3470,10.);
#934=VECTOR('',#3471,10.);
#935=VECTOR('',#3472,10.);
#936=VECTOR('',#3475,10.);
#937=VECTOR('',#3476,10.);
#938=VECTOR('',#3477,10.);
#939=VECTOR('',#3480,10.);
#940=VECTOR('',#3481,10.);
#941=VECTOR('',#3482,10.);
#942=VECTOR('',#3485,10.);
#943=VECTOR('',#3486,10.);
#944=VECTOR('',#3493,2.);
#945=VECTOR('',#3498,2.);
#946=VECTOR('',#3505,3.50000000000001);
#947=VECTOR('',#3514,3.5);
#948=VECTOR('',#3523,2.5);
#949=VECTOR('',#3530,2.5);
#950=VECTOR('',#3545,1.75);
#951=VECTOR('',#3550,2.5);
#952=VECTOR('',#3555,10.);
#953=VECTOR('',#3556,10.);
#954=VECTOR('',#3557,10.);
#955=VECTOR('',#3558,10.);
#956=VECTOR('',#3565,10.);
#957=VECTOR('',#3568,10.);
#958=VECTOR('',#3569,10.);
#959=VECTOR('',#3570,10.);
#960=VECTOR('',#3577,10.);
#961=VECTOR('',#3580,10.);
#962=VECTOR('',#3581,10.);
#963=VECTOR('',#3582,10.);
#964=VECTOR('',#3589,10.);
#965=VECTOR('',#3596,10.);
#966=VECTOR('',#3611,1.75);
#967=VECTOR('',#3616,2.5);
#968=VECTOR('',#3621,10.);
#969=VECTOR('',#3622,10.);
#970=VECTOR('',#3623,10.);
#971=VECTOR('',#3624,10.);
#972=VECTOR('',#3631,10.);
#973=VECTOR('',#3634,10.);
#974=VECTOR('',#3635,10.);
#975=VECTOR('',#3636,10.);
#976=VECTOR('',#3643,10.);
#977=VECTOR('',#3646,10.);
#978=VECTOR('',#3647,10.);
#979=VECTOR('',#3648,10.);
#980=VECTOR('',#3653,10.);
#981=VECTOR('',#3656,10.);
#982=VECTOR('',#3681,10.);
#983=VECTOR('',#3692,10.);
#984=VECTOR('',#3695,10.);
#985=VECTOR('',#3698,10.);
#986=VECTOR('',#3713,1.75);
#987=VECTOR('',#3718,1.75);
#988=VECTOR('',#3723,1.75);
#989=VECTOR('',#3726,10.);
#990=VECTOR('',#3729,10.);
#991=VECTOR('',#3734,10.);
#992=VECTOR('',#3735,5.50314419891272);
#993=VECTOR('',#3740,10.);
#994=VECTOR('',#3743,10.);
#995=VECTOR('',#3744,10.);
#996=VECTOR('',#3749,10.);
#997=VECTOR('',#3754,10.);
#998=VECTOR('',#3755,5.50314419891272);
#999=VECTOR('',#3760,10.);
#1000=VECTOR('',#3765,10.);
#1001=VECTOR('',#3768,10.);
#1002=VECTOR('',#3769,10.);
#1003=VECTOR('',#3774,10.);
#1004=VECTOR('',#3777,10.);
#1005=VECTOR('',#3778,10.);
#1006=VECTOR('',#3783,10.);
#1007=VECTOR('',#3786,10.);
#1008=VECTOR('',#3787,10.);
#1009=VECTOR('',#3798,2.5);
#1010=VECTOR('',#3809,2.5);
#1011=CIRCLE('',#2711,1.666);
#1012=CIRCLE('',#2712,2.);
#1013=CIRCLE('',#2714,2.);
#1014=CIRCLE('',#2715,1.666);
#1015=CIRCLE('',#2719,2.95);
#1016=CIRCLE('',#2725,2.95);
#1017=CIRCLE('',#2731,1.954);
#1018=CIRCLE('',#2732,1.57058499999999);
#1019=CIRCLE('',#2734,2.210555);
#1020=CIRCLE('',#2735,0.4);
#1021=CIRCLE('',#2736,1.810555);
#1022=CIRCLE('',#2738,4.);
#1023=CIRCLE('',#2740,1.810555);
#1024=CIRCLE('',#2742,3.95616212866996);
#1025=CIRCLE('',#2743,1.03333333333333);
#1026=CIRCLE('',#2744,3.4760631917457);
#1027=CIRCLE('',#2745,3.4760631917457);
#1028=CIRCLE('',#2747,6.14491651257817);
#1029=CIRCLE('',#2748,6.49452589618476);
#1030=CIRCLE('',#2749,6.15780263512452);
#1031=CIRCLE('',#2750,6.5);
#1032=CIRCLE('',#2751,6.15780263512452);
#1033=CIRCLE('',#2752,6.49452589618476);
#1034=CIRCLE('',#2753,6.14491651257817);
#1035=CIRCLE('',#2754,6.14491651257817);
#1036=CIRCLE('',#2755,6.49452589618476);
#1037=CIRCLE('',#2756,6.15780263512452);
#1038=CIRCLE('',#2757,6.49452589618475);
#1039=CIRCLE('',#2758,6.14491651257817);
#1040=CIRCLE('',#2759,6.14491651257817);
#1041=CIRCLE('',#2760,6.49452589618476);
#1042=CIRCLE('',#2761,6.15780263512452);
#1043=CIRCLE('',#2762,6.49452589618476);
#1044=CIRCLE('',#2763,6.14491651257817);
#1045=CIRCLE('',#2764,6.14491651257817);
#1046=CIRCLE('',#2765,6.49452589618475);
#1047=CIRCLE('',#2766,6.15780263512452);
#1048=CIRCLE('',#2767,6.49452589618476);
#1049=CIRCLE('',#2768,6.14491651257817);
#1050=CIRCLE('',#2800,1.954);
#1051=CIRCLE('',#2804,0.254);
#1052=CIRCLE('',#2805,0.254);
#1053=CIRCLE('',#2806,0.254);
#1054=CIRCLE('',#2807,0.254);
#1055=CIRCLE('',#2811,5.5);
#1056=CIRCLE('',#2812,2.75);
#1057=CIRCLE('',#2814,5.5);
#1058=CIRCLE('',#2816,5.5);
#1059=CIRCLE('',#2817,5.5);
#1060=CIRCLE('',#2818,5.5);
#1061=CIRCLE('',#2820,5.5);
#1062=CIRCLE('',#2821,2.75);
#1063=CIRCLE('',#2823,5.5);
#1064=CIRCLE('',#2824,5.5);
#1065=CIRCLE('',#2825,5.5);
#1066=CIRCLE('',#2826,5.5);
#1067=CIRCLE('',#2829,2.1);
#1068=CIRCLE('',#2830,2.1);
#1069=CIRCLE('',#2832,2.75);
#1070=CIRCLE('',#2834,2.75);
#1071=CIRCLE('',#2836,2.1);
#1072=CIRCLE('',#2837,2.1);
#1073=CIRCLE('',#2840,5.99999999999999);
#1074=CIRCLE('',#2841,5.99999999999999);
#1075=CIRCLE('',#2844,5.1);
#1076=CIRCLE('',#2845,5.1);
#1077=CIRCLE('',#2848,6.);
#1078=CIRCLE('',#2849,6.);
#1079=CIRCLE('',#2854,5.1);
#1080=CIRCLE('',#2855,5.1);
#1081=CIRCLE('',#2867,2.);
#1082=CIRCLE('',#2875,2.);
#1083=CIRCLE('',#2877,2.);
#1084=CIRCLE('',#2879,2.);
#1085=CIRCLE('',#2881,3.50000000000001);
#1086=CIRCLE('',#2882,3.50000000000001);
#1087=CIRCLE('',#2885,3.5);
#1088=CIRCLE('',#2886,3.5);
#1089=CIRCLE('',#2889,2.5);
#1090=CIRCLE('',#2890,2.5);
#1091=CIRCLE('',#2892,2.5);
#1092=CIRCLE('',#2893,2.5);
#1093=CIRCLE('',#2895,2.5);
#1094=CIRCLE('',#2897,2.5);
#1095=CIRCLE('',#2899,1.75);
#1096=CIRCLE('',#2900,1.75);
#1097=CIRCLE('',#2902,2.5);
#1098=CIRCLE('',#2905,5.5);
#1099=CIRCLE('',#2906,5.5);
#1100=CIRCLE('',#2909,3.);
#1101=CIRCLE('',#2910,3.);
#1102=CIRCLE('',#2913,3.);
#1103=CIRCLE('',#2914,3.);
#1104=CIRCLE('',#2916,6.49999999999999);
#1105=CIRCLE('',#2917,6.49999999999999);
#1106=CIRCLE('',#2919,5.50314419891272);
#1107=CIRCLE('',#2920,5.50314419891272);
#1108=CIRCLE('',#2922,5.50314419891272);
#1109=CIRCLE('',#2924,1.75);
#1110=CIRCLE('',#2925,1.75);
#1111=CIRCLE('',#2927,2.5);
#1112=CIRCLE('',#2930,3.);
#1113=CIRCLE('',#2931,3.);
#1114=CIRCLE('',#2934,5.5);
#1115=CIRCLE('',#2935,5.5);
#1116=CIRCLE('',#2938,6.5);
#1117=CIRCLE('',#2939,6.5);
#1118=CIRCLE('',#2941,2.99999999999999);
#1119=CIRCLE('',#2942,2.99999999999999);
#1120=CIRCLE('',#2944,5.50314419891272);
#1121=CIRCLE('',#2946,5.50314419891272);
#1122=CIRCLE('',#2947,5.50314419891272);
#1123=CIRCLE('',#2949,5.50314419891272);
#1124=CIRCLE('',#2950,5.50314419891272);
#1125=CIRCLE('',#2951,6.5);
#1126=CIRCLE('',#2952,6.5);
#1127=CIRCLE('',#2953,5.50314419891272);
#1128=CIRCLE('',#2954,5.50314419891272);
#1129=CIRCLE('',#2955,6.49999999999999);
#1130=CIRCLE('',#2956,3.);
#1131=CIRCLE('',#2957,3.);
#1132=CIRCLE('',#2958,3.);
#1133=CIRCLE('',#2959,2.99999999999999);
#1134=CIRCLE('',#2960,6.5);
#1135=CIRCLE('',#2961,1.75);
#1136=CIRCLE('',#2962,1.75);
#1137=CIRCLE('',#2963,1.75);
#1138=CIRCLE('',#2965,1.75);
#1139=CIRCLE('',#2967,1.75);
#1140=CIRCLE('',#2969,1.75);
#1141=CIRCLE('',#2971,6.5);
#1142=CIRCLE('',#2973,5.50314419891272);
#1143=CIRCLE('',#2975,6.5);
#1144=CIRCLE('',#2978,6.5);
#1145=CIRCLE('',#2980,5.50314419891272);
#1146=CIRCLE('',#2982,6.49999999999999);
#1147=CIRCLE('',#2984,3.);
#1148=CIRCLE('',#2987,3.);
#1149=CIRCLE('',#2990,3.);
#1150=CIRCLE('',#2993,2.99999999999999);
#1151=CIRCLE('',#2996,2.5);
#1152=CIRCLE('',#2997,2.5);
#1153=CIRCLE('',#3001,2.5);
#1154=CIRCLE('',#3002,2.5);
#1155=VERTEX_POINT('',#3831);
#1156=VERTEX_POINT('',#3833);
#1157=VERTEX_POINT('',#3837);
#1158=VERTEX_POINT('',#3839);
#1159=VERTEX_POINT('',#3843);
#1160=VERTEX_POINT('',#3844);
#1161=VERTEX_POINT('',#3846);
#1162=VERTEX_POINT('',#3850);
#1163=VERTEX_POINT('',#3856);
#1164=VERTEX_POINT('',#3860);
#1165=VERTEX_POINT('',#3866);
#1166=VERTEX_POINT('',#3868);
#1167=VERTEX_POINT('',#3870);
#1168=VERTEX_POINT('',#3874);
#1169=VERTEX_POINT('',#3881);
#1170=VERTEX_POINT('',#3889);
#1171=VERTEX_POINT('',#3895);
#1172=VERTEX_POINT('',#3899);
#1173=VERTEX_POINT('',#3905);
#1174=VERTEX_POINT('',#3915);
#1175=VERTEX_POINT('',#3924);
#1176=VERTEX_POINT('',#3926);
#1177=VERTEX_POINT('',#3930);
#1178=VERTEX_POINT('',#3932);
#1179=VERTEX_POINT('',#3936);
#1180=VERTEX_POINT('',#3939);
#1181=VERTEX_POINT('',#3943);
#1182=VERTEX_POINT('',#3945);
#1183=VERTEX_POINT('',#3947);
#1184=VERTEX_POINT('',#3951);
#1185=VERTEX_POINT('',#3952);
#1186=VERTEX_POINT('',#3954);
#1187=VERTEX_POINT('',#3956);
#1188=VERTEX_POINT('',#3959);
#1189=VERTEX_POINT('',#3961);
#1190=VERTEX_POINT('',#3963);
#1191=VERTEX_POINT('',#3965);
#1192=VERTEX_POINT('',#3967);
#1193=VERTEX_POINT('',#3969);
#1194=VERTEX_POINT('',#3971);
#1195=VERTEX_POINT('',#3973);
#1196=VERTEX_POINT('',#3975);
#1197=VERTEX_POINT('',#3977);
#1198=VERTEX_POINT('',#3979);
#1199=VERTEX_POINT('',#3981);
#1200=VERTEX_POINT('',#3983);
#1201=VERTEX_POINT('',#3985);
#1202=VERTEX_POINT('',#3987);
#1203=VERTEX_POINT('',#3989);
#1204=VERTEX_POINT('',#3991);
#1205=VERTEX_POINT('',#3997);
#1206=VERTEX_POINT('',#3999);
#1207=VERTEX_POINT('',#4003);
#1208=VERTEX_POINT('',#4007);
#1209=VERTEX_POINT('',#4009);
#1210=VERTEX_POINT('',#4011);
#1211=VERTEX_POINT('',#4019);
#1212=VERTEX_POINT('',#4021);
#1213=VERTEX_POINT('',#4025);
#1214=VERTEX_POINT('',#4029);
#1215=VERTEX_POINT('',#4031);
#1216=VERTEX_POINT('',#4033);
#1217=VERTEX_POINT('',#4041);
#1218=VERTEX_POINT('',#4043);
#1219=VERTEX_POINT('',#4047);
#1220=VERTEX_POINT('',#4051);
#1221=VERTEX_POINT('',#4053);
#1222=VERTEX_POINT('',#4055);
#1223=VERTEX_POINT('',#4063);
#1224=VERTEX_POINT('',#4065);
#1225=VERTEX_POINT('',#4069);
#1226=VERTEX_POINT('',#4073);
#1227=VERTEX_POINT('',#4075);
#1228=VERTEX_POINT('',#4077);
#1229=VERTEX_POINT('',#4085);
#1230=VERTEX_POINT('',#4091);
#1231=VERTEX_POINT('',#4097);
#1232=VERTEX_POINT('',#4103);
#1233=VERTEX_POINT('',#4110);
#1234=VERTEX_POINT('',#4761);
#1235=VERTEX_POINT('',#4762);
#1236=VERTEX_POINT('',#4764);
#1237=VERTEX_POINT('',#4857);
#1238=VERTEX_POINT('',#5600);
#1239=VERTEX_POINT('',#5602);
#1240=VERTEX_POINT('',#5605);
#1241=VERTEX_POINT('',#5606);
#1242=VERTEX_POINT('',#5608);
#1243=VERTEX_POINT('',#5612);
#1244=VERTEX_POINT('',#5615);
#1245=VERTEX_POINT('',#5617);
#1246=VERTEX_POINT('',#5619);
#1247=VERTEX_POINT('',#5623);
#1248=VERTEX_POINT('',#5625);
#1249=VERTEX_POINT('',#5628);
#1250=VERTEX_POINT('',#5630);
#1251=VERTEX_POINT('',#5632);
#1252=VERTEX_POINT('',#5634);
#1253=VERTEX_POINT('',#5636);
#1254=VERTEX_POINT('',#5638);
#1255=VERTEX_POINT('',#5642);
#1256=VERTEX_POINT('',#5646);
#1257=VERTEX_POINT('',#5648);
#1258=VERTEX_POINT('',#5652);
#1259=VERTEX_POINT('',#5656);
#1260=VERTEX_POINT('',#5660);
#1261=VERTEX_POINT('',#5662);
#1262=VERTEX_POINT('',#5666);
#1263=VERTEX_POINT('',#5667);
#1264=VERTEX_POINT('',#5672);
#1265=VERTEX_POINT('',#5674);
#1266=VERTEX_POINT('',#5678);
#1267=VERTEX_POINT('',#5680);
#1268=VERTEX_POINT('',#5684);
#1269=VERTEX_POINT('',#5686);
#1270=VERTEX_POINT('',#5690);
#1271=VERTEX_POINT('',#5692);
#1272=VERTEX_POINT('',#5696);
#1273=VERTEX_POINT('',#5701);
#1274=VERTEX_POINT('',#5707);
#1275=VERTEX_POINT('',#5709);
#1276=VERTEX_POINT('',#5713);
#1277=VERTEX_POINT('',#5715);
#1278=VERTEX_POINT('',#5726);
#1279=VERTEX_POINT('',#5727);
#1280=VERTEX_POINT('',#5729);
#1281=VERTEX_POINT('',#5731);
#1282=VERTEX_POINT('',#5735);
#1283=VERTEX_POINT('',#5737);
#1284=VERTEX_POINT('',#5741);
#1285=VERTEX_POINT('',#5743);
#1286=VERTEX_POINT('',#5747);
#1287=VERTEX_POINT('',#5749);
#1288=VERTEX_POINT('',#5753);
#1289=VERTEX_POINT('',#5755);
#1290=VERTEX_POINT('',#5762);
#1291=VERTEX_POINT('',#5765);
#1292=VERTEX_POINT('',#5766);
#1293=VERTEX_POINT('',#5768);
#1294=VERTEX_POINT('',#5770);
#1295=VERTEX_POINT('',#5774);
#1296=VERTEX_POINT('',#5776);
#1297=VERTEX_POINT('',#5780);
#1298=VERTEX_POINT('',#5782);
#1299=VERTEX_POINT('',#5786);
#1300=VERTEX_POINT('',#5788);
#1301=VERTEX_POINT('',#5792);
#1302=VERTEX_POINT('',#5794);
#1303=VERTEX_POINT('',#5801);
#1304=VERTEX_POINT('',#5804);
#1305=VERTEX_POINT('',#5808);
#1306=VERTEX_POINT('',#5812);
#1307=VERTEX_POINT('',#5814);
#1308=VERTEX_POINT('',#5819);
#1309=VERTEX_POINT('',#5821);
#1310=VERTEX_POINT('',#5826);
#1311=VERTEX_POINT('',#5828);
#1312=VERTEX_POINT('',#5832);
#1313=VERTEX_POINT('',#5834);
#1314=VERTEX_POINT('',#5838);
#1315=VERTEX_POINT('',#5841);
#1316=VERTEX_POINT('',#5844);
#1317=VERTEX_POINT('',#5846);
#1318=VERTEX_POINT('',#5850);
#1319=VERTEX_POINT('',#5854);
#1320=VERTEX_POINT('',#5855);
#1321=VERTEX_POINT('',#5857);
#1322=VERTEX_POINT('',#5859);
#1323=VERTEX_POINT('',#5863);
#1324=VERTEX_POINT('',#5865);
#1325=VERTEX_POINT('',#5869);
#1326=VERTEX_POINT('',#5871);
#1327=VERTEX_POINT('',#5875);
#1328=VERTEX_POINT('',#5877);
#1329=VERTEX_POINT('',#5881);
#1330=VERTEX_POINT('',#5883);
#1331=VERTEX_POINT('',#5887);
#1332=VERTEX_POINT('',#5889);
#1333=VERTEX_POINT('',#5893);
#1334=VERTEX_POINT('',#5895);
#1335=VERTEX_POINT('',#5899);
#1336=VERTEX_POINT('',#5905);
#1337=VERTEX_POINT('',#5907);
#1338=VERTEX_POINT('',#5911);
#1339=VERTEX_POINT('',#5915);
#1340=VERTEX_POINT('',#5916);
#1341=VERTEX_POINT('',#5918);
#1342=VERTEX_POINT('',#5920);
#1343=VERTEX_POINT('',#5924);
#1344=VERTEX_POINT('',#5926);
#1345=VERTEX_POINT('',#5930);
#1346=VERTEX_POINT('',#5932);
#1347=VERTEX_POINT('',#5936);
#1348=VERTEX_POINT('',#5938);
#1349=VERTEX_POINT('',#5942);
#1350=VERTEX_POINT('',#5944);
#1351=VERTEX_POINT('',#5948);
#1352=VERTEX_POINT('',#5949);
#1353=VERTEX_POINT('',#5951);
#1354=VERTEX_POINT('',#5953);
#1355=VERTEX_POINT('',#5962);
#1356=VERTEX_POINT('',#5966);
#1357=VERTEX_POINT('',#5967);
#1358=VERTEX_POINT('',#5969);
#1359=VERTEX_POINT('',#5971);
#1360=VERTEX_POINT('',#5973);
#1361=VERTEX_POINT('',#5975);
#1362=VERTEX_POINT('',#5977);
#1363=VERTEX_POINT('',#5979);
#1364=VERTEX_POINT('',#5981);
#1365=VERTEX_POINT('',#5983);
#1366=VERTEX_POINT('',#5985);
#1367=VERTEX_POINT('',#5987);
#1368=VERTEX_POINT('',#5989);
#1369=VERTEX_POINT('',#5991);
#1370=VERTEX_POINT('',#5993);
#1371=VERTEX_POINT('',#5995);
#1372=VERTEX_POINT('',#5998);
#1373=VERTEX_POINT('',#6000);
#1374=VERTEX_POINT('',#6002);
#1375=VERTEX_POINT('',#6005);
#1376=VERTEX_POINT('',#6009);
#1377=VERTEX_POINT('',#6013);
#1378=VERTEX_POINT('',#6017);
#1379=VERTEX_POINT('',#6019);
#1380=VERTEX_POINT('',#6023);
#1381=VERTEX_POINT('',#6028);
#1382=VERTEX_POINT('',#6032);
#1383=VERTEX_POINT('',#6036);
#1384=VERTEX_POINT('',#6040);
#1385=VERTEX_POINT('',#6045);
#1386=VERTEX_POINT('',#6049);
#1387=VERTEX_POINT('',#6053);
#1388=VERTEX_POINT('',#6057);
#1389=VERTEX_POINT('',#6061);
#1390=VERTEX_POINT('',#6065);
#1391=VERTEX_POINT('',#6069);
#1392=VERTEX_POINT('',#6076);
#1393=VERTEX_POINT('',#6078);
#1394=VERTEX_POINT('',#6084);
#1395=VERTEX_POINT('',#6086);
#1396=EDGE_CURVE('',#1155,#1155,#1011,.T.);
#1397=EDGE_CURVE('',#1155,#1156,#589,.T.);
#1398=EDGE_CURVE('',#1156,#1156,#1012,.T.);
#1399=EDGE_CURVE('',#1157,#1157,#1013,.T.);
#1400=EDGE_CURVE('',#1157,#1158,#590,.T.);
#1401=EDGE_CURVE('',#1158,#1158,#1014,.T.);
#1402=EDGE_CURVE('',#1159,#1160,#591,.T.);
#1403=EDGE_CURVE('',#1161,#1159,#145,.T.);
#1404=EDGE_CURVE('',#1162,#1161,#592,.T.);
#1405=EDGE_CURVE('',#1160,#1162,#146,.T.);
#1406=EDGE_CURVE('',#1163,#1161,#147,.T.);
#1407=EDGE_CURVE('',#1163,#1164,#593,.T.);
#1408=EDGE_CURVE('',#1162,#1164,#148,.T.);
#1409=EDGE_CURVE('',#1165,#1165,#1015,.T.);
#1410=EDGE_CURVE('',#1165,#1166,#594,.T.);
#1411=EDGE_CURVE('',#1166,#1167,#149,.T.);
#1412=EDGE_CURVE('',#1167,#1168,#150,.T.);
#1413=EDGE_CURVE('',#1168,#1163,#151,.T.);
#1414=EDGE_CURVE('',#1159,#1169,#152,.T.);
#1415=EDGE_CURVE('',#1169,#1166,#153,.T.);
#1416=EDGE_CURVE('',#1170,#1160,#154,.T.);
#1417=EDGE_CURVE('',#1169,#1170,#595,.T.);
#1418=EDGE_CURVE('',#1171,#1170,#155,.T.);
#1419=EDGE_CURVE('',#1172,#1171,#156,.T.);
#1420=EDGE_CURVE('',#1167,#1172,#596,.T.);
#1421=EDGE_CURVE('',#1173,#1172,#157,.T.);
#1422=EDGE_CURVE('',#1168,#1173,#597,.T.);
#1423=EDGE_CURVE('',#1164,#1173,#158,.T.);
#1424=EDGE_CURVE('',#1174,#1174,#1016,.T.);
#1425=EDGE_CURVE('',#1171,#1174,#598,.T.);
#1426=EDGE_CURVE('',#1155,#1158,#599,.T.);
#1427=EDGE_CURVE('',#1175,#1175,#1017,.T.);
#1428=EDGE_CURVE('',#1175,#1176,#600,.T.);
#1429=EDGE_CURVE('',#1176,#1176,#1018,.T.);
#1430=EDGE_CURVE('',#1177,#1177,#1019,.T.);
#1431=EDGE_CURVE('',#1177,#1178,#1020,.T.);
#1432=EDGE_CURVE('',#1178,#1178,#1021,.T.);
#1433=EDGE_CURVE('',#1179,#1179,#1022,.T.);
#1434=EDGE_CURVE('',#1180,#1180,#1023,.T.);
#1435=EDGE_CURVE('',#1180,#1178,#601,.T.);
#1436=EDGE_CURVE('',#1181,#1181,#1024,.T.);
#1437=EDGE_CURVE('',#1181,#1182,#1025,.T.);
#1438=EDGE_CURVE('',#1182,#1183,#1026,.T.);
#1439=EDGE_CURVE('',#1183,#1182,#1027,.T.);
#1440=EDGE_CURVE('',#1184,#1185,#1028,.T.);
#1441=EDGE_CURVE('',#1185,#1186,#1029,.T.);
#1442=EDGE_CURVE('',#1186,#1187,#1030,.T.);
#1443=EDGE_CURVE('',#1187,#1183,#1031,.T.);
#1444=EDGE_CURVE('',#1187,#1188,#1032,.T.);
#1445=EDGE_CURVE('',#1188,#1189,#1033,.T.);
#1446=EDGE_CURVE('',#1189,#1190,#1034,.T.);
#1447=EDGE_CURVE('',#1190,#1191,#1035,.T.);
#1448=EDGE_CURVE('',#1191,#1192,#1036,.T.);
#1449=EDGE_CURVE('',#1192,#1193,#1037,.T.);
#1450=EDGE_CURVE('',#1193,#1194,#1038,.T.);
#1451=EDGE_CURVE('',#1194,#1195,#1039,.T.);
#1452=EDGE_CURVE('',#1195,#1196,#1040,.T.);
#1453=EDGE_CURVE('',#1196,#1197,#1041,.T.);
#1454=EDGE_CURVE('',#1197,#1198,#1042,.T.);
#1455=EDGE_CURVE('',#1198,#1199,#1043,.T.);
#1456=EDGE_CURVE('',#1199,#1200,#1044,.T.);
#1457=EDGE_CURVE('',#1200,#1201,#1045,.T.);
#1458=EDGE_CURVE('',#1201,#1202,#1046,.T.);
#1459=EDGE_CURVE('',#1202,#1203,#1047,.T.);
#1460=EDGE_CURVE('',#1203,#1204,#1048,.T.);
#1461=EDGE_CURVE('',#1204,#1184,#1049,.T.);
#1462=EDGE_CURVE('',#1179,#1181,#602,.T.);
#1463=EDGE_CURVE('',#1205,#1184,#603,.T.);
#1464=EDGE_CURVE('',#1206,#1205,#604,.T.);
#1465=EDGE_CURVE('',#1185,#1206,#605,.T.);
#1466=EDGE_CURVE('',#1207,#1204,#606,.T.);
#1467=EDGE_CURVE('',#1205,#1207,#607,.T.);
#1468=EDGE_CURVE('',#1208,#1206,#608,.T.);
#1469=EDGE_CURVE('',#1208,#1209,#609,.T.);
#1470=EDGE_CURVE('',#1210,#1209,#610,.T.);
#1471=EDGE_CURVE('',#1186,#1210,#611,.F.);
#1472=EDGE_CURVE('',#1205,#1208,#612,.T.);
#1473=EDGE_CURVE('',#1207,#1208,#613,.T.);
#1474=EDGE_CURVE('',#1211,#1190,#614,.T.);
#1475=EDGE_CURVE('',#1212,#1211,#615,.T.);
#1476=EDGE_CURVE('',#1191,#1212,#616,.T.);
#1477=EDGE_CURVE('',#1213,#1189,#617,.T.);
#1478=EDGE_CURVE('',#1211,#1213,#618,.T.);
#1479=EDGE_CURVE('',#1214,#1212,#619,.T.);
#1480=EDGE_CURVE('',#1214,#1215,#620,.T.);
#1481=EDGE_CURVE('',#1216,#1215,#621,.T.);
#1482=EDGE_CURVE('',#1192,#1216,#622,.F.);
#1483=EDGE_CURVE('',#1211,#1214,#623,.T.);
#1484=EDGE_CURVE('',#1213,#1214,#624,.T.);
#1485=EDGE_CURVE('',#1217,#1195,#625,.T.);
#1486=EDGE_CURVE('',#1218,#1217,#626,.T.);
#1487=EDGE_CURVE('',#1196,#1218,#627,.T.);
#1488=EDGE_CURVE('',#1219,#1194,#628,.T.);
#1489=EDGE_CURVE('',#1217,#1219,#629,.T.);
#1490=EDGE_CURVE('',#1220,#1218,#630,.T.);
#1491=EDGE_CURVE('',#1220,#1221,#631,.T.);
#1492=EDGE_CURVE('',#1222,#1221,#632,.T.);
#1493=EDGE_CURVE('',#1197,#1222,#633,.F.);
#1494=EDGE_CURVE('',#1217,#1220,#634,.T.);
#1495=EDGE_CURVE('',#1219,#1220,#635,.T.);
#1496=EDGE_CURVE('',#1223,#1200,#636,.T.);
#1497=EDGE_CURVE('',#1224,#1223,#637,.T.);
#1498=EDGE_CURVE('',#1201,#1224,#638,.T.);
#1499=EDGE_CURVE('',#1225,#1199,#639,.T.);
#1500=EDGE_CURVE('',#1223,#1225,#640,.T.);
#1501=EDGE_CURVE('',#1226,#1224,#641,.T.);
#1502=EDGE_CURVE('',#1226,#1227,#642,.T.);
#1503=EDGE_CURVE('',#1228,#1227,#643,.T.);
#1504=EDGE_CURVE('',#1202,#1228,#644,.F.);
#1505=EDGE_CURVE('',#1223,#1226,#645,.T.);
#1506=EDGE_CURVE('',#1225,#1226,#646,.T.);
#1507=EDGE_CURVE('',#1229,#1222,#647,.F.);
#1508=EDGE_CURVE('',#1198,#1229,#648,.T.);
#1509=EDGE_CURVE('',#1227,#1229,#649,.T.);
#1510=EDGE_CURVE('',#1230,#1228,#650,.F.);
#1511=EDGE_CURVE('',#1203,#1230,#651,.T.);
#1512=EDGE_CURVE('',#1209,#1230,#652,.T.);
#1513=EDGE_CURVE('',#1193,#1231,#653,.T.);
#1514=EDGE_CURVE('',#1221,#1231,#654,.T.);
#1515=EDGE_CURVE('',#1231,#1216,#655,.F.);
#1516=EDGE_CURVE('',#1188,#1232,#656,.T.);
#1517=EDGE_CURVE('',#1215,#1232,#657,.T.);
#1518=EDGE_CURVE('',#1232,#1210,#658,.F.);
#1519=EDGE_CURVE('',#1175,#1233,#659,.T.);
#1520=EDGE_CURVE('',#1233,#1233,#1050,.T.);
#1521=EDGE_CURVE('',#1233,#1180,#660,.T.);
#1522=EDGE_CURVE('',#1234,#1235,#1051,.T.);
#1523=EDGE_CURVE('',#1234,#1236,#35,.T.);
#1524=EDGE_CURVE('',#1236,#1237,#1052,.T.);
#1525=EDGE_CURVE('',#1235,#1237,#36,.T.);
#1526=EDGE_CURVE('',#1235,#1234,#1053,.T.);
#1527=EDGE_CURVE('',#1237,#1236,#1054,.T.);
#1528=EDGE_CURVE('',#1238,#1238,#1055,.T.);
#1529=EDGE_CURVE('',#1239,#1239,#1056,.T.);
#1530=EDGE_CURVE('',#1240,#1241,#1057,.T.);
#1531=EDGE_CURVE('',#1241,#1242,#661,.T.);
#1532=EDGE_CURVE('',#1242,#1240,#662,.T.);
#1533=EDGE_CURVE('',#1238,#1243,#663,.T.);
#1534=EDGE_CURVE('',#1241,#1243,#1058,.T.);
#1535=EDGE_CURVE('',#1244,#1240,#664,.T.);
#1536=EDGE_CURVE('',#1244,#1245,#1059,.T.);
#1537=EDGE_CURVE('',#1245,#1246,#665,.T.);
#1538=EDGE_CURVE('',#1243,#1246,#1060,.T.);
#1539=EDGE_CURVE('',#1247,#1247,#1061,.T.);
#1540=EDGE_CURVE('',#1248,#1248,#1062,.T.);
#1541=EDGE_CURVE('',#1247,#1249,#666,.T.);
#1542=EDGE_CURVE('',#1249,#1250,#1063,.T.);
#1543=EDGE_CURVE('',#1250,#1251,#667,.T.);
#1544=EDGE_CURVE('',#1252,#1251,#1064,.T.);
#1545=EDGE_CURVE('',#1253,#1252,#1065,.T.);
#1546=EDGE_CURVE('',#1254,#1253,#668,.T.);
#1547=EDGE_CURVE('',#1254,#1249,#1066,.T.);
#1548=EDGE_CURVE('',#1251,#1255,#669,.T.);
#1549=EDGE_CURVE('',#1255,#1252,#670,.T.);
#1550=EDGE_CURVE('',#1256,#1256,#1067,.T.);
#1551=EDGE_CURVE('',#1256,#1257,#671,.T.);
#1552=EDGE_CURVE('',#1257,#1257,#1068,.T.);
#1553=EDGE_CURVE('',#1248,#1258,#672,.T.);
#1554=EDGE_CURVE('',#1258,#1258,#1069,.T.);
#1555=EDGE_CURVE('',#1239,#1259,#673,.T.);
#1556=EDGE_CURVE('',#1259,#1259,#1070,.T.);
#1557=EDGE_CURVE('',#1260,#1260,#1071,.T.);
#1558=EDGE_CURVE('',#1260,#1261,#674,.T.);
#1559=EDGE_CURVE('',#1261,#1261,#1072,.T.);
#1560=EDGE_CURVE('',#1262,#1263,#675,.T.);
#1561=EDGE_CURVE('',#1262,#1242,#676,.T.);
#1562=EDGE_CURVE('',#1263,#1241,#677,.T.);
#1563=EDGE_CURVE('',#1263,#1264,#1073,.T.);
#1564=EDGE_CURVE('',#1265,#1241,#1074,.T.);
#1565=EDGE_CURVE('',#1264,#1265,#678,.T.);
#1566=EDGE_CURVE('',#1266,#1264,#679,.T.);
#1567=EDGE_CURVE('',#1267,#1265,#680,.T.);
#1568=EDGE_CURVE('',#1266,#1267,#681,.T.);
#1569=EDGE_CURVE('',#1268,#1266,#1075,.T.);
#1570=EDGE_CURVE('',#1269,#1267,#1076,.T.);
#1571=EDGE_CURVE('',#1268,#1269,#682,.T.);
#1572=EDGE_CURVE('',#1268,#1270,#683,.T.);
#1573=EDGE_CURVE('',#1271,#1269,#684,.T.);
#1574=EDGE_CURVE('',#1270,#1271,#685,.T.);
#1575=EDGE_CURVE('',#1270,#1272,#1077,.T.);
#1576=EDGE_CURVE('',#1252,#1271,#1078,.T.);
#1577=EDGE_CURVE('',#1272,#1252,#686,.T.);
#1578=EDGE_CURVE('',#1273,#1272,#687,.T.);
#1579=EDGE_CURVE('',#1273,#1255,#688,.T.);
#1580=EDGE_CURVE('',#1273,#1250,#689,.T.);
#1581=EDGE_CURVE('',#1274,#1254,#690,.T.);
#1582=EDGE_CURVE('',#1275,#1253,#691,.T.);
#1583=EDGE_CURVE('',#1274,#1275,#692,.T.);
#1584=EDGE_CURVE('',#1276,#1274,#1079,.T.);
#1585=EDGE_CURVE('',#1277,#1275,#1080,.T.);
#1586=EDGE_CURVE('',#1276,#1277,#693,.T.);
#1587=EDGE_CURVE('',#1276,#1245,#694,.T.);
#1588=EDGE_CURVE('',#1246,#1277,#695,.T.);
#1589=EDGE_CURVE('',#1262,#1244,#696,.T.);
#1590=EDGE_CURVE('',#1278,#1279,#697,.T.);
#1591=EDGE_CURVE('',#1278,#1280,#698,.T.);
#1592=EDGE_CURVE('',#1281,#1280,#699,.T.);
#1593=EDGE_CURVE('',#1279,#1281,#700,.T.);
#1594=EDGE_CURVE('',#1282,#1278,#701,.T.);
#1595=EDGE_CURVE('',#1282,#1283,#702,.T.);
#1596=EDGE_CURVE('',#1280,#1283,#703,.T.);
#1597=EDGE_CURVE('',#1284,#1282,#704,.T.);
#1598=EDGE_CURVE('',#1284,#1285,#705,.T.);
#1599=EDGE_CURVE('',#1283,#1285,#706,.T.);
#1600=EDGE_CURVE('',#1286,#1284,#707,.T.);
#1601=EDGE_CURVE('',#1286,#1287,#708,.T.);
#1602=EDGE_CURVE('',#1285,#1287,#709,.T.);
#1603=EDGE_CURVE('',#1288,#1286,#710,.T.);
#1604=EDGE_CURVE('',#1288,#1289,#711,.T.);
#1605=EDGE_CURVE('',#1287,#1289,#712,.T.);
#1606=EDGE_CURVE('',#1279,#1288,#713,.T.);
#1607=EDGE_CURVE('',#1289,#1281,#714,.T.);
#1608=EDGE_CURVE('',#1290,#1290,#1081,.T.);
#1609=EDGE_CURVE('',#1291,#1292,#715,.T.);
#1610=EDGE_CURVE('',#1292,#1293,#716,.T.);
#1611=EDGE_CURVE('',#1294,#1293,#717,.T.);
#1612=EDGE_CURVE('',#1291,#1294,#718,.T.);
#1613=EDGE_CURVE('',#1292,#1295,#719,.T.);
#1614=EDGE_CURVE('',#1295,#1296,#720,.T.);
#1615=EDGE_CURVE('',#1293,#1296,#721,.T.);
#1616=EDGE_CURVE('',#1295,#1297,#722,.T.);
#1617=EDGE_CURVE('',#1297,#1298,#723,.T.);
#1618=EDGE_CURVE('',#1296,#1298,#724,.T.);
#1619=EDGE_CURVE('',#1297,#1299,#725,.T.);
#1620=EDGE_CURVE('',#1299,#1300,#726,.T.);
#1621=EDGE_CURVE('',#1298,#1300,#727,.T.);
#1622=EDGE_CURVE('',#1299,#1301,#728,.T.);
#1623=EDGE_CURVE('',#1301,#1302,#729,.T.);
#1624=EDGE_CURVE('',#1300,#1302,#730,.T.);
#1625=EDGE_CURVE('',#1301,#1291,#731,.T.);
#1626=EDGE_CURVE('',#1302,#1294,#732,.T.);
#1627=EDGE_CURVE('',#1303,#1303,#1082,.T.);
#1628=EDGE_CURVE('',#1303,#1304,#733,.T.);
#1629=EDGE_CURVE('',#1304,#1304,#1083,.T.);
#1630=EDGE_CURVE('',#1290,#1305,#734,.T.);
#1631=EDGE_CURVE('',#1305,#1305,#1084,.T.);
#1632=EDGE_CURVE('',#1306,#1306,#1085,.T.);
#1633=EDGE_CURVE('',#1306,#1307,#735,.T.);
#1634=EDGE_CURVE('',#1307,#1307,#1086,.T.);
#1635=EDGE_CURVE('',#1308,#1308,#1087,.T.);
#1636=EDGE_CURVE('',#1308,#1309,#736,.T.);
#1637=EDGE_CURVE('',#1309,#1309,#1088,.T.);
#1638=EDGE_CURVE('',#1310,#1310,#1089,.T.);
#1639=EDGE_CURVE('',#1310,#1311,#737,.T.);
#1640=EDGE_CURVE('',#1311,#1311,#1090,.T.);
#1641=EDGE_CURVE('',#1312,#1312,#1091,.T.);
#1642=EDGE_CURVE('',#1312,#1313,#738,.T.);
#1643=EDGE_CURVE('',#1313,#1313,#1092,.T.);
#1644=EDGE_CURVE('',#1314,#1314,#1093,.T.);
#1645=EDGE_CURVE('',#1315,#1315,#1094,.T.);
#1646=EDGE_CURVE('',#1316,#1316,#1095,.T.);
#1647=EDGE_CURVE('',#1316,#1317,#739,.T.);
#1648=EDGE_CURVE('',#1317,#1317,#1096,.T.);
#1649=EDGE_CURVE('',#1315,#1318,#740,.T.);
#1650=EDGE_CURVE('',#1318,#1318,#1097,.T.);
#1651=EDGE_CURVE('',#1319,#1320,#741,.T.);
#1652=EDGE_CURVE('',#1321,#1319,#742,.T.);
#1653=EDGE_CURVE('',#1322,#1321,#743,.T.);
#1654=EDGE_CURVE('',#1320,#1322,#744,.T.);
#1655=EDGE_CURVE('',#1320,#1323,#1098,.T.);
#1656=EDGE_CURVE('',#1324,#1322,#1099,.T.);
#1657=EDGE_CURVE('',#1323,#1324,#745,.T.);
#1658=EDGE_CURVE('',#1323,#1325,#746,.T.);
#1659=EDGE_CURVE('',#1326,#1324,#747,.T.);
#1660=EDGE_CURVE('',#1325,#1326,#748,.T.);
#1661=EDGE_CURVE('',#1325,#1327,#1100,.T.);
#1662=EDGE_CURVE('',#1328,#1326,#1101,.T.);
#1663=EDGE_CURVE('',#1327,#1328,#749,.T.);
#1664=EDGE_CURVE('',#1327,#1329,#750,.T.);
#1665=EDGE_CURVE('',#1330,#1328,#751,.T.);
#1666=EDGE_CURVE('',#1329,#1330,#752,.T.);
#1667=EDGE_CURVE('',#1329,#1331,#1102,.T.);
#1668=EDGE_CURVE('',#1332,#1330,#1103,.T.);
#1669=EDGE_CURVE('',#1331,#1332,#753,.T.);
#1670=EDGE_CURVE('',#1333,#1331,#1104,.T.);
#1671=EDGE_CURVE('',#1334,#1332,#1105,.T.);
#1672=EDGE_CURVE('',#1333,#1334,#754,.T.);
#1673=EDGE_CURVE('',#1319,#1335,#1106,.T.);
#1674=EDGE_CURVE('',#1335,#1333,#1107,.T.);
#1675=EDGE_CURVE('',#1321,#1334,#1108,.T.);
#1676=EDGE_CURVE('',#1336,#1336,#1109,.T.);
#1677=EDGE_CURVE('',#1336,#1337,#755,.T.);
#1678=EDGE_CURVE('',#1337,#1337,#1110,.T.);
#1679=EDGE_CURVE('',#1314,#1338,#756,.T.);
#1680=EDGE_CURVE('',#1338,#1338,#1111,.T.);
#1681=EDGE_CURVE('',#1339,#1340,#757,.T.);
#1682=EDGE_CURVE('',#1340,#1341,#758,.T.);
#1683=EDGE_CURVE('',#1342,#1341,#759,.T.);
#1684=EDGE_CURVE('',#1339,#1342,#760,.T.);
#1685=EDGE_CURVE('',#1339,#1343,#1112,.T.);
#1686=EDGE_CURVE('',#1344,#1342,#1113,.T.);
#1687=EDGE_CURVE('',#1343,#1344,#761,.T.);
#1688=EDGE_CURVE('',#1345,#1343,#762,.T.);
#1689=EDGE_CURVE('',#1346,#1344,#763,.T.);
#1690=EDGE_CURVE('',#1345,#1346,#764,.T.);
#1691=EDGE_CURVE('',#1345,#1347,#1114,.T.);
#1692=EDGE_CURVE('',#1348,#1346,#1115,.T.);
#1693=EDGE_CURVE('',#1347,#1348,#765,.T.);
#1694=EDGE_CURVE('',#1349,#1347,#766,.T.);
#1695=EDGE_CURVE('',#1350,#1348,#767,.T.);
#1696=EDGE_CURVE('',#1349,#1350,#768,.T.);
#1697=EDGE_CURVE('',#1351,#1352,#1116,.T.);
#1698=EDGE_CURVE('',#1352,#1353,#769,.T.);
#1699=EDGE_CURVE('',#1354,#1353,#1117,.T.);
#1700=EDGE_CURVE('',#1351,#1354,#770,.T.);
#1701=EDGE_CURVE('',#1351,#1340,#1118,.T.);
#1702=EDGE_CURVE('',#1341,#1354,#1119,.T.);
#1703=EDGE_CURVE('',#1352,#1349,#1120,.T.);
#1704=EDGE_CURVE('',#1353,#1355,#1121,.T.);
#1705=EDGE_CURVE('',#1355,#1350,#1122,.T.);
#1706=EDGE_CURVE('',#1356,#1357,#1123,.T.);
#1707=EDGE_CURVE('',#1357,#1358,#1124,.T.);
#1708=EDGE_CURVE('',#1358,#1359,#1125,.T.);
#1709=EDGE_CURVE('',#1359,#1360,#771,.T.);
#1710=EDGE_CURVE('',#1360,#1361,#1126,.T.);
#1711=EDGE_CURVE('',#1361,#1362,#1127,.T.);
#1712=EDGE_CURVE('',#1362,#1363,#1128,.T.);
#1713=EDGE_CURVE('',#1363,#1364,#1129,.T.);
#1714=EDGE_CURVE('',#1365,#1364,#1130,.T.);
#1715=EDGE_CURVE('',#1366,#1365,#772,.T.);
#1716=EDGE_CURVE('',#1367,#1366,#1131,.T.);
#1717=EDGE_CURVE('',#1367,#1368,#773,.T.);
#1718=EDGE_CURVE('',#1369,#1368,#1132,.T.);
#1719=EDGE_CURVE('',#1369,#1370,#774,.T.);
#1720=EDGE_CURVE('',#1371,#1370,#1133,.T.);
#1721=EDGE_CURVE('',#1371,#1356,#1134,.T.);
#1722=EDGE_CURVE('',#1372,#1372,#1135,.T.);
#1723=EDGE_CURVE('',#1373,#1373,#1136,.T.);
#1724=EDGE_CURVE('',#1374,#1374,#1137,.T.);
#1725=EDGE_CURVE('',#1375,#1375,#1138,.T.);
#1726=EDGE_CURVE('',#1375,#1374,#775,.T.);
#1727=EDGE_CURVE('',#1376,#1376,#1139,.T.);
#1728=EDGE_CURVE('',#1376,#1373,#776,.T.);
#1729=EDGE_CURVE('',#1377,#1377,#1140,.T.);
#1730=EDGE_CURVE('',#1377,#1372,#777,.T.);
#1731=EDGE_CURVE('',#1371,#1378,#778,.T.);
#1732=EDGE_CURVE('',#1379,#1378,#1141,.T.);
#1733=EDGE_CURVE('',#1356,#1379,#779,.T.);
#1734=EDGE_CURVE('',#1380,#1379,#1142,.T.);
#1735=EDGE_CURVE('',#1358,#1380,#780,.T.);
#1736=EDGE_CURVE('',#1357,#1355,#781,.T.);
#1737=EDGE_CURVE('',#1381,#1380,#1143,.T.);
#1738=EDGE_CURVE('',#1359,#1381,#782,.T.);
#1739=EDGE_CURVE('',#1382,#1381,#783,.T.);
#1740=EDGE_CURVE('',#1360,#1382,#784,.T.);
#1741=EDGE_CURVE('',#1383,#1382,#1144,.T.);
#1742=EDGE_CURVE('',#1361,#1383,#785,.T.);
#1743=EDGE_CURVE('',#1384,#1383,#1145,.T.);
#1744=EDGE_CURVE('',#1363,#1384,#786,.T.);
#1745=EDGE_CURVE('',#1362,#1335,#787,.T.);
#1746=EDGE_CURVE('',#1385,#1384,#1146,.T.);
#1747=EDGE_CURVE('',#1364,#1385,#788,.T.);
#1748=EDGE_CURVE('',#1386,#1385,#1147,.T.);
#1749=EDGE_CURVE('',#1365,#1386,#789,.T.);
#1750=EDGE_CURVE('',#1387,#1386,#790,.T.);
#1751=EDGE_CURVE('',#1366,#1387,#791,.T.);
#1752=EDGE_CURVE('',#1388,#1387,#1148,.T.);
#1753=EDGE_CURVE('',#1367,#1388,#792,.T.);
#1754=EDGE_CURVE('',#1389,#1388,#793,.T.);
#1755=EDGE_CURVE('',#1368,#1389,#794,.T.);
#1756=EDGE_CURVE('',#1390,#1389,#1149,.T.);
#1757=EDGE_CURVE('',#1369,#1390,#795,.T.);
#1758=EDGE_CURVE('',#1391,#1390,#796,.T.);
#1759=EDGE_CURVE('',#1370,#1391,#797,.T.);
#1760=EDGE_CURVE('',#1378,#1391,#1150,.T.);
#1761=EDGE_CURVE('',#1392,#1392,#1151,.T.);
#1762=EDGE_CURVE('',#1392,#1393,#798,.T.);
#1763=EDGE_CURVE('',#1393,#1393,#1152,.T.);
#1764=EDGE_CURVE('',#1394,#1394,#1153,.T.);
#1765=EDGE_CURVE('',#1394,#1395,#799,.T.);
#1766=EDGE_CURVE('',#1395,#1395,#1154,.T.);
#1767=ORIENTED_EDGE('',*,*,#1396,.F.);
#1768=ORIENTED_EDGE('',*,*,#1397,.T.);
#1769=ORIENTED_EDGE('',*,*,#1398,.F.);
#1770=ORIENTED_EDGE('',*,*,#1397,.F.);
#1771=ORIENTED_EDGE('',*,*,#1399,.F.);
#1772=ORIENTED_EDGE('',*,*,#1400,.T.);
#1773=ORIENTED_EDGE('',*,*,#1401,.F.);
#1774=ORIENTED_EDGE('',*,*,#1400,.F.);
#1775=ORIENTED_EDGE('',*,*,#1402,.F.);
#1776=ORIENTED_EDGE('',*,*,#1403,.F.);
#1777=ORIENTED_EDGE('',*,*,#1404,.F.);
#1778=ORIENTED_EDGE('',*,*,#1405,.F.);
#1779=ORIENTED_EDGE('',*,*,#1404,.T.);
#1780=ORIENTED_EDGE('',*,*,#1406,.F.);
#1781=ORIENTED_EDGE('',*,*,#1407,.T.);
#1782=ORIENTED_EDGE('',*,*,#1408,.F.);
#1783=ORIENTED_EDGE('',*,*,#1409,.F.);
#1784=ORIENTED_EDGE('',*,*,#1410,.T.);
#1785=ORIENTED_EDGE('',*,*,#1411,.T.);
#1786=ORIENTED_EDGE('',*,*,#1412,.T.);
#1787=ORIENTED_EDGE('',*,*,#1413,.T.);
#1788=ORIENTED_EDGE('',*,*,#1406,.T.);
#1789=ORIENTED_EDGE('',*,*,#1403,.T.);
#1790=ORIENTED_EDGE('',*,*,#1414,.T.);
#1791=ORIENTED_EDGE('',*,*,#1415,.T.);
#1792=ORIENTED_EDGE('',*,*,#1410,.F.);
#1793=ORIENTED_EDGE('',*,*,#1402,.T.);
#1794=ORIENTED_EDGE('',*,*,#1416,.F.);
#1795=ORIENTED_EDGE('',*,*,#1417,.F.);
#1796=ORIENTED_EDGE('',*,*,#1414,.F.);
#1797=ORIENTED_EDGE('',*,*,#1417,.T.);
#1798=ORIENTED_EDGE('',*,*,#1418,.F.);
#1799=ORIENTED_EDGE('',*,*,#1419,.F.);
#1800=ORIENTED_EDGE('',*,*,#1420,.F.);
#1801=ORIENTED_EDGE('',*,*,#1411,.F.);
#1802=ORIENTED_EDGE('',*,*,#1415,.F.);
#1803=ORIENTED_EDGE('',*,*,#1420,.T.);
#1804=ORIENTED_EDGE('',*,*,#1421,.F.);
#1805=ORIENTED_EDGE('',*,*,#1422,.F.);
#1806=ORIENTED_EDGE('',*,*,#1412,.F.);
#1807=ORIENTED_EDGE('',*,*,#1422,.T.);
#1808=ORIENTED_EDGE('',*,*,#1423,.F.);
#1809=ORIENTED_EDGE('',*,*,#1407,.F.);
#1810=ORIENTED_EDGE('',*,*,#1413,.F.);
#1811=ORIENTED_EDGE('',*,*,#1424,.F.);
#1812=ORIENTED_EDGE('',*,*,#1399,.T.);
#1813=ORIENTED_EDGE('',*,*,#1405,.T.);
#1814=ORIENTED_EDGE('',*,*,#1408,.T.);
#1815=ORIENTED_EDGE('',*,*,#1423,.T.);
#1816=ORIENTED_EDGE('',*,*,#1421,.T.);
#1817=ORIENTED_EDGE('',*,*,#1419,.T.);
#1818=ORIENTED_EDGE('',*,*,#1425,.T.);
#1819=ORIENTED_EDGE('',*,*,#1424,.T.);
#1820=ORIENTED_EDGE('',*,*,#1425,.F.);
#1821=ORIENTED_EDGE('',*,*,#1418,.T.);
#1822=ORIENTED_EDGE('',*,*,#1416,.T.);
#1823=ORIENTED_EDGE('',*,*,#1409,.T.);
#1824=ORIENTED_EDGE('',*,*,#1398,.T.);
#1825=ORIENTED_EDGE('',*,*,#1396,.T.);
#1826=ORIENTED_EDGE('',*,*,#1426,.T.);
#1827=ORIENTED_EDGE('',*,*,#1401,.T.);
#1828=ORIENTED_EDGE('',*,*,#1426,.F.);
#1829=ORIENTED_EDGE('',*,*,#1427,.F.);
#1830=ORIENTED_EDGE('',*,*,#1428,.T.);
#1831=ORIENTED_EDGE('',*,*,#1429,.F.);
#1832=ORIENTED_EDGE('',*,*,#1428,.F.);
#1833=ORIENTED_EDGE('',*,*,#1430,.T.);
#1834=ORIENTED_EDGE('',*,*,#1431,.T.);
#1835=ORIENTED_EDGE('',*,*,#1432,.T.);
#1836=ORIENTED_EDGE('',*,*,#1431,.F.);
#1837=ORIENTED_EDGE('',*,*,#1433,.T.);
#1838=ORIENTED_EDGE('',*,*,#1430,.F.);
#1839=ORIENTED_EDGE('',*,*,#1434,.F.);
#1840=ORIENTED_EDGE('',*,*,#1435,.T.);
#1841=ORIENTED_EDGE('',*,*,#1432,.F.);
#1842=ORIENTED_EDGE('',*,*,#1435,.F.);
#1843=ORIENTED_EDGE('',*,*,#1436,.T.);
#1844=ORIENTED_EDGE('',*,*,#1437,.T.);
#1845=ORIENTED_EDGE('',*,*,#1438,.T.);
#1846=ORIENTED_EDGE('',*,*,#1439,.T.);
#1847=ORIENTED_EDGE('',*,*,#1437,.F.);
#1848=ORIENTED_EDGE('',*,*,#1440,.T.);
#1849=ORIENTED_EDGE('',*,*,#1441,.T.);
#1850=ORIENTED_EDGE('',*,*,#1442,.T.);
#1851=ORIENTED_EDGE('',*,*,#1443,.T.);
#1852=ORIENTED_EDGE('',*,*,#1438,.F.);
#1853=ORIENTED_EDGE('',*,*,#1439,.F.);
#1854=ORIENTED_EDGE('',*,*,#1443,.F.);
#1855=ORIENTED_EDGE('',*,*,#1444,.T.);
#1856=ORIENTED_EDGE('',*,*,#1445,.T.);
#1857=ORIENTED_EDGE('',*,*,#1446,.T.);
#1858=ORIENTED_EDGE('',*,*,#1447,.T.);
#1859=ORIENTED_EDGE('',*,*,#1448,.T.);
#1860=ORIENTED_EDGE('',*,*,#1449,.T.);
#1861=ORIENTED_EDGE('',*,*,#1450,.T.);
#1862=ORIENTED_EDGE('',*,*,#1451,.T.);
#1863=ORIENTED_EDGE('',*,*,#1452,.T.);
#1864=ORIENTED_EDGE('',*,*,#1453,.T.);
#1865=ORIENTED_EDGE('',*,*,#1454,.T.);
#1866=ORIENTED_EDGE('',*,*,#1455,.T.);
#1867=ORIENTED_EDGE('',*,*,#1456,.T.);
#1868=ORIENTED_EDGE('',*,*,#1457,.T.);
#1869=ORIENTED_EDGE('',*,*,#1458,.T.);
#1870=ORIENTED_EDGE('',*,*,#1459,.T.);
#1871=ORIENTED_EDGE('',*,*,#1460,.T.);
#1872=ORIENTED_EDGE('',*,*,#1461,.T.);
#1873=ORIENTED_EDGE('',*,*,#1433,.F.);
#1874=ORIENTED_EDGE('',*,*,#1462,.T.);
#1875=ORIENTED_EDGE('',*,*,#1436,.F.);
#1876=ORIENTED_EDGE('',*,*,#1462,.F.);
#1877=ORIENTED_EDGE('',*,*,#1440,.F.);
#1878=ORIENTED_EDGE('',*,*,#1463,.F.);
#1879=ORIENTED_EDGE('',*,*,#1464,.F.);
#1880=ORIENTED_EDGE('',*,*,#1465,.F.);
#1881=ORIENTED_EDGE('',*,*,#1461,.F.);
#1882=ORIENTED_EDGE('',*,*,#1466,.F.);
#1883=ORIENTED_EDGE('',*,*,#1467,.F.);
#1884=ORIENTED_EDGE('',*,*,#1463,.T.);
#1885=ORIENTED_EDGE('',*,*,#1465,.T.);
#1886=ORIENTED_EDGE('',*,*,#1468,.F.);
#1887=ORIENTED_EDGE('',*,*,#1469,.T.);
#1888=ORIENTED_EDGE('',*,*,#1470,.F.);
#1889=ORIENTED_EDGE('',*,*,#1471,.F.);
#1890=ORIENTED_EDGE('',*,*,#1441,.F.);
#1891=ORIENTED_EDGE('',*,*,#1464,.T.);
#1892=ORIENTED_EDGE('',*,*,#1472,.T.);
#1893=ORIENTED_EDGE('',*,*,#1468,.T.);
#1894=ORIENTED_EDGE('',*,*,#1467,.T.);
#1895=ORIENTED_EDGE('',*,*,#1473,.T.);
#1896=ORIENTED_EDGE('',*,*,#1472,.F.);
#1897=ORIENTED_EDGE('',*,*,#1447,.F.);
#1898=ORIENTED_EDGE('',*,*,#1474,.F.);
#1899=ORIENTED_EDGE('',*,*,#1475,.F.);
#1900=ORIENTED_EDGE('',*,*,#1476,.F.);
#1901=ORIENTED_EDGE('',*,*,#1446,.F.);
#1902=ORIENTED_EDGE('',*,*,#1477,.F.);
#1903=ORIENTED_EDGE('',*,*,#1478,.F.);
#1904=ORIENTED_EDGE('',*,*,#1474,.T.);
#1905=ORIENTED_EDGE('',*,*,#1476,.T.);
#1906=ORIENTED_EDGE('',*,*,#1479,.F.);
#1907=ORIENTED_EDGE('',*,*,#1480,.T.);
#1908=ORIENTED_EDGE('',*,*,#1481,.F.);
#1909=ORIENTED_EDGE('',*,*,#1482,.F.);
#1910=ORIENTED_EDGE('',*,*,#1448,.F.);
#1911=ORIENTED_EDGE('',*,*,#1475,.T.);
#1912=ORIENTED_EDGE('',*,*,#1483,.T.);
#1913=ORIENTED_EDGE('',*,*,#1479,.T.);
#1914=ORIENTED_EDGE('',*,*,#1478,.T.);
#1915=ORIENTED_EDGE('',*,*,#1484,.T.);
#1916=ORIENTED_EDGE('',*,*,#1483,.F.);
#1917=ORIENTED_EDGE('',*,*,#1452,.F.);
#1918=ORIENTED_EDGE('',*,*,#1485,.F.);
#1919=ORIENTED_EDGE('',*,*,#1486,.F.);
#1920=ORIENTED_EDGE('',*,*,#1487,.F.);
#1921=ORIENTED_EDGE('',*,*,#1451,.F.);
#1922=ORIENTED_EDGE('',*,*,#1488,.F.);
#1923=ORIENTED_EDGE('',*,*,#1489,.F.);
#1924=ORIENTED_EDGE('',*,*,#1485,.T.);
#1925=ORIENTED_EDGE('',*,*,#1487,.T.);
#1926=ORIENTED_EDGE('',*,*,#1490,.F.);
#1927=ORIENTED_EDGE('',*,*,#1491,.T.);
#1928=ORIENTED_EDGE('',*,*,#1492,.F.);
#1929=ORIENTED_EDGE('',*,*,#1493,.F.);
#1930=ORIENTED_EDGE('',*,*,#1453,.F.);
#1931=ORIENTED_EDGE('',*,*,#1486,.T.);
#1932=ORIENTED_EDGE('',*,*,#1494,.T.);
#1933=ORIENTED_EDGE('',*,*,#1490,.T.);
#1934=ORIENTED_EDGE('',*,*,#1489,.T.);
#1935=ORIENTED_EDGE('',*,*,#1495,.T.);
#1936=ORIENTED_EDGE('',*,*,#1494,.F.);
#1937=ORIENTED_EDGE('',*,*,#1457,.F.);
#1938=ORIENTED_EDGE('',*,*,#1496,.F.);
#1939=ORIENTED_EDGE('',*,*,#1497,.F.);
#1940=ORIENTED_EDGE('',*,*,#1498,.F.);
#1941=ORIENTED_EDGE('',*,*,#1456,.F.);
#1942=ORIENTED_EDGE('',*,*,#1499,.F.);
#1943=ORIENTED_EDGE('',*,*,#1500,.F.);
#1944=ORIENTED_EDGE('',*,*,#1496,.T.);
#1945=ORIENTED_EDGE('',*,*,#1498,.T.);
#1946=ORIENTED_EDGE('',*,*,#1501,.F.);
#1947=ORIENTED_EDGE('',*,*,#1502,.T.);
#1948=ORIENTED_EDGE('',*,*,#1503,.F.);
#1949=ORIENTED_EDGE('',*,*,#1504,.F.);
#1950=ORIENTED_EDGE('',*,*,#1458,.F.);
#1951=ORIENTED_EDGE('',*,*,#1497,.T.);
#1952=ORIENTED_EDGE('',*,*,#1505,.T.);
#1953=ORIENTED_EDGE('',*,*,#1501,.T.);
#1954=ORIENTED_EDGE('',*,*,#1500,.T.);
#1955=ORIENTED_EDGE('',*,*,#1506,.T.);
#1956=ORIENTED_EDGE('',*,*,#1505,.F.);
#1957=ORIENTED_EDGE('',*,*,#1454,.F.);
#1958=ORIENTED_EDGE('',*,*,#1493,.T.);
#1959=ORIENTED_EDGE('',*,*,#1507,.F.);
#1960=ORIENTED_EDGE('',*,*,#1508,.F.);
#1961=ORIENTED_EDGE('',*,*,#1499,.T.);
#1962=ORIENTED_EDGE('',*,*,#1455,.F.);
#1963=ORIENTED_EDGE('',*,*,#1508,.T.);
#1964=ORIENTED_EDGE('',*,*,#1509,.F.);
#1965=ORIENTED_EDGE('',*,*,#1502,.F.);
#1966=ORIENTED_EDGE('',*,*,#1506,.F.);
#1967=ORIENTED_EDGE('',*,*,#1459,.F.);
#1968=ORIENTED_EDGE('',*,*,#1504,.T.);
#1969=ORIENTED_EDGE('',*,*,#1510,.F.);
#1970=ORIENTED_EDGE('',*,*,#1511,.F.);
#1971=ORIENTED_EDGE('',*,*,#1466,.T.);
#1972=ORIENTED_EDGE('',*,*,#1460,.F.);
#1973=ORIENTED_EDGE('',*,*,#1511,.T.);
#1974=ORIENTED_EDGE('',*,*,#1512,.F.);
#1975=ORIENTED_EDGE('',*,*,#1469,.F.);
#1976=ORIENTED_EDGE('',*,*,#1473,.F.);
#1977=ORIENTED_EDGE('',*,*,#1488,.T.);
#1978=ORIENTED_EDGE('',*,*,#1450,.F.);
#1979=ORIENTED_EDGE('',*,*,#1513,.T.);
#1980=ORIENTED_EDGE('',*,*,#1514,.F.);
#1981=ORIENTED_EDGE('',*,*,#1491,.F.);
#1982=ORIENTED_EDGE('',*,*,#1495,.F.);
#1983=ORIENTED_EDGE('',*,*,#1449,.F.);
#1984=ORIENTED_EDGE('',*,*,#1482,.T.);
#1985=ORIENTED_EDGE('',*,*,#1515,.F.);
#1986=ORIENTED_EDGE('',*,*,#1513,.F.);
#1987=ORIENTED_EDGE('',*,*,#1477,.T.);
#1988=ORIENTED_EDGE('',*,*,#1445,.F.);
#1989=ORIENTED_EDGE('',*,*,#1516,.T.);
#1990=ORIENTED_EDGE('',*,*,#1517,.F.);
#1991=ORIENTED_EDGE('',*,*,#1480,.F.);
#1992=ORIENTED_EDGE('',*,*,#1484,.F.);
#1993=ORIENTED_EDGE('',*,*,#1442,.F.);
#1994=ORIENTED_EDGE('',*,*,#1471,.T.);
#1995=ORIENTED_EDGE('',*,*,#1518,.F.);
#1996=ORIENTED_EDGE('',*,*,#1516,.F.);
#1997=ORIENTED_EDGE('',*,*,#1444,.F.);
#1998=ORIENTED_EDGE('',*,*,#1509,.T.);
#1999=ORIENTED_EDGE('',*,*,#1507,.T.);
#2000=ORIENTED_EDGE('',*,*,#1492,.T.);
#2001=ORIENTED_EDGE('',*,*,#1514,.T.);
#2002=ORIENTED_EDGE('',*,*,#1515,.T.);
#2003=ORIENTED_EDGE('',*,*,#1481,.T.);
#2004=ORIENTED_EDGE('',*,*,#1517,.T.);
#2005=ORIENTED_EDGE('',*,*,#1518,.T.);
#2006=ORIENTED_EDGE('',*,*,#1470,.T.);
#2007=ORIENTED_EDGE('',*,*,#1512,.T.);
#2008=ORIENTED_EDGE('',*,*,#1510,.T.);
#2009=ORIENTED_EDGE('',*,*,#1503,.T.);
#2010=ORIENTED_EDGE('',*,*,#1427,.T.);
#2011=ORIENTED_EDGE('',*,*,#1519,.T.);
#2012=ORIENTED_EDGE('',*,*,#1520,.T.);
#2013=ORIENTED_EDGE('',*,*,#1519,.F.);
#2014=ORIENTED_EDGE('',*,*,#1429,.T.);
#2015=ORIENTED_EDGE('',*,*,#1520,.F.);
#2016=ORIENTED_EDGE('',*,*,#1521,.T.);
#2017=ORIENTED_EDGE('',*,*,#1434,.T.);
#2018=ORIENTED_EDGE('',*,*,#1521,.F.);
#2019=ORIENTED_EDGE('',*,*,#1522,.F.);
#2020=ORIENTED_EDGE('',*,*,#1523,.T.);
#2021=ORIENTED_EDGE('',*,*,#1524,.T.);
#2022=ORIENTED_EDGE('',*,*,#1525,.F.);
#2023=ORIENTED_EDGE('',*,*,#1523,.F.);
#2024=ORIENTED_EDGE('',*,*,#1526,.F.);
#2025=ORIENTED_EDGE('',*,*,#1525,.T.);
#2026=ORIENTED_EDGE('',*,*,#1527,.T.);
#2027=ORIENTED_EDGE('',*,*,#1527,.F.);
#2028=ORIENTED_EDGE('',*,*,#1524,.F.);
#2029=ORIENTED_EDGE('',*,*,#1526,.T.);
#2030=ORIENTED_EDGE('',*,*,#1522,.T.);
#2031=ORIENTED_EDGE('',*,*,#1528,.T.);
#2032=ORIENTED_EDGE('',*,*,#1529,.T.);
#2033=ORIENTED_EDGE('',*,*,#1530,.T.);
#2034=ORIENTED_EDGE('',*,*,#1531,.T.);
#2035=ORIENTED_EDGE('',*,*,#1532,.T.);
#2036=ORIENTED_EDGE('',*,*,#1528,.F.);
#2037=ORIENTED_EDGE('',*,*,#1533,.T.);
#2038=ORIENTED_EDGE('',*,*,#1534,.F.);
#2039=ORIENTED_EDGE('',*,*,#1530,.F.);
#2040=ORIENTED_EDGE('',*,*,#1535,.F.);
#2041=ORIENTED_EDGE('',*,*,#1536,.T.);
#2042=ORIENTED_EDGE('',*,*,#1537,.T.);
#2043=ORIENTED_EDGE('',*,*,#1538,.F.);
#2044=ORIENTED_EDGE('',*,*,#1533,.F.);
#2045=ORIENTED_EDGE('',*,*,#1539,.T.);
#2046=ORIENTED_EDGE('',*,*,#1540,.T.);
#2047=ORIENTED_EDGE('',*,*,#1539,.F.);
#2048=ORIENTED_EDGE('',*,*,#1541,.T.);
#2049=ORIENTED_EDGE('',*,*,#1542,.T.);
#2050=ORIENTED_EDGE('',*,*,#1543,.T.);
#2051=ORIENTED_EDGE('',*,*,#1544,.F.);
#2052=ORIENTED_EDGE('',*,*,#1545,.F.);
#2053=ORIENTED_EDGE('',*,*,#1546,.F.);
#2054=ORIENTED_EDGE('',*,*,#1547,.T.);
#2055=ORIENTED_EDGE('',*,*,#1541,.F.);
#2056=ORIENTED_EDGE('',*,*,#1544,.T.);
#2057=ORIENTED_EDGE('',*,*,#1548,.T.);
#2058=ORIENTED_EDGE('',*,*,#1549,.T.);
#2059=ORIENTED_EDGE('',*,*,#1550,.F.);
#2060=ORIENTED_EDGE('',*,*,#1551,.T.);
#2061=ORIENTED_EDGE('',*,*,#1552,.T.);
#2062=ORIENTED_EDGE('',*,*,#1551,.F.);
#2063=ORIENTED_EDGE('',*,*,#1540,.F.);
#2064=ORIENTED_EDGE('',*,*,#1553,.T.);
#2065=ORIENTED_EDGE('',*,*,#1554,.T.);
#2066=ORIENTED_EDGE('',*,*,#1553,.F.);
#2067=ORIENTED_EDGE('',*,*,#1529,.F.);
#2068=ORIENTED_EDGE('',*,*,#1555,.T.);
#2069=ORIENTED_EDGE('',*,*,#1556,.T.);
#2070=ORIENTED_EDGE('',*,*,#1555,.F.);
#2071=ORIENTED_EDGE('',*,*,#1557,.F.);
#2072=ORIENTED_EDGE('',*,*,#1558,.T.);
#2073=ORIENTED_EDGE('',*,*,#1559,.T.);
#2074=ORIENTED_EDGE('',*,*,#1558,.F.);
#2075=ORIENTED_EDGE('',*,*,#1560,.F.);
#2076=ORIENTED_EDGE('',*,*,#1561,.T.);
#2077=ORIENTED_EDGE('',*,*,#1531,.F.);
#2078=ORIENTED_EDGE('',*,*,#1562,.F.);
#2079=ORIENTED_EDGE('',*,*,#1563,.F.);
#2080=ORIENTED_EDGE('',*,*,#1562,.T.);
#2081=ORIENTED_EDGE('',*,*,#1564,.F.);
#2082=ORIENTED_EDGE('',*,*,#1565,.F.);
#2083=ORIENTED_EDGE('',*,*,#1566,.T.);
#2084=ORIENTED_EDGE('',*,*,#1565,.T.);
#2085=ORIENTED_EDGE('',*,*,#1567,.F.);
#2086=ORIENTED_EDGE('',*,*,#1568,.F.);
#2087=ORIENTED_EDGE('',*,*,#1569,.T.);
#2088=ORIENTED_EDGE('',*,*,#1568,.T.);
#2089=ORIENTED_EDGE('',*,*,#1570,.F.);
#2090=ORIENTED_EDGE('',*,*,#1571,.F.);
#2091=ORIENTED_EDGE('',*,*,#1572,.F.);
#2092=ORIENTED_EDGE('',*,*,#1571,.T.);
#2093=ORIENTED_EDGE('',*,*,#1573,.F.);
#2094=ORIENTED_EDGE('',*,*,#1574,.F.);
#2095=ORIENTED_EDGE('',*,*,#1575,.F.);
#2096=ORIENTED_EDGE('',*,*,#1574,.T.);
#2097=ORIENTED_EDGE('',*,*,#1576,.F.);
#2098=ORIENTED_EDGE('',*,*,#1577,.F.);
#2099=ORIENTED_EDGE('',*,*,#1578,.T.);
#2100=ORIENTED_EDGE('',*,*,#1577,.T.);
#2101=ORIENTED_EDGE('',*,*,#1549,.F.);
#2102=ORIENTED_EDGE('',*,*,#1579,.F.);
#2103=ORIENTED_EDGE('',*,*,#1580,.F.);
#2104=ORIENTED_EDGE('',*,*,#1579,.T.);
#2105=ORIENTED_EDGE('',*,*,#1548,.F.);
#2106=ORIENTED_EDGE('',*,*,#1543,.F.);
#2107=ORIENTED_EDGE('',*,*,#1581,.T.);
#2108=ORIENTED_EDGE('',*,*,#1546,.T.);
#2109=ORIENTED_EDGE('',*,*,#1582,.F.);
#2110=ORIENTED_EDGE('',*,*,#1583,.F.);
#2111=ORIENTED_EDGE('',*,*,#1584,.T.);
#2112=ORIENTED_EDGE('',*,*,#1583,.T.);
#2113=ORIENTED_EDGE('',*,*,#1585,.F.);
#2114=ORIENTED_EDGE('',*,*,#1586,.F.);
#2115=ORIENTED_EDGE('',*,*,#1587,.F.);
#2116=ORIENTED_EDGE('',*,*,#1586,.T.);
#2117=ORIENTED_EDGE('',*,*,#1588,.F.);
#2118=ORIENTED_EDGE('',*,*,#1537,.F.);
#2119=ORIENTED_EDGE('',*,*,#1589,.T.);
#2120=ORIENTED_EDGE('',*,*,#1535,.T.);
#2121=ORIENTED_EDGE('',*,*,#1532,.F.);
#2122=ORIENTED_EDGE('',*,*,#1561,.F.);
#2123=ORIENTED_EDGE('',*,*,#1534,.T.);
#2124=ORIENTED_EDGE('',*,*,#1538,.T.);
#2125=ORIENTED_EDGE('',*,*,#1588,.T.);
#2126=ORIENTED_EDGE('',*,*,#1585,.T.);
#2127=ORIENTED_EDGE('',*,*,#1582,.T.);
#2128=ORIENTED_EDGE('',*,*,#1545,.T.);
#2129=ORIENTED_EDGE('',*,*,#1576,.T.);
#2130=ORIENTED_EDGE('',*,*,#1573,.T.);
#2131=ORIENTED_EDGE('',*,*,#1570,.T.);
#2132=ORIENTED_EDGE('',*,*,#1567,.T.);
#2133=ORIENTED_EDGE('',*,*,#1564,.T.);
#2134=ORIENTED_EDGE('',*,*,#1557,.T.);
#2135=ORIENTED_EDGE('',*,*,#1550,.T.);
#2136=ORIENTED_EDGE('',*,*,#1589,.F.);
#2137=ORIENTED_EDGE('',*,*,#1560,.T.);
#2138=ORIENTED_EDGE('',*,*,#1563,.T.);
#2139=ORIENTED_EDGE('',*,*,#1566,.F.);
#2140=ORIENTED_EDGE('',*,*,#1569,.F.);
#2141=ORIENTED_EDGE('',*,*,#1572,.T.);
#2142=ORIENTED_EDGE('',*,*,#1575,.T.);
#2143=ORIENTED_EDGE('',*,*,#1578,.F.);
#2144=ORIENTED_EDGE('',*,*,#1580,.T.);
#2145=ORIENTED_EDGE('',*,*,#1542,.F.);
#2146=ORIENTED_EDGE('',*,*,#1547,.F.);
#2147=ORIENTED_EDGE('',*,*,#1581,.F.);
#2148=ORIENTED_EDGE('',*,*,#1584,.F.);
#2149=ORIENTED_EDGE('',*,*,#1587,.T.);
#2150=ORIENTED_EDGE('',*,*,#1536,.F.);
#2151=ORIENTED_EDGE('',*,*,#1559,.F.);
#2152=ORIENTED_EDGE('',*,*,#1556,.F.);
#2153=ORIENTED_EDGE('',*,*,#1554,.F.);
#2154=ORIENTED_EDGE('',*,*,#1552,.F.);
#2155=ORIENTED_EDGE('',*,*,#1590,.F.);
#2156=ORIENTED_EDGE('',*,*,#1591,.T.);
#2157=ORIENTED_EDGE('',*,*,#1592,.F.);
#2158=ORIENTED_EDGE('',*,*,#1593,.F.);
#2159=ORIENTED_EDGE('',*,*,#1594,.F.);
#2160=ORIENTED_EDGE('',*,*,#1595,.T.);
#2161=ORIENTED_EDGE('',*,*,#1596,.F.);
#2162=ORIENTED_EDGE('',*,*,#1591,.F.);
#2163=ORIENTED_EDGE('',*,*,#1597,.F.);
#2164=ORIENTED_EDGE('',*,*,#1598,.T.);
#2165=ORIENTED_EDGE('',*,*,#1599,.F.);
#2166=ORIENTED_EDGE('',*,*,#1595,.F.);
#2167=ORIENTED_EDGE('',*,*,#1600,.F.);
#2168=ORIENTED_EDGE('',*,*,#1601,.T.);
#2169=ORIENTED_EDGE('',*,*,#1602,.F.);
#2170=ORIENTED_EDGE('',*,*,#1598,.F.);
#2171=ORIENTED_EDGE('',*,*,#1603,.F.);
#2172=ORIENTED_EDGE('',*,*,#1604,.T.);
#2173=ORIENTED_EDGE('',*,*,#1605,.F.);
#2174=ORIENTED_EDGE('',*,*,#1601,.F.);
#2175=ORIENTED_EDGE('',*,*,#1606,.F.);
#2176=ORIENTED_EDGE('',*,*,#1593,.T.);
#2177=ORIENTED_EDGE('',*,*,#1607,.F.);
#2178=ORIENTED_EDGE('',*,*,#1604,.F.);
#2179=ORIENTED_EDGE('',*,*,#1606,.T.);
#2180=ORIENTED_EDGE('',*,*,#1603,.T.);
#2181=ORIENTED_EDGE('',*,*,#1600,.T.);
#2182=ORIENTED_EDGE('',*,*,#1597,.T.);
#2183=ORIENTED_EDGE('',*,*,#1594,.T.);
#2184=ORIENTED_EDGE('',*,*,#1590,.T.);
#2185=ORIENTED_EDGE('',*,*,#1608,.F.);
#2186=ORIENTED_EDGE('',*,*,#1609,.T.);
#2187=ORIENTED_EDGE('',*,*,#1610,.T.);
#2188=ORIENTED_EDGE('',*,*,#1611,.F.);
#2189=ORIENTED_EDGE('',*,*,#1612,.F.);
#2190=ORIENTED_EDGE('',*,*,#1613,.T.);
#2191=ORIENTED_EDGE('',*,*,#1614,.T.);
#2192=ORIENTED_EDGE('',*,*,#1615,.F.);
#2193=ORIENTED_EDGE('',*,*,#1610,.F.);
#2194=ORIENTED_EDGE('',*,*,#1616,.T.);
#2195=ORIENTED_EDGE('',*,*,#1617,.T.);
#2196=ORIENTED_EDGE('',*,*,#1618,.F.);
#2197=ORIENTED_EDGE('',*,*,#1614,.F.);
#2198=ORIENTED_EDGE('',*,*,#1619,.T.);
#2199=ORIENTED_EDGE('',*,*,#1620,.T.);
#2200=ORIENTED_EDGE('',*,*,#1621,.F.);
#2201=ORIENTED_EDGE('',*,*,#1617,.F.);
#2202=ORIENTED_EDGE('',*,*,#1622,.T.);
#2203=ORIENTED_EDGE('',*,*,#1623,.T.);
#2204=ORIENTED_EDGE('',*,*,#1624,.F.);
#2205=ORIENTED_EDGE('',*,*,#1620,.F.);
#2206=ORIENTED_EDGE('',*,*,#1625,.T.);
#2207=ORIENTED_EDGE('',*,*,#1612,.T.);
#2208=ORIENTED_EDGE('',*,*,#1626,.F.);
#2209=ORIENTED_EDGE('',*,*,#1623,.F.);
#2210=ORIENTED_EDGE('',*,*,#1625,.F.);
#2211=ORIENTED_EDGE('',*,*,#1622,.F.);
#2212=ORIENTED_EDGE('',*,*,#1619,.F.);
#2213=ORIENTED_EDGE('',*,*,#1616,.F.);
#2214=ORIENTED_EDGE('',*,*,#1613,.F.);
#2215=ORIENTED_EDGE('',*,*,#1609,.F.);
#2216=ORIENTED_EDGE('',*,*,#1627,.F.);
#2217=ORIENTED_EDGE('',*,*,#1627,.T.);
#2218=ORIENTED_EDGE('',*,*,#1628,.T.);
#2219=ORIENTED_EDGE('',*,*,#1629,.F.);
#2220=ORIENTED_EDGE('',*,*,#1628,.F.);
#2221=ORIENTED_EDGE('',*,*,#1608,.T.);
#2222=ORIENTED_EDGE('',*,*,#1630,.T.);
#2223=ORIENTED_EDGE('',*,*,#1631,.F.);
#2224=ORIENTED_EDGE('',*,*,#1630,.F.);
#2225=ORIENTED_EDGE('',*,*,#1632,.F.);
#2226=ORIENTED_EDGE('',*,*,#1633,.T.);
#2227=ORIENTED_EDGE('',*,*,#1634,.F.);
#2228=ORIENTED_EDGE('',*,*,#1633,.F.);
#2229=ORIENTED_EDGE('',*,*,#1632,.T.);
#2230=ORIENTED_EDGE('',*,*,#1629,.T.);
#2231=ORIENTED_EDGE('',*,*,#1635,.F.);
#2232=ORIENTED_EDGE('',*,*,#1636,.T.);
#2233=ORIENTED_EDGE('',*,*,#1637,.F.);
#2234=ORIENTED_EDGE('',*,*,#1636,.F.);
#2235=ORIENTED_EDGE('',*,*,#1635,.T.);
#2236=ORIENTED_EDGE('',*,*,#1631,.T.);
#2237=ORIENTED_EDGE('',*,*,#1638,.F.);
#2238=ORIENTED_EDGE('',*,*,#1639,.T.);
#2239=ORIENTED_EDGE('',*,*,#1640,.F.);
#2240=ORIENTED_EDGE('',*,*,#1639,.F.);
#2241=ORIENTED_EDGE('',*,*,#1641,.F.);
#2242=ORIENTED_EDGE('',*,*,#1642,.T.);
#2243=ORIENTED_EDGE('',*,*,#1643,.F.);
#2244=ORIENTED_EDGE('',*,*,#1642,.F.);
#2245=ORIENTED_EDGE('',*,*,#1644,.F.);
#2246=ORIENTED_EDGE('',*,*,#1645,.F.);
#2247=ORIENTED_EDGE('',*,*,#1646,.F.);
#2248=ORIENTED_EDGE('',*,*,#1647,.T.);
#2249=ORIENTED_EDGE('',*,*,#1648,.F.);
#2250=ORIENTED_EDGE('',*,*,#1647,.F.);
#2251=ORIENTED_EDGE('',*,*,#1645,.T.);
#2252=ORIENTED_EDGE('',*,*,#1649,.T.);
#2253=ORIENTED_EDGE('',*,*,#1650,.F.);
#2254=ORIENTED_EDGE('',*,*,#1649,.F.);
#2255=ORIENTED_EDGE('',*,*,#1651,.F.);
#2256=ORIENTED_EDGE('',*,*,#1652,.F.);
#2257=ORIENTED_EDGE('',*,*,#1653,.F.);
#2258=ORIENTED_EDGE('',*,*,#1654,.F.);
#2259=ORIENTED_EDGE('',*,*,#1655,.F.);
#2260=ORIENTED_EDGE('',*,*,#1654,.T.);
#2261=ORIENTED_EDGE('',*,*,#1656,.F.);
#2262=ORIENTED_EDGE('',*,*,#1657,.F.);
#2263=ORIENTED_EDGE('',*,*,#1658,.F.);
#2264=ORIENTED_EDGE('',*,*,#1657,.T.);
#2265=ORIENTED_EDGE('',*,*,#1659,.F.);
#2266=ORIENTED_EDGE('',*,*,#1660,.F.);
#2267=ORIENTED_EDGE('',*,*,#1661,.F.);
#2268=ORIENTED_EDGE('',*,*,#1660,.T.);
#2269=ORIENTED_EDGE('',*,*,#1662,.F.);
#2270=ORIENTED_EDGE('',*,*,#1663,.F.);
#2271=ORIENTED_EDGE('',*,*,#1664,.F.);
#2272=ORIENTED_EDGE('',*,*,#1663,.T.);
#2273=ORIENTED_EDGE('',*,*,#1665,.F.);
#2274=ORIENTED_EDGE('',*,*,#1666,.F.);
#2275=ORIENTED_EDGE('',*,*,#1667,.F.);
#2276=ORIENTED_EDGE('',*,*,#1666,.T.);
#2277=ORIENTED_EDGE('',*,*,#1668,.F.);
#2278=ORIENTED_EDGE('',*,*,#1669,.F.);
#2279=ORIENTED_EDGE('',*,*,#1670,.T.);
#2280=ORIENTED_EDGE('',*,*,#1669,.T.);
#2281=ORIENTED_EDGE('',*,*,#1671,.F.);
#2282=ORIENTED_EDGE('',*,*,#1672,.F.);
#2283=ORIENTED_EDGE('',*,*,#1673,.F.);
#2284=ORIENTED_EDGE('',*,*,#1651,.T.);
#2285=ORIENTED_EDGE('',*,*,#1655,.T.);
#2286=ORIENTED_EDGE('',*,*,#1658,.T.);
#2287=ORIENTED_EDGE('',*,*,#1661,.T.);
#2288=ORIENTED_EDGE('',*,*,#1664,.T.);
#2289=ORIENTED_EDGE('',*,*,#1667,.T.);
#2290=ORIENTED_EDGE('',*,*,#1670,.F.);
#2291=ORIENTED_EDGE('',*,*,#1674,.F.);
#2292=ORIENTED_EDGE('',*,*,#1650,.T.);
#2293=ORIENTED_EDGE('',*,*,#1648,.T.);
#2294=ORIENTED_EDGE('',*,*,#1675,.T.);
#2295=ORIENTED_EDGE('',*,*,#1671,.T.);
#2296=ORIENTED_EDGE('',*,*,#1668,.T.);
#2297=ORIENTED_EDGE('',*,*,#1665,.T.);
#2298=ORIENTED_EDGE('',*,*,#1662,.T.);
#2299=ORIENTED_EDGE('',*,*,#1659,.T.);
#2300=ORIENTED_EDGE('',*,*,#1656,.T.);
#2301=ORIENTED_EDGE('',*,*,#1653,.T.);
#2302=ORIENTED_EDGE('',*,*,#1592,.T.);
#2303=ORIENTED_EDGE('',*,*,#1596,.T.);
#2304=ORIENTED_EDGE('',*,*,#1599,.T.);
#2305=ORIENTED_EDGE('',*,*,#1602,.T.);
#2306=ORIENTED_EDGE('',*,*,#1605,.T.);
#2307=ORIENTED_EDGE('',*,*,#1607,.T.);
#2308=ORIENTED_EDGE('',*,*,#1646,.T.);
#2309=ORIENTED_EDGE('',*,*,#1676,.F.);
#2310=ORIENTED_EDGE('',*,*,#1677,.T.);
#2311=ORIENTED_EDGE('',*,*,#1678,.F.);
#2312=ORIENTED_EDGE('',*,*,#1677,.F.);
#2313=ORIENTED_EDGE('',*,*,#1644,.T.);
#2314=ORIENTED_EDGE('',*,*,#1679,.T.);
#2315=ORIENTED_EDGE('',*,*,#1680,.F.);
#2316=ORIENTED_EDGE('',*,*,#1679,.F.);
#2317=ORIENTED_EDGE('',*,*,#1681,.T.);
#2318=ORIENTED_EDGE('',*,*,#1682,.T.);
#2319=ORIENTED_EDGE('',*,*,#1683,.F.);
#2320=ORIENTED_EDGE('',*,*,#1684,.F.);
#2321=ORIENTED_EDGE('',*,*,#1685,.F.);
#2322=ORIENTED_EDGE('',*,*,#1684,.T.);
#2323=ORIENTED_EDGE('',*,*,#1686,.F.);
#2324=ORIENTED_EDGE('',*,*,#1687,.F.);
#2325=ORIENTED_EDGE('',*,*,#1688,.T.);
#2326=ORIENTED_EDGE('',*,*,#1687,.T.);
#2327=ORIENTED_EDGE('',*,*,#1689,.F.);
#2328=ORIENTED_EDGE('',*,*,#1690,.F.);
#2329=ORIENTED_EDGE('',*,*,#1691,.F.);
#2330=ORIENTED_EDGE('',*,*,#1690,.T.);
#2331=ORIENTED_EDGE('',*,*,#1692,.F.);
#2332=ORIENTED_EDGE('',*,*,#1693,.F.);
#2333=ORIENTED_EDGE('',*,*,#1694,.T.);
#2334=ORIENTED_EDGE('',*,*,#1693,.T.);
#2335=ORIENTED_EDGE('',*,*,#1695,.F.);
#2336=ORIENTED_EDGE('',*,*,#1696,.F.);
#2337=ORIENTED_EDGE('',*,*,#1697,.T.);
#2338=ORIENTED_EDGE('',*,*,#1698,.T.);
#2339=ORIENTED_EDGE('',*,*,#1699,.F.);
#2340=ORIENTED_EDGE('',*,*,#1700,.F.);
#2341=ORIENTED_EDGE('',*,*,#1701,.F.);
#2342=ORIENTED_EDGE('',*,*,#1700,.T.);
#2343=ORIENTED_EDGE('',*,*,#1702,.F.);
#2344=ORIENTED_EDGE('',*,*,#1682,.F.);
#2345=ORIENTED_EDGE('',*,*,#1703,.F.);
#2346=ORIENTED_EDGE('',*,*,#1697,.F.);
#2347=ORIENTED_EDGE('',*,*,#1701,.T.);
#2348=ORIENTED_EDGE('',*,*,#1681,.F.);
#2349=ORIENTED_EDGE('',*,*,#1685,.T.);
#2350=ORIENTED_EDGE('',*,*,#1688,.F.);
#2351=ORIENTED_EDGE('',*,*,#1691,.T.);
#2352=ORIENTED_EDGE('',*,*,#1694,.F.);
#2353=ORIENTED_EDGE('',*,*,#1680,.T.);
#2354=ORIENTED_EDGE('',*,*,#1678,.T.);
#2355=ORIENTED_EDGE('',*,*,#1702,.T.);
#2356=ORIENTED_EDGE('',*,*,#1699,.T.);
#2357=ORIENTED_EDGE('',*,*,#1704,.T.);
#2358=ORIENTED_EDGE('',*,*,#1705,.T.);
#2359=ORIENTED_EDGE('',*,*,#1695,.T.);
#2360=ORIENTED_EDGE('',*,*,#1692,.T.);
#2361=ORIENTED_EDGE('',*,*,#1689,.T.);
#2362=ORIENTED_EDGE('',*,*,#1686,.T.);
#2363=ORIENTED_EDGE('',*,*,#1683,.T.);
#2364=ORIENTED_EDGE('',*,*,#1611,.T.);
#2365=ORIENTED_EDGE('',*,*,#1615,.T.);
#2366=ORIENTED_EDGE('',*,*,#1618,.T.);
#2367=ORIENTED_EDGE('',*,*,#1621,.T.);
#2368=ORIENTED_EDGE('',*,*,#1624,.T.);
#2369=ORIENTED_EDGE('',*,*,#1626,.T.);
#2370=ORIENTED_EDGE('',*,*,#1676,.T.);
#2371=ORIENTED_EDGE('',*,*,#1706,.T.);
#2372=ORIENTED_EDGE('',*,*,#1707,.T.);
#2373=ORIENTED_EDGE('',*,*,#1708,.T.);
#2374=ORIENTED_EDGE('',*,*,#1709,.T.);
#2375=ORIENTED_EDGE('',*,*,#1710,.T.);
#2376=ORIENTED_EDGE('',*,*,#1711,.T.);
#2377=ORIENTED_EDGE('',*,*,#1712,.T.);
#2378=ORIENTED_EDGE('',*,*,#1713,.T.);
#2379=ORIENTED_EDGE('',*,*,#1714,.F.);
#2380=ORIENTED_EDGE('',*,*,#1715,.F.);
#2381=ORIENTED_EDGE('',*,*,#1716,.F.);
#2382=ORIENTED_EDGE('',*,*,#1717,.T.);
#2383=ORIENTED_EDGE('',*,*,#1718,.F.);
#2384=ORIENTED_EDGE('',*,*,#1719,.T.);
#2385=ORIENTED_EDGE('',*,*,#1720,.F.);
#2386=ORIENTED_EDGE('',*,*,#1721,.T.);
#2387=ORIENTED_EDGE('',*,*,#1638,.T.);
#2388=ORIENTED_EDGE('',*,*,#1641,.T.);
#2389=ORIENTED_EDGE('',*,*,#1722,.F.);
#2390=ORIENTED_EDGE('',*,*,#1723,.F.);
#2391=ORIENTED_EDGE('',*,*,#1724,.F.);
#2392=ORIENTED_EDGE('',*,*,#1725,.F.);
#2393=ORIENTED_EDGE('',*,*,#1726,.T.);
#2394=ORIENTED_EDGE('',*,*,#1724,.T.);
#2395=ORIENTED_EDGE('',*,*,#1726,.F.);
#2396=ORIENTED_EDGE('',*,*,#1727,.F.);
#2397=ORIENTED_EDGE('',*,*,#1728,.T.);
#2398=ORIENTED_EDGE('',*,*,#1723,.T.);
#2399=ORIENTED_EDGE('',*,*,#1728,.F.);
#2400=ORIENTED_EDGE('',*,*,#1729,.F.);
#2401=ORIENTED_EDGE('',*,*,#1730,.T.);
#2402=ORIENTED_EDGE('',*,*,#1722,.T.);
#2403=ORIENTED_EDGE('',*,*,#1730,.F.);
#2404=ORIENTED_EDGE('',*,*,#1721,.F.);
#2405=ORIENTED_EDGE('',*,*,#1731,.T.);
#2406=ORIENTED_EDGE('',*,*,#1732,.F.);
#2407=ORIENTED_EDGE('',*,*,#1733,.F.);
#2408=ORIENTED_EDGE('',*,*,#1733,.T.);
#2409=ORIENTED_EDGE('',*,*,#1734,.F.);
#2410=ORIENTED_EDGE('',*,*,#1735,.F.);
#2411=ORIENTED_EDGE('',*,*,#1707,.F.);
#2412=ORIENTED_EDGE('',*,*,#1736,.T.);
#2413=ORIENTED_EDGE('',*,*,#1704,.F.);
#2414=ORIENTED_EDGE('',*,*,#1698,.F.);
#2415=ORIENTED_EDGE('',*,*,#1703,.T.);
#2416=ORIENTED_EDGE('',*,*,#1696,.T.);
#2417=ORIENTED_EDGE('',*,*,#1705,.F.);
#2418=ORIENTED_EDGE('',*,*,#1736,.F.);
#2419=ORIENTED_EDGE('',*,*,#1706,.F.);
#2420=ORIENTED_EDGE('',*,*,#1708,.F.);
#2421=ORIENTED_EDGE('',*,*,#1735,.T.);
#2422=ORIENTED_EDGE('',*,*,#1737,.F.);
#2423=ORIENTED_EDGE('',*,*,#1738,.F.);
#2424=ORIENTED_EDGE('',*,*,#1709,.F.);
#2425=ORIENTED_EDGE('',*,*,#1738,.T.);
#2426=ORIENTED_EDGE('',*,*,#1739,.F.);
#2427=ORIENTED_EDGE('',*,*,#1740,.F.);
#2428=ORIENTED_EDGE('',*,*,#1710,.F.);
#2429=ORIENTED_EDGE('',*,*,#1740,.T.);
#2430=ORIENTED_EDGE('',*,*,#1741,.F.);
#2431=ORIENTED_EDGE('',*,*,#1742,.F.);
#2432=ORIENTED_EDGE('',*,*,#1742,.T.);
#2433=ORIENTED_EDGE('',*,*,#1743,.F.);
#2434=ORIENTED_EDGE('',*,*,#1744,.F.);
#2435=ORIENTED_EDGE('',*,*,#1712,.F.);
#2436=ORIENTED_EDGE('',*,*,#1745,.T.);
#2437=ORIENTED_EDGE('',*,*,#1674,.T.);
#2438=ORIENTED_EDGE('',*,*,#1672,.T.);
#2439=ORIENTED_EDGE('',*,*,#1675,.F.);
#2440=ORIENTED_EDGE('',*,*,#1652,.T.);
#2441=ORIENTED_EDGE('',*,*,#1673,.T.);
#2442=ORIENTED_EDGE('',*,*,#1745,.F.);
#2443=ORIENTED_EDGE('',*,*,#1711,.F.);
#2444=ORIENTED_EDGE('',*,*,#1713,.F.);
#2445=ORIENTED_EDGE('',*,*,#1744,.T.);
#2446=ORIENTED_EDGE('',*,*,#1746,.F.);
#2447=ORIENTED_EDGE('',*,*,#1747,.F.);
#2448=ORIENTED_EDGE('',*,*,#1714,.T.);
#2449=ORIENTED_EDGE('',*,*,#1747,.T.);
#2450=ORIENTED_EDGE('',*,*,#1748,.F.);
#2451=ORIENTED_EDGE('',*,*,#1749,.F.);
#2452=ORIENTED_EDGE('',*,*,#1715,.T.);
#2453=ORIENTED_EDGE('',*,*,#1749,.T.);
#2454=ORIENTED_EDGE('',*,*,#1750,.F.);
#2455=ORIENTED_EDGE('',*,*,#1751,.F.);
#2456=ORIENTED_EDGE('',*,*,#1716,.T.);
#2457=ORIENTED_EDGE('',*,*,#1751,.T.);
#2458=ORIENTED_EDGE('',*,*,#1752,.F.);
#2459=ORIENTED_EDGE('',*,*,#1753,.F.);
#2460=ORIENTED_EDGE('',*,*,#1717,.F.);
#2461=ORIENTED_EDGE('',*,*,#1753,.T.);
#2462=ORIENTED_EDGE('',*,*,#1754,.F.);
#2463=ORIENTED_EDGE('',*,*,#1755,.F.);
#2464=ORIENTED_EDGE('',*,*,#1718,.T.);
#2465=ORIENTED_EDGE('',*,*,#1755,.T.);
#2466=ORIENTED_EDGE('',*,*,#1756,.F.);
#2467=ORIENTED_EDGE('',*,*,#1757,.F.);
#2468=ORIENTED_EDGE('',*,*,#1719,.F.);
#2469=ORIENTED_EDGE('',*,*,#1757,.T.);
#2470=ORIENTED_EDGE('',*,*,#1758,.F.);
#2471=ORIENTED_EDGE('',*,*,#1759,.F.);
#2472=ORIENTED_EDGE('',*,*,#1720,.T.);
#2473=ORIENTED_EDGE('',*,*,#1759,.T.);
#2474=ORIENTED_EDGE('',*,*,#1760,.F.);
#2475=ORIENTED_EDGE('',*,*,#1731,.F.);
#2476=ORIENTED_EDGE('',*,*,#1760,.T.);
#2477=ORIENTED_EDGE('',*,*,#1758,.T.);
#2478=ORIENTED_EDGE('',*,*,#1756,.T.);
#2479=ORIENTED_EDGE('',*,*,#1754,.T.);
#2480=ORIENTED_EDGE('',*,*,#1752,.T.);
#2481=ORIENTED_EDGE('',*,*,#1750,.T.);
#2482=ORIENTED_EDGE('',*,*,#1748,.T.);
#2483=ORIENTED_EDGE('',*,*,#1746,.T.);
#2484=ORIENTED_EDGE('',*,*,#1743,.T.);
#2485=ORIENTED_EDGE('',*,*,#1741,.T.);
#2486=ORIENTED_EDGE('',*,*,#1739,.T.);
#2487=ORIENTED_EDGE('',*,*,#1737,.T.);
#2488=ORIENTED_EDGE('',*,*,#1734,.T.);
#2489=ORIENTED_EDGE('',*,*,#1732,.T.);
#2490=ORIENTED_EDGE('',*,*,#1634,.T.);
#2491=ORIENTED_EDGE('',*,*,#1637,.T.);
#2492=ORIENTED_EDGE('',*,*,#1640,.T.);
#2493=ORIENTED_EDGE('',*,*,#1643,.T.);
#2494=ORIENTED_EDGE('',*,*,#1729,.T.);
#2495=ORIENTED_EDGE('',*,*,#1727,.T.);
#2496=ORIENTED_EDGE('',*,*,#1725,.T.);
#2497=ORIENTED_EDGE('',*,*,#1761,.F.);
#2498=ORIENTED_EDGE('',*,*,#1762,.T.);
#2499=ORIENTED_EDGE('',*,*,#1763,.F.);
#2500=ORIENTED_EDGE('',*,*,#1762,.F.);
#2501=ORIENTED_EDGE('',*,*,#1763,.T.);
#2502=ORIENTED_EDGE('',*,*,#1761,.T.);
#2503=ORIENTED_EDGE('',*,*,#1764,.F.);
#2504=ORIENTED_EDGE('',*,*,#1765,.T.);
#2505=ORIENTED_EDGE('',*,*,#1766,.F.);
#2506=ORIENTED_EDGE('',*,*,#1765,.F.);
#2507=ORIENTED_EDGE('',*,*,#1766,.T.);
#2508=ORIENTED_EDGE('',*,*,#1764,.T.);
#2509=CONICAL_SURFACE('',#2710,1.5381197846483,0.5235987755983);
#2510=CONICAL_SURFACE('',#2713,1.5381197846483,0.523598775598301);
#2511=CONICAL_SURFACE('',#2718,3.49625,1.0471975511966);
#2512=CONICAL_SURFACE('',#2726,3.49625,1.0471975511966);
#2513=CONICAL_SURFACE('',#2730,1.80529250000031,0.829871117431246);
#2514=CONICAL_SURFACE('',#2769,3.96907472454028,0.0349065850398894);
#2515=CONICAL_SURFACE('',#2802,1.9052775,0.436332312998579);
#2516=ADVANCED_FACE('',(#252),#2509,.F.);
#2517=ADVANCED_FACE('',(#253),#2510,.F.);
#2518=ADVANCED_FACE('',(#254),#159,.F.);
#2519=ADVANCED_FACE('',(#255),#160,.F.);
#2520=ADVANCED_FACE('',(#256),#2511,.T.);
#2521=ADVANCED_FACE('',(#257),#161,.F.);
#2522=ADVANCED_FACE('',(#258),#162,.F.);
#2523=ADVANCED_FACE('',(#259),#163,.F.);
#2524=ADVANCED_FACE('',(#260),#164,.F.);
#2525=ADVANCED_FACE('',(#261,#110),#165,.T.);
#2526=ADVANCED_FACE('',(#262),#2512,.T.);
#2527=ADVANCED_FACE('',(#263,#111),#166,.T.);
#2528=ADVANCED_FACE('',(#264),#64,.F.);
#2529=ADVANCED_FACE('',(#265),#2513,.T.);
#2530=ADVANCED_FACE('',(#266),#40,.F.);
#2531=ADVANCED_FACE('',(#267,#112),#167,.T.);
#2532=ADVANCED_FACE('',(#268),#65,.T.);
#2533=ADVANCED_FACE('',(#269),#41,.T.);
#2534=ADVANCED_FACE('',(#270),#39,.T.);
#2535=ADVANCED_FACE('',(#271),#2514,.T.);
#2536=ADVANCED_FACE('',(#272),#168,.F.);
#2537=ADVANCED_FACE('',(#273),#169,.T.);
#2538=ADVANCED_FACE('',(#274),#170,.F.);
#2539=ADVANCED_FACE('',(#275),#171,.F.);
#2540=ADVANCED_FACE('',(#276),#172,.F.);
#2541=ADVANCED_FACE('',(#277),#173,.F.);
#2542=ADVANCED_FACE('',(#278),#174,.T.);
#2543=ADVANCED_FACE('',(#279),#175,.F.);
#2544=ADVANCED_FACE('',(#280),#176,.F.);
#2545=ADVANCED_FACE('',(#281),#177,.F.);
#2546=ADVANCED_FACE('',(#282),#178,.F.);
#2547=ADVANCED_FACE('',(#283),#179,.T.);
#2548=ADVANCED_FACE('',(#284),#180,.F.);
#2549=ADVANCED_FACE('',(#285),#181,.F.);
#2550=ADVANCED_FACE('',(#286),#182,.F.);
#2551=ADVANCED_FACE('',(#287),#183,.F.);
#2552=ADVANCED_FACE('',(#288),#184,.T.);
#2553=ADVANCED_FACE('',(#289),#185,.F.);
#2554=ADVANCED_FACE('',(#290),#186,.F.);
#2555=ADVANCED_FACE('',(#291),#187,.F.);
#2556=ADVANCED_FACE('',(#292),#188,.F.);
#2557=ADVANCED_FACE('',(#293),#189,.F.);
#2558=ADVANCED_FACE('',(#294),#190,.F.);
#2559=ADVANCED_FACE('',(#295),#191,.F.);
#2560=ADVANCED_FACE('',(#296),#192,.F.);
#2561=ADVANCED_FACE('',(#297),#193,.F.);
#2562=ADVANCED_FACE('',(#298),#194,.F.);
#2563=ADVANCED_FACE('',(#299),#195,.F.);
#2564=ADVANCED_FACE('',(#300),#196,.T.);
#2565=ADVANCED_FACE('',(#301),#66,.T.);
#2566=ADVANCED_FACE('',(#302),#197,.T.);
#2567=ADVANCED_FACE('',(#303),#2515,.T.);
#2568=ADVANCED_FACE('',(#304),#37,.F.);
#2569=ADVANCED_FACE('',(#305),#38,.F.);
#2570=ADVANCED_FACE('',(#306),#198,.F.);
#2571=ADVANCED_FACE('',(#307),#199,.T.);
#2572=ADVANCED_FACE('',(#308,#113),#200,.T.);
#2573=ADVANCED_FACE('',(#309),#201,.T.);
#2574=ADVANCED_FACE('',(#310),#67,.T.);
#2575=ADVANCED_FACE('',(#311,#114),#202,.T.);
#2576=ADVANCED_FACE('',(#312),#68,.T.);
#2577=ADVANCED_FACE('',(#313),#203,.T.);
#2578=ADVANCED_FACE('',(#314),#69,.F.);
#2579=ADVANCED_FACE('',(#315),#70,.F.);
#2580=ADVANCED_FACE('',(#316),#71,.F.);
#2581=ADVANCED_FACE('',(#317),#72,.F.);
#2582=ADVANCED_FACE('',(#318),#204,.T.);
#2583=ADVANCED_FACE('',(#319),#73,.F.);
#2584=ADVANCED_FACE('',(#320),#205,.T.);
#2585=ADVANCED_FACE('',(#321),#74,.T.);
#2586=ADVANCED_FACE('',(#322),#206,.T.);
#2587=ADVANCED_FACE('',(#323),#75,.F.);
#2588=ADVANCED_FACE('',(#324),#207,.T.);
#2589=ADVANCED_FACE('',(#325),#208,.T.);
#2590=ADVANCED_FACE('',(#326),#209,.T.);
#2591=ADVANCED_FACE('',(#327),#76,.T.);
#2592=ADVANCED_FACE('',(#328),#210,.T.);
#2593=ADVANCED_FACE('',(#329),#211,.T.);
#2594=ADVANCED_FACE('',(#330,#115,#116),#212,.T.);
#2595=ADVANCED_FACE('',(#331,#117,#118,#119,#120),#213,.F.);
#2596=ADVANCED_FACE('',(#332),#214,.F.);
#2597=ADVANCED_FACE('',(#333),#215,.F.);
#2598=ADVANCED_FACE('',(#334),#216,.F.);
#2599=ADVANCED_FACE('',(#335),#217,.F.);
#2600=ADVANCED_FACE('',(#336),#218,.F.);
#2601=ADVANCED_FACE('',(#337),#219,.F.);
#2602=ADVANCED_FACE('',(#338,#121),#220,.F.);
#2603=ADVANCED_FACE('',(#339),#221,.F.);
#2604=ADVANCED_FACE('',(#340),#222,.F.);
#2605=ADVANCED_FACE('',(#341),#223,.F.);
#2606=ADVANCED_FACE('',(#342),#224,.F.);
#2607=ADVANCED_FACE('',(#343),#225,.F.);
#2608=ADVANCED_FACE('',(#344),#226,.F.);
#2609=ADVANCED_FACE('',(#345,#122),#227,.F.);
#2610=ADVANCED_FACE('',(#346),#77,.F.);
#2611=ADVANCED_FACE('',(#347),#78,.F.);
#2612=ADVANCED_FACE('',(#348),#79,.F.);
#2613=ADVANCED_FACE('',(#349,#123),#228,.T.);
#2614=ADVANCED_FACE('',(#350),#80,.F.);
#2615=ADVANCED_FACE('',(#351,#124),#229,.T.);
#2616=ADVANCED_FACE('',(#352),#81,.F.);
#2617=ADVANCED_FACE('',(#353),#82,.F.);
#2618=ADVANCED_FACE('',(#354),#230,.T.);
#2619=ADVANCED_FACE('',(#355),#231,.T.);
#2620=ADVANCED_FACE('',(#356),#83,.F.);
#2621=ADVANCED_FACE('',(#357),#84,.F.);
#2622=ADVANCED_FACE('',(#358),#232,.T.);
#2623=ADVANCED_FACE('',(#359),#85,.T.);
#2624=ADVANCED_FACE('',(#360),#233,.T.);
#2625=ADVANCED_FACE('',(#361),#86,.T.);
#2626=ADVANCED_FACE('',(#362),#234,.T.);
#2627=ADVANCED_FACE('',(#363),#87,.T.);
#2628=ADVANCED_FACE('',(#364),#88,.F.);
#2629=ADVANCED_FACE('',(#365,#125,#126),#235,.T.);
#2630=ADVANCED_FACE('',(#366,#127,#128),#236,.F.);
#2631=ADVANCED_FACE('',(#367),#89,.F.);
#2632=ADVANCED_FACE('',(#368),#90,.F.);
#2633=ADVANCED_FACE('',(#369),#237,.T.);
#2634=ADVANCED_FACE('',(#370),#91,.T.);
#2635=ADVANCED_FACE('',(#371),#238,.T.);
#2636=ADVANCED_FACE('',(#372),#92,.T.);
#2637=ADVANCED_FACE('',(#373),#239,.T.);
#2638=ADVANCED_FACE('',(#374),#93,.F.);
#2639=ADVANCED_FACE('',(#375),#94,.T.);
#2640=ADVANCED_FACE('',(#376,#129,#130),#240,.T.);
#2641=ADVANCED_FACE('',(#377,#131,#132),#241,.F.);
#2642=ADVANCED_FACE('',(#378,#133,#134,#135,#136,#137),#242,.F.);
#2643=ADVANCED_FACE('',(#379),#95,.F.);
#2644=ADVANCED_FACE('',(#380),#96,.F.);
#2645=ADVANCED_FACE('',(#381),#97,.F.);
#2646=ADVANCED_FACE('',(#382),#98,.F.);
#2647=ADVANCED_FACE('',(#383),#99,.T.);
#2648=ADVANCED_FACE('',(#384),#100,.F.);
#2649=ADVANCED_FACE('',(#385),#243,.T.);
#2650=ADVANCED_FACE('',(#386),#101,.F.);
#2651=ADVANCED_FACE('',(#387),#102,.T.);
#2652=ADVANCED_FACE('',(#388),#103,.F.);
#2653=ADVANCED_FACE('',(#389),#104,.T.);
#2654=ADVANCED_FACE('',(#390),#244,.T.);
#2655=ADVANCED_FACE('',(#391),#105,.T.);
#2656=ADVANCED_FACE('',(#392),#245,.T.);
#2657=ADVANCED_FACE('',(#393),#106,.T.);
#2658=ADVANCED_FACE('',(#394),#246,.T.);
#2659=ADVANCED_FACE('',(#395),#107,.T.);
#2660=ADVANCED_FACE('',(#396,#138,#139,#140,#141,#142,#143,#144),#247,.T.);
#2661=ADVANCED_FACE('',(#397),#108,.T.);
#2662=ADVANCED_FACE('',(#398),#248,.T.);
#2663=ADVANCED_FACE('',(#399),#249,.F.);
#2664=ADVANCED_FACE('',(#400),#109,.T.);
#2665=ADVANCED_FACE('',(#401),#250,.T.);
#2666=ADVANCED_FACE('',(#402),#251,.F.);
#2667=CLOSED_SHELL('',(#2516,#2517,#2518,#2519,#2520,#2521,#2522,#2523,
#2524,#2525,#2526,#2527,#2528));
#2668=CLOSED_SHELL('',(#2529,#2530,#2531,#2532,#2533,#2534,#2535,#2536,
#2537,#2538,#2539,#2540,#2541,#2542,#2543,#2544,#2545,#2546,#2547,#2548,
#2549,#2550,#2551,#2552,#2553,#2554,#2555,#2556,#2557,#2558,#2559,#2560,
#2561,#2562,#2563,#2564,#2565,#2566,#2567));
#2669=CLOSED_SHELL('',(#2568,#2569,#2570,#2571));
#2670=CLOSED_SHELL('',(#2572,#2573,#2574,#2575,#2576,#2577,#2578,#2579,
#2580,#2581,#2582,#2583,#2584,#2585,#2586,#2587,#2588,#2589,#2590,#2591,
#2592,#2593,#2594,#2595));
#2671=CLOSED_SHELL('',(#2596,#2597,#2598,#2599,#2600,#2601,#2602,#2603,
#2604,#2605,#2606,#2607,#2608,#2609,#2610,#2611,#2612,#2613,#2614,#2615,
#2616,#2617,#2618,#2619,#2620,#2621,#2622,#2623,#2624,#2625,#2626,#2627,
#2628,#2629,#2630,#2631,#2632,#2633,#2634,#2635,#2636,#2637,#2638,#2639,
#2640,#2641,#2642,#2643,#2644,#2645,#2646,#2647,#2648,#2649,#2650,#2651,
#2652,#2653,#2654,#2655,#2656,#2657,#2658,#2659,#2660));
#2672=CLOSED_SHELL('',(#2661,#2662,#2663));
#2673=CLOSED_SHELL('',(#2664,#2665,#2666));
#2674=DERIVED_UNIT_ELEMENT(#2680,1.);
#2675=DERIVED_UNIT_ELEMENT(#6108,-3.);
#2676=DERIVED_UNIT_ELEMENT(#2680,1.);
#2677=DERIVED_UNIT_ELEMENT(#6108,-3.);
#2678=DERIVED_UNIT_ELEMENT(#2680,1.);
#2679=DERIVED_UNIT_ELEMENT(#6108,-3.);
#2680=(
MASS_UNIT()
NAMED_UNIT(*)
SI_UNIT(.KILO.,.GRAM.)
);
#2681=DERIVED_UNIT((#2674,#2675));
#2682=DERIVED_UNIT((#2676,#2677));
#2683=DERIVED_UNIT((#2678,#2679));
#2684=MEASURE_REPRESENTATION_ITEM('density measure',
POSITIVE_RATIO_MEASURE(8030.),#2681);
#2685=MEASURE_REPRESENTATION_ITEM('density measure',
POSITIVE_RATIO_MEASURE(7750.),#2682);
#2686=MEASURE_REPRESENTATION_ITEM('density measure',
POSITIVE_RATIO_MEASURE(7850.),#2683);
#2687=PROPERTY_DEFINITION_REPRESENTATION(#2702,#2693);
#2688=PROPERTY_DEFINITION_REPRESENTATION(#2703,#2694);
#2689=PROPERTY_DEFINITION_REPRESENTATION(#2704,#2695);
#2690=PROPERTY_DEFINITION_REPRESENTATION(#2705,#2696);
#2691=PROPERTY_DEFINITION_REPRESENTATION(#2706,#2697);
#2692=PROPERTY_DEFINITION_REPRESENTATION(#2707,#2698);
#2693=REPRESENTATION('material name',(#2699),#6103);
#2694=REPRESENTATION('density',(#2684),#6103);
#2695=REPRESENTATION('material name',(#2700),#6104);
#2696=REPRESENTATION('density',(#2685),#6104);
#2697=REPRESENTATION('material name',(#2701),#6105);
#2698=REPRESENTATION('density',(#2686),#6105);
#2699=DESCRIPTIVE_REPRESENTATION_ITEM('Steel 6, Plain','Steel 6, Plain');
#2700=DESCRIPTIVE_REPRESENTATION_ITEM('Steel 4.6, Plain',
'Steel 4.6, Plain');
#2701=DESCRIPTIVE_REPRESENTATION_ITEM('Steel','Steel');
#2702=PROPERTY_DEFINITION('material property','material name',#6131);
#2703=PROPERTY_DEFINITION('material property','density of part',#6131);
#2704=PROPERTY_DEFINITION('material property','material name',#6132);
#2705=PROPERTY_DEFINITION('material property','density of part',#6132);
#2706=PROPERTY_DEFINITION('material property','material name',#6133);
#2707=PROPERTY_DEFINITION('material property','density of part',#6133);
#2708=AXIS2_PLACEMENT_3D('',#3828,#3011,#3012);
#2709=AXIS2_PLACEMENT_3D('',#3829,#3013,#3014);
#2710=AXIS2_PLACEMENT_3D('',#3830,#3015,#3016);
#2711=AXIS2_PLACEMENT_3D('',#3832,#3017,#3018);
#2712=AXIS2_PLACEMENT_3D('',#3835,#3020,#3021);
#2713=AXIS2_PLACEMENT_3D('',#3836,#3022,#3023);
#2714=AXIS2_PLACEMENT_3D('',#3838,#3024,#3025);
#2715=AXIS2_PLACEMENT_3D('',#3841,#3027,#3028);
#2716=AXIS2_PLACEMENT_3D('',#3842,#3029,#3030);
#2717=AXIS2_PLACEMENT_3D('',#3855,#3033,#3034);
#2718=AXIS2_PLACEMENT_3D('',#3865,#3036,#3037);
#2719=AXIS2_PLACEMENT_3D('',#3867,#3038,#3039);
#2720=AXIS2_PLACEMENT_3D('',#3888,#3041,#3042);
#2721=AXIS2_PLACEMENT_3D('',#3894,#3044,#3045);
#2722=AXIS2_PLACEMENT_3D('',#3904,#3047,#3048);
#2723=AXIS2_PLACEMENT_3D('',#3910,#3050,#3051);
#2724=AXIS2_PLACEMENT_3D('',#3914,#3052,#3053);
#2725=AXIS2_PLACEMENT_3D('',#3916,#3054,#3055);
#2726=AXIS2_PLACEMENT_3D('',#3917,#3056,#3057);
#2727=AXIS2_PLACEMENT_3D('',#3919,#3059,#3060);
#2728=AXIS2_PLACEMENT_3D('',#3920,#3061,#3062);
#2729=AXIS2_PLACEMENT_3D('',#3922,#3064,#3065);
#2730=AXIS2_PLACEMENT_3D('',#3923,#3066,#3067);
#2731=AXIS2_PLACEMENT_3D('',#3925,#3068,#3069);
#2732=AXIS2_PLACEMENT_3D('',#3928,#3071,#3072);
#2733=AXIS2_PLACEMENT_3D('',#3929,#3073,#3074);
#2734=AXIS2_PLACEMENT_3D('',#3931,#3075,#3076);
#2735=AXIS2_PLACEMENT_3D('',#3933,#3077,#3078);
#2736=AXIS2_PLACEMENT_3D('',#3934,#3079,#3080);
#2737=AXIS2_PLACEMENT_3D('',#3935,#3081,#3082);
#2738=AXIS2_PLACEMENT_3D('',#3937,#3083,#3084);
#2739=AXIS2_PLACEMENT_3D('',#3938,#3085,#3086);
#2740=AXIS2_PLACEMENT_3D('',#3940,#3087,#3088);
#2741=AXIS2_PLACEMENT_3D('',#3942,#3090,#3091);
#2742=AXIS2_PLACEMENT_3D('',#3944,#3092,#3093);
#2743=AXIS2_PLACEMENT_3D('',#3946,#3094,#3095);
#2744=AXIS2_PLACEMENT_3D('',#3948,#3096,#3097);
#2745=AXIS2_PLACEMENT_3D('',#3949,#3098,#3099);
#2746=AXIS2_PLACEMENT_3D('',#3950,#3100,#3101);
#2747=AXIS2_PLACEMENT_3D('',#3953,#3102,#3103);
#2748=AXIS2_PLACEMENT_3D('',#3955,#3104,#3105);
#2749=AXIS2_PLACEMENT_3D('',#3957,#3106,#3107);
#2750=AXIS2_PLACEMENT_3D('',#3958,#3108,#3109);
#2751=AXIS2_PLACEMENT_3D('',#3960,#3110,#3111);
#2752=AXIS2_PLACEMENT_3D('',#3962,#3112,#3113);
#2753=AXIS2_PLACEMENT_3D('',#3964,#3114,#3115);
#2754=AXIS2_PLACEMENT_3D('',#3966,#3116,#3117);
#2755=AXIS2_PLACEMENT_3D('',#3968,#3118,#3119);
#2756=AXIS2_PLACEMENT_3D('',#3970,#3120,#3121);
#2757=AXIS2_PLACEMENT_3D('',#3972,#3122,#3123);
#2758=AXIS2_PLACEMENT_3D('',#3974,#3124,#3125);
#2759=AXIS2_PLACEMENT_3D('',#3976,#3126,#3127);
#2760=AXIS2_PLACEMENT_3D('',#3978,#3128,#3129);
#2761=AXIS2_PLACEMENT_3D('',#3980,#3130,#3131);
#2762=AXIS2_PLACEMENT_3D('',#3982,#3132,#3133);
#2763=AXIS2_PLACEMENT_3D('',#3984,#3134,#3135);
#2764=AXIS2_PLACEMENT_3D('',#3986,#3136,#3137);
#2765=AXIS2_PLACEMENT_3D('',#3988,#3138,#3139);
#2766=AXIS2_PLACEMENT_3D('',#3990,#3140,#3141);
#2767=AXIS2_PLACEMENT_3D('',#3992,#3142,#3143);
#2768=AXIS2_PLACEMENT_3D('',#3993,#3144,#3145);
#2769=AXIS2_PLACEMENT_3D('',#3994,#3146,#3147);
#2770=AXIS2_PLACEMENT_3D('',#3996,#3149,#3150);
#2771=AXIS2_PLACEMENT_3D('',#4002,#3154,#3155);
#2772=AXIS2_PLACEMENT_3D('',#4006,#3158,#3159);
#2773=AXIS2_PLACEMENT_3D('',#4014,#3164,#3165);
#2774=AXIS2_PLACEMENT_3D('',#4016,#3167,#3168);
#2775=AXIS2_PLACEMENT_3D('',#4018,#3170,#3171);
#2776=AXIS2_PLACEMENT_3D('',#4024,#3175,#3176);
#2777=AXIS2_PLACEMENT_3D('',#4028,#3179,#3180);
#2778=AXIS2_PLACEMENT_3D('',#4036,#3185,#3186);
#2779=AXIS2_PLACEMENT_3D('',#4038,#3188,#3189);
#2780=AXIS2_PLACEMENT_3D('',#4040,#3191,#3192);
#2781=AXIS2_PLACEMENT_3D('',#4046,#3196,#3197);
#2782=AXIS2_PLACEMENT_3D('',#4050,#3200,#3201);
#2783=AXIS2_PLACEMENT_3D('',#4058,#3206,#3207);
#2784=AXIS2_PLACEMENT_3D('',#4060,#3209,#3210);
#2785=AXIS2_PLACEMENT_3D('',#4062,#3212,#3213);
#2786=AXIS2_PLACEMENT_3D('',#4068,#3217,#3218);
#2787=AXIS2_PLACEMENT_3D('',#4072,#3221,#3222);
#2788=AXIS2_PLACEMENT_3D('',#4080,#3227,#3228);
#2789=AXIS2_PLACEMENT_3D('',#4082,#3230,#3231);
#2790=AXIS2_PLACEMENT_3D('',#4084,#3233,#3234);
#2791=AXIS2_PLACEMENT_3D('',#4088,#3237,#3238);
#2792=AXIS2_PLACEMENT_3D('',#4090,#3240,#3241);
#2793=AXIS2_PLACEMENT_3D('',#4094,#3244,#3245);
#2794=AXIS2_PLACEMENT_3D('',#4096,#3247,#3248);
#2795=AXIS2_PLACEMENT_3D('',#4100,#3251,#3252);
#2796=AXIS2_PLACEMENT_3D('',#4102,#3254,#3255);
#2797=AXIS2_PLACEMENT_3D('',#4106,#3258,#3259);
#2798=AXIS2_PLACEMENT_3D('',#4108,#3261,#3262);
#2799=AXIS2_PLACEMENT_3D('',#4109,#3263,#3264);
#2800=AXIS2_PLACEMENT_3D('',#4112,#3266,#3267);
#2801=AXIS2_PLACEMENT_3D('',#4113,#3268,#3269);
#2802=AXIS2_PLACEMENT_3D('',#4114,#3270,#3271);
#2803=AXIS2_PLACEMENT_3D('',#4116,#3273,#3274);
#2804=AXIS2_PLACEMENT_3D('',#4763,#3275,#3276);
#2805=AXIS2_PLACEMENT_3D('',#4858,#3277,#3278);
#2806=AXIS2_PLACEMENT_3D('',#5595,#3279,#3280);
#2807=AXIS2_PLACEMENT_3D('',#5596,#3281,#3282);
#2808=AXIS2_PLACEMENT_3D('',#5597,#3283,#3284);
#2809=AXIS2_PLACEMENT_3D('',#5598,#3285,#3286);
#2810=AXIS2_PLACEMENT_3D('',#5599,#3287,#3288);
#2811=AXIS2_PLACEMENT_3D('',#5601,#3289,#3290);
#2812=AXIS2_PLACEMENT_3D('',#5603,#3291,#3292);
#2813=AXIS2_PLACEMENT_3D('',#5604,#3293,#3294);
#2814=AXIS2_PLACEMENT_3D('',#5607,#3295,#3296);
#2815=AXIS2_PLACEMENT_3D('',#5611,#3299,#3300);
#2816=AXIS2_PLACEMENT_3D('',#5614,#3302,#3303);
#2817=AXIS2_PLACEMENT_3D('',#5618,#3305,#3306);
#2818=AXIS2_PLACEMENT_3D('',#5621,#3308,#3309);
#2819=AXIS2_PLACEMENT_3D('',#5622,#3310,#3311);
#2820=AXIS2_PLACEMENT_3D('',#5624,#3312,#3313);
#2821=AXIS2_PLACEMENT_3D('',#5626,#3314,#3315);
#2822=AXIS2_PLACEMENT_3D('',#5627,#3316,#3317);
#2823=AXIS2_PLACEMENT_3D('',#5631,#3319,#3320);
#2824=AXIS2_PLACEMENT_3D('',#5635,#3322,#3323);
#2825=AXIS2_PLACEMENT_3D('',#5637,#3324,#3325);
#2826=AXIS2_PLACEMENT_3D('',#5640,#3327,#3328);
#2827=AXIS2_PLACEMENT_3D('',#5641,#3329,#3330);
#2828=AXIS2_PLACEMENT_3D('',#5645,#3333,#3334);
#2829=AXIS2_PLACEMENT_3D('',#5647,#3335,#3336);
#2830=AXIS2_PLACEMENT_3D('',#5650,#3338,#3339);
#2831=AXIS2_PLACEMENT_3D('',#5651,#3340,#3341);
#2832=AXIS2_PLACEMENT_3D('',#5654,#3343,#3344);
#2833=AXIS2_PLACEMENT_3D('',#5655,#3345,#3346);
#2834=AXIS2_PLACEMENT_3D('',#5658,#3348,#3349);
#2835=AXIS2_PLACEMENT_3D('',#5659,#3350,#3351);
#2836=AXIS2_PLACEMENT_3D('',#5661,#3352,#3353);
#2837=AXIS2_PLACEMENT_3D('',#5664,#3355,#3356);
#2838=AXIS2_PLACEMENT_3D('',#5665,#3357,#3358);
#2839=AXIS2_PLACEMENT_3D('',#5671,#3362,#3363);
#2840=AXIS2_PLACEMENT_3D('',#5673,#3364,#3365);
#2841=AXIS2_PLACEMENT_3D('',#5675,#3366,#3367);
#2842=AXIS2_PLACEMENT_3D('',#5677,#3369,#3370);
#2843=AXIS2_PLACEMENT_3D('',#5683,#3374,#3375);
#2844=AXIS2_PLACEMENT_3D('',#5685,#3376,#3377);
#2845=AXIS2_PLACEMENT_3D('',#5687,#3378,#3379);
#2846=AXIS2_PLACEMENT_3D('',#5689,#3381,#3382);
#2847=AXIS2_PLACEMENT_3D('',#5695,#3386,#3387);
#2848=AXIS2_PLACEMENT_3D('',#5697,#3388,#3389);
#2849=AXIS2_PLACEMENT_3D('',#5698,#3390,#3391);
#2850=AXIS2_PLACEMENT_3D('',#5700,#3393,#3394);
#2851=AXIS2_PLACEMENT_3D('',#5704,#3397,#3398);
#2852=AXIS2_PLACEMENT_3D('',#5706,#3400,#3401);
#2853=AXIS2_PLACEMENT_3D('',#5712,#3405,#3406);
#2854=AXIS2_PLACEMENT_3D('',#5714,#3407,#3408);
#2855=AXIS2_PLACEMENT_3D('',#5716,#3409,#3410);
#2856=AXIS2_PLACEMENT_3D('',#5718,#3412,#3413);
#2857=AXIS2_PLACEMENT_3D('',#5721,#3416,#3417);
#2858=AXIS2_PLACEMENT_3D('',#5723,#3419,#3420);
#2859=AXIS2_PLACEMENT_3D('',#5724,#3421,#3422);
#2860=AXIS2_PLACEMENT_3D('',#5725,#3423,#3424);
#2861=AXIS2_PLACEMENT_3D('',#5734,#3429,#3430);
#2862=AXIS2_PLACEMENT_3D('',#5740,#3434,#3435);
#2863=AXIS2_PLACEMENT_3D('',#5746,#3439,#3440);
#2864=AXIS2_PLACEMENT_3D('',#5752,#3444,#3445);
#2865=AXIS2_PLACEMENT_3D('',#5758,#3449,#3450);
#2866=AXIS2_PLACEMENT_3D('',#5761,#3453,#3454);
#2867=AXIS2_PLACEMENT_3D('',#5763,#3455,#3456);
#2868=AXIS2_PLACEMENT_3D('',#5764,#3457,#3458);
#2869=AXIS2_PLACEMENT_3D('',#5773,#3463,#3464);
#2870=AXIS2_PLACEMENT_3D('',#5779,#3468,#3469);
#2871=AXIS2_PLACEMENT_3D('',#5785,#3473,#3474);
#2872=AXIS2_PLACEMENT_3D('',#5791,#3478,#3479);
#2873=AXIS2_PLACEMENT_3D('',#5797,#3483,#3484);
#2874=AXIS2_PLACEMENT_3D('',#5800,#3487,#3488);
#2875=AXIS2_PLACEMENT_3D('',#5802,#3489,#3490);
#2876=AXIS2_PLACEMENT_3D('',#5803,#3491,#3492);
#2877=AXIS2_PLACEMENT_3D('',#5806,#3494,#3495);
#2878=AXIS2_PLACEMENT_3D('',#5807,#3496,#3497);
#2879=AXIS2_PLACEMENT_3D('',#5810,#3499,#3500);
#2880=AXIS2_PLACEMENT_3D('',#5811,#3501,#3502);
#2881=AXIS2_PLACEMENT_3D('',#5813,#3503,#3504);
#2882=AXIS2_PLACEMENT_3D('',#5816,#3506,#3507);
#2883=AXIS2_PLACEMENT_3D('',#5817,#3508,#3509);
#2884=AXIS2_PLACEMENT_3D('',#5818,#3510,#3511);
#2885=AXIS2_PLACEMENT_3D('',#5820,#3512,#3513);
#2886=AXIS2_PLACEMENT_3D('',#5823,#3515,#3516);
#2887=AXIS2_PLACEMENT_3D('',#5824,#3517,#3518);
#2888=AXIS2_PLACEMENT_3D('',#5825,#3519,#3520);
#2889=AXIS2_PLACEMENT_3D('',#5827,#3521,#3522);
#2890=AXIS2_PLACEMENT_3D('',#5830,#3524,#3525);
#2891=AXIS2_PLACEMENT_3D('',#5831,#3526,#3527);
#2892=AXIS2_PLACEMENT_3D('',#5833,#3528,#3529);
#2893=AXIS2_PLACEMENT_3D('',#5836,#3531,#3532);
#2894=AXIS2_PLACEMENT_3D('',#5837,#3533,#3534);
#2895=AXIS2_PLACEMENT_3D('',#5839,#3535,#3536);
#2896=AXIS2_PLACEMENT_3D('',#5840,#3537,#3538);
#2897=AXIS2_PLACEMENT_3D('',#5842,#3539,#3540);
#2898=AXIS2_PLACEMENT_3D('',#5843,#3541,#3542);
#2899=AXIS2_PLACEMENT_3D('',#5845,#3543,#3544);
#2900=AXIS2_PLACEMENT_3D('',#5848,#3546,#3547);
#2901=AXIS2_PLACEMENT_3D('',#5849,#3548,#3549);
#2902=AXIS2_PLACEMENT_3D('',#5852,#3551,#3552);
#2903=AXIS2_PLACEMENT_3D('',#5853,#3553,#3554);
#2904=AXIS2_PLACEMENT_3D('',#5862,#3559,#3560);
#2905=AXIS2_PLACEMENT_3D('',#5864,#3561,#3562);
#2906=AXIS2_PLACEMENT_3D('',#5866,#3563,#3564);
#2907=AXIS2_PLACEMENT_3D('',#5868,#3566,#3567);
#2908=AXIS2_PLACEMENT_3D('',#5874,#3571,#3572);
#2909=AXIS2_PLACEMENT_3D('',#5876,#3573,#3574);
#2910=AXIS2_PLACEMENT_3D('',#5878,#3575,#3576);
#2911=AXIS2_PLACEMENT_3D('',#5880,#3578,#3579);
#2912=AXIS2_PLACEMENT_3D('',#5886,#3583,#3584);
#2913=AXIS2_PLACEMENT_3D('',#5888,#3585,#3586);
#2914=AXIS2_PLACEMENT_3D('',#5890,#3587,#3588);
#2915=AXIS2_PLACEMENT_3D('',#5892,#3590,#3591);
#2916=AXIS2_PLACEMENT_3D('',#5894,#3592,#3593);
#2917=AXIS2_PLACEMENT_3D('',#5896,#3594,#3595);
#2918=AXIS2_PLACEMENT_3D('',#5898,#3597,#3598);
#2919=AXIS2_PLACEMENT_3D('',#5900,#3599,#3600);
#2920=AXIS2_PLACEMENT_3D('',#5901,#3601,#3602);
#2921=AXIS2_PLACEMENT_3D('',#5902,#3603,#3604);
#2922=AXIS2_PLACEMENT_3D('',#5903,#3605,#3606);
#2923=AXIS2_PLACEMENT_3D('',#5904,#3607,#3608);
#2924=AXIS2_PLACEMENT_3D('',#5906,#3609,#3610);
#2925=AXIS2_PLACEMENT_3D('',#5909,#3612,#3613);
#2926=AXIS2_PLACEMENT_3D('',#5910,#3614,#3615);
#2927=AXIS2_PLACEMENT_3D('',#5913,#3617,#3618);
#2928=AXIS2_PLACEMENT_3D('',#5914,#3619,#3620);
#2929=AXIS2_PLACEMENT_3D('',#5923,#3625,#3626);
#2930=AXIS2_PLACEMENT_3D('',#5925,#3627,#3628);
#2931=AXIS2_PLACEMENT_3D('',#5927,#3629,#3630);
#2932=AXIS2_PLACEMENT_3D('',#5929,#3632,#3633);
#2933=AXIS2_PLACEMENT_3D('',#5935,#3637,#3638);
#2934=AXIS2_PLACEMENT_3D('',#5937,#3639,#3640);
#2935=AXIS2_PLACEMENT_3D('',#5939,#3641,#3642);
#2936=AXIS2_PLACEMENT_3D('',#5941,#3644,#3645);
#2937=AXIS2_PLACEMENT_3D('',#5947,#3649,#3650);
#2938=AXIS2_PLACEMENT_3D('',#5950,#3651,#3652);
#2939=AXIS2_PLACEMENT_3D('',#5954,#3654,#3655);
#2940=AXIS2_PLACEMENT_3D('',#5956,#3657,#3658);
#2941=AXIS2_PLACEMENT_3D('',#5957,#3659,#3660);
#2942=AXIS2_PLACEMENT_3D('',#5958,#3661,#3662);
#2943=AXIS2_PLACEMENT_3D('',#5959,#3663,#3664);
#2944=AXIS2_PLACEMENT_3D('',#5960,#3665,#3666);
#2945=AXIS2_PLACEMENT_3D('',#5961,#3667,#3668);
#2946=AXIS2_PLACEMENT_3D('',#5963,#3669,#3670);
#2947=AXIS2_PLACEMENT_3D('',#5964,#3671,#3672);
#2948=AXIS2_PLACEMENT_3D('',#5965,#3673,#3674);
#2949=AXIS2_PLACEMENT_3D('',#5968,#3675,#3676);
#2950=AXIS2_PLACEMENT_3D('',#5970,#3677,#3678);
#2951=AXIS2_PLACEMENT_3D('',#5972,#3679,#3680);
#2952=AXIS2_PLACEMENT_3D('',#5976,#3682,#3683);
#2953=AXIS2_PLACEMENT_3D('',#5978,#3684,#3685);
#2954=AXIS2_PLACEMENT_3D('',#5980,#3686,#3687);
#2955=AXIS2_PLACEMENT_3D('',#5982,#3688,#3689);
#2956=AXIS2_PLACEMENT_3D('',#5984,#3690,#3691);
#2957=AXIS2_PLACEMENT_3D('',#5988,#3693,#3694);
#2958=AXIS2_PLACEMENT_3D('',#5992,#3696,#3697);
#2959=AXIS2_PLACEMENT_3D('',#5996,#3699,#3700);
#2960=AXIS2_PLACEMENT_3D('',#5997,#3701,#3702);
#2961=AXIS2_PLACEMENT_3D('',#5999,#3703,#3704);
#2962=AXIS2_PLACEMENT_3D('',#6001,#3705,#3706);
#2963=AXIS2_PLACEMENT_3D('',#6003,#3707,#3708);
#2964=AXIS2_PLACEMENT_3D('',#6004,#3709,#3710);
#2965=AXIS2_PLACEMENT_3D('',#6006,#3711,#3712);
#2966=AXIS2_PLACEMENT_3D('',#6008,#3714,#3715);
#2967=AXIS2_PLACEMENT_3D('',#6010,#3716,#3717);
#2968=AXIS2_PLACEMENT_3D('',#6012,#3719,#3720);
#2969=AXIS2_PLACEMENT_3D('',#6014,#3721,#3722);
#2970=AXIS2_PLACEMENT_3D('',#6016,#3724,#3725);
#2971=AXIS2_PLACEMENT_3D('',#6020,#3727,#3728);
#2972=AXIS2_PLACEMENT_3D('',#6022,#3730,#3731);
#2973=AXIS2_PLACEMENT_3D('',#6024,#3732,#3733);
#2974=AXIS2_PLACEMENT_3D('',#6027,#3736,#3737);
#2975=AXIS2_PLACEMENT_3D('',#6029,#3738,#3739);
#2976=AXIS2_PLACEMENT_3D('',#6031,#3741,#3742);
#2977=AXIS2_PLACEMENT_3D('',#6035,#3745,#3746);
#2978=AXIS2_PLACEMENT_3D('',#6037,#3747,#3748);
#2979=AXIS2_PLACEMENT_3D('',#6039,#3750,#3751);
#2980=AXIS2_PLACEMENT_3D('',#6041,#3752,#3753);
#2981=AXIS2_PLACEMENT_3D('',#6044,#3756,#3757);
#2982=AXIS2_PLACEMENT_3D('',#6046,#3758,#3759);
#2983=AXIS2_PLACEMENT_3D('',#6048,#3761,#3762);
#2984=AXIS2_PLACEMENT_3D('',#6050,#3763,#3764);
#2985=AXIS2_PLACEMENT_3D('',#6052,#3766,#3767);
#2986=AXIS2_PLACEMENT_3D('',#6056,#3770,#3771);
#2987=AXIS2_PLACEMENT_3D('',#6058,#3772,#3773);
#2988=AXIS2_PLACEMENT_3D('',#6060,#3775,#3776);
#2989=AXIS2_PLACEMENT_3D('',#6064,#3779,#3780);
#2990=AXIS2_PLACEMENT_3D('',#6066,#3781,#3782);
#2991=AXIS2_PLACEMENT_3D('',#6068,#3784,#3785);
#2992=AXIS2_PLACEMENT_3D('',#6072,#3788,#3789);
#2993=AXIS2_PLACEMENT_3D('',#6073,#3790,#3791);
#2994=AXIS2_PLACEMENT_3D('',#6074,#3792,#3793);
#2995=AXIS2_PLACEMENT_3D('',#6075,#3794,#3795);
#2996=AXIS2_PLACEMENT_3D('',#6077,#3796,#3797);
#2997=AXIS2_PLACEMENT_3D('',#6080,#3799,#3800);
#2998=AXIS2_PLACEMENT_3D('',#6081,#3801,#3802);
#2999=AXIS2_PLACEMENT_3D('',#6082,#3803,#3804);
#3000=AXIS2_PLACEMENT_3D('',#6083,#3805,#3806);
#3001=AXIS2_PLACEMENT_3D('',#6085,#3807,#3808);
#3002=AXIS2_PLACEMENT_3D('',#6088,#3810,#3811);
#3003=AXIS2_PLACEMENT_3D('',#6089,#3812,#3813);
#3004=AXIS2_PLACEMENT_3D('',#6090,#3814,#3815);
#3005=AXIS2_PLACEMENT_3D('',#6091,#3816,#3817);
#3006=AXIS2_PLACEMENT_3D('',#6092,#3818,#3819);
#3007=AXIS2_PLACEMENT_3D('',#6093,#3820,#3821);
#3008=AXIS2_PLACEMENT_3D('',#6094,#3822,#3823);
#3009=AXIS2_PLACEMENT_3D('',#6095,#3824,#3825);
#3010=AXIS2_PLACEMENT_3D('',#6096,#3826,#3827);
#3011=DIRECTION('axis',(0.,0.,1.));
#3012=DIRECTION('refdir',(1.,0.,0.));
#3013=DIRECTION('axis',(0.,0.,1.));
#3014=DIRECTION('refdir',(1.,0.,0.));
#3015=DIRECTION('center_axis',(0.,0.,-1.));
#3016=DIRECTION('ref_axis',(-1.,0.,0.));
#3017=DIRECTION('center_axis',(0.,0.,-1.));
#3018=DIRECTION('ref_axis',(-1.,0.,0.));
#3019=DIRECTION('',(0.500000000000001,-6.12323399573678E-17,-0.866025403784438));
#3020=DIRECTION('center_axis',(0.,0.,1.));
#3021=DIRECTION('ref_axis',(-1.,0.,0.));
#3022=DIRECTION('center_axis',(0.,0.,1.));
#3023=DIRECTION('ref_axis',(-1.,0.,0.));
#3024=DIRECTION('center_axis',(0.,0.,-1.));
#3025=DIRECTION('ref_axis',(-1.,0.,0.));
#3026=DIRECTION('',(-0.500000000000002,6.12323399573679E-17,-0.866025403784437));
#3027=DIRECTION('center_axis',(0.,0.,1.));
#3028=DIRECTION('ref_axis',(-1.,0.,0.));
#3029=DIRECTION('center_axis',(0.499999999999998,-0.86602540378444,0.));
#3030=DIRECTION('ref_axis',(-0.86602540378444,-0.499999999999998,0.));
#3031=DIRECTION('',(0.,0.,1.));
#3032=DIRECTION('',(0.,0.,-1.));
#3033=DIRECTION('center_axis',(1.,-1.37212193719355E-15,0.));
#3034=DIRECTION('ref_axis',(-1.37212193719355E-15,-1.,0.));
#3035=DIRECTION('',(0.,0.,1.));
#3036=DIRECTION('center_axis',(0.,0.,1.));
#3037=DIRECTION('ref_axis',(-1.,0.,0.));
#3038=DIRECTION('center_axis',(0.,0.,-1.));
#3039=DIRECTION('ref_axis',(1.,0.,0.));
#3040=DIRECTION('',(0.866025403784439,-1.06057523872491E-16,0.5));
#3041=DIRECTION('center_axis',(-0.500000000000002,-0.866025403784438,0.));
#3042=DIRECTION('ref_axis',(-0.866025403784438,0.500000000000002,0.));
#3043=DIRECTION('',(0.,0.,1.));
#3044=DIRECTION('center_axis',(-1.,1.49458661710828E-15,0.));
#3045=DIRECTION('ref_axis',(1.49458661710828E-15,1.,0.));
#3046=DIRECTION('',(0.,0.,1.));
#3047=DIRECTION('center_axis',(-0.499999999999999,0.866025403784439,0.));
#3048=DIRECTION('ref_axis',(0.866025403784439,0.499999999999999,0.));
#3049=DIRECTION('',(0.,0.,1.));
#3050=DIRECTION('center_axis',(0.500000000000001,0.866025403784438,0.));
#3051=DIRECTION('ref_axis',(0.866025403784438,-0.500000000000001,0.));
#3052=DIRECTION('center_axis',(0.,0.,1.));
#3053=DIRECTION('ref_axis',(1.,0.,0.));
#3054=DIRECTION('center_axis',(0.,0.,-1.));
#3055=DIRECTION('ref_axis',(1.,0.,0.));
#3056=DIRECTION('center_axis',(0.,0.,-1.));
#3057=DIRECTION('ref_axis',(-1.,0.,0.));
#3058=DIRECTION('',(-0.866025403784439,1.06057523872491E-16,0.499999999999999));
#3059=DIRECTION('center_axis',(0.,0.,-1.));
#3060=DIRECTION('ref_axis',(-1.,0.,0.));
#3061=DIRECTION('center_axis',(0.,0.,-1.));
#3062=DIRECTION('ref_axis',(-1.,0.,0.));
#3063=DIRECTION('',(0.,0.,1.));
#3064=DIRECTION('axis',(0.,0.,1.));
#3065=DIRECTION('refdir',(1.,0.,0.));
#3066=DIRECTION('center_axis',(-1.97624265859565E-16,0.,1.));
#3067=DIRECTION('ref_axis',(-1.,0.,0.));
#3068=DIRECTION('center_axis',(-1.97624265859565E-16,0.,1.));
#3069=DIRECTION('ref_axis',(-1.,0.,0.));
#3070=DIRECTION('',(-0.737844385259871,9.03598764677348E-17,-0.674970860956592));
#3071=DIRECTION('center_axis',(1.97624265859565E-16,0.,-1.));
#3072=DIRECTION('ref_axis',(-1.,0.,0.));
#3073=DIRECTION('center_axis',(1.97624265859565E-16,0.,-1.));
#3074=DIRECTION('ref_axis',(-1.,0.,-1.91377067742806E-16));
#3075=DIRECTION('center_axis',(1.97624265859565E-16,0.,-1.));
#3076=DIRECTION('ref_axis',(1.,0.,1.97624265859565E-16));
#3077=DIRECTION('center_axis',(-1.22464679914735E-16,-1.,-2.42019924618762E-32));
#3078=DIRECTION('ref_axis',(1.,-1.22464679914735E-16,1.86061038083284E-16));
#3079=DIRECTION('center_axis',(-1.97624265859565E-16,0.,1.));
#3080=DIRECTION('ref_axis',(1.,0.,1.91623394591914E-16));
#3081=DIRECTION('center_axis',(1.97624265859565E-16,0.,-1.));
#3082=DIRECTION('ref_axis',(-1.,0.,-1.97624265859565E-16));
#3083=DIRECTION('center_axis',(1.97624265859565E-16,0.,-1.));
#3084=DIRECTION('ref_axis',(1.,0.,1.97624265859565E-16));
#3085=DIRECTION('center_axis',(1.97624265859565E-16,0.,-1.));
#3086=DIRECTION('ref_axis',(-1.,0.,0.));
#3087=DIRECTION('center_axis',(1.97624265859565E-16,0.,-1.));
#3088=DIRECTION('ref_axis',(1.,0.,1.97624265859565E-16));
#3089=DIRECTION('',(-1.97624265859565E-16,0.,1.));
#3090=DIRECTION('center_axis',(1.97624265859565E-16,0.,-1.));
#3091=DIRECTION('ref_axis',(-1.,0.,-2.24469344818479E-16));
#3092=DIRECTION('center_axis',(-2.10473494611002E-16,1.35906334614622E-32,
1.));
#3093=DIRECTION('ref_axis',(1.,-6.12323399573677E-17,2.10473494611002E-16));
#3094=DIRECTION('center_axis',(-1.22464679914735E-16,-1.,-2.42019924618762E-32));
#3095=DIRECTION('ref_axis',(1.,-1.22464679914735E-16,2.10440010767324E-16));
#3096=DIRECTION('center_axis',(1.97624265859565E-16,0.,-1.));
#3097=DIRECTION('ref_axis',(1.,0.,1.93816496630923E-16));
#3098=DIRECTION('center_axis',(1.97624265859565E-16,0.,-1.));
#3099=DIRECTION('ref_axis',(1.,0.,1.93816496630923E-16));
#3100=DIRECTION('center_axis',(6.12323399573677E-17,0.,1.));
#3101=DIRECTION('ref_axis',(1.,0.,0.));
#3102=DIRECTION('center_axis',(-0.664463024388675,0.664463024388675,-0.342020143325668));
#3103=DIRECTION('ref_axis',(0.,-0.457661538155733,-0.889126490715988));
#3104=DIRECTION('center_axis',(0.,-0.994521895368273,-0.104528463267653));
#3105=DIRECTION('ref_axis',(0.,-0.104528463267653,0.994521895368273));
#3106=DIRECTION('center_axis',(-0.809016994374948,0.,-0.587785252292473));
#3107=DIRECTION('ref_axis',(0.,-1.,0.));
#3108=DIRECTION('center_axis',(1.22464679914735E-16,-1.,0.));
#3109=DIRECTION('ref_axis',(-1.,-1.22464679914735E-16,0.));
#3110=DIRECTION('center_axis',(-0.809016994374948,0.,-0.587785252292473));
#3111=DIRECTION('ref_axis',(0.,-1.,0.));
#3112=DIRECTION('center_axis',(0.,0.994521895368273,-0.104528463267653));
#3113=DIRECTION('ref_axis',(0.,-0.104528463267653,-0.994521895368273));
#3114=DIRECTION('center_axis',(-0.664463024388675,-0.664463024388675,-0.342020143325669));
#3115=DIRECTION('ref_axis',(0.,-0.457661538155733,0.889126490715988));
#3116=DIRECTION('center_axis',(0.664463024388675,0.664463024388675,-0.342020143325668));
#3117=DIRECTION('ref_axis',(0.,-0.457661538155733,-0.889126490715989));
#3118=DIRECTION('center_axis',(-0.994521895368273,-8.0242812989223E-17,
-0.104528463267653));
#3119=DIRECTION('ref_axis',(0.104528463267653,0.,-0.994521895368273));
#3120=DIRECTION('center_axis',(-2.705389441169E-16,0.809016994374948,-0.587785252292473));
#3121=DIRECTION('ref_axis',(0.,-0.587785252292473,-0.809016994374948));
#3122=DIRECTION('center_axis',(0.994521895368273,4.81456877935338E-17,-0.104528463267653));
#3123=DIRECTION('ref_axis',(0.104528463267653,0.,0.994521895368273));
#3124=DIRECTION('center_axis',(-0.664463024388675,0.664463024388675,-0.342020143325669));
#3125=DIRECTION('ref_axis',(0.,-0.457661538155733,-0.889126490715988));
#3126=DIRECTION('center_axis',(0.664463024388675,-0.664463024388675,-0.342020143325668));
#3127=DIRECTION('ref_axis',(0.,-0.457661538155733,0.889126490715988));
#3128=DIRECTION('center_axis',(0.,0.994521895368273,-0.104528463267653));
#3129=DIRECTION('ref_axis',(0.,-0.104528463267653,-0.994521895368273));
#3130=DIRECTION('center_axis',(0.809016994374948,-5.410778882338E-16,-0.587785252292473));
#3131=DIRECTION('ref_axis',(0.,-1.,9.20536686014993E-16));
#3132=DIRECTION('center_axis',(0.,-0.994521895368273,-0.104528463267653));
#3133=DIRECTION('ref_axis',(0.,-0.104528463267653,0.994521895368273));
#3134=DIRECTION('center_axis',(0.664463024388675,0.664463024388675,-0.342020143325669));
#3135=DIRECTION('ref_axis',(0.,-0.457661538155733,-0.889126490715988));
#3136=DIRECTION('center_axis',(-0.664463024388675,-0.664463024388675,-0.342020143325668));
#3137=DIRECTION('ref_axis',(0.,-0.457661538155732,0.889126490715989));
#3138=DIRECTION('center_axis',(0.994521895368273,4.81456877935338E-17,-0.104528463267653));
#3139=DIRECTION('ref_axis',(0.104528463267653,0.,0.994521895368273));
#3140=DIRECTION('center_axis',(-5.410778882338E-16,-0.809016994374948,-0.587785252292473));
#3141=DIRECTION('ref_axis',(0.,-0.587785252292473,0.809016994374947));
#3142=DIRECTION('center_axis',(-0.994521895368273,-8.0242812989223E-17,
-0.104528463267653));
#3143=DIRECTION('ref_axis',(0.104528463267653,0.,-0.994521895368273));
#3144=DIRECTION('center_axis',(0.664463024388675,-0.664463024388675,-0.342020143325669));
#3145=DIRECTION('ref_axis',(0.,-0.457661538155733,0.889126490715988));
#3146=DIRECTION('center_axis',(1.97624265859565E-16,0.,-1.));
#3147=DIRECTION('ref_axis',(-1.,0.,0.));
#3148=DIRECTION('',(-0.034899496702504,4.27395569285749E-18,0.999390827019096));
#3149=DIRECTION('center_axis',(-0.664463024388675,0.664463024388675,-0.342020143325668));
#3150=DIRECTION('ref_axis',(-0.707106781186547,-0.707106781186548,2.00696954548496E-17));
#3151=DIRECTION('',(-0.707106781186547,-0.707106781186548,2.00696954548496E-17));
#3152=DIRECTION('',(0.164740575213942,-0.316168168173999,-0.934290229164191));
#3153=DIRECTION('',(0.524749120618422,0.0889805787104241,-0.846593655198614));
#3154=DIRECTION('center_axis',(-0.664463024388675,0.664463024388675,0.342020143325669));
#3155=DIRECTION('ref_axis',(-0.707106781186547,-0.707106781186548,2.00696954548496E-17));
#3156=DIRECTION('',(-0.0889805787104241,-0.524749120618423,0.846593655198614));
#3157=DIRECTION('',(0.316168168174,-0.164740575213942,0.934290229164191));
#3158=DIRECTION('center_axis',(0.,-0.994521895368273,-0.104528463267653));
#3159=DIRECTION('ref_axis',(-1.,0.,0.));
#3160=DIRECTION('',(-0.172725370626739,-0.102957402875965,0.979574254222155));
#3161=DIRECTION('',(0.103962051184498,0.103962051184498,-0.989132844377854));
#3162=DIRECTION('',(1.,0.,0.));
#3163=DIRECTION('',(-0.585671777246434,-0.0847253696671723,0.806108045532213));
#3164=DIRECTION('center_axis',(-0.984807753012208,0.,-0.17364817766693));
#3165=DIRECTION('ref_axis',(0.,1.,0.));
#3166=DIRECTION('',(0.171087869746036,0.171087869746036,-0.970287525247814));
#3167=DIRECTION('center_axis',(0.,-0.984807753012208,-0.17364817766693));
#3168=DIRECTION('ref_axis',(-1.,0.,0.));
#3169=DIRECTION('',(0.102957402875965,0.172725370626739,-0.979574254222155));
#3170=DIRECTION('center_axis',(0.664463024388675,0.664463024388675,-0.342020143325668));
#3171=DIRECTION('ref_axis',(-0.707106781186548,0.707106781186547,2.00696954548496E-17));
#3172=DIRECTION('',(-0.707106781186548,0.707106781186547,2.00696954548496E-17));
#3173=DIRECTION('',(-0.316168168173999,-0.164740575213942,-0.934290229164191));
#3174=DIRECTION('',(0.0889805787104242,-0.524749120618422,-0.846593655198614));
#3175=DIRECTION('center_axis',(0.664463024388675,0.664463024388675,0.342020143325669));
#3176=DIRECTION('ref_axis',(-0.707106781186548,0.707106781186547,2.00696954548496E-17));
#3177=DIRECTION('',(-0.524749120618423,0.088980578710424,0.846593655198614));
#3178=DIRECTION('',(-0.164740575213942,-0.316168168174,0.934290229164191));
#3179=DIRECTION('center_axis',(-0.994521895368273,-8.0242812989223E-17,
-0.104528463267653));
#3180=DIRECTION('ref_axis',(-8.06848128361306E-17,1.,0.));
#3181=DIRECTION('',(-0.102957402875965,0.172725370626739,0.979574254222155));
#3182=DIRECTION('',(0.103962051184498,-0.103962051184498,-0.989132844377854));
#3183=DIRECTION('',(8.06848128361306E-17,-1.,0.));
#3184=DIRECTION('',(-0.0847253696671724,0.585671777246434,0.806108045532213));
#3185=DIRECTION('center_axis',(2.74436807787028E-16,0.984807753012208,-0.17364817766693));
#3186=DIRECTION('ref_axis',(1.,-2.78670437907921E-16,0.));
#3187=DIRECTION('',(0.171087869746036,-0.171087869746036,-0.970287525247814));
#3188=DIRECTION('center_axis',(-0.984807753012208,0.,-0.17364817766693));
#3189=DIRECTION('ref_axis',(0.,1.,0.));
#3190=DIRECTION('',(0.172725370626739,-0.102957402875965,-0.979574254222155));
#3191=DIRECTION('center_axis',(0.664463024388675,-0.664463024388675,-0.342020143325668));
#3192=DIRECTION('ref_axis',(0.707106781186547,0.707106781186548,2.00696954548496E-17));
#3193=DIRECTION('',(0.707106781186547,0.707106781186548,2.00696954548496E-17));
#3194=DIRECTION('',(-0.164740575213942,0.316168168173999,-0.934290229164191));
#3195=DIRECTION('',(-0.524749120618422,-0.0889805787104242,-0.846593655198614));
#3196=DIRECTION('center_axis',(0.664463024388675,-0.664463024388675,0.342020143325669));
#3197=DIRECTION('ref_axis',(0.707106781186547,0.707106781186548,2.00696954548496E-17));
#3198=DIRECTION('',(0.088980578710424,0.524749120618423,0.846593655198614));
#3199=DIRECTION('',(-0.316168168174,0.164740575213942,0.934290229164191));
#3200=DIRECTION('center_axis',(0.,0.994521895368273,-0.104528463267653));
#3201=DIRECTION('ref_axis',(1.,0.,0.));
#3202=DIRECTION('',(0.172725370626739,0.102957402875965,0.979574254222155));
#3203=DIRECTION('',(-0.103962051184498,-0.103962051184498,-0.989132844377854));
#3204=DIRECTION('',(-1.,0.,0.));
#3205=DIRECTION('',(0.585671777246434,0.0847253696671723,0.806108045532213));
#3206=DIRECTION('center_axis',(0.984807753012208,6.17482817520812E-16,-0.17364817766693));
#3207=DIRECTION('ref_axis',(6.27008485292822E-16,-1.,0.));
#3208=DIRECTION('',(-0.171087869746035,-0.171087869746035,-0.970287525247814));
#3209=DIRECTION('center_axis',(2.74436807787028E-16,0.984807753012208,-0.17364817766693));
#3210=DIRECTION('ref_axis',(1.,-2.78670437907921E-16,0.));
#3211=DIRECTION('',(-0.102957402875965,-0.172725370626739,-0.979574254222155));
#3212=DIRECTION('center_axis',(-0.664463024388675,-0.664463024388675,-0.342020143325668));
#3213=DIRECTION('ref_axis',(0.707106781186548,-0.707106781186547,2.00696954548496E-17));
#3214=DIRECTION('',(0.707106781186548,-0.707106781186547,2.00696954548496E-17));
#3215=DIRECTION('',(0.316168168173999,0.164740575213942,-0.934290229164191));
#3216=DIRECTION('',(-0.0889805787104242,0.524749120618422,-0.846593655198614));
#3217=DIRECTION('center_axis',(-0.664463024388675,-0.664463024388675,0.342020143325669));
#3218=DIRECTION('ref_axis',(0.707106781186548,-0.707106781186547,2.00696954548496E-17));
#3219=DIRECTION('',(0.524749120618423,-0.088980578710424,0.846593655198614));
#3220=DIRECTION('',(0.164740575213942,0.316168168174,0.934290229164191));
#3221=DIRECTION('center_axis',(0.994521895368273,4.81456877935338E-17,-0.104528463267653));
#3222=DIRECTION('ref_axis',(4.84108877016783E-17,-1.,0.));
#3223=DIRECTION('',(0.102957402875965,-0.172725370626739,0.979574254222155));
#3224=DIRECTION('',(-0.103962051184498,0.103962051184498,-0.989132844377854));
#3225=DIRECTION('',(-4.84108877016783E-17,1.,0.));
#3226=DIRECTION('',(0.0847253696671724,-0.585671777246434,0.806108045532213));
#3227=DIRECTION('center_axis',(0.,-0.984807753012208,-0.17364817766693));
#3228=DIRECTION('ref_axis',(-1.,0.,0.));
#3229=DIRECTION('',(-0.171087869746036,0.171087869746036,-0.970287525247814));
#3230=DIRECTION('center_axis',(0.984807753012208,6.17482817520812E-16,-0.17364817766693));
#3231=DIRECTION('ref_axis',(6.27008485292822E-16,-1.,0.));
#3232=DIRECTION('',(-0.172725370626739,0.102957402875965,-0.979574254222155));
#3233=DIRECTION('center_axis',(0.809016994374948,-5.410778882338E-16,-0.587785252292473));
#3234=DIRECTION('ref_axis',(-6.6880905097901E-16,-1.,0.));
#3235=DIRECTION('',(-6.6880905097901E-16,-1.,0.));
#3236=DIRECTION('',(-0.585671777246434,0.0847253696671722,-0.806108045532213));
#3237=DIRECTION('center_axis',(0.,-0.994521895368273,-0.104528463267653));
#3238=DIRECTION('ref_axis',(-1.,0.,0.));
#3239=DIRECTION('',(1.,0.,0.));
#3240=DIRECTION('center_axis',(-5.410778882338E-16,-0.809016994374948,-0.587785252292473));
#3241=DIRECTION('ref_axis',(-1.,6.6880905097901E-16,0.));
#3242=DIRECTION('',(-1.,6.6880905097901E-16,0.));
#3243=DIRECTION('',(0.0847253696671723,0.585671777246434,-0.806108045532213));
#3244=DIRECTION('center_axis',(-0.994521895368273,-8.0242812989223E-17,
-0.104528463267653));
#3245=DIRECTION('ref_axis',(-8.06848128361306E-17,1.,0.));
#3246=DIRECTION('',(8.06848128361306E-17,-1.,0.));
#3247=DIRECTION('center_axis',(0.994521895368273,4.81456877935338E-17,-0.104528463267653));
#3248=DIRECTION('ref_axis',(4.84108877016783E-17,-1.,0.));
#3249=DIRECTION('',(-0.0847253696671722,-0.585671777246434,-0.806108045532213));
#3250=DIRECTION('',(-4.84108877016783E-17,1.,0.));
#3251=DIRECTION('center_axis',(-2.705389441169E-16,0.809016994374948,-0.587785252292473));
#3252=DIRECTION('ref_axis',(1.,3.34404525489505E-16,0.));
#3253=DIRECTION('',(1.,3.34404525489505E-16,0.));
#3254=DIRECTION('center_axis',(0.,0.994521895368273,-0.104528463267653));
#3255=DIRECTION('ref_axis',(1.,0.,0.));
#3256=DIRECTION('',(0.585671777246434,-0.0847253696671722,-0.806108045532213));
#3257=DIRECTION('',(-1.,0.,0.));
#3258=DIRECTION('center_axis',(-0.809016994374948,0.,-0.587785252292473));
#3259=DIRECTION('ref_axis',(0.,1.,0.));
#3260=DIRECTION('',(0.,1.,0.));
#3261=DIRECTION('center_axis',(0.,0.,1.));
#3262=DIRECTION('ref_axis',(1.,0.,0.));
#3263=DIRECTION('center_axis',(1.97624265859565E-16,0.,-1.));
#3264=DIRECTION('ref_axis',(-1.,0.,0.));
#3265=DIRECTION('',(-1.97624265859565E-16,0.,1.));
#3266=DIRECTION('center_axis',(1.97624265859565E-16,0.,-1.));
#3267=DIRECTION('ref_axis',(-1.,0.,0.));
#3268=DIRECTION('center_axis',(1.97624265859565E-16,0.,-1.));
#3269=DIRECTION('ref_axis',(-1.,0.,-1.97624265859565E-16));
#3270=DIRECTION('center_axis',(1.97624265859565E-16,0.,-1.));
#3271=DIRECTION('ref_axis',(-1.,0.,0.));
#3272=DIRECTION('',(-0.422618261740697,5.17558101501963E-17,0.906307787036651));
#3273=DIRECTION('axis',(0.,0.,1.));
#3274=DIRECTION('refdir',(1.,0.,0.));
#3275=DIRECTION('center_axis',(1.,0.,0.));
#3276=DIRECTION('ref_axis',(0.,0.,-1.));
#3277=DIRECTION('center_axis',(-0.301791180615005,-0.953374052144803,0.));
#3278=DIRECTION('ref_axis',(0.,0.,-1.));
#3279=DIRECTION('center_axis',(1.,0.,0.));
#3280=DIRECTION('ref_axis',(0.,0.,-1.));
#3281=DIRECTION('center_axis',(-0.301791180615005,-0.953374052144803,0.));
#3282=DIRECTION('ref_axis',(0.,0.,-1.));
#3283=DIRECTION('center_axis',(-0.301791180615005,-0.953374052144803,0.));
#3284=DIRECTION('ref_axis',(0.,0.,-1.));
#3285=DIRECTION('center_axis',(1.,0.,0.));
#3286=DIRECTION('ref_axis',(0.,0.,-1.));
#3287=DIRECTION('center_axis',(1.,0.,0.));
#3288=DIRECTION('ref_axis',(0.,1.,0.));
#3289=DIRECTION('center_axis',(1.,0.,0.));
#3290=DIRECTION('ref_axis',(0.,1.,0.));
#3291=DIRECTION('center_axis',(-1.,0.,0.));
#3292=DIRECTION('ref_axis',(0.,1.,0.));
#3293=DIRECTION('center_axis',(1.,0.,0.));
#3294=DIRECTION('ref_axis',(0.,1.,0.));
#3295=DIRECTION('center_axis',(-1.,0.,0.));
#3296=DIRECTION('ref_axis',(0.,1.,0.));
#3297=DIRECTION('',(0.,1.,0.));
#3298=DIRECTION('',(0.,0.764419530782281,0.644719148900199));
#3299=DIRECTION('center_axis',(1.,0.,0.));
#3300=DIRECTION('ref_axis',(0.,1.,0.));
#3301=DIRECTION('',(-1.,0.,0.));
#3302=DIRECTION('center_axis',(-1.,0.,0.));
#3303=DIRECTION('ref_axis',(0.,1.,0.));
#3304=DIRECTION('',(1.,0.,0.));
#3305=DIRECTION('center_axis',(1.,0.,0.));
#3306=DIRECTION('ref_axis',(0.,1.,0.));
#3307=DIRECTION('',(1.,0.,0.));
#3308=DIRECTION('center_axis',(-1.,0.,0.));
#3309=DIRECTION('ref_axis',(0.,1.,0.));
#3310=DIRECTION('center_axis',(1.,0.,0.));
#3311=DIRECTION('ref_axis',(0.,1.,0.));
#3312=DIRECTION('center_axis',(1.,0.,0.));
#3313=DIRECTION('ref_axis',(0.,1.,0.));
#3314=DIRECTION('center_axis',(-1.,0.,0.));
#3315=DIRECTION('ref_axis',(0.,1.,0.));
#3316=DIRECTION('center_axis',(1.,0.,0.));
#3317=DIRECTION('ref_axis',(0.,1.,0.));
#3318=DIRECTION('',(-1.,0.,0.));
#3319=DIRECTION('center_axis',(1.,0.,0.));
#3320=DIRECTION('ref_axis',(0.,1.,0.));
#3321=DIRECTION('',(1.,0.,0.));
#3322=DIRECTION('center_axis',(-1.,0.,0.));
#3323=DIRECTION('ref_axis',(0.,1.,0.));
#3324=DIRECTION('center_axis',(-1.,0.,0.));
#3325=DIRECTION('ref_axis',(0.,1.,0.));
#3326=DIRECTION('',(1.,0.,0.));
#3327=DIRECTION('center_axis',(1.,0.,0.));
#3328=DIRECTION('ref_axis',(0.,1.,0.));
#3329=DIRECTION('center_axis',(1.,0.,0.));
#3330=DIRECTION('ref_axis',(0.,1.,0.));
#3331=DIRECTION('',(0.,0.764419530782281,-0.644719148900199));
#3332=DIRECTION('',(0.,1.,0.));
#3333=DIRECTION('center_axis',(1.,0.,0.));
#3334=DIRECTION('ref_axis',(0.,1.,0.));
#3335=DIRECTION('center_axis',(-1.,0.,0.));
#3336=DIRECTION('ref_axis',(0.,1.,0.));
#3337=DIRECTION('',(-1.,0.,0.));
#3338=DIRECTION('center_axis',(-1.,0.,0.));
#3339=DIRECTION('ref_axis',(0.,1.,0.));
#3340=DIRECTION('center_axis',(1.,0.,0.));
#3341=DIRECTION('ref_axis',(0.,1.,0.));
#3342=DIRECTION('',(-1.,0.,0.));
#3343=DIRECTION('center_axis',(-1.,0.,0.));
#3344=DIRECTION('ref_axis',(0.,1.,0.));
#3345=DIRECTION('center_axis',(1.,0.,0.));
#3346=DIRECTION('ref_axis',(0.,1.,0.));
#3347=DIRECTION('',(-1.,0.,0.));
#3348=DIRECTION('center_axis',(-1.,0.,0.));
#3349=DIRECTION('ref_axis',(0.,1.,0.));
#3350=DIRECTION('center_axis',(1.,0.,0.));
#3351=DIRECTION('ref_axis',(0.,1.,0.));
#3352=DIRECTION('center_axis',(-1.,0.,0.));
#3353=DIRECTION('ref_axis',(0.,1.,0.));
#3354=DIRECTION('',(-1.,0.,0.));
#3355=DIRECTION('center_axis',(-1.,0.,0.));
#3356=DIRECTION('ref_axis',(0.,1.,0.));
#3357=DIRECTION('center_axis',(0.,0.,-1.));
#3358=DIRECTION('ref_axis',(0.,1.,0.));
#3359=DIRECTION('',(0.,-1.,0.));
#3360=DIRECTION('',(1.,0.,0.));
#3361=DIRECTION('',(1.,0.,0.));
#3362=DIRECTION('center_axis',(1.,0.,0.));
#3363=DIRECTION('ref_axis',(0.,0.,1.));
#3364=DIRECTION('center_axis',(1.,0.,0.));
#3365=DIRECTION('ref_axis',(0.,0.,1.));
#3366=DIRECTION('center_axis',(-1.,0.,0.));
#3367=DIRECTION('ref_axis',(0.,0.,1.));
#3368=DIRECTION('',(1.,0.,0.));
#3369=DIRECTION('center_axis',(0.,0.644719148900199,-0.764419530782281));
#3370=DIRECTION('ref_axis',(0.,0.764419530782281,0.644719148900199));
#3371=DIRECTION('',(0.,0.764419530782281,0.644719148900199));
#3372=DIRECTION('',(0.,0.764419530782281,0.644719148900199));
#3373=DIRECTION('',(1.,0.,0.));
#3374=DIRECTION('center_axis',(1.,0.,0.));
#3375=DIRECTION('ref_axis',(0.,1.,0.));
#3376=DIRECTION('center_axis',(1.,0.,0.));
#3377=DIRECTION('ref_axis',(0.,1.,0.));
#3378=DIRECTION('center_axis',(1.,0.,0.));
#3379=DIRECTION('ref_axis',(0.,1.,0.));
#3380=DIRECTION('',(1.,0.,0.));
#3381=DIRECTION('center_axis',(0.,-0.644719148900199,-0.764419530782281));
#3382=DIRECTION('ref_axis',(0.,0.764419530782281,-0.644719148900199));
#3383=DIRECTION('',(0.,-0.764419530782281,0.644719148900199));
#3384=DIRECTION('',(0.,0.764419530782281,-0.644719148900199));
#3385=DIRECTION('',(1.,0.,0.));
#3386=DIRECTION('center_axis',(1.,0.,0.));
#3387=DIRECTION('ref_axis',(0.,0.992794078978361,-0.119832870054535));
#3388=DIRECTION('center_axis',(1.,0.,0.));
#3389=DIRECTION('ref_axis',(0.,0.992794078978361,-0.119832870054535));
#3390=DIRECTION('center_axis',(-1.,0.,0.));
#3391=DIRECTION('ref_axis',(0.,0.992794078978361,-0.119832870054535));
#3392=DIRECTION('',(1.,0.,0.));
#3393=DIRECTION('center_axis',(0.,0.,-1.));
#3394=DIRECTION('ref_axis',(0.,1.,0.));
#3395=DIRECTION('',(0.,1.,0.));
#3396=DIRECTION('',(1.,0.,0.));
#3397=DIRECTION('center_axis',(0.,-0.644719148900199,-0.764419530782281));
#3398=DIRECTION('ref_axis',(0.,0.764419530782281,-0.644719148900199));
#3399=DIRECTION('',(0.,-0.764419530782281,0.644719148900199));
#3400=DIRECTION('center_axis',(0.,-0.644719148900199,0.764419530782281));
#3401=DIRECTION('ref_axis',(0.,-0.764419530782281,-0.644719148900199));
#3402=DIRECTION('',(0.,-0.764419530782281,-0.644719148900199));
#3403=DIRECTION('',(0.,-0.764419530782281,-0.644719148900199));
#3404=DIRECTION('',(1.,0.,0.));
#3405=DIRECTION('center_axis',(1.,0.,0.));
#3406=DIRECTION('ref_axis',(0.,1.,0.));
#3407=DIRECTION('center_axis',(1.,0.,0.));
#3408=DIRECTION('ref_axis',(0.,1.,0.));
#3409=DIRECTION('center_axis',(1.,0.,0.));
#3410=DIRECTION('ref_axis',(0.,1.,0.));
#3411=DIRECTION('',(1.,0.,0.));
#3412=DIRECTION('center_axis',(0.,0.644719148900199,0.764419530782281));
#3413=DIRECTION('ref_axis',(0.,-0.764419530782281,0.644719148900199));
#3414=DIRECTION('',(0.,0.764419530782281,-0.644719148900199));
#3415=DIRECTION('',(0.,-0.764419530782281,0.644719148900199));
#3416=DIRECTION('center_axis',(0.,0.644719148900199,-0.764419530782281));
#3417=DIRECTION('ref_axis',(0.,0.764419530782281,0.644719148900199));
#3418=DIRECTION('',(0.,0.764419530782281,0.644719148900199));
#3419=DIRECTION('center_axis',(1.,0.,0.));
#3420=DIRECTION('ref_axis',(0.,1.,0.));
#3421=DIRECTION('center_axis',(1.,0.,0.));
#3422=DIRECTION('ref_axis',(0.,1.,0.));
#3423=DIRECTION('center_axis',(0.,1.,0.));
#3424=DIRECTION('ref_axis',(0.,0.,-1.));
#3425=DIRECTION('',(0.,0.,-1.));
#3426=DIRECTION('',(-1.,0.,0.));
#3427=DIRECTION('',(0.,0.,1.));
#3428=DIRECTION('',(-1.,0.,0.));
#3429=DIRECTION('center_axis',(0.,0.499999999999999,0.866025403784439));
#3430=DIRECTION('ref_axis',(0.,0.866025403784439,-0.499999999999999));
#3431=DIRECTION('',(0.,0.866025403784439,-0.499999999999999));
#3432=DIRECTION('',(-1.,0.,0.));
#3433=DIRECTION('',(0.,-0.866025403784439,0.499999999999999));
#3434=DIRECTION('center_axis',(0.,-0.500000000000001,0.866025403784438));
#3435=DIRECTION('ref_axis',(0.,0.866025403784438,0.500000000000001));
#3436=DIRECTION('',(0.,0.866025403784438,0.500000000000001));
#3437=DIRECTION('',(-1.,0.,0.));
#3438=DIRECTION('',(0.,-0.866025403784438,-0.500000000000001));
#3439=DIRECTION('center_axis',(0.,-1.,-2.29607484941321E-15));
#3440=DIRECTION('ref_axis',(0.,-2.29607484941321E-15,1.));
#3441=DIRECTION('',(0.,-2.29607484941321E-15,1.));
#3442=DIRECTION('',(-1.,0.,0.));
#3443=DIRECTION('',(0.,2.29607484941321E-15,-1.));
#3444=DIRECTION('center_axis',(0.,-0.499999999999999,-0.866025403784439));
#3445=DIRECTION('ref_axis',(0.,-0.866025403784439,0.499999999999999));
#3446=DIRECTION('',(0.,-0.866025403784439,0.499999999999999));
#3447=DIRECTION('',(-1.,0.,0.));
#3448=DIRECTION('',(0.,0.866025403784439,-0.499999999999999));
#3449=DIRECTION('center_axis',(0.,0.500000000000002,-0.866025403784438));
#3450=DIRECTION('ref_axis',(0.,-0.866025403784437,-0.500000000000002));
#3451=DIRECTION('',(0.,-0.866025403784437,-0.500000000000002));
#3452=DIRECTION('',(0.,0.866025403784437,0.500000000000002));
#3453=DIRECTION('center_axis',(1.,0.,0.));
#3454=DIRECTION('ref_axis',(0.,1.,0.));
#3455=DIRECTION('center_axis',(-1.,0.,0.));
#3456=DIRECTION('ref_axis',(0.,1.,0.));
#3457=DIRECTION('center_axis',(0.,0.5,0.866025403784439));
#3458=DIRECTION('ref_axis',(0.,0.866025403784439,-0.5));
#3459=DIRECTION('',(0.,-0.866025403784439,0.5));
#3460=DIRECTION('',(-1.,0.,0.));
#3461=DIRECTION('',(0.,-0.866025403784439,0.5));
#3462=DIRECTION('',(-1.,0.,0.));
#3463=DIRECTION('center_axis',(0.,-0.499999999999999,0.866025403784439));
#3464=DIRECTION('ref_axis',(0.,0.866025403784439,0.499999999999999));
#3465=DIRECTION('',(0.,-0.866025403784439,-0.499999999999999));
#3466=DIRECTION('',(-1.,0.,0.));
#3467=DIRECTION('',(0.,-0.866025403784439,-0.499999999999999));
#3468=DIRECTION('center_axis',(0.,-1.,0.));
#3469=DIRECTION('ref_axis',(0.,0.,1.));
#3470=DIRECTION('',(0.,0.,-1.));
#3471=DIRECTION('',(-1.,0.,0.));
#3472=DIRECTION('',(0.,0.,-1.));
#3473=DIRECTION('center_axis',(0.,-0.500000000000001,-0.866025403784438));
#3474=DIRECTION('ref_axis',(0.,-0.866025403784438,0.500000000000001));
#3475=DIRECTION('',(0.,0.866025403784438,-0.500000000000001));
#3476=DIRECTION('',(-1.,0.,0.));
#3477=DIRECTION('',(0.,0.866025403784438,-0.500000000000001));
#3478=DIRECTION('center_axis',(0.,0.499999999999999,-0.866025403784439));
#3479=DIRECTION('ref_axis',(0.,-0.866025403784439,-0.499999999999999));
#3480=DIRECTION('',(0.,0.866025403784439,0.499999999999999));
#3481=DIRECTION('',(-1.,0.,0.));
#3482=DIRECTION('',(0.,0.866025403784439,0.499999999999999));
#3483=DIRECTION('center_axis',(0.,1.,-2.29607484941321E-15));
#3484=DIRECTION('ref_axis',(0.,-2.29607484941321E-15,-1.));
#3485=DIRECTION('',(0.,2.29607484941321E-15,1.));
#3486=DIRECTION('',(0.,2.29607484941321E-15,1.));
#3487=DIRECTION('center_axis',(1.,0.,0.));
#3488=DIRECTION('ref_axis',(0.,1.,0.));
#3489=DIRECTION('center_axis',(-1.,0.,0.));
#3490=DIRECTION('ref_axis',(0.,1.,0.));
#3491=DIRECTION('center_axis',(1.,0.,0.));
#3492=DIRECTION('ref_axis',(0.,1.,0.));
#3493=DIRECTION('',(1.,0.,0.));
#3494=DIRECTION('center_axis',(-1.,0.,0.));
#3495=DIRECTION('ref_axis',(0.,1.,0.));
#3496=DIRECTION('center_axis',(1.,0.,0.));
#3497=DIRECTION('ref_axis',(0.,1.,0.));
#3498=DIRECTION('',(1.,0.,0.));
#3499=DIRECTION('center_axis',(-1.,0.,0.));
#3500=DIRECTION('ref_axis',(0.,1.,0.));
#3501=DIRECTION('center_axis',(1.,0.,0.));
#3502=DIRECTION('ref_axis',(0.,1.,0.));
#3503=DIRECTION('center_axis',(1.,0.,0.));
#3504=DIRECTION('ref_axis',(0.,1.,0.));
#3505=DIRECTION('',(1.,0.,0.));
#3506=DIRECTION('center_axis',(-1.,0.,0.));
#3507=DIRECTION('ref_axis',(0.,1.,0.));
#3508=DIRECTION('center_axis',(1.,0.,0.));
#3509=DIRECTION('ref_axis',(0.,1.,0.));
#3510=DIRECTION('center_axis',(1.,0.,0.));
#3511=DIRECTION('ref_axis',(0.,1.,0.));
#3512=DIRECTION('center_axis',(1.,0.,0.));
#3513=DIRECTION('ref_axis',(0.,1.,0.));
#3514=DIRECTION('',(1.,0.,0.));
#3515=DIRECTION('center_axis',(-1.,0.,0.));
#3516=DIRECTION('ref_axis',(0.,1.,0.));
#3517=DIRECTION('center_axis',(1.,0.,0.));
#3518=DIRECTION('ref_axis',(0.,1.,0.));
#3519=DIRECTION('center_axis',(1.,0.,0.));
#3520=DIRECTION('ref_axis',(0.,-1.,0.));
#3521=DIRECTION('center_axis',(1.,0.,0.));
#3522=DIRECTION('ref_axis',(0.,-1.,0.));
#3523=DIRECTION('',(1.,0.,0.));
#3524=DIRECTION('center_axis',(-1.,0.,0.));
#3525=DIRECTION('ref_axis',(0.,-1.,0.));
#3526=DIRECTION('center_axis',(1.,0.,0.));
#3527=DIRECTION('ref_axis',(0.,-1.,0.));
#3528=DIRECTION('center_axis',(1.,0.,0.));
#3529=DIRECTION('ref_axis',(0.,-1.,0.));
#3530=DIRECTION('',(1.,0.,0.));
#3531=DIRECTION('center_axis',(-1.,0.,0.));
#3532=DIRECTION('ref_axis',(0.,-1.,0.));
#3533=DIRECTION('center_axis',(1.,0.,0.));
#3534=DIRECTION('ref_axis',(0.,1.,0.));
#3535=DIRECTION('center_axis',(-1.,0.,0.));
#3536=DIRECTION('ref_axis',(0.,1.,0.));
#3537=DIRECTION('center_axis',(1.,0.,0.));
#3538=DIRECTION('ref_axis',(0.,1.,0.));
#3539=DIRECTION('center_axis',(-1.,0.,0.));
#3540=DIRECTION('ref_axis',(0.,1.,0.));
#3541=DIRECTION('center_axis',(-1.,0.,0.));
#3542=DIRECTION('ref_axis',(0.,1.,0.));
#3543=DIRECTION('center_axis',(1.,0.,0.));
#3544=DIRECTION('ref_axis',(0.,1.,0.));
#3545=DIRECTION('',(1.,0.,0.));
#3546=DIRECTION('center_axis',(-1.,0.,0.));
#3547=DIRECTION('ref_axis',(0.,1.,0.));
#3548=DIRECTION('center_axis',(-1.,0.,0.));
#3549=DIRECTION('ref_axis',(0.,1.,0.));
#3550=DIRECTION('',(1.,0.,0.));
#3551=DIRECTION('center_axis',(-1.,0.,0.));
#3552=DIRECTION('ref_axis',(0.,1.,0.));
#3553=DIRECTION('center_axis',(0.,1.,1.34697499209691E-15));
#3554=DIRECTION('ref_axis',(0.,1.34697499209691E-15,-1.));
#3555=DIRECTION('',(0.,-1.34697499209691E-15,1.));
#3556=DIRECTION('',(1.,0.,0.));
#3557=DIRECTION('',(0.,1.34697499209691E-15,-1.));
#3558=DIRECTION('',(-1.,0.,0.));
#3559=DIRECTION('center_axis',(-1.,0.,0.));
#3560=DIRECTION('ref_axis',(0.,1.,0.));
#3561=DIRECTION('center_axis',(1.,0.,0.));
#3562=DIRECTION('ref_axis',(0.,1.,0.));
#3563=DIRECTION('center_axis',(-1.,0.,0.));
#3564=DIRECTION('ref_axis',(0.,1.,0.));
#3565=DIRECTION('',(-1.,0.,0.));
#3566=DIRECTION('center_axis',(0.,0.,1.));
#3567=DIRECTION('ref_axis',(0.,1.,0.));
#3568=DIRECTION('',(0.,-1.,0.));
#3569=DIRECTION('',(0.,1.,0.));
#3570=DIRECTION('',(-1.,0.,0.));
#3571=DIRECTION('center_axis',(-1.,0.,0.));
#3572=DIRECTION('ref_axis',(0.,0.,1.));
#3573=DIRECTION('center_axis',(1.,0.,0.));
#3574=DIRECTION('ref_axis',(0.,0.,1.));
#3575=DIRECTION('center_axis',(-1.,0.,0.));
#3576=DIRECTION('ref_axis',(0.,0.,1.));
#3577=DIRECTION('',(-1.,0.,0.));
#3578=DIRECTION('center_axis',(0.,-1.,0.));
#3579=DIRECTION('ref_axis',(0.,0.,1.));
#3580=DIRECTION('',(0.,0.,-1.));
#3581=DIRECTION('',(0.,0.,1.));
#3582=DIRECTION('',(-1.,0.,0.));
#3583=DIRECTION('center_axis',(-1.,0.,0.));
#3584=DIRECTION('ref_axis',(0.,-1.,0.));
#3585=DIRECTION('center_axis',(1.,0.,0.));
#3586=DIRECTION('ref_axis',(0.,-1.,0.));
#3587=DIRECTION('center_axis',(-1.,0.,0.));
#3588=DIRECTION('ref_axis',(0.,-1.,0.));
#3589=DIRECTION('',(-1.,0.,0.));
#3590=DIRECTION('center_axis',(-1.,0.,0.));
#3591=DIRECTION('ref_axis',(0.,1.,3.41607084500048E-16));
#3592=DIRECTION('center_axis',(1.,0.,0.));
#3593=DIRECTION('ref_axis',(0.,1.,3.41607084500048E-16));
#3594=DIRECTION('center_axis',(1.,0.,0.));
#3595=DIRECTION('ref_axis',(0.,1.,3.41607084500048E-16));
#3596=DIRECTION('',(-1.,0.,0.));
#3597=DIRECTION('center_axis',(1.,0.,0.));
#3598=DIRECTION('ref_axis',(0.,1.,0.));
#3599=DIRECTION('center_axis',(1.,0.,0.));
#3600=DIRECTION('ref_axis',(0.,1.,0.));
#3601=DIRECTION('center_axis',(1.,0.,0.));
#3602=DIRECTION('ref_axis',(0.,1.,0.));
#3603=DIRECTION('center_axis',(1.,0.,0.));
#3604=DIRECTION('ref_axis',(0.,1.,0.));
#3605=DIRECTION('center_axis',(-1.,0.,0.));
#3606=DIRECTION('ref_axis',(0.,1.,0.));
#3607=DIRECTION('center_axis',(-1.,0.,0.));
#3608=DIRECTION('ref_axis',(0.,1.,0.));
#3609=DIRECTION('center_axis',(1.,0.,0.));
#3610=DIRECTION('ref_axis',(0.,1.,0.));
#3611=DIRECTION('',(1.,0.,0.));
#3612=DIRECTION('center_axis',(-1.,0.,0.));
#3613=DIRECTION('ref_axis',(0.,1.,0.));
#3614=DIRECTION('center_axis',(-1.,0.,0.));
#3615=DIRECTION('ref_axis',(0.,1.,0.));
#3616=DIRECTION('',(1.,0.,0.));
#3617=DIRECTION('center_axis',(-1.,0.,0.));
#3618=DIRECTION('ref_axis',(0.,1.,0.));
#3619=DIRECTION('center_axis',(0.,1.,1.77635683940025E-15));
#3620=DIRECTION('ref_axis',(0.,1.77635683940025E-15,-1.));
#3621=DIRECTION('',(0.,1.77635683940025E-15,-1.));
#3622=DIRECTION('',(-1.,0.,0.));
#3623=DIRECTION('',(0.,1.77635683940025E-15,-1.));
#3624=DIRECTION('',(-1.,0.,0.));
#3625=DIRECTION('center_axis',(-1.,0.,0.));
#3626=DIRECTION('ref_axis',(0.,1.,0.));
#3627=DIRECTION('center_axis',(1.,0.,0.));
#3628=DIRECTION('ref_axis',(0.,1.,0.));
#3629=DIRECTION('center_axis',(-1.,0.,0.));
#3630=DIRECTION('ref_axis',(0.,1.,0.));
#3631=DIRECTION('',(-1.,0.,0.));
#3632=DIRECTION('center_axis',(0.,-4.62592926927148E-16,1.));
#3633=DIRECTION('ref_axis',(0.,1.,4.62592926927148E-16));
#3634=DIRECTION('',(0.,1.,4.62592926927148E-16));
#3635=DIRECTION('',(0.,1.,4.62592926927148E-16));
#3636=DIRECTION('',(-1.,0.,0.));
#3637=DIRECTION('center_axis',(-1.,0.,0.));
#3638=DIRECTION('ref_axis',(0.,1.,0.));
#3639=DIRECTION('center_axis',(1.,0.,0.));
#3640=DIRECTION('ref_axis',(0.,1.,0.));
#3641=DIRECTION('center_axis',(-1.,0.,0.));
#3642=DIRECTION('ref_axis',(0.,1.,0.));
#3643=DIRECTION('',(-1.,0.,0.));
#3644=DIRECTION('center_axis',(0.,-1.,7.69699995483947E-16));
#3645=DIRECTION('ref_axis',(0.,7.69699995483947E-16,1.));
#3646=DIRECTION('',(0.,7.69699995483947E-16,1.));
#3647=DIRECTION('',(0.,7.69699995483947E-16,1.));
#3648=DIRECTION('',(-1.,0.,0.));
#3649=DIRECTION('center_axis',(-1.,0.,0.));
#3650=DIRECTION('ref_axis',(0.,0.,1.));
#3651=DIRECTION('center_axis',(1.,0.,0.));
#3652=DIRECTION('ref_axis',(0.,0.,1.));
#3653=DIRECTION('',(-1.,0.,0.));
#3654=DIRECTION('center_axis',(1.,0.,0.));
#3655=DIRECTION('ref_axis',(0.,0.,1.));
#3656=DIRECTION('',(-1.,0.,0.));
#3657=DIRECTION('center_axis',(-1.,0.,0.));
#3658=DIRECTION('ref_axis',(0.,-5.92118946466753E-15,-1.));
#3659=DIRECTION('center_axis',(1.,0.,0.));
#3660=DIRECTION('ref_axis',(0.,-5.92118946466753E-15,-1.));
#3661=DIRECTION('center_axis',(-1.,0.,0.));
#3662=DIRECTION('ref_axis',(0.,-5.92118946466753E-15,-1.));
#3663=DIRECTION('center_axis',(1.,0.,0.));
#3664=DIRECTION('ref_axis',(0.,1.,0.));
#3665=DIRECTION('center_axis',(1.,0.,0.));
#3666=DIRECTION('ref_axis',(0.,1.,0.));
#3667=DIRECTION('center_axis',(1.,0.,0.));
#3668=DIRECTION('ref_axis',(0.,1.,0.));
#3669=DIRECTION('center_axis',(-1.,0.,0.));
#3670=DIRECTION('ref_axis',(0.,1.,0.));
#3671=DIRECTION('center_axis',(-1.,0.,0.));
#3672=DIRECTION('ref_axis',(0.,1.,0.));
#3673=DIRECTION('center_axis',(1.,0.,0.));
#3674=DIRECTION('ref_axis',(0.,1.,0.));
#3675=DIRECTION('center_axis',(1.,0.,0.));
#3676=DIRECTION('ref_axis',(0.,1.,0.));
#3677=DIRECTION('center_axis',(1.,0.,0.));
#3678=DIRECTION('ref_axis',(0.,1.,0.));
#3679=DIRECTION('center_axis',(1.,0.,0.));
#3680=DIRECTION('ref_axis',(0.,1.,0.));
#3681=DIRECTION('',(0.,-1.,0.));
#3682=DIRECTION('center_axis',(1.,0.,0.));
#3683=DIRECTION('ref_axis',(0.,0.,1.));
#3684=DIRECTION('center_axis',(1.,0.,0.));
#3685=DIRECTION('ref_axis',(0.,1.,0.));
#3686=DIRECTION('center_axis',(1.,0.,0.));
#3687=DIRECTION('ref_axis',(0.,1.,0.));
#3688=DIRECTION('center_axis',(1.,0.,0.));
#3689=DIRECTION('ref_axis',(0.,1.,3.41607084500048E-16));
#3690=DIRECTION('center_axis',(1.,0.,0.));
#3691=DIRECTION('ref_axis',(0.,-1.,0.));
#3692=DIRECTION('',(0.,0.,-1.));
#3693=DIRECTION('center_axis',(1.,0.,0.));
#3694=DIRECTION('ref_axis',(0.,0.,1.));
#3695=DIRECTION('',(0.,1.,4.62592926927148E-16));
#3696=DIRECTION('center_axis',(1.,0.,0.));
#3697=DIRECTION('ref_axis',(0.,1.,0.));
#3698=DIRECTION('',(0.,1.77635683940025E-15,-1.));
#3699=DIRECTION('center_axis',(1.,0.,0.));
#3700=DIRECTION('ref_axis',(0.,-5.92118946466753E-15,-1.));
#3701=DIRECTION('center_axis',(1.,0.,0.));
#3702=DIRECTION('ref_axis',(0.,0.,1.));
#3703=DIRECTION('center_axis',(-1.,0.,0.));
#3704=DIRECTION('ref_axis',(0.,1.,0.));
#3705=DIRECTION('center_axis',(-1.,0.,0.));
#3706=DIRECTION('ref_axis',(0.,1.,0.));
#3707=DIRECTION('center_axis',(-1.,0.,0.));
#3708=DIRECTION('ref_axis',(0.,1.,0.));
#3709=DIRECTION('center_axis',(1.,0.,0.));
#3710=DIRECTION('ref_axis',(0.,1.,0.));
#3711=DIRECTION('center_axis',(-1.,0.,0.));
#3712=DIRECTION('ref_axis',(0.,1.,0.));
#3713=DIRECTION('',(-1.,0.,0.));
#3714=DIRECTION('center_axis',(1.,0.,0.));
#3715=DIRECTION('ref_axis',(0.,1.,0.));
#3716=DIRECTION('center_axis',(-1.,0.,0.));
#3717=DIRECTION('ref_axis',(0.,1.,0.));
#3718=DIRECTION('',(-1.,0.,0.));
#3719=DIRECTION('center_axis',(1.,0.,0.));
#3720=DIRECTION('ref_axis',(0.,1.,0.));
#3721=DIRECTION('center_axis',(-1.,0.,0.));
#3722=DIRECTION('ref_axis',(0.,1.,0.));
#3723=DIRECTION('',(-1.,0.,0.));
#3724=DIRECTION('center_axis',(1.,0.,0.));
#3725=DIRECTION('ref_axis',(0.,0.,1.));
#3726=DIRECTION('',(1.,0.,0.));
#3727=DIRECTION('center_axis',(-1.,0.,0.));
#3728=DIRECTION('ref_axis',(0.,0.,1.));
#3729=DIRECTION('',(1.,0.,0.));
#3730=DIRECTION('center_axis',(1.,0.,0.));
#3731=DIRECTION('ref_axis',(0.,1.,0.));
#3732=DIRECTION('center_axis',(1.,0.,0.));
#3733=DIRECTION('ref_axis',(0.,1.,0.));
#3734=DIRECTION('',(1.,0.,0.));
#3735=DIRECTION('',(-1.,0.,0.));
#3736=DIRECTION('center_axis',(1.,0.,0.));
#3737=DIRECTION('ref_axis',(0.,1.,0.));
#3738=DIRECTION('center_axis',(-1.,0.,0.));
#3739=DIRECTION('ref_axis',(0.,1.,0.));
#3740=DIRECTION('',(1.,0.,0.));
#3741=DIRECTION('center_axis',(0.,0.,-1.));
#3742=DIRECTION('ref_axis',(0.,1.,0.));
#3743=DIRECTION('',(0.,1.,0.));
#3744=DIRECTION('',(1.,0.,0.));
#3745=DIRECTION('center_axis',(1.,0.,0.));
#3746=DIRECTION('ref_axis',(0.,0.,1.));
#3747=DIRECTION('center_axis',(-1.,0.,0.));
#3748=DIRECTION('ref_axis',(0.,0.,1.));
#3749=DIRECTION('',(1.,0.,0.));
#3750=DIRECTION('center_axis',(1.,0.,0.));
#3751=DIRECTION('ref_axis',(0.,1.,0.));
#3752=DIRECTION('center_axis',(1.,0.,0.));
#3753=DIRECTION('ref_axis',(0.,1.,0.));
#3754=DIRECTION('',(1.,0.,0.));
#3755=DIRECTION('',(-1.,0.,0.));
#3756=DIRECTION('center_axis',(1.,0.,0.));
#3757=DIRECTION('ref_axis',(0.,1.,3.41607084500048E-16));
#3758=DIRECTION('center_axis',(-1.,0.,0.));
#3759=DIRECTION('ref_axis',(0.,1.,3.41607084500048E-16));
#3760=DIRECTION('',(1.,0.,0.));
#3761=DIRECTION('center_axis',(1.,0.,0.));
#3762=DIRECTION('ref_axis',(0.,-1.,0.));
#3763=DIRECTION('center_axis',(1.,0.,0.));
#3764=DIRECTION('ref_axis',(0.,-1.,0.));
#3765=DIRECTION('',(1.,0.,0.));
#3766=DIRECTION('center_axis',(0.,-1.,0.));
#3767=DIRECTION('ref_axis',(0.,0.,-1.));
#3768=DIRECTION('',(0.,0.,-1.));
#3769=DIRECTION('',(1.,0.,0.));
#3770=DIRECTION('center_axis',(1.,0.,0.));
#3771=DIRECTION('ref_axis',(0.,0.,1.));
#3772=DIRECTION('center_axis',(1.,0.,0.));
#3773=DIRECTION('ref_axis',(0.,0.,1.));
#3774=DIRECTION('',(1.,0.,0.));
#3775=DIRECTION('center_axis',(0.,-4.62592926927148E-16,1.));
#3776=DIRECTION('ref_axis',(0.,-1.,-4.62592926927148E-16));
#3777=DIRECTION('',(0.,-1.,-4.62592926927148E-16));
#3778=DIRECTION('',(1.,0.,0.));
#3779=DIRECTION('center_axis',(1.,0.,0.));
#3780=DIRECTION('ref_axis',(0.,1.,0.));
#3781=DIRECTION('center_axis',(1.,0.,0.));
#3782=DIRECTION('ref_axis',(0.,1.,0.));
#3783=DIRECTION('',(1.,0.,0.));
#3784=DIRECTION('center_axis',(0.,1.,1.77635683940025E-15));
#3785=DIRECTION('ref_axis',(0.,-1.77635683940025E-15,1.));
#3786=DIRECTION('',(0.,-1.77635683940025E-15,1.));
#3787=DIRECTION('',(1.,0.,0.));
#3788=DIRECTION('center_axis',(1.,0.,0.));
#3789=DIRECTION('ref_axis',(0.,-5.92118946466753E-15,-1.));
#3790=DIRECTION('center_axis',(1.,0.,0.));
#3791=DIRECTION('ref_axis',(0.,-5.92118946466753E-15,-1.));
#3792=DIRECTION('center_axis',(1.,0.,0.));
#3793=DIRECTION('ref_axis',(0.,1.,0.));
#3794=DIRECTION('center_axis',(-1.,0.,0.));
#3795=DIRECTION('ref_axis',(0.,1.,0.));
#3796=DIRECTION('center_axis',(-1.,0.,0.));
#3797=DIRECTION('ref_axis',(0.,1.,0.));
#3798=DIRECTION('',(1.,0.,0.));
#3799=DIRECTION('center_axis',(1.,0.,0.));
#3800=DIRECTION('ref_axis',(0.,1.,0.));
#3801=DIRECTION('center_axis',(1.,0.,0.));
#3802=DIRECTION('ref_axis',(0.,1.,0.));
#3803=DIRECTION('center_axis',(1.,0.,0.));
#3804=DIRECTION('ref_axis',(0.,1.,0.));
#3805=DIRECTION('center_axis',(-1.,0.,0.));
#3806=DIRECTION('ref_axis',(0.,1.,0.));
#3807=DIRECTION('center_axis',(-1.,0.,0.));
#3808=DIRECTION('ref_axis',(0.,1.,0.));
#3809=DIRECTION('',(1.,0.,0.));
#3810=DIRECTION('center_axis',(1.,0.,0.));
#3811=DIRECTION('ref_axis',(0.,1.,0.));
#3812=DIRECTION('center_axis',(1.,0.,0.));
#3813=DIRECTION('ref_axis',(0.,1.,0.));
#3814=DIRECTION('center_axis',(1.,0.,0.));
#3815=DIRECTION('ref_axis',(0.,1.,0.));
#3816=DIRECTION('',(-1.,0.,0.));
#3817=DIRECTION('',(0.,-0.5,0.866025403784439));
#3818=DIRECTION('',(-1.,0.,0.));
#3819=DIRECTION('',(0.,-0.5,0.866025403784439));
#3820=DIRECTION('',(1.,-1.22464679914735E-16,0.));
#3821=DIRECTION('',(0.,0.,1.));
#3822=DIRECTION('',(1.,-1.22464679914735E-16,0.));
#3823=DIRECTION('',(0.,0.,1.));
#3824=DIRECTION('',(1.,8.62816615085482E-32,-4.10536659470162E-48));
#3825=DIRECTION('',(-2.46519032881566E-32,-5.55111512312579E-17,-1.));
#3826=DIRECTION('',(0.999999999999996,8.51742517905258E-32,-1.99493199737332E-17));
#3827=DIRECTION('',(-1.99493199737333E-17,-5.55111512312578E-17,-0.999999999999999));
#3828=CARTESIAN_POINT('',(0.,0.,0.));
#3829=CARTESIAN_POINT('',(0.,0.,0.));
#3830=CARTESIAN_POINT('Origin',(0.,0.,0.8));
#3831=CARTESIAN_POINT('',(1.666,-2.04026156737949E-16,0.578504969728003));
#3832=CARTESIAN_POINT('Origin',(0.,0.,0.578504969728003));
#3833=CARTESIAN_POINT('',(2.,-2.44929359829471E-16,-1.38777878078145E-16));
#3834=CARTESIAN_POINT('',(1.5381197846483,-1.88365347097475E-16,0.8));
#3835=CARTESIAN_POINT('Origin',(0.,0.,0.));
#3836=CARTESIAN_POINT('Origin',(0.,0.,2.4));
#3837=CARTESIAN_POINT('',(2.,-2.44929359829471E-16,3.2));
#3838=CARTESIAN_POINT('Origin',(0.,0.,3.2));
#3839=CARTESIAN_POINT('',(1.666,2.04026156737949E-16,2.62149503027199));
#3840=CARTESIAN_POINT('',(1.5381197846483,-1.88365347097475E-16,2.4));
#3841=CARTESIAN_POINT('Origin',(0.,0.,2.62149503027199));
#3842=CARTESIAN_POINT('Origin',(0.00181468412045444,4.04249959269281,3.2));
#3843=CARTESIAN_POINT('',(8.48124436373645E-15,4.04145188432738,0.630150039223937));
#3844=CARTESIAN_POINT('',(9.15530776282259E-15,4.04145188432738,2.56984996077607));
#3845=CARTESIAN_POINT('',(8.74300631892311E-15,4.04145188432738,3.2));
#3846=CARTESIAN_POINT('',(-3.5,2.0207259421637,0.630150039223937));
#3847=CARTESIAN_POINT('Ctrl Pts',(-3.5,2.0207259421637,0.630150039223937));
#3848=CARTESIAN_POINT('Ctrl Pts',(-1.74999999999999,3.03108891324554,0.0468167058906017));
#3849=CARTESIAN_POINT('Ctrl Pts',(8.48124436373645E-15,4.04145188432738,
0.630150039223937));
#3850=CARTESIAN_POINT('',(-3.5,2.0207259421637,2.56984996077607));
#3851=CARTESIAN_POINT('',(-3.5,2.0207259421637,3.2));
#3852=CARTESIAN_POINT('Ctrl Pts',(9.15530776282259E-15,4.04145188432738,
2.56984996077607));
#3853=CARTESIAN_POINT('Ctrl Pts',(-1.74999999999999,3.03108891324554,3.1531832941094));
#3854=CARTESIAN_POINT('Ctrl Pts',(-3.5,2.0207259421637,2.56984996077607));
#3855=CARTESIAN_POINT('Origin',(-3.5,2.02282135889456,3.2));
#3856=CARTESIAN_POINT('',(-3.5,-2.02072594216368,0.630150039223937));
#3857=CARTESIAN_POINT('Ctrl Pts',(-3.5,-2.02072594216368,0.630150039223937));
#3858=CARTESIAN_POINT('Ctrl Pts',(-3.5,5.82867087928207E-15,0.0468167058906034));
#3859=CARTESIAN_POINT('Ctrl Pts',(-3.5,2.0207259421637,0.630150039223937));
#3860=CARTESIAN_POINT('',(-3.5,-2.02072594216368,2.56984996077607));
#3861=CARTESIAN_POINT('',(-3.5,-2.02072594216368,3.2));
#3862=CARTESIAN_POINT('Ctrl Pts',(-3.5,2.0207259421637,2.56984996077607));
#3863=CARTESIAN_POINT('Ctrl Pts',(-3.5,3.33066907387547E-15,3.1531832941094));
#3864=CARTESIAN_POINT('Ctrl Pts',(-3.5,-2.02072594216368,2.56984996077607));
#3865=CARTESIAN_POINT('Origin',(0.,0.,0.315377584544833));
#3866=CARTESIAN_POINT('',(2.95,-3.61270805748469E-16,-2.08166817117217E-16));
#3867=CARTESIAN_POINT('Origin',(0.,0.,0.));
#3868=CARTESIAN_POINT('',(3.5,-4.3970649531413E-16,0.317542648054292));
#3869=CARTESIAN_POINT('',(3.49625,-4.28167137151893E-16,0.315377584544833));
#3870=CARTESIAN_POINT('',(3.5,-2.0207259421637,0.630150039223936));
#3871=CARTESIAN_POINT('Ctrl Pts',(3.5,-4.50786610926687E-16,0.317542648054292));
#3872=CARTESIAN_POINT('Ctrl Pts',(3.5,-0.93782217350893,0.317542648054292));
#3873=CARTESIAN_POINT('Ctrl Pts',(3.5,-2.0207259421637,0.630150039223936));
#3874=CARTESIAN_POINT('',(-6.25566216808957E-15,-4.04145188432738,0.630150039223936));
#3875=CARTESIAN_POINT('Ctrl Pts',(3.5,-2.0207259421637,0.630150039223936));
#3876=CARTESIAN_POINT('Ctrl Pts',(1.75,-3.03108891324554,0.046816705890602));
#3877=CARTESIAN_POINT('Ctrl Pts',(-6.25566216808957E-15,-4.04145188432738,
0.630150039223936));
#3878=CARTESIAN_POINT('Ctrl Pts',(-6.44604129331444E-15,-4.04145188432738,
0.630150039223936));
#3879=CARTESIAN_POINT('Ctrl Pts',(-1.75,-3.03108891324553,0.0468167058906019));
#3880=CARTESIAN_POINT('Ctrl Pts',(-3.5,-2.02072594216368,0.630150039223937));
#3881=CARTESIAN_POINT('',(3.5,2.02072594216368,0.630150039223936));
#3882=CARTESIAN_POINT('Ctrl Pts',(8.49571168647556E-15,4.04145188432738,
0.630150039223937));
#3883=CARTESIAN_POINT('Ctrl Pts',(1.75,3.03108891324553,0.0468167058906027));
#3884=CARTESIAN_POINT('Ctrl Pts',(3.5,2.02072594216368,0.630150039223936));
#3885=CARTESIAN_POINT('Ctrl Pts',(3.5,2.02072594216368,0.630150039223936));
#3886=CARTESIAN_POINT('Ctrl Pts',(3.5,0.937822173508925,0.317542648054293));
#3887=CARTESIAN_POINT('Ctrl Pts',(3.5,-4.50786610926687E-16,0.317542648054292));
#3888=CARTESIAN_POINT('Origin',(3.50181468412045,2.01967823379825,3.2));
#3889=CARTESIAN_POINT('',(3.5,2.02072594216368,2.56984996077607));
#3890=CARTESIAN_POINT('Ctrl Pts',(3.5,2.02072594216368,2.56984996077607));
#3891=CARTESIAN_POINT('Ctrl Pts',(1.75,3.03108891324553,3.1531832941094));
#3892=CARTESIAN_POINT('Ctrl Pts',(9.26606579100557E-15,4.04145188432738,
2.56984996077607));
#3893=CARTESIAN_POINT('',(3.5,2.02072594216368,3.2));
#3894=CARTESIAN_POINT('Origin',(3.5,-2.02282135889456,3.2));
#3895=CARTESIAN_POINT('',(3.5,-3.75308408038889E-16,2.88245735194571));
#3896=CARTESIAN_POINT('Ctrl Pts',(3.5,-3.21990436376205E-16,2.88245735194571));
#3897=CARTESIAN_POINT('Ctrl Pts',(3.5,0.937822173508926,2.88245735194571));
#3898=CARTESIAN_POINT('Ctrl Pts',(3.5,2.02072594216368,2.56984996077607));
#3899=CARTESIAN_POINT('',(3.5,-2.02072594216369,2.56984996077607));
#3900=CARTESIAN_POINT('Ctrl Pts',(3.5,-2.02072594216369,2.56984996077607));
#3901=CARTESIAN_POINT('Ctrl Pts',(3.5,-0.93782217350893,2.88245735194571));
#3902=CARTESIAN_POINT('Ctrl Pts',(3.5,-3.21990436376205E-16,2.88245735194571));
#3903=CARTESIAN_POINT('',(3.5,-2.02072594216369,3.2));
#3904=CARTESIAN_POINT('Origin',(-0.00181468412045194,-4.04249959269281,
3.2));
#3905=CARTESIAN_POINT('',(-6.40163787644465E-15,-4.04145188432738,2.56984996077607));
#3906=CARTESIAN_POINT('Ctrl Pts',(-6.40163787644465E-15,-4.04145188432738,
2.56984996077607));
#3907=CARTESIAN_POINT('Ctrl Pts',(1.75,-3.03108891324553,3.1531832941094));
#3908=CARTESIAN_POINT('Ctrl Pts',(3.5,-2.02072594216369,2.56984996077607));
#3909=CARTESIAN_POINT('',(-6.10622663543836E-15,-4.04145188432738,3.2));
#3910=CARTESIAN_POINT('Origin',(-3.50181468412045,-2.01967823379825,3.2));
#3911=CARTESIAN_POINT('Ctrl Pts',(-3.5,-2.02072594216368,2.56984996077607));
#3912=CARTESIAN_POINT('Ctrl Pts',(-1.75,-3.03108891324553,3.1531832941094));
#3913=CARTESIAN_POINT('Ctrl Pts',(-6.33817816803636E-15,-4.04145188432738,
2.56984996077607));
#3914=CARTESIAN_POINT('Origin',(-2.95,0.,3.2));
#3915=CARTESIAN_POINT('',(2.95,-3.61270805748469E-16,3.2));
#3916=CARTESIAN_POINT('Origin',(0.,0.,3.2));
#3917=CARTESIAN_POINT('Origin',(0.,0.,2.88462241545517));
#3918=CARTESIAN_POINT('',(3.49625,-4.28167137151893E-16,2.88462241545517));
#3919=CARTESIAN_POINT('Origin',(-2.,0.,0.));
#3920=CARTESIAN_POINT('Origin',(0.,0.,1.6));
#3921=CARTESIAN_POINT('',(1.666,-2.04026156737949E-16,1.6));
#3922=CARTESIAN_POINT('',(0.,0.,0.));
#3923=CARTESIAN_POINT('Origin',(3.74527345809459E-15,0.,-24.7852925));
#3924=CARTESIAN_POINT('',(1.954,2.39295984553393E-16,-24.6492567297066));
#3925=CARTESIAN_POINT('Origin',(3.71838948885971E-15,0.,-24.6492567297066));
#3926=CARTESIAN_POINT('',(1.57058499999999,-1.92341189303883E-16,-25.));
#3927=CARTESIAN_POINT('',(1.80529250000031,-2.2108456816501E-16,-24.7852925));
#3928=CARTESIAN_POINT('Origin',(3.78770487015663E-15,0.,-25.));
#3929=CARTESIAN_POINT('Origin',(-1.07385206998868E-15,0.,-0.4));
#3930=CARTESIAN_POINT('',(2.210555,-2.70714910508917E-16,9.12319044899318E-16));
#3931=CARTESIAN_POINT('Origin',(-1.1529017763325E-15,0.,4.85722573273506E-16));
#3932=CARTESIAN_POINT('',(1.810555,-2.21729038543023E-16,-0.399999999999999));
#3933=CARTESIAN_POINT('Origin',(2.210555,-2.70714910508917E-16,-0.399999999999999));
#3934=CARTESIAN_POINT('Origin',(-1.07385206998868E-15,0.,-0.4));
#3935=CARTESIAN_POINT('Origin',(-1.810555,0.,1.09008776213663E-16));
#3936=CARTESIAN_POINT('',(4.,-4.89858719658941E-16,2.77555756156289E-16));
#3937=CARTESIAN_POINT('Origin',(-1.1529017763325E-15,0.,1.11022302462516E-15));
#3938=CARTESIAN_POINT('Origin',(-1.05470881144836E-15,0.,-0.496866943222031));
#3939=CARTESIAN_POINT('',(1.810555,-2.21729038543023E-16,-0.993733886444062));
#3940=CARTESIAN_POINT('Origin',(-9.56515846564224E-16,0.,-0.993733886444062));
#3941=CARTESIAN_POINT('',(1.810555,-2.21729038543023E-16,-0.496866943222031));
#3942=CARTESIAN_POINT('Origin',(-1.39386298317189E-15,0.,1.2192895735315));
#3943=CARTESIAN_POINT('',(3.95616212866996,-4.84490128778365E-16,1.25535238679076));
#3944=CARTESIAN_POINT('Origin',(-1.38777878078145E-15,-2.42245064389182E-16,
1.25535238679076));
#3945=CARTESIAN_POINT('',(3.47606319174569,-4.2569496614053E-16,2.09244796852831));
#3946=CARTESIAN_POINT('Origin',(2.92345827408356,-3.58020381779728E-16,
1.2192895735315));
#3947=CARTESIAN_POINT('',(-3.4760631917457,4.2569496614053E-16,2.09244796852831));
#3948=CARTESIAN_POINT('Origin',(-2.02340159280804E-15,0.,2.09244796852831));
#3949=CARTESIAN_POINT('Origin',(-2.02340159280804E-15,0.,2.09244796852831));
#3950=CARTESIAN_POINT('Origin',(1.9365993387742E-15,0.,-3.4));
#3951=CARTESIAN_POINT('',(-1.39043744004163,-1.39043744004163,2.79543117552451));
#3952=CARTESIAN_POINT('',(-0.549262597270279,-0.411183262825708,3.06368617149781));
#3953=CARTESIAN_POINT('Origin',(1.40797207092625,-1.40797207092624,-2.67527222460606));
#3954=CARTESIAN_POINT('',(-1.92871779631396,-0.382988526617738,2.79543117552451));
#3955=CARTESIAN_POINT('Origin',(1.9365993387742E-15,0.265247368005453,-3.37212137822955));
#3956=CARTESIAN_POINT('',(-1.93572516644774,-2.37057962911921E-16,2.8050759930867));
#3957=CARTESIAN_POINT('Origin',(1.68374040900618,0.,-2.17669098673587));
#3958=CARTESIAN_POINT('Origin',(1.9365993387742E-15,0.,-3.4));
#3959=CARTESIAN_POINT('',(-1.92871779631396,0.382988526617738,2.79543117552451));
#3960=CARTESIAN_POINT('Origin',(1.68374040900618,0.,-2.17669098673587));
#3961=CARTESIAN_POINT('',(-0.549262597270274,0.411183262825708,3.06368617149781));
#3962=CARTESIAN_POINT('Origin',(1.9365993387742E-15,-0.265247368005453,
-3.37212137822955));
#3963=CARTESIAN_POINT('',(-1.39043744004163,1.39043744004163,2.79543117552451));
#3964=CARTESIAN_POINT('Origin',(1.40797207092625,1.40797207092625,-2.67527222460606));
#3965=CARTESIAN_POINT('',(-0.411183262825708,0.54926259727028,3.06368617149781));
#3966=CARTESIAN_POINT('Origin',(-1.40797207092624,-1.40797207092625,-2.67527222460606));
#3967=CARTESIAN_POINT('',(-0.382988526617738,1.92871779631396,2.79543117552451));
#3968=CARTESIAN_POINT('Origin',(0.265247368005453,2.14014342427961E-17,
-3.37212137822955));
#3969=CARTESIAN_POINT('',(0.382988526617738,1.92871779631396,2.79543117552451));
#3970=CARTESIAN_POINT('Origin',(2.49964975129542E-15,-1.68374040900618,
-2.17669098673587));
#3971=CARTESIAN_POINT('',(0.411183262825708,0.549262597270275,3.06368617149781));
#3972=CARTESIAN_POINT('Origin',(-0.265247368005453,-1.28408605456778E-17,
-3.37212137822955));
#3973=CARTESIAN_POINT('',(1.39043744004163,1.39043744004163,2.79543117552451));
#3974=CARTESIAN_POINT('Origin',(1.40797207092625,-1.40797207092625,-2.67527222460606));
#3975=CARTESIAN_POINT('',(0.549262597270279,0.411183262825708,3.06368617149781));
#3976=CARTESIAN_POINT('Origin',(-1.40797207092624,1.40797207092625,-2.67527222460606));
#3977=CARTESIAN_POINT('',(1.92871779631396,0.382988526617738,2.79543117552451));
#3978=CARTESIAN_POINT('Origin',(1.9365993387742E-15,-0.265247368005453,
-3.37212137822955));
#3979=CARTESIAN_POINT('',(1.92871779631396,-0.382988526617738,2.79543117552451));
#3980=CARTESIAN_POINT('Origin',(-1.68374040900618,1.12610082504243E-15,
-2.17669098673587));
#3981=CARTESIAN_POINT('',(0.549262597270274,-0.411183262825708,3.06368617149781));
#3982=CARTESIAN_POINT('Origin',(1.9365993387742E-15,0.265247368005453,-3.37212137822955));
#3983=CARTESIAN_POINT('',(1.39043744004163,-1.39043744004163,2.79543117552451));
#3984=CARTESIAN_POINT('Origin',(-1.40797207092625,-1.40797207092625,-2.67527222460606));
#3985=CARTESIAN_POINT('',(0.411183262825708,-0.549262597270279,3.06368617149781));
#3986=CARTESIAN_POINT('Origin',(1.40797207092625,1.40797207092624,-2.67527222460606));
#3987=CARTESIAN_POINT('',(0.382988526617738,-1.92871779631396,2.79543117552451));
#3988=CARTESIAN_POINT('Origin',(-0.265247368005453,-1.28408605456778E-17,
-3.37212137822955));
#3989=CARTESIAN_POINT('',(-0.382988526617738,-1.92871779631396,2.79543117552451));
#3990=CARTESIAN_POINT('Origin',(3.06270016381664E-15,1.68374040900618,-2.17669098673587));
#3991=CARTESIAN_POINT('',(-0.411183262825708,-0.549262597270274,3.06368617149781));
#3992=CARTESIAN_POINT('Origin',(0.265247368005453,2.14014342427961E-17,
-3.37212137822955));
#3993=CARTESIAN_POINT('Origin',(-1.40797207092625,1.40797207092625,-2.67527222460606));
#3994=CARTESIAN_POINT('Origin',(-1.32791466832148E-15,0.,0.885584020908355));
#3995=CARTESIAN_POINT('',(3.96907472454028,-4.86071465698492E-16,0.885584020908355));
#3996=CARTESIAN_POINT('Origin',(-1.67230753750618,-1.67230753750618,2.79543117552451));
#3997=CARTESIAN_POINT('',(-0.444296298762312,-0.44429629876231,2.79543117552451));
#3998=CARTESIAN_POINT('',(9.71445146547013E-16,3.2612801348364E-15,2.79543117552451));
#3999=CARTESIAN_POINT('',(-0.46867058854521,-0.397517449403589,2.93366464203636));
#4000=CARTESIAN_POINT('',(-0.477686920506628,-0.380213411487076,2.98479880156879));
#4001=CARTESIAN_POINT('',(-0.902286952041638,-0.47104484267821,3.63323105902005));
#4002=CARTESIAN_POINT('Origin',(-0.635422615755271,-1.03688492175091,3.57537605077681));
#4003=CARTESIAN_POINT('',(-0.39751744940359,-0.468670588545212,2.93366464203637));
#4004=CARTESIAN_POINT('',(-0.440976373331924,-0.724962831694494,3.34714868307887));
#4005=CARTESIAN_POINT('',(-0.279523097869872,-0.530151975036224,3.28234291148774));
#4006=CARTESIAN_POINT('Origin',(-2.15,-0.415,3.1));
#4007=CARTESIAN_POINT('',(-0.292515932967529,-0.292515932967529,1.93464194641764));
#4008=CARTESIAN_POINT('',(-0.514524826503686,-0.424850048163868,3.19371694812269));
#4009=CARTESIAN_POINT('',(-0.169056089478317,-0.169056089478317,0.760000000000001));
#4010=CARTESIAN_POINT('',(-0.424376033765029,-0.424376033765028,3.18920700237558));
#4011=CARTESIAN_POINT('',(-0.449890484467456,-0.169056089478317,0.760000000000001));
#4012=CARTESIAN_POINT('',(2.15,-0.169056089478317,0.760000000000001));
#4013=CARTESIAN_POINT('',(-2.1294071780002,-0.412020968869926,3.071656412108));
#4014=CARTESIAN_POINT('Origin',(-0.498,0.498,3.1));
#4015=CARTESIAN_POINT('',(-0.48342301253123,-0.48342301253123,3.01732979598357));
#4016=CARTESIAN_POINT('Origin',(-0.498,-0.498,3.1));
#4017=CARTESIAN_POINT('',(-0.414701900156312,-0.497499896029363,3.09716376944341));
#4018=CARTESIAN_POINT('Origin',(-1.67230753750618,1.67230753750618,2.79543117552451));
#4019=CARTESIAN_POINT('',(-0.444296298762308,0.44429629876231,2.79543117552451));
#4020=CARTESIAN_POINT('',(3.2612801348364E-15,-9.71445146547012E-16,2.79543117552451));
#4021=CARTESIAN_POINT('',(-0.397517449403589,0.46867058854521,2.93366464203636));
#4022=CARTESIAN_POINT('',(-0.380213411487076,0.477686920506628,2.98479880156879));
#4023=CARTESIAN_POINT('',(-0.47104484267821,0.902286952041638,3.63323105902005));
#4024=CARTESIAN_POINT('Origin',(-1.03688492175091,0.635422615755271,3.57537605077681));
#4025=CARTESIAN_POINT('',(-0.468670588545212,0.39751744940359,2.93366464203637));
#4026=CARTESIAN_POINT('',(-0.724962831694494,0.440976373331924,3.34714868307887));
#4027=CARTESIAN_POINT('',(-0.530151975036224,0.279523097869872,3.28234291148774));
#4028=CARTESIAN_POINT('Origin',(-0.415,2.15,3.1));
#4029=CARTESIAN_POINT('',(-0.292515932967529,0.292515932967529,1.93464194641764));
#4030=CARTESIAN_POINT('',(-0.424850048163869,0.514524826503686,3.19371694812269));
#4031=CARTESIAN_POINT('',(-0.169056089478317,0.169056089478317,0.760000000000001));
#4032=CARTESIAN_POINT('',(-0.424376033765029,0.424376033765028,3.18920700237558));
#4033=CARTESIAN_POINT('',(-0.169056089478317,0.449890484467456,0.760000000000001));
#4034=CARTESIAN_POINT('',(-0.169056089478317,-2.15,0.760000000000001));
#4035=CARTESIAN_POINT('',(-0.412020968869926,2.1294071780002,3.071656412108));
#4036=CARTESIAN_POINT('Origin',(0.498,0.498,3.1));
#4037=CARTESIAN_POINT('',(-0.48342301253123,0.48342301253123,3.01732979598357));
#4038=CARTESIAN_POINT('Origin',(-0.498,0.498,3.1));
#4039=CARTESIAN_POINT('',(-0.497499896029363,0.414701900156312,3.09716376944341));
#4040=CARTESIAN_POINT('Origin',(1.67230753750618,1.67230753750618,2.79543117552451));
#4041=CARTESIAN_POINT('',(0.44429629876231,0.444296298762308,2.79543117552451));
#4042=CARTESIAN_POINT('',(-9.71445146547012E-16,-3.2612801348364E-15,2.79543117552451));
#4043=CARTESIAN_POINT('',(0.46867058854521,0.397517449403589,2.93366464203636));
#4044=CARTESIAN_POINT('',(0.477686920506628,0.380213411487076,2.98479880156879));
#4045=CARTESIAN_POINT('',(0.902286952041638,0.47104484267821,3.63323105902005));
#4046=CARTESIAN_POINT('Origin',(0.63542261575527,1.03688492175091,3.57537605077681));
#4047=CARTESIAN_POINT('',(0.39751744940359,0.468670588545212,2.93366464203637));
#4048=CARTESIAN_POINT('',(0.440976373331924,0.724962831694494,3.34714868307887));
#4049=CARTESIAN_POINT('',(0.279523097869871,0.530151975036223,3.28234291148774));
#4050=CARTESIAN_POINT('Origin',(2.15,0.415,3.1));
#4051=CARTESIAN_POINT('',(0.292515932967529,0.292515932967529,1.93464194641764));
#4052=CARTESIAN_POINT('',(0.514524826503686,0.424850048163868,3.19371694812269));
#4053=CARTESIAN_POINT('',(0.169056089478317,0.169056089478317,0.760000000000001));
#4054=CARTESIAN_POINT('',(0.424376033765028,0.424376033765028,3.18920700237558));
#4055=CARTESIAN_POINT('',(0.449890484467456,0.169056089478317,0.760000000000001));
#4056=CARTESIAN_POINT('',(-2.15,0.169056089478317,0.760000000000001));
#4057=CARTESIAN_POINT('',(2.1294071780002,0.412020968869926,3.071656412108));
#4058=CARTESIAN_POINT('Origin',(0.498,-0.498,3.1));
#4059=CARTESIAN_POINT('',(0.48342301253123,0.48342301253123,3.01732979598357));
#4060=CARTESIAN_POINT('Origin',(0.498,0.498,3.1));
#4061=CARTESIAN_POINT('',(0.414701900156312,0.497499896029363,3.09716376944341));
#4062=CARTESIAN_POINT('Origin',(1.67230753750618,-1.67230753750618,2.79543117552451));
#4063=CARTESIAN_POINT('',(0.444296298762311,-0.444296298762313,2.79543117552451));
#4064=CARTESIAN_POINT('',(-3.2612801348364E-15,9.71445146547012E-16,2.79543117552451));
#4065=CARTESIAN_POINT('',(0.397517449403589,-0.46867058854521,2.93366464203636));
#4066=CARTESIAN_POINT('',(0.380213411487076,-0.477686920506628,2.98479880156879));
#4067=CARTESIAN_POINT('',(0.47104484267821,-0.902286952041638,3.63323105902005));
#4068=CARTESIAN_POINT('Origin',(1.03688492175091,-0.63542261575527,3.57537605077681));
#4069=CARTESIAN_POINT('',(0.468670588545212,-0.39751744940359,2.93366464203638));
#4070=CARTESIAN_POINT('',(0.724962831694494,-0.440976373331924,3.34714868307887));
#4071=CARTESIAN_POINT('',(0.530151975036224,-0.279523097869872,3.28234291148774));
#4072=CARTESIAN_POINT('Origin',(0.415,-2.15,3.1));
#4073=CARTESIAN_POINT('',(0.292515932967528,-0.292515932967528,1.93464194641763));
#4074=CARTESIAN_POINT('',(0.424850048163868,-0.514524826503686,3.19371694812269));
#4075=CARTESIAN_POINT('',(0.169056089478317,-0.169056089478317,0.760000000000001));
#4076=CARTESIAN_POINT('',(0.424376033765028,-0.424376033765028,3.18920700237558));
#4077=CARTESIAN_POINT('',(0.169056089478317,-0.449890484467456,0.760000000000001));
#4078=CARTESIAN_POINT('',(0.169056089478317,2.15,0.760000000000001));
#4079=CARTESIAN_POINT('',(0.412020968869926,-2.1294071780002,3.071656412108));
#4080=CARTESIAN_POINT('Origin',(-0.498,-0.498,3.1));
#4081=CARTESIAN_POINT('',(0.483423012531231,-0.48342301253123,3.01732979598357));
#4082=CARTESIAN_POINT('Origin',(0.498,-0.498,3.1));
#4083=CARTESIAN_POINT('',(0.497499896029364,-0.414701900156312,3.09716376944341));
#4084=CARTESIAN_POINT('Origin',(2.15,-0.415,3.1));
#4085=CARTESIAN_POINT('',(0.449890484467456,-0.169056089478317,0.760000000000001));
#4086=CARTESIAN_POINT('',(0.449890484467456,-0.2075,0.760000000000001));
#4087=CARTESIAN_POINT('',(1.85243758389985,-0.371953558831751,2.69044047026803));
#4088=CARTESIAN_POINT('Origin',(0.415,-0.415,3.1));
#4089=CARTESIAN_POINT('',(2.15,-0.169056089478317,0.760000000000001));
#4090=CARTESIAN_POINT('Origin',(-0.415,-2.15,3.1));
#4091=CARTESIAN_POINT('',(-0.169056089478317,-0.449890484467456,0.760000000000001));
#4092=CARTESIAN_POINT('',(-0.207499999999999,-0.449890484467456,0.760000000000001));
#4093=CARTESIAN_POINT('',(-0.371953558831751,-1.85243758389985,2.69044047026803));
#4094=CARTESIAN_POINT('Origin',(-0.415,-0.415,3.1));
#4095=CARTESIAN_POINT('',(-0.169056089478317,-2.15,0.760000000000001));
#4096=CARTESIAN_POINT('Origin',(0.415,0.415,3.1));
#4097=CARTESIAN_POINT('',(0.169056089478317,0.449890484467456,0.760000000000001));
#4098=CARTESIAN_POINT('',(0.371953558831751,1.85243758389985,2.69044047026803));
#4099=CARTESIAN_POINT('',(0.169056089478317,2.15,0.760000000000001));
#4100=CARTESIAN_POINT('Origin',(0.415,2.15,3.1));
#4101=CARTESIAN_POINT('',(0.2075,0.449890484467456,0.760000000000001));
#4102=CARTESIAN_POINT('Origin',(-0.415,0.415,3.1));
#4103=CARTESIAN_POINT('',(-0.449890484467456,0.169056089478317,0.760000000000001));
#4104=CARTESIAN_POINT('',(-1.85243758389985,0.371953558831751,2.69044047026803));
#4105=CARTESIAN_POINT('',(-2.15,0.169056089478317,0.760000000000001));
#4106=CARTESIAN_POINT('Origin',(-2.15,0.415,3.1));
#4107=CARTESIAN_POINT('',(-0.449890484467456,0.2075,0.760000000000001));
#4108=CARTESIAN_POINT('Origin',(2.08166817117217E-16,0.,0.760000000000001));
#4109=CARTESIAN_POINT('Origin',(1.45573853301376E-15,0.,-13.2));
#4110=CARTESIAN_POINT('',(1.954,-2.39295984553393E-16,-1.30135268165656));
#4111=CARTESIAN_POINT('',(1.954,-2.39295984553393E-16,-13.2));
#4112=CARTESIAN_POINT('Origin',(-8.9572290799575E-16,0.,-1.30135268165656));
#4113=CARTESIAN_POINT('Origin',(3.88578058618805E-15,0.,-25.));
#4114=CARTESIAN_POINT('Origin',(-9.16371825346668E-16,0.,-1.19686694322203));
#4115=CARTESIAN_POINT('',(1.9052775,-2.33329199186247E-16,-1.19686694322203));
#4116=CARTESIAN_POINT('',(0.,0.,0.));
#4117=CARTESIAN_POINT('Ctrl Pts',(0.,-2.794,2.667));
#4118=CARTESIAN_POINT('Ctrl Pts',(-0.462171201284155,-2.79400002161599,
2.667));
#4119=CARTESIAN_POINT('Ctrl Pts',(-1.00865804632254,-2.66947422452407,2.667));
#4120=CARTESIAN_POINT('Ctrl Pts',(-1.98858564527228,-2.04669734288048,2.667));
#4121=CARTESIAN_POINT('Ctrl Pts',(-2.40640937923745,-1.54333322852772,2.667));
#4122=CARTESIAN_POINT('Ctrl Pts',(-2.82935103576646,-0.409243755019428,
2.667));
#4123=CARTESIAN_POINT('Ctrl Pts',(-2.83443583647512,0.198974172073974,2.66699999999989));
#4124=CARTESIAN_POINT('Ctrl Pts',(-2.64033080393622,0.949693245071975,2.66700000000005));
#4125=CARTESIAN_POINT('Ctrl Pts',(-2.5496568910813,1.16754186296541,2.667));
#4126=CARTESIAN_POINT('Ctrl Pts',(-2.3135278224404,1.58476234299891,2.667));
#4127=CARTESIAN_POINT('Ctrl Pts',(-2.16056514484249,1.79220059025557,2.667));
#4128=CARTESIAN_POINT('Ctrl Pts',(-1.58293962538165,2.36537885223001,2.667));
#4129=CARTESIAN_POINT('Ctrl Pts',(-1.03257557058443,2.66700005639442,2.667));
#4130=CARTESIAN_POINT('Ctrl Pts',(0.324644425657622,2.87807585042415,2.667));
#4131=CARTESIAN_POINT('Ctrl Pts',(1.11289162956028,2.64843232840507,2.667));
#4132=CARTESIAN_POINT('Ctrl Pts',(1.92139255212696,2.05568438019136,2.667));
#4133=CARTESIAN_POINT('Ctrl Pts',(2.13307050189665,1.82903863993049,2.6764928442201));
#4134=CARTESIAN_POINT('Ctrl Pts',(2.46386901971377,1.34855079347508,2.64597499842404));
#4135=CARTESIAN_POINT('Ctrl Pts',(2.59046866856466,1.08404993586451,2.6064452562791));
#4136=CARTESIAN_POINT('Ctrl Pts',(2.84255241166387,0.248593867590095,2.53871765028074));
#4137=CARTESIAN_POINT('Ctrl Pts',(2.82766966689921,-0.358591525715238,2.49136315806061));
#4138=CARTESIAN_POINT('Ctrl Pts',(2.44483650278906,-1.45450032201974,2.39470627432331));
#4139=CARTESIAN_POINT('Ctrl Pts',(2.08774726745009,-1.94573036576975,2.34637208362646));
#4140=CARTESIAN_POINT('Ctrl Pts',(0.854490474555162,-2.81761650178711,2.22070702294946));
#4141=CARTESIAN_POINT('Ctrl Pts',(-0.180250676555593,-2.93871210375075,
2.14337028575011));
#4142=CARTESIAN_POINT('Ctrl Pts',(-1.90524270681699,-2.24517271104243,1.98870113969465));
#4143=CARTESIAN_POINT('Ctrl Pts',(-2.56822545411604,-1.44103892304763,1.9113666389476));
#4144=CARTESIAN_POINT('Ctrl Pts',(-2.91891651723068,0.384511531394853,1.75669758922754));
#4145=CARTESIAN_POINT('Ctrl Pts',(-2.60229438288112,1.37687308069592,1.67936306886308));
#4146=CARTESIAN_POINT('Ctrl Pts',(-1.25895131205939,2.66210666473931,1.52469402351308));
#4147=CARTESIAN_POINT('Ctrl Pts',(-0.252780466798187,2.93405943034032,1.44735950070231));
#4148=CARTESIAN_POINT('Ctrl Pts',(1.55484201925621,2.49996627407803,1.29269045518755));
#4149=CARTESIAN_POINT('Ctrl Pts',(2.32804815517484,1.80209133550232,1.21535593242589));
#4150=CARTESIAN_POINT('Ctrl Pts',(2.94450847461451,0.0482166244741402,1.06068688690698));
#4151=CARTESIAN_POINT('Ctrl Pts',(2.77683080437841,-0.980497610813072,0.983352364147963));
#4152=CARTESIAN_POINT('Ctrl Pts',(1.63547231072762,-2.44799842011998,0.828683318629369));
#4153=CARTESIAN_POINT('Ctrl Pts',(0.680683950252696,-2.8643018626028,0.751348795870162));
#4154=CARTESIAN_POINT('Ctrl Pts',(-1.1711891010298,-2.70201800161164,0.596679750351707));
#4155=CARTESIAN_POINT('Ctrl Pts',(-2.03890251061271,-2.12465537883718,0.519345227592415));
#4156=CARTESIAN_POINT('Ctrl Pts',(-2.90485602677304,-0.479469349009054,
0.36467618207399));
#4157=CARTESIAN_POINT('Ctrl Pts',(-2.89006677532958,0.562147321209515,0.287341659314762));
#4158=CARTESIAN_POINT('Ctrl Pts',(-1.97780192292297,2.1817963612882,0.132672613796178));
#4159=CARTESIAN_POINT('Ctrl Pts',(-1.09386892709224,2.73379322649442,0.0553380910368559));
#4160=CARTESIAN_POINT('Ctrl Pts',(0.762069714440409,2.84399222797653,-0.0993309544813798));
#4161=CARTESIAN_POINT('Ctrl Pts',(1.70499120304872,2.40068390848448,-0.176665477240742));
#4162=CARTESIAN_POINT('Ctrl Pts',(2.80330105385639,0.900989141096494,-0.331334522759248));
#4163=CARTESIAN_POINT('Ctrl Pts',(2.94137431348594,-0.131754280467812,-0.408669045518387));
#4164=CARTESIAN_POINT('Ctrl Pts',(2.2762075311241,-1.86790093691838,-0.563338091037068));
#4165=CARTESIAN_POINT('Ctrl Pts',(1.48318486057485,-2.54403193333118,-0.640672613796167));
#4166=CARTESIAN_POINT('Ctrl Pts',(-0.33625999465919,-2.92496577631275,-0.795341659314752));
#4167=CARTESIAN_POINT('Ctrl Pts',(-1.33377356598047,-2.62471474023552,-0.872676182073778));
#4168=CARTESIAN_POINT('Ctrl Pts',(-2.64091410376984,-1.30263449329204,-1.02734522759261));
#4169=CARTESIAN_POINT('Ctrl Pts',(-2.9294883926879,-0.30113609632743,-1.1046797503515));
#4170=CARTESIAN_POINT('Ctrl Pts',(-2.52532666034312,1.51336745663508,-1.25934879587036));
#4171=CARTESIAN_POINT('Ctrl Pts',(-1.84028705391643,2.2980011974006,-1.33668331862956));
#4172=CARTESIAN_POINT('Ctrl Pts',(-0.0967579335176118,2.94326396764827,
-1.49135236414775));
#4173=CARTESIAN_POINT('Ctrl Pts',(0.934595167540219,2.79266662399263,-1.56868688690715));
#4174=CARTESIAN_POINT('Ctrl Pts',(2.4206515201418,1.67564543157004,-1.7233559324257));
#4175=CARTESIAN_POINT('Ctrl Pts',(2.8526405856038,0.727878262991847,-1.80069045518766));
#4176=CARTESIAN_POINT('Ctrl Pts',(2.72096921282626,-1.12646759741156,-1.95535950070218));
#4177=CARTESIAN_POINT('Ctrl Pts',(2.15804301540127,-2.00365182710601,-2.03269402351337));
#4178=CARTESIAN_POINT('Ctrl Pts',(0.52732557411451,-2.89648809326102,-2.18736306886277));
#4179=CARTESIAN_POINT('Ctrl Pts',(-0.514319945069263,-2.89886145692399,
-2.26469758922712));
#4180=CARTESIAN_POINT('Ctrl Pts',(-2.14891690924746,-2.01358667011374,-2.41936663894801));
#4181=CARTESIAN_POINT('Ctrl Pts',(-2.71547485113994,-1.13883563656758,-2.49670113969483));
#4182=CARTESIAN_POINT('Ctrl Pts',(-2.85608993092412,0.71503107736898,-2.65137028574991));
#4183=CARTESIAN_POINT('Ctrl Pts',(-2.4283647725585,1.66498085684009,-2.72870702294926));
#4184=CARTESIAN_POINT('Ctrl Pts',(-1.03980364713603,2.71801256410239,-2.87370516988464));
#4185=CARTESIAN_POINT('Ctrl Pts',(-0.169863589246083,2.89813815628592,-2.94137386391094));
#4186=CARTESIAN_POINT('Ctrl Pts',(1.0186864712987,2.63453220327984,-3.04285150412971));
#4187=CARTESIAN_POINT('Ctrl Pts',(1.39469552057982,2.4538731795551,-3.07229192085103));
#4188=CARTESIAN_POINT('Ctrl Pts',(1.87681422696099,2.07879251799417,-3.12253034166379));
#4189=CARTESIAN_POINT('Ctrl Pts',(2.02372222630951,1.9364799589025,-3.1474610311667));
#4190=CARTESIAN_POINT('Ctrl Pts',(2.28360185485191,1.62329323750889,-3.17961317628067));
#4191=CARTESIAN_POINT('Ctrl Pts',(2.39753232493092,1.45153959166886,-3.17500347491496));
#4192=CARTESIAN_POINT('Ctrl Pts',(2.6947089915716,0.860059772386437,-3.17499305017009));
#4193=CARTESIAN_POINT('Ctrl Pts',(2.81698156534196,0.366490975319291,-3.175));
#4194=CARTESIAN_POINT('Ctrl Pts',(2.75664437798199,-0.670903993331279,-3.175));
#4195=CARTESIAN_POINT('Ctrl Pts',(2.57610011529629,-1.20505448929065,-3.175));
#4196=CARTESIAN_POINT('Ctrl Pts',(1.95784222659793,-2.05582350744606,-3.175));
#4197=CARTESIAN_POINT('Ctrl Pts',(1.53847927261967,-2.3773445509301,-3.1750000000002));
#4198=CARTESIAN_POINT('Ctrl Pts',(0.694456477791288,-2.74507142286561,-3.1749999999998));
#4199=CARTESIAN_POINT('Ctrl Pts',(0.302158164709617,-2.81420834668804,-3.175));
#4200=CARTESIAN_POINT('Ctrl Pts',(-0.536661712834949,-2.76924384492297,
-3.175));
#4201=CARTESIAN_POINT('Ctrl Pts',(-0.958756547621266,-2.65808301328978,
-3.17500000000019));
#4202=CARTESIAN_POINT('Ctrl Pts',(-1.73474264973205,-2.23500924213337,-3.17499999999981));
#4203=CARTESIAN_POINT('Ctrl Pts',(-2.08352746910442,-1.91121144238937,-3.175));
#4204=CARTESIAN_POINT('Ctrl Pts',(-2.58354607286166,-1.14833639257164,-3.175));
#4205=CARTESIAN_POINT('Ctrl Pts',(-2.73382395962013,-0.713018642723955,
-3.175));
#4206=CARTESIAN_POINT('Ctrl Pts',(-2.8204777612462,0.115918301598294,-3.175));
#4207=CARTESIAN_POINT('Ctrl Pts',(-2.76833651150979,0.512738040316293,-3.175));
#4208=CARTESIAN_POINT('Ctrl Pts',(-2.66372710169258,0.843204558638323,-3.175));
#4209=CARTESIAN_POINT('Ctrl Pts',(0.,-2.286,2.667));
#4210=CARTESIAN_POINT('Ctrl Pts',(-0.370920987790034,-2.28600002745035,
2.667));
#4211=CARTESIAN_POINT('Ctrl Pts',(-0.831866744069047,-2.17991923192206,
2.667));
#4212=CARTESIAN_POINT('Ctrl Pts',(-1.62042354905398,-1.67876659595439,2.667));
#4213=CARTESIAN_POINT('Ctrl Pts',(-1.97181668681705,-1.25485494286402,2.667));
#4214=CARTESIAN_POINT('Ctrl Pts',(-2.31198728909524,-0.342708043674553,
2.667));
#4215=CARTESIAN_POINT('Ctrl Pts',(-2.31881762008981,0.163832488333595,2.66699999999989));
#4216=CARTESIAN_POINT('Ctrl Pts',(-2.16040378082455,0.776504026740535,2.66700000000005));
#4217=CARTESIAN_POINT('Ctrl Pts',(-2.08682352540247,0.953952234946083,2.667));
#4218=CARTESIAN_POINT('Ctrl Pts',(-1.89214578566074,1.29793302447927,2.667));
#4219=CARTESIAN_POINT('Ctrl Pts',(-1.76590890580978,1.46815740408848,2.667));
#4220=CARTESIAN_POINT('Ctrl Pts',(-1.29878484616222,1.93168703679306,2.667));
#4221=CARTESIAN_POINT('Ctrl Pts',(-0.836281337556162,2.18342101444742,2.667));
#4222=CARTESIAN_POINT('Ctrl Pts',(0.254926641203722,2.35312675814568,2.667));
#4223=CARTESIAN_POINT('Ctrl Pts',(0.909949939325855,2.16731822781519,2.667));
#4224=CARTESIAN_POINT('Ctrl Pts',(1.57231976492987,1.68170547923444,2.667));
#4225=CARTESIAN_POINT('Ctrl Pts',(1.74517002304798,1.4966311612266,2.6764928442201));
#4226=CARTESIAN_POINT('Ctrl Pts',(2.01491962837021,1.10481740853603,2.64597499842404));
#4227=CARTESIAN_POINT('Ctrl Pts',(2.11918562529446,0.88739188606008,2.6064452562791));
#4228=CARTESIAN_POINT('Ctrl Pts',(2.32608855427219,0.201674095523801,2.53871765028074));
#4229=CARTESIAN_POINT('Ctrl Pts',(2.31439430208796,-0.287516653125105,2.49136315806061));
#4230=CARTESIAN_POINT('Ctrl Pts',(1.99895139365924,-1.19051223749712,2.39470627432331));
#4231=CARTESIAN_POINT('Ctrl Pts',(1.70174200593767,-1.59649503916569,2.34637208362646));
#4232=CARTESIAN_POINT('Ctrl Pts',(0.709626976522841,-2.29789906673414,2.22070702294946));
#4233=CARTESIAN_POINT('Ctrl Pts',(-0.159259699380551,-2.39963052554966,
2.14337028575011));
#4234=CARTESIAN_POINT('Ctrl Pts',(-1.54723252142462,-1.84159097778361,1.98870113969465));
#4235=CARTESIAN_POINT('Ctrl Pts',(-2.10362864532661,-1.16674860541008,1.9113666389476));
#4236=CARTESIAN_POINT('Ctrl Pts',(-2.38575660621991,0.301891576864208,1.75669758922754));
#4237=CARTESIAN_POINT('Ctrl Pts',(-2.11986189521842,1.13538303236237,1.67936306886308));
#4238=CARTESIAN_POINT('Ctrl Pts',(-1.03901678500473,2.1694737147701,1.52469402351308));
#4239=CARTESIAN_POINT('Ctrl Pts',(-0.194735077220901,2.39767723212902,1.44735950070231));
#4240=CARTESIAN_POINT('Ctrl Pts',(1.25955315522787,2.04843575659507,1.29269045518755));
#4241=CARTESIAN_POINT('Ctrl Pts',(1.90903333112254,1.46224386989063,1.21535593242589));
#4242=CARTESIAN_POINT('Ctrl Pts',(2.40500789238316,0.0511602226148973,1.06068688690698));
#4243=CARTESIAN_POINT('Ctrl Pts',(2.26431004457503,-0.812015240077499,0.983352364147963));
#4244=CARTESIAN_POINT('Ctrl Pts',(1.34600313420408,-1.99272752069953,0.828683318629369));
#4245=CARTESIAN_POINT('Ctrl Pts',(0.544019896876622,-2.34237879126373,0.751348795870162));
#4246=CARTESIAN_POINT('Ctrl Pts',(-0.945830820675866,-2.21181986770858,
0.596679750351707));
#4247=CARTESIAN_POINT('Ctrl Pts',(-1.67396984051226,-1.72731752247967,0.519345227592415));
#4248=CARTESIAN_POINT('Ctrl Pts',(-2.37072661676841,-0.40358064639389,0.36467618207399));
#4249=CARTESIAN_POINT('Ctrl Pts',(-2.35826324065696,0.47118297268635,0.287341659314762));
#4250=CARTESIAN_POINT('Ctrl Pts',(-1.6243678807358,1.7741522135787,0.132672613796178));
#4251=CARTESIAN_POINT('Ctrl Pts',(-0.882473285164944,2.23745044720738,0.0553380910368559));
#4252=CARTESIAN_POINT('Ctrl Pts',(0.610894416258752,2.32612126736494,-0.0993309544813798));
#4253=CARTESIAN_POINT('Ctrl Pts',(1.40252714450134,1.95390810582123,-0.176665477240742));
#4254=CARTESIAN_POINT('Ctrl Pts',(2.2860756111483,0.747460752926841,-0.331334522759248));
#4255=CARTESIAN_POINT('Ctrl Pts',(2.4020262055614,-0.119591998470432,-0.408669045518387));
#4256=CARTESIAN_POINT('Ctrl Pts',(1.86680454473658,-1.51656994381748,-0.563338091037068));
#4257=CARTESIAN_POINT('Ctrl Pts',(1.20121078450113,-2.08405367975727,-0.640672613796167));
#4258=CARTESIAN_POINT('Ctrl Pts',(-0.262489427627384,-2.39050584738227,
-0.795341659314752));
#4259=CARTESIAN_POINT('Ctrl Pts',(-1.10022770080972,-2.13839216140721,-0.872676182073778));
#4260=CARTESIAN_POINT('Ctrl Pts',(-2.1519690402292,-1.07463021561155,-1.02734522759261));
#4261=CARTESIAN_POINT('Ctrl Pts',(-2.3941350699254,-0.234222832967546,-1.1046797503515));
#4262=CARTESIAN_POINT('Ctrl Pts',(-2.06898275292886,1.22556371439544,-1.25934879587036));
#4263=CARTESIAN_POINT('Ctrl Pts',(-1.49360283624685,1.8846320533717,-1.33668331862956));
#4264=CARTESIAN_POINT('Ctrl Pts',(-0.0908054582054066,2.40379348048896,
-1.49135236414775));
#4265=CARTESIAN_POINT('Ctrl Pts',(0.774584999973488,2.27743241581801,-1.56868688690715));
#4266=CARTESIAN_POINT('Ctrl Pts',(1.97019478629452,1.37873053873059,-1.7233559324257));
#4267=CARTESIAN_POINT('Ctrl Pts',(2.33304753158649,0.582625450094984,-1.80069045518766));
#4268=CARTESIAN_POINT('Ctrl Pts',(2.22711392966897,-0.909253212283083,-1.95535950070218));
#4269=CARTESIAN_POINT('Ctrl Pts',(1.75475384424701,-1.64529967626013,-2.03269402351337));
#4270=CARTESIAN_POINT('Ctrl Pts',(0.442689098200734,-2.36366991081857,-2.18736306886277));
#4271=CARTESIAN_POINT('Ctrl Pts',(-0.432184706907604,-2.36562665850223,
-2.26469758922712));
#4272=CARTESIAN_POINT('Ctrl Pts',(-1.74720441822279,-1.65343052669579,-2.41936663894801));
#4273=CARTESIAN_POINT('Ctrl Pts',(-2.22266618220961,-0.919315423166117,
-2.49670113969483));
#4274=CARTESIAN_POINT('Ctrl Pts',(-2.335808650494,0.572353264404089,-2.65137028574991));
#4275=CARTESIAN_POINT('Ctrl Pts',(-1.97659818163117,1.3700256184021,-2.72870702294926));
#4276=CARTESIAN_POINT('Ctrl Pts',(-0.859545913184828,2.21715543711729,-2.87370516988464));
#4277=CARTESIAN_POINT('Ctrl Pts',(-0.131488137313503,2.36928270485766,-2.94137386391094));
#4278=CARTESIAN_POINT('Ctrl Pts',(0.834505694758762,2.15503702084932,-3.04285150412971));
#4279=CARTESIAN_POINT('Ctrl Pts',(1.14037458366946,2.00810078989914,-3.07229192085103));
#4280=CARTESIAN_POINT('Ctrl Pts',(1.53607465651812,1.7002524466854,-3.12253034166379));
#4281=CARTESIAN_POINT('Ctrl Pts',(1.65616938418288,1.58390396265315,-3.1474610311667));
#4282=CARTESIAN_POINT('Ctrl Pts',(1.86928160860216,1.32707768505188,-3.17961317628066));
#4283=CARTESIAN_POINT('Ctrl Pts',(1.96125149455855,1.18835094460755,-3.17500347491496));
#4284=CARTESIAN_POINT('Ctrl Pts',(2.20549362660116,0.702229983650125,-3.17499305017009));
#4285=CARTESIAN_POINT('Ctrl Pts',(2.30457415161585,0.305473733878641,-3.175));
#4286=CARTESIAN_POINT('Ctrl Pts',(2.25476592788334,-0.550893646825191,-3.175));
#4287=CARTESIAN_POINT('Ctrl Pts',(2.10928479851091,-0.983292272550496,-3.175));
#4288=CARTESIAN_POINT('Ctrl Pts',(1.60275969370786,-1.68030863212686,-3.175));
#4289=CARTESIAN_POINT('Ctrl Pts',(1.25886425267349,-1.94504751932329,-3.1750000000002));
#4290=CARTESIAN_POINT('Ctrl Pts',(0.568260131435107,-2.24593239387576,-3.1749999999998));
#4291=CARTESIAN_POINT('Ctrl Pts',(0.246286244555258,-2.30248277953814,-3.175));
#4292=CARTESIAN_POINT('Ctrl Pts',(-0.438286222791292,-2.26578895456862,
-3.175));
#4293=CARTESIAN_POINT('Ctrl Pts',(-0.7858609376654,-2.17375052732147,-3.17500000000019));
#4294=CARTESIAN_POINT('Ctrl Pts',(-1.42129407040068,-1.8273073512156,-3.17499999999981));
#4295=CARTESIAN_POINT('Ctrl Pts',(-1.70186548379328,-1.56681218435191,-3.175));
#4296=CARTESIAN_POINT('Ctrl Pts',(-2.1154676825548,-0.93578206722484,-3.175));
#4297=CARTESIAN_POINT('Ctrl Pts',(-2.23644482248179,-0.584938644631563,
-3.175));
#4298=CARTESIAN_POINT('Ctrl Pts',(-2.30736312465274,0.0934713156246253,
-3.175));
#4299=CARTESIAN_POINT('Ctrl Pts',(-2.26336861494568,0.424674811232537,-3.175));
#4300=CARTESIAN_POINT('Ctrl Pts',(-2.17941308320302,0.689894638885901,-3.175));
#4301=CARTESIAN_POINT('Ctrl Pts',(0.,-2.286,3.175));
#4302=CARTESIAN_POINT('Ctrl Pts',(-0.370920987790034,-2.28600002745035,
3.175));
#4303=CARTESIAN_POINT('Ctrl Pts',(-0.831866744069047,-2.17991923192206,
3.175));
#4304=CARTESIAN_POINT('Ctrl Pts',(-1.62042354905398,-1.67876659595439,3.175));
#4305=CARTESIAN_POINT('Ctrl Pts',(-1.97181668681705,-1.25485494286402,3.175));
#4306=CARTESIAN_POINT('Ctrl Pts',(-2.31198728909524,-0.342708043674553,
3.175));
#4307=CARTESIAN_POINT('Ctrl Pts',(-2.31881762008981,0.163832488333595,3.17499999999989));
#4308=CARTESIAN_POINT('Ctrl Pts',(-2.16040378082455,0.776504026740535,3.17500000000005));
#4309=CARTESIAN_POINT('Ctrl Pts',(-2.08682352540247,0.953952234946083,3.175));
#4310=CARTESIAN_POINT('Ctrl Pts',(-1.89214578566074,1.29793302447927,3.175));
#4311=CARTESIAN_POINT('Ctrl Pts',(-1.76590890580978,1.46815740408848,3.175));
#4312=CARTESIAN_POINT('Ctrl Pts',(-1.29878484616222,1.93168703679306,3.175));
#4313=CARTESIAN_POINT('Ctrl Pts',(-0.836281337556162,2.18342101444742,3.175));
#4314=CARTESIAN_POINT('Ctrl Pts',(0.254926641203722,2.35312675814568,3.175));
#4315=CARTESIAN_POINT('Ctrl Pts',(0.909949939325855,2.16731822781519,3.175));
#4316=CARTESIAN_POINT('Ctrl Pts',(1.57231976492987,1.68170547923444,3.175));
#4317=CARTESIAN_POINT('Ctrl Pts',(1.74517002304798,1.4966311612266,3.1844928442201));
#4318=CARTESIAN_POINT('Ctrl Pts',(2.01491962837021,1.10481740853603,3.15397499842404));
#4319=CARTESIAN_POINT('Ctrl Pts',(2.11918562529446,0.88739188606008,3.1144452562791));
#4320=CARTESIAN_POINT('Ctrl Pts',(2.32608855427219,0.201674095523801,3.04671765028074));
#4321=CARTESIAN_POINT('Ctrl Pts',(2.31439430208796,-0.287516653125105,2.99936315806061));
#4322=CARTESIAN_POINT('Ctrl Pts',(1.99895139365924,-1.19051223749712,2.90270627432331));
#4323=CARTESIAN_POINT('Ctrl Pts',(1.70174200593767,-1.59649503916569,2.85437208362646));
#4324=CARTESIAN_POINT('Ctrl Pts',(0.709626976522841,-2.29789906673414,2.72870702294946));
#4325=CARTESIAN_POINT('Ctrl Pts',(-0.159259699380551,-2.39963052554966,
2.65137028575011));
#4326=CARTESIAN_POINT('Ctrl Pts',(-1.54723252142462,-1.84159097778361,2.49670113969465));
#4327=CARTESIAN_POINT('Ctrl Pts',(-2.10362864532661,-1.16674860541008,2.4193666389476));
#4328=CARTESIAN_POINT('Ctrl Pts',(-2.38575660621991,0.301891576864208,2.26469758922754));
#4329=CARTESIAN_POINT('Ctrl Pts',(-2.11986189521842,1.13538303236237,2.18736306886308));
#4330=CARTESIAN_POINT('Ctrl Pts',(-1.03901678500473,2.1694737147701,2.03269402351308));
#4331=CARTESIAN_POINT('Ctrl Pts',(-0.194735077220901,2.39767723212902,1.95535950070231));
#4332=CARTESIAN_POINT('Ctrl Pts',(1.25955315522787,2.04843575659507,1.80069045518755));
#4333=CARTESIAN_POINT('Ctrl Pts',(1.90903333112254,1.46224386989063,1.72335593242589));
#4334=CARTESIAN_POINT('Ctrl Pts',(2.40500789238316,0.0511602226148973,1.56868688690698));
#4335=CARTESIAN_POINT('Ctrl Pts',(2.26431004457503,-0.812015240077499,1.49135236414796));
#4336=CARTESIAN_POINT('Ctrl Pts',(1.34600313420408,-1.99272752069953,1.33668331862937));
#4337=CARTESIAN_POINT('Ctrl Pts',(0.544019896876622,-2.34237879126373,1.25934879587016));
#4338=CARTESIAN_POINT('Ctrl Pts',(-0.945830820675866,-2.21181986770858,
1.10467975035171));
#4339=CARTESIAN_POINT('Ctrl Pts',(-1.67396984051226,-1.72731752247967,1.02734522759242));
#4340=CARTESIAN_POINT('Ctrl Pts',(-2.37072661676841,-0.40358064639389,0.87267618207399));
#4341=CARTESIAN_POINT('Ctrl Pts',(-2.35826324065696,0.47118297268635,0.795341659314762));
#4342=CARTESIAN_POINT('Ctrl Pts',(-1.6243678807358,1.7741522135787,0.640672613796178));
#4343=CARTESIAN_POINT('Ctrl Pts',(-0.882473285164944,2.23745044720738,0.563338091036856));
#4344=CARTESIAN_POINT('Ctrl Pts',(0.610894416258752,2.32612126736494,0.40866904551862));
#4345=CARTESIAN_POINT('Ctrl Pts',(1.40252714450134,1.95390810582123,0.331334522759257));
#4346=CARTESIAN_POINT('Ctrl Pts',(2.2860756111483,0.747460752926841,0.176665477240752));
#4347=CARTESIAN_POINT('Ctrl Pts',(2.4020262055614,-0.119591998470432,0.0993309544816126));
#4348=CARTESIAN_POINT('Ctrl Pts',(1.86680454473658,-1.51656994381748,-0.0553380910370679));
#4349=CARTESIAN_POINT('Ctrl Pts',(1.20121078450113,-2.08405367975727,-0.132672613796167));
#4350=CARTESIAN_POINT('Ctrl Pts',(-0.262489427627384,-2.39050584738227,
-0.287341659314752));
#4351=CARTESIAN_POINT('Ctrl Pts',(-1.10022770080972,-2.13839216140721,-0.364676182073778));
#4352=CARTESIAN_POINT('Ctrl Pts',(-2.1519690402292,-1.07463021561155,-0.519345227592608));
#4353=CARTESIAN_POINT('Ctrl Pts',(-2.3941350699254,-0.234222832967546,-0.596679750351496));
#4354=CARTESIAN_POINT('Ctrl Pts',(-2.06898275292886,1.22556371439544,-0.751348795870356));
#4355=CARTESIAN_POINT('Ctrl Pts',(-1.49360283624685,1.8846320533717,-0.828683318629562));
#4356=CARTESIAN_POINT('Ctrl Pts',(-0.0908054582054066,2.40379348048896,
-0.983352364147751));
#4357=CARTESIAN_POINT('Ctrl Pts',(0.774584999973487,2.27743241581801,-1.06068688690715));
#4358=CARTESIAN_POINT('Ctrl Pts',(1.97019478629452,1.37873053873059,-1.2153559324257));
#4359=CARTESIAN_POINT('Ctrl Pts',(2.33304753158649,0.582625450094984,-1.29269045518766));
#4360=CARTESIAN_POINT('Ctrl Pts',(2.22711392966897,-0.909253212283083,-1.44735950070218));
#4361=CARTESIAN_POINT('Ctrl Pts',(1.75475384424701,-1.64529967626013,-1.52469402351337));
#4362=CARTESIAN_POINT('Ctrl Pts',(0.442689098200734,-2.36366991081857,-1.67936306886277));
#4363=CARTESIAN_POINT('Ctrl Pts',(-0.432184706907604,-2.36562665850223,
-1.75669758922712));
#4364=CARTESIAN_POINT('Ctrl Pts',(-1.74720441822279,-1.65343052669579,-1.91136663894801));
#4365=CARTESIAN_POINT('Ctrl Pts',(-2.22266618220961,-0.919315423166117,
-1.98870113969483));
#4366=CARTESIAN_POINT('Ctrl Pts',(-2.335808650494,0.572353264404089,-2.14337028574991));
#4367=CARTESIAN_POINT('Ctrl Pts',(-1.97659818163117,1.3700256184021,-2.22070702294926));
#4368=CARTESIAN_POINT('Ctrl Pts',(-0.859545913184828,2.21715543711729,-2.36570516988464));
#4369=CARTESIAN_POINT('Ctrl Pts',(-0.131488137313503,2.36928270485766,-2.43337386391094));
#4370=CARTESIAN_POINT('Ctrl Pts',(0.834505694758762,2.15503702084932,-2.53485150412971));
#4371=CARTESIAN_POINT('Ctrl Pts',(1.14037458366946,2.00810078989914,-2.56429192085103));
#4372=CARTESIAN_POINT('Ctrl Pts',(1.53607465651812,1.7002524466854,-2.61453034166379));
#4373=CARTESIAN_POINT('Ctrl Pts',(1.65616938418288,1.58390396265315,-2.6394610311667));
#4374=CARTESIAN_POINT('Ctrl Pts',(1.86928160860216,1.32707768505188,-2.67161317628067));
#4375=CARTESIAN_POINT('Ctrl Pts',(1.96125149455855,1.18835094460755,-2.66700347491496));
#4376=CARTESIAN_POINT('Ctrl Pts',(2.20549362660116,0.702229983650125,-2.66699305017009));
#4377=CARTESIAN_POINT('Ctrl Pts',(2.30457415161585,0.305473733878641,-2.667));
#4378=CARTESIAN_POINT('Ctrl Pts',(2.25476592788334,-0.550893646825191,-2.667));
#4379=CARTESIAN_POINT('Ctrl Pts',(2.10928479851091,-0.983292272550496,-2.667));
#4380=CARTESIAN_POINT('Ctrl Pts',(1.60275969370786,-1.68030863212686,-2.667));
#4381=CARTESIAN_POINT('Ctrl Pts',(1.25886425267349,-1.94504751932329,-2.6670000000002));
#4382=CARTESIAN_POINT('Ctrl Pts',(0.568260131435107,-2.24593239387576,-2.6669999999998));
#4383=CARTESIAN_POINT('Ctrl Pts',(0.246286244555258,-2.30248277953814,-2.667));
#4384=CARTESIAN_POINT('Ctrl Pts',(-0.438286222791292,-2.26578895456862,
-2.667));
#4385=CARTESIAN_POINT('Ctrl Pts',(-0.7858609376654,-2.17375052732147,-2.66700000000019));
#4386=CARTESIAN_POINT('Ctrl Pts',(-1.42129407040068,-1.8273073512156,-2.66699999999981));
#4387=CARTESIAN_POINT('Ctrl Pts',(-1.70186548379328,-1.56681218435191,-2.667));
#4388=CARTESIAN_POINT('Ctrl Pts',(-2.1154676825548,-0.93578206722484,-2.667));
#4389=CARTESIAN_POINT('Ctrl Pts',(-2.23644482248179,-0.584938644631563,
-2.667));
#4390=CARTESIAN_POINT('Ctrl Pts',(-2.30736312465274,0.0934713156246254,
-2.667));
#4391=CARTESIAN_POINT('Ctrl Pts',(-2.26336861494568,0.424674811232537,-2.667));
#4392=CARTESIAN_POINT('Ctrl Pts',(-2.17941308320302,0.689894638885901,-2.667));
#4393=CARTESIAN_POINT('Ctrl Pts',(0.,-2.794,3.175));
#4394=CARTESIAN_POINT('Ctrl Pts',(-0.462171201284155,-2.79400002161599,
3.175));
#4395=CARTESIAN_POINT('Ctrl Pts',(-1.00865804632254,-2.66947422452407,3.175));
#4396=CARTESIAN_POINT('Ctrl Pts',(-1.98858564527228,-2.04669734288048,3.175));
#4397=CARTESIAN_POINT('Ctrl Pts',(-2.40640937923745,-1.54333322852772,3.175));
#4398=CARTESIAN_POINT('Ctrl Pts',(-2.82935103576646,-0.409243755019428,
3.175));
#4399=CARTESIAN_POINT('Ctrl Pts',(-2.83443583647512,0.198974172073974,3.17499999999989));
#4400=CARTESIAN_POINT('Ctrl Pts',(-2.64033080393622,0.949693245071975,3.17500000000005));
#4401=CARTESIAN_POINT('Ctrl Pts',(-2.5496568910813,1.16754186296541,3.175));
#4402=CARTESIAN_POINT('Ctrl Pts',(-2.3135278224404,1.58476234299891,3.175));
#4403=CARTESIAN_POINT('Ctrl Pts',(-2.16056514484249,1.79220059025557,3.175));
#4404=CARTESIAN_POINT('Ctrl Pts',(-1.58293962538165,2.36537885223001,3.175));
#4405=CARTESIAN_POINT('Ctrl Pts',(-1.03257557058443,2.66700005639442,3.175));
#4406=CARTESIAN_POINT('Ctrl Pts',(0.324644425657622,2.87807585042415,3.175));
#4407=CARTESIAN_POINT('Ctrl Pts',(1.11289162956028,2.64843232840507,3.175));
#4408=CARTESIAN_POINT('Ctrl Pts',(1.92139255212696,2.05568438019136,3.175));
#4409=CARTESIAN_POINT('Ctrl Pts',(2.13307050189665,1.82903863993049,3.1844928442201));
#4410=CARTESIAN_POINT('Ctrl Pts',(2.46386901971377,1.34855079347508,3.15397499842404));
#4411=CARTESIAN_POINT('Ctrl Pts',(2.59046866856466,1.08404993586451,3.1144452562791));
#4412=CARTESIAN_POINT('Ctrl Pts',(2.84255241166387,0.248593867590095,3.04671765028074));
#4413=CARTESIAN_POINT('Ctrl Pts',(2.82766966689921,-0.358591525715238,2.99936315806061));
#4414=CARTESIAN_POINT('Ctrl Pts',(2.44483650278906,-1.45450032201974,2.90270627432331));
#4415=CARTESIAN_POINT('Ctrl Pts',(2.08774726745009,-1.94573036576975,2.85437208362646));
#4416=CARTESIAN_POINT('Ctrl Pts',(0.854490474555162,-2.81761650178711,2.72870702294946));
#4417=CARTESIAN_POINT('Ctrl Pts',(-0.180250676555593,-2.93871210375075,
2.65137028575011));
#4418=CARTESIAN_POINT('Ctrl Pts',(-1.90524270681699,-2.24517271104243,2.49670113969465));
#4419=CARTESIAN_POINT('Ctrl Pts',(-2.56822545411604,-1.44103892304763,2.4193666389476));
#4420=CARTESIAN_POINT('Ctrl Pts',(-2.91891651723068,0.384511531394853,2.26469758922754));
#4421=CARTESIAN_POINT('Ctrl Pts',(-2.60229438288112,1.37687308069592,2.18736306886308));
#4422=CARTESIAN_POINT('Ctrl Pts',(-1.25895131205939,2.66210666473931,2.03269402351308));
#4423=CARTESIAN_POINT('Ctrl Pts',(-0.252780466798187,2.93405943034032,1.95535950070231));
#4424=CARTESIAN_POINT('Ctrl Pts',(1.55484201925621,2.49996627407803,1.80069045518755));
#4425=CARTESIAN_POINT('Ctrl Pts',(2.32804815517484,1.80209133550232,1.72335593242589));
#4426=CARTESIAN_POINT('Ctrl Pts',(2.94450847461451,0.0482166244741402,1.56868688690698));
#4427=CARTESIAN_POINT('Ctrl Pts',(2.77683080437841,-0.980497610813072,1.49135236414796));
#4428=CARTESIAN_POINT('Ctrl Pts',(1.63547231072762,-2.44799842011998,1.33668331862937));
#4429=CARTESIAN_POINT('Ctrl Pts',(0.680683950252696,-2.8643018626028,1.25934879587016));
#4430=CARTESIAN_POINT('Ctrl Pts',(-1.1711891010298,-2.70201800161164,1.10467975035171));
#4431=CARTESIAN_POINT('Ctrl Pts',(-2.03890251061271,-2.12465537883718,1.02734522759242));
#4432=CARTESIAN_POINT('Ctrl Pts',(-2.90485602677304,-0.479469349009054,
0.87267618207399));
#4433=CARTESIAN_POINT('Ctrl Pts',(-2.89006677532958,0.562147321209515,0.795341659314762));
#4434=CARTESIAN_POINT('Ctrl Pts',(-1.97780192292297,2.1817963612882,0.640672613796178));
#4435=CARTESIAN_POINT('Ctrl Pts',(-1.09386892709224,2.73379322649442,0.563338091036856));
#4436=CARTESIAN_POINT('Ctrl Pts',(0.762069714440409,2.84399222797653,0.40866904551862));
#4437=CARTESIAN_POINT('Ctrl Pts',(1.70499120304872,2.40068390848448,0.331334522759258));
#4438=CARTESIAN_POINT('Ctrl Pts',(2.80330105385639,0.900989141096494,0.176665477240752));
#4439=CARTESIAN_POINT('Ctrl Pts',(2.94137431348594,-0.131754280467812,0.0993309544816126));
#4440=CARTESIAN_POINT('Ctrl Pts',(2.2762075311241,-1.86790093691838,-0.0553380910370679));
#4441=CARTESIAN_POINT('Ctrl Pts',(1.48318486057485,-2.54403193333118,-0.132672613796167));
#4442=CARTESIAN_POINT('Ctrl Pts',(-0.33625999465919,-2.92496577631275,-0.287341659314752));
#4443=CARTESIAN_POINT('Ctrl Pts',(-1.33377356598047,-2.62471474023552,-0.364676182073778));
#4444=CARTESIAN_POINT('Ctrl Pts',(-2.64091410376984,-1.30263449329204,-0.519345227592608));
#4445=CARTESIAN_POINT('Ctrl Pts',(-2.9294883926879,-0.30113609632743,-0.596679750351495));
#4446=CARTESIAN_POINT('Ctrl Pts',(-2.52532666034312,1.51336745663508,-0.751348795870356));
#4447=CARTESIAN_POINT('Ctrl Pts',(-1.84028705391643,2.2980011974006,-0.828683318629562));
#4448=CARTESIAN_POINT('Ctrl Pts',(-0.0967579335176118,2.94326396764827,
-0.983352364147751));
#4449=CARTESIAN_POINT('Ctrl Pts',(0.934595167540219,2.79266662399263,-1.06068688690715));
#4450=CARTESIAN_POINT('Ctrl Pts',(2.4206515201418,1.67564543157004,-1.2153559324257));
#4451=CARTESIAN_POINT('Ctrl Pts',(2.8526405856038,0.727878262991847,-1.29269045518766));
#4452=CARTESIAN_POINT('Ctrl Pts',(2.72096921282626,-1.12646759741156,-1.44735950070218));
#4453=CARTESIAN_POINT('Ctrl Pts',(2.15804301540127,-2.00365182710601,-1.52469402351337));
#4454=CARTESIAN_POINT('Ctrl Pts',(0.52732557411451,-2.89648809326102,-1.67936306886277));
#4455=CARTESIAN_POINT('Ctrl Pts',(-0.514319945069263,-2.89886145692399,
-1.75669758922712));
#4456=CARTESIAN_POINT('Ctrl Pts',(-2.14891690924746,-2.01358667011374,-1.91136663894801));
#4457=CARTESIAN_POINT('Ctrl Pts',(-2.71547485113994,-1.13883563656758,-1.98870113969483));
#4458=CARTESIAN_POINT('Ctrl Pts',(-2.85608993092412,0.71503107736898,-2.14337028574991));
#4459=CARTESIAN_POINT('Ctrl Pts',(-2.4283647725585,1.66498085684009,-2.22070702294926));
#4460=CARTESIAN_POINT('Ctrl Pts',(-1.03980364713603,2.71801256410239,-2.36570516988464));
#4461=CARTESIAN_POINT('Ctrl Pts',(-0.169863589246083,2.89813815628592,-2.43337386391094));
#4462=CARTESIAN_POINT('Ctrl Pts',(1.0186864712987,2.63453220327984,-2.53485150412971));
#4463=CARTESIAN_POINT('Ctrl Pts',(1.39469552057982,2.4538731795551,-2.56429192085103));
#4464=CARTESIAN_POINT('Ctrl Pts',(1.87681422696099,2.07879251799417,-2.61453034166379));
#4465=CARTESIAN_POINT('Ctrl Pts',(2.02372222630951,1.9364799589025,-2.6394610311667));
#4466=CARTESIAN_POINT('Ctrl Pts',(2.28360185485191,1.62329323750889,-2.67161317628067));
#4467=CARTESIAN_POINT('Ctrl Pts',(2.39753232493092,1.45153959166886,-2.66700347491496));
#4468=CARTESIAN_POINT('Ctrl Pts',(2.6947089915716,0.860059772386437,-2.66699305017009));
#4469=CARTESIAN_POINT('Ctrl Pts',(2.81698156534196,0.366490975319291,-2.667));
#4470=CARTESIAN_POINT('Ctrl Pts',(2.75664437798199,-0.670903993331279,-2.667));
#4471=CARTESIAN_POINT('Ctrl Pts',(2.57610011529629,-1.20505448929065,-2.667));
#4472=CARTESIAN_POINT('Ctrl Pts',(1.95784222659793,-2.05582350744606,-2.667));
#4473=CARTESIAN_POINT('Ctrl Pts',(1.53847927261967,-2.3773445509301,-2.6670000000002));
#4474=CARTESIAN_POINT('Ctrl Pts',(0.694456477791288,-2.74507142286561,-2.6669999999998));
#4475=CARTESIAN_POINT('Ctrl Pts',(0.302158164709617,-2.81420834668804,-2.667));
#4476=CARTESIAN_POINT('Ctrl Pts',(-0.536661712834949,-2.76924384492297,
-2.667));
#4477=CARTESIAN_POINT('Ctrl Pts',(-0.958756547621266,-2.65808301328978,
-2.66700000000019));
#4478=CARTESIAN_POINT('Ctrl Pts',(-1.73474264973205,-2.23500924213337,-2.66699999999981));
#4479=CARTESIAN_POINT('Ctrl Pts',(-2.08352746910442,-1.91121144238937,-2.667));
#4480=CARTESIAN_POINT('Ctrl Pts',(-2.58354607286166,-1.14833639257164,-2.667));
#4481=CARTESIAN_POINT('Ctrl Pts',(-2.73382395962013,-0.713018642723955,
-2.667));
#4482=CARTESIAN_POINT('Ctrl Pts',(-2.8204777612462,0.115918301598294,-2.667));
#4483=CARTESIAN_POINT('Ctrl Pts',(-2.76833651150979,0.512738040316293,-2.667));
#4484=CARTESIAN_POINT('Ctrl Pts',(-2.66372710169258,0.843204558638323,-2.667));
#4485=CARTESIAN_POINT('Ctrl Pts',(0.,-3.302,3.175));
#4486=CARTESIAN_POINT('Ctrl Pts',(-0.553421414778276,-3.30200001578164,
3.175));
#4487=CARTESIAN_POINT('Ctrl Pts',(-1.18544934857603,-3.15902921712607,3.175));
#4488=CARTESIAN_POINT('Ctrl Pts',(-2.35674774149057,-2.41462808980658,3.175));
#4489=CARTESIAN_POINT('Ctrl Pts',(-2.84100207165785,-1.83181151419142,3.175));
#4490=CARTESIAN_POINT('Ctrl Pts',(-3.34671478243768,-0.475779466364302,
3.175));
#4491=CARTESIAN_POINT('Ctrl Pts',(-3.35005405286044,0.234115855814354,3.17499999999989));
#4492=CARTESIAN_POINT('Ctrl Pts',(-3.12025782704789,1.12288246340341,3.17500000000005));
#4493=CARTESIAN_POINT('Ctrl Pts',(-3.01249025676012,1.38113149098473,3.175));
#4494=CARTESIAN_POINT('Ctrl Pts',(-2.73490985922007,1.87159166151856,3.175));
#4495=CARTESIAN_POINT('Ctrl Pts',(-2.5552213838752,2.11624377642266,3.175));
#4496=CARTESIAN_POINT('Ctrl Pts',(-1.86709440460107,2.79907066766695,3.175));
#4497=CARTESIAN_POINT('Ctrl Pts',(-1.22886980361271,3.15057909834141,3.175));
#4498=CARTESIAN_POINT('Ctrl Pts',(0.394362210111523,3.40302494270263,3.175));
#4499=CARTESIAN_POINT('Ctrl Pts',(1.31583331979471,3.12954642899496,3.175));
#4500=CARTESIAN_POINT('Ctrl Pts',(2.27046533932406,2.42966328114828,3.175));
#4501=CARTESIAN_POINT('Ctrl Pts',(2.52097098074532,2.16144611863438,3.1844928442201));
#4502=CARTESIAN_POINT('Ctrl Pts',(2.91281841105733,1.59228417841414,3.15397499842404));
#4503=CARTESIAN_POINT('Ctrl Pts',(3.06175171183486,1.28070798566894,3.1144452562791));
#4504=CARTESIAN_POINT('Ctrl Pts',(3.35901626905554,0.295513639656389,3.04671765028074));
#4505=CARTESIAN_POINT('Ctrl Pts',(3.34094503171045,-0.429666398305371,2.99936315806061));
#4506=CARTESIAN_POINT('Ctrl Pts',(2.89072161191889,-1.71848840654236,2.90270627432331));
#4507=CARTESIAN_POINT('Ctrl Pts',(2.47375252896252,-2.29496569237381,2.85437208362646));
#4508=CARTESIAN_POINT('Ctrl Pts',(0.999353972587484,-3.33733393684008,2.72870702294946));
#4509=CARTESIAN_POINT('Ctrl Pts',(-0.201241653730635,-3.47779368195185,
2.65137028575011));
#4510=CARTESIAN_POINT('Ctrl Pts',(-2.26325289220935,-2.64875444430124,2.49670113969465));
#4511=CARTESIAN_POINT('Ctrl Pts',(-3.03282226290548,-1.71532924068518,2.4193666389476));
#4512=CARTESIAN_POINT('Ctrl Pts',(-3.45207642824145,0.467131485925497,2.26469758922754));
#4513=CARTESIAN_POINT('Ctrl Pts',(-3.08472687054381,1.61836312902948,2.18736306886308));
#4514=CARTESIAN_POINT('Ctrl Pts',(-1.47888583911405,3.15473961470852,2.03269402351308));
#4515=CARTESIAN_POINT('Ctrl Pts',(-0.310825856375473,3.47044162855162,1.95535950070231));
#4516=CARTESIAN_POINT('Ctrl Pts',(1.85013088328455,2.95149679156099,1.80069045518755));
#4517=CARTESIAN_POINT('Ctrl Pts',(2.74706297922715,2.14193880111402,1.72335593242589));
#4518=CARTESIAN_POINT('Ctrl Pts',(3.48400905684587,0.0452730263333832,1.56868688690698));
#4519=CARTESIAN_POINT('Ctrl Pts',(3.2893515641818,-1.14897998154864,1.49135236414796));
#4520=CARTESIAN_POINT('Ctrl Pts',(1.92494148725116,-2.90326931954043,1.33668331862937));
#4521=CARTESIAN_POINT('Ctrl Pts',(0.817348003628771,-3.38622493394188,1.25934879587016));
#4522=CARTESIAN_POINT('Ctrl Pts',(-1.39654738138373,-3.19221613551471,1.10467975035171));
#4523=CARTESIAN_POINT('Ctrl Pts',(-2.40383518071317,-2.52199323519469,1.02734522759242));
#4524=CARTESIAN_POINT('Ctrl Pts',(-3.43898543677767,-0.555358051624218,
0.87267618207399));
#4525=CARTESIAN_POINT('Ctrl Pts',(-3.4218703100022,0.65311166973268,0.795341659314762));
#4526=CARTESIAN_POINT('Ctrl Pts',(-2.33123596511015,2.58944050899771,0.640672613796178));
#4527=CARTESIAN_POINT('Ctrl Pts',(-1.30526456901954,3.23013600578146,0.563338091036856));
#4528=CARTESIAN_POINT('Ctrl Pts',(0.913245012622066,3.36186318858812,0.40866904551862));
#4529=CARTESIAN_POINT('Ctrl Pts',(2.00745526159611,2.84745971114774,0.331334522759258));
#4530=CARTESIAN_POINT('Ctrl Pts',(3.32052649656448,1.05451752926615,0.176665477240752));
#4531=CARTESIAN_POINT('Ctrl Pts',(3.48072242141047,-0.143916562465192,0.0993309544816126));
#4532=CARTESIAN_POINT('Ctrl Pts',(2.68561051751162,-2.21923193001929,-0.0553380910370679));
#4533=CARTESIAN_POINT('Ctrl Pts',(1.76515893664857,-3.00401018690509,-0.132672613796167));
#4534=CARTESIAN_POINT('Ctrl Pts',(-0.410030561690996,-3.45942570524322,
-0.287341659314752));
#4535=CARTESIAN_POINT('Ctrl Pts',(-1.56731943115123,-3.11103731906382,-0.364676182073778));
#4536=CARTESIAN_POINT('Ctrl Pts',(-3.12985916731048,-1.53063877097254,-0.519345227592608));
#4537=CARTESIAN_POINT('Ctrl Pts',(-3.4648417154504,-0.368049359687314,-0.596679750351496));
#4538=CARTESIAN_POINT('Ctrl Pts',(-2.98167056775739,1.80117119887472,-0.751348795870356));
#4539=CARTESIAN_POINT('Ctrl Pts',(-2.18697127158601,2.71137034142949,-0.828683318629562));
#4540=CARTESIAN_POINT('Ctrl Pts',(-0.102710408829817,3.48273445480757,-0.983352364147751));
#4541=CARTESIAN_POINT('Ctrl Pts',(1.09460533510695,3.30790083216725,-1.06068688690715));
#4542=CARTESIAN_POINT('Ctrl Pts',(2.87110825398909,1.9725603244095,-1.2153559324257));
#4543=CARTESIAN_POINT('Ctrl Pts',(3.37223363962111,0.873131075888711,-1.29269045518766));
#4544=CARTESIAN_POINT('Ctrl Pts',(3.21482449598355,-1.34368198254003,-1.44735950070218));
#4545=CARTESIAN_POINT('Ctrl Pts',(2.56133218655552,-2.3620039779519,-1.52469402351337));
#4546=CARTESIAN_POINT('Ctrl Pts',(0.611962050028286,-3.42930627570347,-1.67936306886277));
#4547=CARTESIAN_POINT('Ctrl Pts',(-0.596455183230923,-3.43209625534575,
-1.75669758922712));
#4548=CARTESIAN_POINT('Ctrl Pts',(-2.55062940027213,-2.37374281353168,-1.91136663894801));
#4549=CARTESIAN_POINT('Ctrl Pts',(-3.20828352007027,-1.35835584996905,-1.98870113969483));
#4550=CARTESIAN_POINT('Ctrl Pts',(-3.37637121135423,0.857708890333872,-2.14337028574991));
#4551=CARTESIAN_POINT('Ctrl Pts',(-2.88013136348583,1.95993609527807,-2.22070702294926));
#4552=CARTESIAN_POINT('Ctrl Pts',(-1.22006138108722,3.2188696910875,-2.36570516988464));
#4553=CARTESIAN_POINT('Ctrl Pts',(-0.208239041178664,3.42699360771419,-2.43337386391094));
#4554=CARTESIAN_POINT('Ctrl Pts',(1.20286724783864,3.11402738571036,-2.53485150412971));
#4555=CARTESIAN_POINT('Ctrl Pts',(1.64901645749018,2.89964556921106,-2.56429192085103));
#4556=CARTESIAN_POINT('Ctrl Pts',(2.21755379740387,2.45733258930295,-2.61453034166379));
#4557=CARTESIAN_POINT('Ctrl Pts',(2.39127506843613,2.28905595515185,-2.6394610311667));
#4558=CARTESIAN_POINT('Ctrl Pts',(2.69792210110166,1.9195087899659,-2.67161317628067));
#4559=CARTESIAN_POINT('Ctrl Pts',(2.83381315530328,1.71472823873018,-2.66700347491496));
#4560=CARTESIAN_POINT('Ctrl Pts',(3.18392435654204,1.01788956112275,-2.66699305017009));
#4561=CARTESIAN_POINT('Ctrl Pts',(3.32938897906807,0.42750821675994,-2.667));
#4562=CARTESIAN_POINT('Ctrl Pts',(3.25852282808064,-0.790914339837367,-2.667));
#4563=CARTESIAN_POINT('Ctrl Pts',(3.04291543208167,-1.4268167060308,-2.667));
#4564=CARTESIAN_POINT('Ctrl Pts',(2.31292475948799,-2.43133838276527,-2.667));
#4565=CARTESIAN_POINT('Ctrl Pts',(1.81809429256585,-2.80964158253691,-2.6670000000002));
#4566=CARTESIAN_POINT('Ctrl Pts',(0.820652824147469,-3.24421045185545,-2.6669999999998));
#4567=CARTESIAN_POINT('Ctrl Pts',(0.358030084863976,-3.32593391383794,-2.667));
#4568=CARTESIAN_POINT('Ctrl Pts',(-0.635037202878607,-3.27269873527732,
-2.667));
#4569=CARTESIAN_POINT('Ctrl Pts',(-1.13165215757713,-3.14241549925809,-2.66700000000019));
#4570=CARTESIAN_POINT('Ctrl Pts',(-2.04819122906342,-2.64271113305114,-2.66699999999981));
#4571=CARTESIAN_POINT('Ctrl Pts',(-2.46518945441556,-2.25561070042683,-2.667));
#4572=CARTESIAN_POINT('Ctrl Pts',(-3.05162446316853,-1.36089071791844,-2.667));
#4573=CARTESIAN_POINT('Ctrl Pts',(-3.23120309675848,-0.841098640816346,
-2.667));
#4574=CARTESIAN_POINT('Ctrl Pts',(-3.33359239783965,0.138365287571964,-2.667));
#4575=CARTESIAN_POINT('Ctrl Pts',(-3.2733044080739,0.60080126940005,-2.667));
#4576=CARTESIAN_POINT('Ctrl Pts',(-3.14804112018214,0.996514478390746,-2.667));
#4577=CARTESIAN_POINT('Ctrl Pts',(0.,-3.302,2.667));
#4578=CARTESIAN_POINT('Ctrl Pts',(-0.553421414778276,-3.30200001578164,
2.667));
#4579=CARTESIAN_POINT('Ctrl Pts',(-1.18544934857603,-3.15902921712607,2.667));
#4580=CARTESIAN_POINT('Ctrl Pts',(-2.35674774149057,-2.41462808980658,2.667));
#4581=CARTESIAN_POINT('Ctrl Pts',(-2.84100207165785,-1.83181151419142,2.667));
#4582=CARTESIAN_POINT('Ctrl Pts',(-3.34671478243768,-0.475779466364302,
2.667));
#4583=CARTESIAN_POINT('Ctrl Pts',(-3.35005405286044,0.234115855814354,2.66699999999989));
#4584=CARTESIAN_POINT('Ctrl Pts',(-3.12025782704789,1.12288246340341,2.66700000000005));
#4585=CARTESIAN_POINT('Ctrl Pts',(-3.01249025676012,1.38113149098473,2.667));
#4586=CARTESIAN_POINT('Ctrl Pts',(-2.73490985922007,1.87159166151856,2.667));
#4587=CARTESIAN_POINT('Ctrl Pts',(-2.5552213838752,2.11624377642266,2.667));
#4588=CARTESIAN_POINT('Ctrl Pts',(-1.86709440460107,2.79907066766695,2.667));
#4589=CARTESIAN_POINT('Ctrl Pts',(-1.22886980361271,3.15057909834141,2.667));
#4590=CARTESIAN_POINT('Ctrl Pts',(0.394362210111523,3.40302494270263,2.667));
#4591=CARTESIAN_POINT('Ctrl Pts',(1.31583331979471,3.12954642899496,2.667));
#4592=CARTESIAN_POINT('Ctrl Pts',(2.27046533932406,2.42966328114828,2.667));
#4593=CARTESIAN_POINT('Ctrl Pts',(2.52097098074532,2.16144611863438,2.6764928442201));
#4594=CARTESIAN_POINT('Ctrl Pts',(2.91281841105733,1.59228417841414,2.64597499842404));
#4595=CARTESIAN_POINT('Ctrl Pts',(3.06175171183486,1.28070798566894,2.6064452562791));
#4596=CARTESIAN_POINT('Ctrl Pts',(3.35901626905554,0.295513639656389,2.53871765028074));
#4597=CARTESIAN_POINT('Ctrl Pts',(3.34094503171045,-0.429666398305371,2.49136315806061));
#4598=CARTESIAN_POINT('Ctrl Pts',(2.89072161191889,-1.71848840654236,2.39470627432331));
#4599=CARTESIAN_POINT('Ctrl Pts',(2.47375252896252,-2.29496569237381,2.34637208362646));
#4600=CARTESIAN_POINT('Ctrl Pts',(0.999353972587484,-3.33733393684008,2.22070702294946));
#4601=CARTESIAN_POINT('Ctrl Pts',(-0.201241653730635,-3.47779368195185,
2.14337028575011));
#4602=CARTESIAN_POINT('Ctrl Pts',(-2.26325289220935,-2.64875444430124,1.98870113969465));
#4603=CARTESIAN_POINT('Ctrl Pts',(-3.03282226290548,-1.71532924068518,1.9113666389476));
#4604=CARTESIAN_POINT('Ctrl Pts',(-3.45207642824145,0.467131485925497,1.75669758922754));
#4605=CARTESIAN_POINT('Ctrl Pts',(-3.08472687054381,1.61836312902948,1.67936306886308));
#4606=CARTESIAN_POINT('Ctrl Pts',(-1.47888583911405,3.15473961470852,1.52469402351308));
#4607=CARTESIAN_POINT('Ctrl Pts',(-0.310825856375473,3.47044162855162,1.44735950070231));
#4608=CARTESIAN_POINT('Ctrl Pts',(1.85013088328455,2.95149679156099,1.29269045518755));
#4609=CARTESIAN_POINT('Ctrl Pts',(2.74706297922715,2.14193880111402,1.21535593242589));
#4610=CARTESIAN_POINT('Ctrl Pts',(3.48400905684587,0.0452730263333832,1.06068688690698));
#4611=CARTESIAN_POINT('Ctrl Pts',(3.2893515641818,-1.14897998154864,0.983352364147963));
#4612=CARTESIAN_POINT('Ctrl Pts',(1.92494148725116,-2.90326931954043,0.828683318629369));
#4613=CARTESIAN_POINT('Ctrl Pts',(0.817348003628771,-3.38622493394188,0.751348795870162));
#4614=CARTESIAN_POINT('Ctrl Pts',(-1.39654738138373,-3.19221613551471,0.596679750351707));
#4615=CARTESIAN_POINT('Ctrl Pts',(-2.40383518071317,-2.52199323519469,0.519345227592415));
#4616=CARTESIAN_POINT('Ctrl Pts',(-3.43898543677767,-0.555358051624218,
0.36467618207399));
#4617=CARTESIAN_POINT('Ctrl Pts',(-3.4218703100022,0.65311166973268,0.287341659314762));
#4618=CARTESIAN_POINT('Ctrl Pts',(-2.33123596511015,2.58944050899771,0.132672613796178));
#4619=CARTESIAN_POINT('Ctrl Pts',(-1.30526456901954,3.23013600578146,0.0553380910368559));
#4620=CARTESIAN_POINT('Ctrl Pts',(0.913245012622066,3.36186318858812,-0.0993309544813798));
#4621=CARTESIAN_POINT('Ctrl Pts',(2.00745526159611,2.84745971114774,-0.176665477240742));
#4622=CARTESIAN_POINT('Ctrl Pts',(3.32052649656448,1.05451752926615,-0.331334522759248));
#4623=CARTESIAN_POINT('Ctrl Pts',(3.48072242141047,-0.143916562465192,-0.408669045518387));
#4624=CARTESIAN_POINT('Ctrl Pts',(2.68561051751162,-2.21923193001929,-0.563338091037068));
#4625=CARTESIAN_POINT('Ctrl Pts',(1.76515893664857,-3.00401018690509,-0.640672613796167));
#4626=CARTESIAN_POINT('Ctrl Pts',(-0.410030561690996,-3.45942570524322,
-0.795341659314752));
#4627=CARTESIAN_POINT('Ctrl Pts',(-1.56731943115123,-3.11103731906382,-0.872676182073778));
#4628=CARTESIAN_POINT('Ctrl Pts',(-3.12985916731048,-1.53063877097254,-1.02734522759261));
#4629=CARTESIAN_POINT('Ctrl Pts',(-3.4648417154504,-0.368049359687314,-1.1046797503515));
#4630=CARTESIAN_POINT('Ctrl Pts',(-2.98167056775739,1.80117119887472,-1.25934879587036));
#4631=CARTESIAN_POINT('Ctrl Pts',(-2.18697127158601,2.71137034142949,-1.33668331862956));
#4632=CARTESIAN_POINT('Ctrl Pts',(-0.102710408829817,3.48273445480757,-1.49135236414775));
#4633=CARTESIAN_POINT('Ctrl Pts',(1.09460533510695,3.30790083216725,-1.56868688690715));
#4634=CARTESIAN_POINT('Ctrl Pts',(2.87110825398909,1.9725603244095,-1.7233559324257));
#4635=CARTESIAN_POINT('Ctrl Pts',(3.37223363962111,0.873131075888711,-1.80069045518766));
#4636=CARTESIAN_POINT('Ctrl Pts',(3.21482449598355,-1.34368198254003,-1.95535950070218));
#4637=CARTESIAN_POINT('Ctrl Pts',(2.56133218655552,-2.3620039779519,-2.03269402351337));
#4638=CARTESIAN_POINT('Ctrl Pts',(0.611962050028286,-3.42930627570347,-2.18736306886277));
#4639=CARTESIAN_POINT('Ctrl Pts',(-0.596455183230923,-3.43209625534575,
-2.26469758922712));
#4640=CARTESIAN_POINT('Ctrl Pts',(-2.55062940027213,-2.37374281353168,-2.41936663894801));
#4641=CARTESIAN_POINT('Ctrl Pts',(-3.20828352007027,-1.35835584996905,-2.49670113969483));
#4642=CARTESIAN_POINT('Ctrl Pts',(-3.37637121135423,0.857708890333872,-2.65137028574991));
#4643=CARTESIAN_POINT('Ctrl Pts',(-2.88013136348583,1.95993609527807,-2.72870702294926));
#4644=CARTESIAN_POINT('Ctrl Pts',(-1.22006138108722,3.2188696910875,-2.87370516988464));
#4645=CARTESIAN_POINT('Ctrl Pts',(-0.208239041178664,3.42699360771419,-2.94137386391094));
#4646=CARTESIAN_POINT('Ctrl Pts',(1.20286724783864,3.11402738571036,-3.04285150412971));
#4647=CARTESIAN_POINT('Ctrl Pts',(1.64901645749018,2.89964556921106,-3.07229192085103));
#4648=CARTESIAN_POINT('Ctrl Pts',(2.21755379740387,2.45733258930295,-3.12253034166379));
#4649=CARTESIAN_POINT('Ctrl Pts',(2.39127506843613,2.28905595515185,-3.1474610311667));
#4650=CARTESIAN_POINT('Ctrl Pts',(2.69792210110166,1.9195087899659,-3.17961317628066));
#4651=CARTESIAN_POINT('Ctrl Pts',(2.83381315530328,1.71472823873018,-3.17500347491496));
#4652=CARTESIAN_POINT('Ctrl Pts',(3.18392435654204,1.01788956112275,-3.17499305017009));
#4653=CARTESIAN_POINT('Ctrl Pts',(3.32938897906807,0.42750821675994,-3.175));
#4654=CARTESIAN_POINT('Ctrl Pts',(3.25852282808064,-0.790914339837367,-3.175));
#4655=CARTESIAN_POINT('Ctrl Pts',(3.04291543208167,-1.4268167060308,-3.175));
#4656=CARTESIAN_POINT('Ctrl Pts',(2.31292475948799,-2.43133838276527,-3.175));
#4657=CARTESIAN_POINT('Ctrl Pts',(1.81809429256584,-2.80964158253691,-3.1750000000002));
#4658=CARTESIAN_POINT('Ctrl Pts',(0.820652824147469,-3.24421045185545,-3.1749999999998));
#4659=CARTESIAN_POINT('Ctrl Pts',(0.358030084863976,-3.32593391383794,-3.175));
#4660=CARTESIAN_POINT('Ctrl Pts',(-0.635037202878607,-3.27269873527732,
-3.175));
#4661=CARTESIAN_POINT('Ctrl Pts',(-1.13165215757713,-3.14241549925809,-3.17500000000019));
#4662=CARTESIAN_POINT('Ctrl Pts',(-2.04819122906342,-2.64271113305114,-3.17499999999981));
#4663=CARTESIAN_POINT('Ctrl Pts',(-2.46518945441556,-2.25561070042683,-3.175));
#4664=CARTESIAN_POINT('Ctrl Pts',(-3.05162446316853,-1.36089071791844,-3.175));
#4665=CARTESIAN_POINT('Ctrl Pts',(-3.23120309675848,-0.841098640816345,
-3.175));
#4666=CARTESIAN_POINT('Ctrl Pts',(-3.33359239783965,0.138365287571963,-3.175));
#4667=CARTESIAN_POINT('Ctrl Pts',(-3.2733044080739,0.60080126940005,-3.175));
#4668=CARTESIAN_POINT('Ctrl Pts',(-3.14804112018214,0.996514478390746,-3.175));
#4669=CARTESIAN_POINT('Ctrl Pts',(0.,-2.794,2.667));
#4670=CARTESIAN_POINT('Ctrl Pts',(-0.462171201284155,-2.79400002161599,
2.667));
#4671=CARTESIAN_POINT('Ctrl Pts',(-1.00865804632254,-2.66947422452407,2.667));
#4672=CARTESIAN_POINT('Ctrl Pts',(-1.98858564527228,-2.04669734288048,2.667));
#4673=CARTESIAN_POINT('Ctrl Pts',(-2.40640937923745,-1.54333322852772,2.667));
#4674=CARTESIAN_POINT('Ctrl Pts',(-2.82935103576646,-0.409243755019428,
2.667));
#4675=CARTESIAN_POINT('Ctrl Pts',(-2.83443583647512,0.198974172073974,2.66699999999989));
#4676=CARTESIAN_POINT('Ctrl Pts',(-2.64033080393622,0.949693245071975,2.66700000000005));
#4677=CARTESIAN_POINT('Ctrl Pts',(-2.5496568910813,1.16754186296541,2.667));
#4678=CARTESIAN_POINT('Ctrl Pts',(-2.3135278224404,1.58476234299891,2.667));
#4679=CARTESIAN_POINT('Ctrl Pts',(-2.16056514484249,1.79220059025557,2.667));
#4680=CARTESIAN_POINT('Ctrl Pts',(-1.58293962538165,2.36537885223001,2.667));
#4681=CARTESIAN_POINT('Ctrl Pts',(-1.03257557058443,2.66700005639442,2.667));
#4682=CARTESIAN_POINT('Ctrl Pts',(0.324644425657622,2.87807585042415,2.667));
#4683=CARTESIAN_POINT('Ctrl Pts',(1.11289162956028,2.64843232840507,2.667));
#4684=CARTESIAN_POINT('Ctrl Pts',(1.92139255212696,2.05568438019136,2.667));
#4685=CARTESIAN_POINT('Ctrl Pts',(2.13307050189665,1.82903863993049,2.6764928442201));
#4686=CARTESIAN_POINT('Ctrl Pts',(2.46386901971377,1.34855079347508,2.64597499842404));
#4687=CARTESIAN_POINT('Ctrl Pts',(2.59046866856466,1.08404993586451,2.6064452562791));
#4688=CARTESIAN_POINT('Ctrl Pts',(2.84255241166387,0.248593867590095,2.53871765028074));
#4689=CARTESIAN_POINT('Ctrl Pts',(2.82766966689921,-0.358591525715238,2.49136315806061));
#4690=CARTESIAN_POINT('Ctrl Pts',(2.44483650278906,-1.45450032201974,2.39470627432331));
#4691=CARTESIAN_POINT('Ctrl Pts',(2.08774726745009,-1.94573036576975,2.34637208362646));
#4692=CARTESIAN_POINT('Ctrl Pts',(0.854490474555162,-2.81761650178711,2.22070702294946));
#4693=CARTESIAN_POINT('Ctrl Pts',(-0.180250676555593,-2.93871210375075,
2.14337028575011));
#4694=CARTESIAN_POINT('Ctrl Pts',(-1.90524270681699,-2.24517271104243,1.98870113969465));
#4695=CARTESIAN_POINT('Ctrl Pts',(-2.56822545411604,-1.44103892304763,1.9113666389476));
#4696=CARTESIAN_POINT('Ctrl Pts',(-2.91891651723068,0.384511531394853,1.75669758922754));
#4697=CARTESIAN_POINT('Ctrl Pts',(-2.60229438288112,1.37687308069592,1.67936306886308));
#4698=CARTESIAN_POINT('Ctrl Pts',(-1.25895131205939,2.66210666473931,1.52469402351308));
#4699=CARTESIAN_POINT('Ctrl Pts',(-0.252780466798187,2.93405943034032,1.44735950070231));
#4700=CARTESIAN_POINT('Ctrl Pts',(1.55484201925621,2.49996627407803,1.29269045518755));
#4701=CARTESIAN_POINT('Ctrl Pts',(2.32804815517484,1.80209133550232,1.21535593242589));
#4702=CARTESIAN_POINT('Ctrl Pts',(2.94450847461451,0.0482166244741402,1.06068688690698));
#4703=CARTESIAN_POINT('Ctrl Pts',(2.77683080437841,-0.980497610813072,0.983352364147963));
#4704=CARTESIAN_POINT('Ctrl Pts',(1.63547231072762,-2.44799842011998,0.828683318629369));
#4705=CARTESIAN_POINT('Ctrl Pts',(0.680683950252696,-2.8643018626028,0.751348795870162));
#4706=CARTESIAN_POINT('Ctrl Pts',(-1.1711891010298,-2.70201800161164,0.596679750351707));
#4707=CARTESIAN_POINT('Ctrl Pts',(-2.03890251061271,-2.12465537883718,0.519345227592415));
#4708=CARTESIAN_POINT('Ctrl Pts',(-2.90485602677304,-0.479469349009054,
0.36467618207399));
#4709=CARTESIAN_POINT('Ctrl Pts',(-2.89006677532958,0.562147321209515,0.287341659314762));
#4710=CARTESIAN_POINT('Ctrl Pts',(-1.97780192292297,2.1817963612882,0.132672613796178));
#4711=CARTESIAN_POINT('Ctrl Pts',(-1.09386892709224,2.73379322649442,0.0553380910368559));
#4712=CARTESIAN_POINT('Ctrl Pts',(0.762069714440409,2.84399222797653,-0.0993309544813798));
#4713=CARTESIAN_POINT('Ctrl Pts',(1.70499120304872,2.40068390848448,-0.176665477240742));
#4714=CARTESIAN_POINT('Ctrl Pts',(2.80330105385639,0.900989141096494,-0.331334522759248));
#4715=CARTESIAN_POINT('Ctrl Pts',(2.94137431348594,-0.131754280467812,-0.408669045518387));
#4716=CARTESIAN_POINT('Ctrl Pts',(2.2762075311241,-1.86790093691838,-0.563338091037068));
#4717=CARTESIAN_POINT('Ctrl Pts',(1.48318486057485,-2.54403193333118,-0.640672613796167));
#4718=CARTESIAN_POINT('Ctrl Pts',(-0.33625999465919,-2.92496577631275,-0.795341659314752));
#4719=CARTESIAN_POINT('Ctrl Pts',(-1.33377356598047,-2.62471474023552,-0.872676182073778));
#4720=CARTESIAN_POINT('Ctrl Pts',(-2.64091410376984,-1.30263449329204,-1.02734522759261));
#4721=CARTESIAN_POINT('Ctrl Pts',(-2.9294883926879,-0.30113609632743,-1.1046797503515));
#4722=CARTESIAN_POINT('Ctrl Pts',(-2.52532666034312,1.51336745663508,-1.25934879587036));
#4723=CARTESIAN_POINT('Ctrl Pts',(-1.84028705391643,2.2980011974006,-1.33668331862956));
#4724=CARTESIAN_POINT('Ctrl Pts',(-0.0967579335176118,2.94326396764827,
-1.49135236414775));
#4725=CARTESIAN_POINT('Ctrl Pts',(0.934595167540219,2.79266662399263,-1.56868688690715));
#4726=CARTESIAN_POINT('Ctrl Pts',(2.4206515201418,1.67564543157004,-1.7233559324257));
#4727=CARTESIAN_POINT('Ctrl Pts',(2.8526405856038,0.727878262991847,-1.80069045518766));
#4728=CARTESIAN_POINT('Ctrl Pts',(2.72096921282626,-1.12646759741156,-1.95535950070218));
#4729=CARTESIAN_POINT('Ctrl Pts',(2.15804301540127,-2.00365182710601,-2.03269402351337));
#4730=CARTESIAN_POINT('Ctrl Pts',(0.52732557411451,-2.89648809326102,-2.18736306886277));
#4731=CARTESIAN_POINT('Ctrl Pts',(-0.514319945069263,-2.89886145692399,
-2.26469758922712));
#4732=CARTESIAN_POINT('Ctrl Pts',(-2.14891690924746,-2.01358667011374,-2.41936663894801));
#4733=CARTESIAN_POINT('Ctrl Pts',(-2.71547485113994,-1.13883563656758,-2.49670113969483));
#4734=CARTESIAN_POINT('Ctrl Pts',(-2.85608993092412,0.71503107736898,-2.65137028574991));
#4735=CARTESIAN_POINT('Ctrl Pts',(-2.4283647725585,1.66498085684009,-2.72870702294926));
#4736=CARTESIAN_POINT('Ctrl Pts',(-1.03980364713603,2.71801256410239,-2.87370516988464));
#4737=CARTESIAN_POINT('Ctrl Pts',(-0.169863589246083,2.89813815628592,-2.94137386391094));
#4738=CARTESIAN_POINT('Ctrl Pts',(1.0186864712987,2.63453220327984,-3.04285150412971));
#4739=CARTESIAN_POINT('Ctrl Pts',(1.39469552057982,2.4538731795551,-3.07229192085103));
#4740=CARTESIAN_POINT('Ctrl Pts',(1.87681422696099,2.07879251799417,-3.12253034166379));
#4741=CARTESIAN_POINT('Ctrl Pts',(2.02372222630951,1.9364799589025,-3.1474610311667));
#4742=CARTESIAN_POINT('Ctrl Pts',(2.28360185485191,1.62329323750889,-3.17961317628067));
#4743=CARTESIAN_POINT('Ctrl Pts',(2.39753232493092,1.45153959166886,-3.17500347491496));
#4744=CARTESIAN_POINT('Ctrl Pts',(2.6947089915716,0.860059772386437,-3.17499305017009));
#4745=CARTESIAN_POINT('Ctrl Pts',(2.81698156534196,0.366490975319291,-3.175));
#4746=CARTESIAN_POINT('Ctrl Pts',(2.75664437798199,-0.670903993331279,-3.175));
#4747=CARTESIAN_POINT('Ctrl Pts',(2.57610011529629,-1.20505448929065,-3.175));
#4748=CARTESIAN_POINT('Ctrl Pts',(1.95784222659793,-2.05582350744606,-3.175));
#4749=CARTESIAN_POINT('Ctrl Pts',(1.53847927261967,-2.3773445509301,-3.1750000000002));
#4750=CARTESIAN_POINT('Ctrl Pts',(0.694456477791288,-2.74507142286561,-3.1749999999998));
#4751=CARTESIAN_POINT('Ctrl Pts',(0.302158164709617,-2.81420834668804,-3.175));
#4752=CARTESIAN_POINT('Ctrl Pts',(-0.536661712834949,-2.76924384492297,
-3.175));
#4753=CARTESIAN_POINT('Ctrl Pts',(-0.958756547621266,-2.65808301328978,
-3.17500000000019));
#4754=CARTESIAN_POINT('Ctrl Pts',(-1.73474264973205,-2.23500924213337,-3.17499999999981));
#4755=CARTESIAN_POINT('Ctrl Pts',(-2.08352746910442,-1.91121144238937,-3.175));
#4756=CARTESIAN_POINT('Ctrl Pts',(-2.58354607286166,-1.14833639257164,-3.175));
#4757=CARTESIAN_POINT('Ctrl Pts',(-2.73382395962013,-0.713018642723955,
-3.175));
#4758=CARTESIAN_POINT('Ctrl Pts',(-2.8204777612462,0.115918301598294,-3.175));
#4759=CARTESIAN_POINT('Ctrl Pts',(-2.76833651150979,0.512738040316293,-3.175));
#4760=CARTESIAN_POINT('Ctrl Pts',(-2.66372710169258,0.843204558638323,-3.175));
#4761=CARTESIAN_POINT('',(0.,-2.794,3.175));
#4762=CARTESIAN_POINT('',(0.,-2.794,2.667));
#4763=CARTESIAN_POINT('Origin',(0.,-2.794,2.921));
#4764=CARTESIAN_POINT('',(-2.66372710169258,0.843204558638323,-2.667));
#4765=CARTESIAN_POINT('Ctrl Pts',(0.,-2.794,3.175));
#4766=CARTESIAN_POINT('Ctrl Pts',(-0.462171201284155,-2.79400002161599,
3.175));
#4767=CARTESIAN_POINT('Ctrl Pts',(-1.00865804632254,-2.66947422452407,3.175));
#4768=CARTESIAN_POINT('Ctrl Pts',(-1.98858564527228,-2.04669734288048,3.175));
#4769=CARTESIAN_POINT('Ctrl Pts',(-2.40640937923745,-1.54333322852772,3.175));
#4770=CARTESIAN_POINT('Ctrl Pts',(-2.82935103576646,-0.409243755019428,
3.175));
#4771=CARTESIAN_POINT('Ctrl Pts',(-2.83443583647512,0.198974172073974,3.17499999999989));
#4772=CARTESIAN_POINT('Ctrl Pts',(-2.64033080393622,0.949693245071975,3.17500000000005));
#4773=CARTESIAN_POINT('Ctrl Pts',(-2.5496568910813,1.16754186296541,3.175));
#4774=CARTESIAN_POINT('Ctrl Pts',(-2.3135278224404,1.58476234299891,3.175));
#4775=CARTESIAN_POINT('Ctrl Pts',(-2.16056514484249,1.79220059025557,3.175));
#4776=CARTESIAN_POINT('Ctrl Pts',(-1.58293962538165,2.36537885223001,3.175));
#4777=CARTESIAN_POINT('Ctrl Pts',(-1.03257557058443,2.66700005639442,3.175));
#4778=CARTESIAN_POINT('Ctrl Pts',(0.324644425657622,2.87807585042415,3.175));
#4779=CARTESIAN_POINT('Ctrl Pts',(1.11289162956028,2.64843232840507,3.175));
#4780=CARTESIAN_POINT('Ctrl Pts',(1.92139255212696,2.05568438019136,3.175));
#4781=CARTESIAN_POINT('Ctrl Pts',(2.13307050189665,1.82903863993049,3.1844928442201));
#4782=CARTESIAN_POINT('Ctrl Pts',(2.46386901971377,1.34855079347508,3.15397499842404));
#4783=CARTESIAN_POINT('Ctrl Pts',(2.59046866856466,1.08404993586451,3.1144452562791));
#4784=CARTESIAN_POINT('Ctrl Pts',(2.84255241166387,0.248593867590095,3.04671765028074));
#4785=CARTESIAN_POINT('Ctrl Pts',(2.82766966689921,-0.358591525715238,2.99936315806061));
#4786=CARTESIAN_POINT('Ctrl Pts',(2.44483650278906,-1.45450032201974,2.90270627432331));
#4787=CARTESIAN_POINT('Ctrl Pts',(2.08774726745009,-1.94573036576975,2.85437208362646));
#4788=CARTESIAN_POINT('Ctrl Pts',(0.854490474555162,-2.81761650178711,2.72870702294946));
#4789=CARTESIAN_POINT('Ctrl Pts',(-0.180250676555593,-2.93871210375075,
2.65137028575011));
#4790=CARTESIAN_POINT('Ctrl Pts',(-1.90524270681699,-2.24517271104243,2.49670113969465));
#4791=CARTESIAN_POINT('Ctrl Pts',(-2.56822545411604,-1.44103892304763,2.4193666389476));
#4792=CARTESIAN_POINT('Ctrl Pts',(-2.91891651723068,0.384511531394853,2.26469758922754));
#4793=CARTESIAN_POINT('Ctrl Pts',(-2.60229438288112,1.37687308069592,2.18736306886308));
#4794=CARTESIAN_POINT('Ctrl Pts',(-1.25895131205939,2.66210666473931,2.03269402351308));
#4795=CARTESIAN_POINT('Ctrl Pts',(-0.252780466798187,2.93405943034032,1.95535950070231));
#4796=CARTESIAN_POINT('Ctrl Pts',(1.55484201925621,2.49996627407803,1.80069045518755));
#4797=CARTESIAN_POINT('Ctrl Pts',(2.32804815517484,1.80209133550232,1.72335593242589));
#4798=CARTESIAN_POINT('Ctrl Pts',(2.94450847461451,0.0482166244741402,1.56868688690698));
#4799=CARTESIAN_POINT('Ctrl Pts',(2.77683080437841,-0.980497610813072,1.49135236414796));
#4800=CARTESIAN_POINT('Ctrl Pts',(1.63547231072762,-2.44799842011998,1.33668331862937));
#4801=CARTESIAN_POINT('Ctrl Pts',(0.680683950252696,-2.8643018626028,1.25934879587016));
#4802=CARTESIAN_POINT('Ctrl Pts',(-1.1711891010298,-2.70201800161164,1.10467975035171));
#4803=CARTESIAN_POINT('Ctrl Pts',(-2.03890251061271,-2.12465537883718,1.02734522759242));
#4804=CARTESIAN_POINT('Ctrl Pts',(-2.90485602677304,-0.479469349009054,
0.87267618207399));
#4805=CARTESIAN_POINT('Ctrl Pts',(-2.89006677532958,0.562147321209515,0.795341659314762));
#4806=CARTESIAN_POINT('Ctrl Pts',(-1.97780192292297,2.1817963612882,0.640672613796178));
#4807=CARTESIAN_POINT('Ctrl Pts',(-1.09386892709224,2.73379322649442,0.563338091036856));
#4808=CARTESIAN_POINT('Ctrl Pts',(0.762069714440409,2.84399222797653,0.40866904551862));
#4809=CARTESIAN_POINT('Ctrl Pts',(1.70499120304872,2.40068390848448,0.331334522759258));
#4810=CARTESIAN_POINT('Ctrl Pts',(2.80330105385639,0.900989141096494,0.176665477240752));
#4811=CARTESIAN_POINT('Ctrl Pts',(2.94137431348594,-0.131754280467812,0.0993309544816126));
#4812=CARTESIAN_POINT('Ctrl Pts',(2.2762075311241,-1.86790093691838,-0.0553380910370679));
#4813=CARTESIAN_POINT('Ctrl Pts',(1.48318486057485,-2.54403193333118,-0.132672613796167));
#4814=CARTESIAN_POINT('Ctrl Pts',(-0.33625999465919,-2.92496577631275,-0.287341659314752));
#4815=CARTESIAN_POINT('Ctrl Pts',(-1.33377356598047,-2.62471474023552,-0.364676182073778));
#4816=CARTESIAN_POINT('Ctrl Pts',(-2.64091410376984,-1.30263449329204,-0.519345227592608));
#4817=CARTESIAN_POINT('Ctrl Pts',(-2.9294883926879,-0.30113609632743,-0.596679750351495));
#4818=CARTESIAN_POINT('Ctrl Pts',(-2.52532666034312,1.51336745663508,-0.751348795870356));
#4819=CARTESIAN_POINT('Ctrl Pts',(-1.84028705391643,2.2980011974006,-0.828683318629562));
#4820=CARTESIAN_POINT('Ctrl Pts',(-0.0967579335176118,2.94326396764827,
-0.983352364147751));
#4821=CARTESIAN_POINT('Ctrl Pts',(0.934595167540219,2.79266662399263,-1.06068688690715));
#4822=CARTESIAN_POINT('Ctrl Pts',(2.4206515201418,1.67564543157004,-1.2153559324257));
#4823=CARTESIAN_POINT('Ctrl Pts',(2.8526405856038,0.727878262991847,-1.29269045518766));
#4824=CARTESIAN_POINT('Ctrl Pts',(2.72096921282626,-1.12646759741156,-1.44735950070218));
#4825=CARTESIAN_POINT('Ctrl Pts',(2.15804301540127,-2.00365182710601,-1.52469402351337));
#4826=CARTESIAN_POINT('Ctrl Pts',(0.52732557411451,-2.89648809326102,-1.67936306886277));
#4827=CARTESIAN_POINT('Ctrl Pts',(-0.514319945069263,-2.89886145692399,
-1.75669758922712));
#4828=CARTESIAN_POINT('Ctrl Pts',(-2.14891690924746,-2.01358667011374,-1.91136663894801));
#4829=CARTESIAN_POINT('Ctrl Pts',(-2.71547485113994,-1.13883563656758,-1.98870113969483));
#4830=CARTESIAN_POINT('Ctrl Pts',(-2.85608993092412,0.71503107736898,-2.14337028574991));
#4831=CARTESIAN_POINT('Ctrl Pts',(-2.4283647725585,1.66498085684009,-2.22070702294926));
#4832=CARTESIAN_POINT('Ctrl Pts',(-1.03980364713603,2.71801256410239,-2.36570516988464));
#4833=CARTESIAN_POINT('Ctrl Pts',(-0.169863589246083,2.89813815628592,-2.43337386391094));
#4834=CARTESIAN_POINT('Ctrl Pts',(1.0186864712987,2.63453220327984,-2.53485150412971));
#4835=CARTESIAN_POINT('Ctrl Pts',(1.39469552057982,2.4538731795551,-2.56429192085103));
#4836=CARTESIAN_POINT('Ctrl Pts',(1.87681422696099,2.07879251799417,-2.61453034166379));
#4837=CARTESIAN_POINT('Ctrl Pts',(2.02372222630951,1.9364799589025,-2.6394610311667));
#4838=CARTESIAN_POINT('Ctrl Pts',(2.28360185485191,1.62329323750889,-2.67161317628067));
#4839=CARTESIAN_POINT('Ctrl Pts',(2.39753232493092,1.45153959166886,-2.66700347491496));
#4840=CARTESIAN_POINT('Ctrl Pts',(2.6947089915716,0.860059772386437,-2.66699305017009));
#4841=CARTESIAN_POINT('Ctrl Pts',(2.81698156534196,0.366490975319291,-2.667));
#4842=CARTESIAN_POINT('Ctrl Pts',(2.75664437798199,-0.670903993331279,-2.667));
#4843=CARTESIAN_POINT('Ctrl Pts',(2.57610011529629,-1.20505448929065,-2.667));
#4844=CARTESIAN_POINT('Ctrl Pts',(1.95784222659793,-2.05582350744606,-2.667));
#4845=CARTESIAN_POINT('Ctrl Pts',(1.53847927261967,-2.3773445509301,-2.6670000000002));
#4846=CARTESIAN_POINT('Ctrl Pts',(0.694456477791288,-2.74507142286561,-2.6669999999998));
#4847=CARTESIAN_POINT('Ctrl Pts',(0.302158164709617,-2.81420834668804,-2.667));
#4848=CARTESIAN_POINT('Ctrl Pts',(-0.536661712834949,-2.76924384492297,
-2.667));
#4849=CARTESIAN_POINT('Ctrl Pts',(-0.958756547621266,-2.65808301328978,
-2.66700000000019));
#4850=CARTESIAN_POINT('Ctrl Pts',(-1.73474264973205,-2.23500924213337,-2.66699999999981));
#4851=CARTESIAN_POINT('Ctrl Pts',(-2.08352746910442,-1.91121144238937,-2.667));
#4852=CARTESIAN_POINT('Ctrl Pts',(-2.58354607286166,-1.14833639257164,-2.667));
#4853=CARTESIAN_POINT('Ctrl Pts',(-2.73382395962013,-0.713018642723955,
-2.667));
#4854=CARTESIAN_POINT('Ctrl Pts',(-2.8204777612462,0.115918301598294,-2.667));
#4855=CARTESIAN_POINT('Ctrl Pts',(-2.76833651150979,0.512738040316293,-2.667));
#4856=CARTESIAN_POINT('Ctrl Pts',(-2.66372710169258,0.843204558638323,-2.667));
#4857=CARTESIAN_POINT('',(-2.66372710169258,0.843204558638323,-3.175));
#4858=CARTESIAN_POINT('Origin',(-2.66372710169258,0.843204558638323,-2.921));
#4859=CARTESIAN_POINT('Ctrl Pts',(0.,-2.794,2.667));
#4860=CARTESIAN_POINT('Ctrl Pts',(-0.462171201284155,-2.79400002161599,
2.667));
#4861=CARTESIAN_POINT('Ctrl Pts',(-1.00865804632254,-2.66947422452407,2.667));
#4862=CARTESIAN_POINT('Ctrl Pts',(-1.98858564527228,-2.04669734288048,2.667));
#4863=CARTESIAN_POINT('Ctrl Pts',(-2.40640937923745,-1.54333322852772,2.667));
#4864=CARTESIAN_POINT('Ctrl Pts',(-2.82935103576646,-0.409243755019428,
2.667));
#4865=CARTESIAN_POINT('Ctrl Pts',(-2.83443583647512,0.198974172073974,2.66699999999989));
#4866=CARTESIAN_POINT('Ctrl Pts',(-2.64033080393622,0.949693245071975,2.66700000000005));
#4867=CARTESIAN_POINT('Ctrl Pts',(-2.5496568910813,1.16754186296541,2.667));
#4868=CARTESIAN_POINT('Ctrl Pts',(-2.3135278224404,1.58476234299891,2.667));
#4869=CARTESIAN_POINT('Ctrl Pts',(-2.16056514484249,1.79220059025557,2.667));
#4870=CARTESIAN_POINT('Ctrl Pts',(-1.58293962538165,2.36537885223001,2.667));
#4871=CARTESIAN_POINT('Ctrl Pts',(-1.03257557058443,2.66700005639442,2.667));
#4872=CARTESIAN_POINT('Ctrl Pts',(0.324644425657622,2.87807585042415,2.667));
#4873=CARTESIAN_POINT('Ctrl Pts',(1.11289162956028,2.64843232840507,2.667));
#4874=CARTESIAN_POINT('Ctrl Pts',(1.92139255212696,2.05568438019136,2.667));
#4875=CARTESIAN_POINT('Ctrl Pts',(2.13307050189665,1.82903863993049,2.6764928442201));
#4876=CARTESIAN_POINT('Ctrl Pts',(2.46386901971377,1.34855079347508,2.64597499842404));
#4877=CARTESIAN_POINT('Ctrl Pts',(2.59046866856466,1.08404993586451,2.6064452562791));
#4878=CARTESIAN_POINT('Ctrl Pts',(2.84255241166387,0.248593867590095,2.53871765028074));
#4879=CARTESIAN_POINT('Ctrl Pts',(2.82766966689921,-0.358591525715238,2.49136315806061));
#4880=CARTESIAN_POINT('Ctrl Pts',(2.44483650278906,-1.45450032201974,2.39470627432331));
#4881=CARTESIAN_POINT('Ctrl Pts',(2.08774726745009,-1.94573036576975,2.34637208362646));
#4882=CARTESIAN_POINT('Ctrl Pts',(0.854490474555162,-2.81761650178711,2.22070702294946));
#4883=CARTESIAN_POINT('Ctrl Pts',(-0.180250676555593,-2.93871210375075,
2.14337028575011));
#4884=CARTESIAN_POINT('Ctrl Pts',(-1.90524270681699,-2.24517271104243,1.98870113969465));
#4885=CARTESIAN_POINT('Ctrl Pts',(-2.56822545411604,-1.44103892304763,1.9113666389476));
#4886=CARTESIAN_POINT('Ctrl Pts',(-2.91891651723068,0.384511531394853,1.75669758922754));
#4887=CARTESIAN_POINT('Ctrl Pts',(-2.60229438288112,1.37687308069592,1.67936306886308));
#4888=CARTESIAN_POINT('Ctrl Pts',(-1.25895131205939,2.66210666473931,1.52469402351308));
#4889=CARTESIAN_POINT('Ctrl Pts',(-0.252780466798187,2.93405943034032,1.44735950070231));
#4890=CARTESIAN_POINT('Ctrl Pts',(1.55484201925621,2.49996627407803,1.29269045518755));
#4891=CARTESIAN_POINT('Ctrl Pts',(2.32804815517484,1.80209133550232,1.21535593242589));
#4892=CARTESIAN_POINT('Ctrl Pts',(2.94450847461451,0.0482166244741402,1.06068688690698));
#4893=CARTESIAN_POINT('Ctrl Pts',(2.77683080437841,-0.980497610813072,0.983352364147963));
#4894=CARTESIAN_POINT('Ctrl Pts',(1.63547231072762,-2.44799842011998,0.828683318629369));
#4895=CARTESIAN_POINT('Ctrl Pts',(0.680683950252696,-2.8643018626028,0.751348795870162));
#4896=CARTESIAN_POINT('Ctrl Pts',(-1.1711891010298,-2.70201800161164,0.596679750351707));
#4897=CARTESIAN_POINT('Ctrl Pts',(-2.03890251061271,-2.12465537883718,0.519345227592415));
#4898=CARTESIAN_POINT('Ctrl Pts',(-2.90485602677304,-0.479469349009054,
0.36467618207399));
#4899=CARTESIAN_POINT('Ctrl Pts',(-2.89006677532958,0.562147321209515,0.287341659314762));
#4900=CARTESIAN_POINT('Ctrl Pts',(-1.97780192292297,2.1817963612882,0.132672613796178));
#4901=CARTESIAN_POINT('Ctrl Pts',(-1.09386892709224,2.73379322649442,0.0553380910368559));
#4902=CARTESIAN_POINT('Ctrl Pts',(0.762069714440409,2.84399222797653,-0.0993309544813798));
#4903=CARTESIAN_POINT('Ctrl Pts',(1.70499120304872,2.40068390848448,-0.176665477240742));
#4904=CARTESIAN_POINT('Ctrl Pts',(2.80330105385639,0.900989141096494,-0.331334522759248));
#4905=CARTESIAN_POINT('Ctrl Pts',(2.94137431348594,-0.131754280467812,-0.408669045518387));
#4906=CARTESIAN_POINT('Ctrl Pts',(2.2762075311241,-1.86790093691838,-0.563338091037068));
#4907=CARTESIAN_POINT('Ctrl Pts',(1.48318486057485,-2.54403193333118,-0.640672613796167));
#4908=CARTESIAN_POINT('Ctrl Pts',(-0.33625999465919,-2.92496577631275,-0.795341659314752));
#4909=CARTESIAN_POINT('Ctrl Pts',(-1.33377356598047,-2.62471474023552,-0.872676182073778));
#4910=CARTESIAN_POINT('Ctrl Pts',(-2.64091410376984,-1.30263449329204,-1.02734522759261));
#4911=CARTESIAN_POINT('Ctrl Pts',(-2.9294883926879,-0.30113609632743,-1.1046797503515));
#4912=CARTESIAN_POINT('Ctrl Pts',(-2.52532666034312,1.51336745663508,-1.25934879587036));
#4913=CARTESIAN_POINT('Ctrl Pts',(-1.84028705391643,2.2980011974006,-1.33668331862956));
#4914=CARTESIAN_POINT('Ctrl Pts',(-0.0967579335176118,2.94326396764827,
-1.49135236414775));
#4915=CARTESIAN_POINT('Ctrl Pts',(0.934595167540219,2.79266662399263,-1.56868688690715));
#4916=CARTESIAN_POINT('Ctrl Pts',(2.4206515201418,1.67564543157004,-1.7233559324257));
#4917=CARTESIAN_POINT('Ctrl Pts',(2.8526405856038,0.727878262991847,-1.80069045518766));
#4918=CARTESIAN_POINT('Ctrl Pts',(2.72096921282626,-1.12646759741156,-1.95535950070218));
#4919=CARTESIAN_POINT('Ctrl Pts',(2.15804301540127,-2.00365182710601,-2.03269402351337));
#4920=CARTESIAN_POINT('Ctrl Pts',(0.52732557411451,-2.89648809326102,-2.18736306886277));
#4921=CARTESIAN_POINT('Ctrl Pts',(-0.514319945069263,-2.89886145692399,
-2.26469758922712));
#4922=CARTESIAN_POINT('Ctrl Pts',(-2.14891690924746,-2.01358667011374,-2.41936663894801));
#4923=CARTESIAN_POINT('Ctrl Pts',(-2.71547485113994,-1.13883563656758,-2.49670113969483));
#4924=CARTESIAN_POINT('Ctrl Pts',(-2.85608993092412,0.71503107736898,-2.65137028574991));
#4925=CARTESIAN_POINT('Ctrl Pts',(-2.4283647725585,1.66498085684009,-2.72870702294926));
#4926=CARTESIAN_POINT('Ctrl Pts',(-1.03980364713603,2.71801256410239,-2.87370516988464));
#4927=CARTESIAN_POINT('Ctrl Pts',(-0.169863589246083,2.89813815628592,-2.94137386391094));
#4928=CARTESIAN_POINT('Ctrl Pts',(1.0186864712987,2.63453220327984,-3.04285150412971));
#4929=CARTESIAN_POINT('Ctrl Pts',(1.39469552057982,2.4538731795551,-3.07229192085103));
#4930=CARTESIAN_POINT('Ctrl Pts',(1.87681422696099,2.07879251799417,-3.12253034166379));
#4931=CARTESIAN_POINT('Ctrl Pts',(2.02372222630951,1.9364799589025,-3.1474610311667));
#4932=CARTESIAN_POINT('Ctrl Pts',(2.28360185485191,1.62329323750889,-3.17961317628067));
#4933=CARTESIAN_POINT('Ctrl Pts',(2.39753232493092,1.45153959166886,-3.17500347491496));
#4934=CARTESIAN_POINT('Ctrl Pts',(2.6947089915716,0.860059772386437,-3.17499305017009));
#4935=CARTESIAN_POINT('Ctrl Pts',(2.81698156534196,0.366490975319291,-3.175));
#4936=CARTESIAN_POINT('Ctrl Pts',(2.75664437798199,-0.670903993331279,-3.175));
#4937=CARTESIAN_POINT('Ctrl Pts',(2.57610011529629,-1.20505448929065,-3.175));
#4938=CARTESIAN_POINT('Ctrl Pts',(1.95784222659793,-2.05582350744606,-3.175));
#4939=CARTESIAN_POINT('Ctrl Pts',(1.53847927261967,-2.3773445509301,-3.1750000000002));
#4940=CARTESIAN_POINT('Ctrl Pts',(0.694456477791288,-2.74507142286561,-3.1749999999998));
#4941=CARTESIAN_POINT('Ctrl Pts',(0.302158164709617,-2.81420834668804,-3.175));
#4942=CARTESIAN_POINT('Ctrl Pts',(-0.536661712834949,-2.76924384492297,
-3.175));
#4943=CARTESIAN_POINT('Ctrl Pts',(-0.958756547621266,-2.65808301328978,
-3.17500000000019));
#4944=CARTESIAN_POINT('Ctrl Pts',(-1.73474264973205,-2.23500924213337,-3.17499999999981));
#4945=CARTESIAN_POINT('Ctrl Pts',(-2.08352746910442,-1.91121144238937,-3.175));
#4946=CARTESIAN_POINT('Ctrl Pts',(-2.58354607286166,-1.14833639257164,-3.175));
#4947=CARTESIAN_POINT('Ctrl Pts',(-2.73382395962013,-0.713018642723955,
-3.175));
#4948=CARTESIAN_POINT('Ctrl Pts',(-2.8204777612462,0.115918301598294,-3.175));
#4949=CARTESIAN_POINT('Ctrl Pts',(-2.76833651150979,0.512738040316293,-3.175));
#4950=CARTESIAN_POINT('Ctrl Pts',(-2.66372710169258,0.843204558638323,-3.175));
#4951=CARTESIAN_POINT('Ctrl Pts',(0.,-2.794,2.667));
#4952=CARTESIAN_POINT('Ctrl Pts',(-0.462171201284155,-2.79400002161599,
2.667));
#4953=CARTESIAN_POINT('Ctrl Pts',(-1.00865804632254,-2.66947422452407,2.667));
#4954=CARTESIAN_POINT('Ctrl Pts',(-1.98858564527228,-2.04669734288048,2.667));
#4955=CARTESIAN_POINT('Ctrl Pts',(-2.40640937923745,-1.54333322852772,2.667));
#4956=CARTESIAN_POINT('Ctrl Pts',(-2.82935103576646,-0.409243755019428,
2.667));
#4957=CARTESIAN_POINT('Ctrl Pts',(-2.83443583647512,0.198974172073974,2.66699999999989));
#4958=CARTESIAN_POINT('Ctrl Pts',(-2.64033080393622,0.949693245071975,2.66700000000005));
#4959=CARTESIAN_POINT('Ctrl Pts',(-2.5496568910813,1.16754186296541,2.667));
#4960=CARTESIAN_POINT('Ctrl Pts',(-2.3135278224404,1.58476234299891,2.667));
#4961=CARTESIAN_POINT('Ctrl Pts',(-2.16056514484249,1.79220059025557,2.667));
#4962=CARTESIAN_POINT('Ctrl Pts',(-1.58293962538165,2.36537885223001,2.667));
#4963=CARTESIAN_POINT('Ctrl Pts',(-1.03257557058443,2.66700005639442,2.667));
#4964=CARTESIAN_POINT('Ctrl Pts',(0.324644425657622,2.87807585042415,2.667));
#4965=CARTESIAN_POINT('Ctrl Pts',(1.11289162956028,2.64843232840507,2.667));
#4966=CARTESIAN_POINT('Ctrl Pts',(1.92139255212696,2.05568438019136,2.667));
#4967=CARTESIAN_POINT('Ctrl Pts',(2.13307050189665,1.82903863993049,2.6764928442201));
#4968=CARTESIAN_POINT('Ctrl Pts',(2.46386901971377,1.34855079347508,2.64597499842404));
#4969=CARTESIAN_POINT('Ctrl Pts',(2.59046866856466,1.08404993586451,2.6064452562791));
#4970=CARTESIAN_POINT('Ctrl Pts',(2.84255241166387,0.248593867590095,2.53871765028074));
#4971=CARTESIAN_POINT('Ctrl Pts',(2.82766966689921,-0.358591525715238,2.49136315806061));
#4972=CARTESIAN_POINT('Ctrl Pts',(2.44483650278906,-1.45450032201974,2.39470627432331));
#4973=CARTESIAN_POINT('Ctrl Pts',(2.08774726745009,-1.94573036576975,2.34637208362646));
#4974=CARTESIAN_POINT('Ctrl Pts',(0.854490474555162,-2.81761650178711,2.22070702294946));
#4975=CARTESIAN_POINT('Ctrl Pts',(-0.180250676555593,-2.93871210375075,
2.14337028575011));
#4976=CARTESIAN_POINT('Ctrl Pts',(-1.90524270681699,-2.24517271104243,1.98870113969465));
#4977=CARTESIAN_POINT('Ctrl Pts',(-2.56822545411604,-1.44103892304763,1.9113666389476));
#4978=CARTESIAN_POINT('Ctrl Pts',(-2.91891651723068,0.384511531394853,1.75669758922754));
#4979=CARTESIAN_POINT('Ctrl Pts',(-2.60229438288112,1.37687308069592,1.67936306886308));
#4980=CARTESIAN_POINT('Ctrl Pts',(-1.25895131205939,2.66210666473931,1.52469402351308));
#4981=CARTESIAN_POINT('Ctrl Pts',(-0.252780466798187,2.93405943034032,1.44735950070231));
#4982=CARTESIAN_POINT('Ctrl Pts',(1.55484201925621,2.49996627407803,1.29269045518755));
#4983=CARTESIAN_POINT('Ctrl Pts',(2.32804815517484,1.80209133550232,1.21535593242589));
#4984=CARTESIAN_POINT('Ctrl Pts',(2.94450847461451,0.0482166244741402,1.06068688690698));
#4985=CARTESIAN_POINT('Ctrl Pts',(2.77683080437841,-0.980497610813072,0.983352364147963));
#4986=CARTESIAN_POINT('Ctrl Pts',(1.63547231072762,-2.44799842011998,0.828683318629369));
#4987=CARTESIAN_POINT('Ctrl Pts',(0.680683950252696,-2.8643018626028,0.751348795870162));
#4988=CARTESIAN_POINT('Ctrl Pts',(-1.1711891010298,-2.70201800161164,0.596679750351707));
#4989=CARTESIAN_POINT('Ctrl Pts',(-2.03890251061271,-2.12465537883718,0.519345227592415));
#4990=CARTESIAN_POINT('Ctrl Pts',(-2.90485602677304,-0.479469349009054,
0.36467618207399));
#4991=CARTESIAN_POINT('Ctrl Pts',(-2.89006677532958,0.562147321209515,0.287341659314762));
#4992=CARTESIAN_POINT('Ctrl Pts',(-1.97780192292297,2.1817963612882,0.132672613796178));
#4993=CARTESIAN_POINT('Ctrl Pts',(-1.09386892709224,2.73379322649442,0.0553380910368559));
#4994=CARTESIAN_POINT('Ctrl Pts',(0.762069714440409,2.84399222797653,-0.0993309544813798));
#4995=CARTESIAN_POINT('Ctrl Pts',(1.70499120304872,2.40068390848448,-0.176665477240742));
#4996=CARTESIAN_POINT('Ctrl Pts',(2.80330105385639,0.900989141096494,-0.331334522759248));
#4997=CARTESIAN_POINT('Ctrl Pts',(2.94137431348594,-0.131754280467812,-0.408669045518387));
#4998=CARTESIAN_POINT('Ctrl Pts',(2.2762075311241,-1.86790093691838,-0.563338091037068));
#4999=CARTESIAN_POINT('Ctrl Pts',(1.48318486057485,-2.54403193333118,-0.640672613796167));
#5000=CARTESIAN_POINT('Ctrl Pts',(-0.33625999465919,-2.92496577631275,-0.795341659314752));
#5001=CARTESIAN_POINT('Ctrl Pts',(-1.33377356598047,-2.62471474023552,-0.872676182073778));
#5002=CARTESIAN_POINT('Ctrl Pts',(-2.64091410376984,-1.30263449329204,-1.02734522759261));
#5003=CARTESIAN_POINT('Ctrl Pts',(-2.9294883926879,-0.30113609632743,-1.1046797503515));
#5004=CARTESIAN_POINT('Ctrl Pts',(-2.52532666034312,1.51336745663508,-1.25934879587036));
#5005=CARTESIAN_POINT('Ctrl Pts',(-1.84028705391643,2.2980011974006,-1.33668331862956));
#5006=CARTESIAN_POINT('Ctrl Pts',(-0.0967579335176118,2.94326396764827,
-1.49135236414775));
#5007=CARTESIAN_POINT('Ctrl Pts',(0.934595167540219,2.79266662399263,-1.56868688690715));
#5008=CARTESIAN_POINT('Ctrl Pts',(2.4206515201418,1.67564543157004,-1.7233559324257));
#5009=CARTESIAN_POINT('Ctrl Pts',(2.8526405856038,0.727878262991847,-1.80069045518766));
#5010=CARTESIAN_POINT('Ctrl Pts',(2.72096921282626,-1.12646759741156,-1.95535950070218));
#5011=CARTESIAN_POINT('Ctrl Pts',(2.15804301540127,-2.00365182710601,-2.03269402351337));
#5012=CARTESIAN_POINT('Ctrl Pts',(0.52732557411451,-2.89648809326102,-2.18736306886277));
#5013=CARTESIAN_POINT('Ctrl Pts',(-0.514319945069263,-2.89886145692399,
-2.26469758922712));
#5014=CARTESIAN_POINT('Ctrl Pts',(-2.14891690924746,-2.01358667011374,-2.41936663894801));
#5015=CARTESIAN_POINT('Ctrl Pts',(-2.71547485113994,-1.13883563656758,-2.49670113969483));
#5016=CARTESIAN_POINT('Ctrl Pts',(-2.85608993092412,0.71503107736898,-2.65137028574991));
#5017=CARTESIAN_POINT('Ctrl Pts',(-2.4283647725585,1.66498085684009,-2.72870702294926));
#5018=CARTESIAN_POINT('Ctrl Pts',(-1.03980364713603,2.71801256410239,-2.87370516988464));
#5019=CARTESIAN_POINT('Ctrl Pts',(-0.169863589246083,2.89813815628592,-2.94137386391094));
#5020=CARTESIAN_POINT('Ctrl Pts',(1.0186864712987,2.63453220327984,-3.04285150412971));
#5021=CARTESIAN_POINT('Ctrl Pts',(1.39469552057982,2.4538731795551,-3.07229192085103));
#5022=CARTESIAN_POINT('Ctrl Pts',(1.87681422696099,2.07879251799417,-3.12253034166379));
#5023=CARTESIAN_POINT('Ctrl Pts',(2.02372222630951,1.9364799589025,-3.1474610311667));
#5024=CARTESIAN_POINT('Ctrl Pts',(2.28360185485191,1.62329323750889,-3.17961317628067));
#5025=CARTESIAN_POINT('Ctrl Pts',(2.39753232493092,1.45153959166886,-3.17500347491496));
#5026=CARTESIAN_POINT('Ctrl Pts',(2.6947089915716,0.860059772386437,-3.17499305017009));
#5027=CARTESIAN_POINT('Ctrl Pts',(2.81698156534196,0.366490975319291,-3.175));
#5028=CARTESIAN_POINT('Ctrl Pts',(2.75664437798199,-0.670903993331279,-3.175));
#5029=CARTESIAN_POINT('Ctrl Pts',(2.57610011529629,-1.20505448929065,-3.175));
#5030=CARTESIAN_POINT('Ctrl Pts',(1.95784222659793,-2.05582350744606,-3.175));
#5031=CARTESIAN_POINT('Ctrl Pts',(1.53847927261967,-2.3773445509301,-3.1750000000002));
#5032=CARTESIAN_POINT('Ctrl Pts',(0.694456477791288,-2.74507142286561,-3.1749999999998));
#5033=CARTESIAN_POINT('Ctrl Pts',(0.302158164709617,-2.81420834668804,-3.175));
#5034=CARTESIAN_POINT('Ctrl Pts',(-0.536661712834949,-2.76924384492297,
-3.175));
#5035=CARTESIAN_POINT('Ctrl Pts',(-0.958756547621266,-2.65808301328978,
-3.17500000000019));
#5036=CARTESIAN_POINT('Ctrl Pts',(-1.73474264973205,-2.23500924213337,-3.17499999999981));
#5037=CARTESIAN_POINT('Ctrl Pts',(-2.08352746910442,-1.91121144238937,-3.175));
#5038=CARTESIAN_POINT('Ctrl Pts',(-2.58354607286166,-1.14833639257164,-3.175));
#5039=CARTESIAN_POINT('Ctrl Pts',(-2.73382395962013,-0.713018642723955,
-3.175));
#5040=CARTESIAN_POINT('Ctrl Pts',(-2.8204777612462,0.115918301598294,-3.175));
#5041=CARTESIAN_POINT('Ctrl Pts',(-2.76833651150979,0.512738040316293,-3.175));
#5042=CARTESIAN_POINT('Ctrl Pts',(-2.66372710169258,0.843204558638323,-3.175));
#5043=CARTESIAN_POINT('Ctrl Pts',(0.,-2.286,2.667));
#5044=CARTESIAN_POINT('Ctrl Pts',(-0.370920987790034,-2.28600002745035,
2.667));
#5045=CARTESIAN_POINT('Ctrl Pts',(-0.831866744069047,-2.17991923192206,
2.667));
#5046=CARTESIAN_POINT('Ctrl Pts',(-1.62042354905398,-1.67876659595439,2.667));
#5047=CARTESIAN_POINT('Ctrl Pts',(-1.97181668681705,-1.25485494286402,2.667));
#5048=CARTESIAN_POINT('Ctrl Pts',(-2.31198728909524,-0.342708043674553,
2.667));
#5049=CARTESIAN_POINT('Ctrl Pts',(-2.31881762008981,0.163832488333595,2.66699999999989));
#5050=CARTESIAN_POINT('Ctrl Pts',(-2.16040378082455,0.776504026740535,2.66700000000005));
#5051=CARTESIAN_POINT('Ctrl Pts',(-2.08682352540247,0.953952234946083,2.667));
#5052=CARTESIAN_POINT('Ctrl Pts',(-1.89214578566074,1.29793302447927,2.667));
#5053=CARTESIAN_POINT('Ctrl Pts',(-1.76590890580978,1.46815740408848,2.667));
#5054=CARTESIAN_POINT('Ctrl Pts',(-1.29878484616222,1.93168703679306,2.667));
#5055=CARTESIAN_POINT('Ctrl Pts',(-0.836281337556162,2.18342101444742,2.667));
#5056=CARTESIAN_POINT('Ctrl Pts',(0.254926641203722,2.35312675814568,2.667));
#5057=CARTESIAN_POINT('Ctrl Pts',(0.909949939325855,2.16731822781519,2.667));
#5058=CARTESIAN_POINT('Ctrl Pts',(1.57231976492987,1.68170547923444,2.667));
#5059=CARTESIAN_POINT('Ctrl Pts',(1.74517002304798,1.4966311612266,2.6764928442201));
#5060=CARTESIAN_POINT('Ctrl Pts',(2.01491962837021,1.10481740853603,2.64597499842404));
#5061=CARTESIAN_POINT('Ctrl Pts',(2.11918562529446,0.88739188606008,2.6064452562791));
#5062=CARTESIAN_POINT('Ctrl Pts',(2.32608855427219,0.201674095523801,2.53871765028074));
#5063=CARTESIAN_POINT('Ctrl Pts',(2.31439430208796,-0.287516653125105,2.49136315806061));
#5064=CARTESIAN_POINT('Ctrl Pts',(1.99895139365924,-1.19051223749712,2.39470627432331));
#5065=CARTESIAN_POINT('Ctrl Pts',(1.70174200593767,-1.59649503916569,2.34637208362646));
#5066=CARTESIAN_POINT('Ctrl Pts',(0.709626976522841,-2.29789906673414,2.22070702294946));
#5067=CARTESIAN_POINT('Ctrl Pts',(-0.159259699380551,-2.39963052554966,
2.14337028575011));
#5068=CARTESIAN_POINT('Ctrl Pts',(-1.54723252142462,-1.84159097778361,1.98870113969465));
#5069=CARTESIAN_POINT('Ctrl Pts',(-2.10362864532661,-1.16674860541008,1.9113666389476));
#5070=CARTESIAN_POINT('Ctrl Pts',(-2.38575660621991,0.301891576864208,1.75669758922754));
#5071=CARTESIAN_POINT('Ctrl Pts',(-2.11986189521842,1.13538303236237,1.67936306886308));
#5072=CARTESIAN_POINT('Ctrl Pts',(-1.03901678500473,2.1694737147701,1.52469402351308));
#5073=CARTESIAN_POINT('Ctrl Pts',(-0.194735077220901,2.39767723212902,1.44735950070231));
#5074=CARTESIAN_POINT('Ctrl Pts',(1.25955315522787,2.04843575659507,1.29269045518755));
#5075=CARTESIAN_POINT('Ctrl Pts',(1.90903333112254,1.46224386989063,1.21535593242589));
#5076=CARTESIAN_POINT('Ctrl Pts',(2.40500789238316,0.0511602226148973,1.06068688690698));
#5077=CARTESIAN_POINT('Ctrl Pts',(2.26431004457503,-0.812015240077499,0.983352364147963));
#5078=CARTESIAN_POINT('Ctrl Pts',(1.34600313420408,-1.99272752069953,0.828683318629369));
#5079=CARTESIAN_POINT('Ctrl Pts',(0.544019896876622,-2.34237879126373,0.751348795870162));
#5080=CARTESIAN_POINT('Ctrl Pts',(-0.945830820675866,-2.21181986770858,
0.596679750351707));
#5081=CARTESIAN_POINT('Ctrl Pts',(-1.67396984051226,-1.72731752247967,0.519345227592415));
#5082=CARTESIAN_POINT('Ctrl Pts',(-2.37072661676841,-0.40358064639389,0.36467618207399));
#5083=CARTESIAN_POINT('Ctrl Pts',(-2.35826324065696,0.47118297268635,0.287341659314762));
#5084=CARTESIAN_POINT('Ctrl Pts',(-1.6243678807358,1.7741522135787,0.132672613796178));
#5085=CARTESIAN_POINT('Ctrl Pts',(-0.882473285164944,2.23745044720738,0.0553380910368559));
#5086=CARTESIAN_POINT('Ctrl Pts',(0.610894416258752,2.32612126736494,-0.0993309544813798));
#5087=CARTESIAN_POINT('Ctrl Pts',(1.40252714450134,1.95390810582123,-0.176665477240742));
#5088=CARTESIAN_POINT('Ctrl Pts',(2.2860756111483,0.747460752926841,-0.331334522759248));
#5089=CARTESIAN_POINT('Ctrl Pts',(2.4020262055614,-0.119591998470432,-0.408669045518387));
#5090=CARTESIAN_POINT('Ctrl Pts',(1.86680454473658,-1.51656994381748,-0.563338091037068));
#5091=CARTESIAN_POINT('Ctrl Pts',(1.20121078450113,-2.08405367975727,-0.640672613796167));
#5092=CARTESIAN_POINT('Ctrl Pts',(-0.262489427627384,-2.39050584738227,
-0.795341659314752));
#5093=CARTESIAN_POINT('Ctrl Pts',(-1.10022770080972,-2.13839216140721,-0.872676182073778));
#5094=CARTESIAN_POINT('Ctrl Pts',(-2.1519690402292,-1.07463021561155,-1.02734522759261));
#5095=CARTESIAN_POINT('Ctrl Pts',(-2.3941350699254,-0.234222832967546,-1.1046797503515));
#5096=CARTESIAN_POINT('Ctrl Pts',(-2.06898275292886,1.22556371439544,-1.25934879587036));
#5097=CARTESIAN_POINT('Ctrl Pts',(-1.49360283624685,1.8846320533717,-1.33668331862956));
#5098=CARTESIAN_POINT('Ctrl Pts',(-0.0908054582054066,2.40379348048896,
-1.49135236414775));
#5099=CARTESIAN_POINT('Ctrl Pts',(0.774584999973488,2.27743241581801,-1.56868688690715));
#5100=CARTESIAN_POINT('Ctrl Pts',(1.97019478629452,1.37873053873059,-1.7233559324257));
#5101=CARTESIAN_POINT('Ctrl Pts',(2.33304753158649,0.582625450094984,-1.80069045518766));
#5102=CARTESIAN_POINT('Ctrl Pts',(2.22711392966897,-0.909253212283083,-1.95535950070218));
#5103=CARTESIAN_POINT('Ctrl Pts',(1.75475384424701,-1.64529967626013,-2.03269402351337));
#5104=CARTESIAN_POINT('Ctrl Pts',(0.442689098200734,-2.36366991081857,-2.18736306886277));
#5105=CARTESIAN_POINT('Ctrl Pts',(-0.432184706907604,-2.36562665850223,
-2.26469758922712));
#5106=CARTESIAN_POINT('Ctrl Pts',(-1.74720441822279,-1.65343052669579,-2.41936663894801));
#5107=CARTESIAN_POINT('Ctrl Pts',(-2.22266618220961,-0.919315423166117,
-2.49670113969483));
#5108=CARTESIAN_POINT('Ctrl Pts',(-2.335808650494,0.572353264404089,-2.65137028574991));
#5109=CARTESIAN_POINT('Ctrl Pts',(-1.97659818163117,1.3700256184021,-2.72870702294926));
#5110=CARTESIAN_POINT('Ctrl Pts',(-0.859545913184828,2.21715543711729,-2.87370516988464));
#5111=CARTESIAN_POINT('Ctrl Pts',(-0.131488137313503,2.36928270485766,-2.94137386391094));
#5112=CARTESIAN_POINT('Ctrl Pts',(0.834505694758762,2.15503702084932,-3.04285150412971));
#5113=CARTESIAN_POINT('Ctrl Pts',(1.14037458366946,2.00810078989914,-3.07229192085103));
#5114=CARTESIAN_POINT('Ctrl Pts',(1.53607465651812,1.7002524466854,-3.12253034166379));
#5115=CARTESIAN_POINT('Ctrl Pts',(1.65616938418288,1.58390396265315,-3.1474610311667));
#5116=CARTESIAN_POINT('Ctrl Pts',(1.86928160860216,1.32707768505188,-3.17961317628066));
#5117=CARTESIAN_POINT('Ctrl Pts',(1.96125149455855,1.18835094460755,-3.17500347491496));
#5118=CARTESIAN_POINT('Ctrl Pts',(2.20549362660116,0.702229983650125,-3.17499305017009));
#5119=CARTESIAN_POINT('Ctrl Pts',(2.30457415161585,0.305473733878641,-3.175));
#5120=CARTESIAN_POINT('Ctrl Pts',(2.25476592788334,-0.550893646825191,-3.175));
#5121=CARTESIAN_POINT('Ctrl Pts',(2.10928479851091,-0.983292272550496,-3.175));
#5122=CARTESIAN_POINT('Ctrl Pts',(1.60275969370786,-1.68030863212686,-3.175));
#5123=CARTESIAN_POINT('Ctrl Pts',(1.25886425267349,-1.94504751932329,-3.1750000000002));
#5124=CARTESIAN_POINT('Ctrl Pts',(0.568260131435107,-2.24593239387576,-3.1749999999998));
#5125=CARTESIAN_POINT('Ctrl Pts',(0.246286244555258,-2.30248277953814,-3.175));
#5126=CARTESIAN_POINT('Ctrl Pts',(-0.438286222791292,-2.26578895456862,
-3.175));
#5127=CARTESIAN_POINT('Ctrl Pts',(-0.7858609376654,-2.17375052732147,-3.17500000000019));
#5128=CARTESIAN_POINT('Ctrl Pts',(-1.42129407040068,-1.8273073512156,-3.17499999999981));
#5129=CARTESIAN_POINT('Ctrl Pts',(-1.70186548379328,-1.56681218435191,-3.175));
#5130=CARTESIAN_POINT('Ctrl Pts',(-2.1154676825548,-0.93578206722484,-3.175));
#5131=CARTESIAN_POINT('Ctrl Pts',(-2.23644482248179,-0.584938644631563,
-3.175));
#5132=CARTESIAN_POINT('Ctrl Pts',(-2.30736312465274,0.0934713156246253,
-3.175));
#5133=CARTESIAN_POINT('Ctrl Pts',(-2.26336861494568,0.424674811232537,-3.175));
#5134=CARTESIAN_POINT('Ctrl Pts',(-2.17941308320302,0.689894638885901,-3.175));
#5135=CARTESIAN_POINT('Ctrl Pts',(0.,-2.286,3.175));
#5136=CARTESIAN_POINT('Ctrl Pts',(-0.370920987790034,-2.28600002745035,
3.175));
#5137=CARTESIAN_POINT('Ctrl Pts',(-0.831866744069047,-2.17991923192206,
3.175));
#5138=CARTESIAN_POINT('Ctrl Pts',(-1.62042354905398,-1.67876659595439,3.175));
#5139=CARTESIAN_POINT('Ctrl Pts',(-1.97181668681705,-1.25485494286402,3.175));
#5140=CARTESIAN_POINT('Ctrl Pts',(-2.31198728909524,-0.342708043674553,
3.175));
#5141=CARTESIAN_POINT('Ctrl Pts',(-2.31881762008981,0.163832488333595,3.17499999999989));
#5142=CARTESIAN_POINT('Ctrl Pts',(-2.16040378082455,0.776504026740535,3.17500000000005));
#5143=CARTESIAN_POINT('Ctrl Pts',(-2.08682352540247,0.953952234946083,3.175));
#5144=CARTESIAN_POINT('Ctrl Pts',(-1.89214578566074,1.29793302447927,3.175));
#5145=CARTESIAN_POINT('Ctrl Pts',(-1.76590890580978,1.46815740408848,3.175));
#5146=CARTESIAN_POINT('Ctrl Pts',(-1.29878484616222,1.93168703679306,3.175));
#5147=CARTESIAN_POINT('Ctrl Pts',(-0.836281337556162,2.18342101444742,3.175));
#5148=CARTESIAN_POINT('Ctrl Pts',(0.254926641203722,2.35312675814568,3.175));
#5149=CARTESIAN_POINT('Ctrl Pts',(0.909949939325855,2.16731822781519,3.175));
#5150=CARTESIAN_POINT('Ctrl Pts',(1.57231976492987,1.68170547923444,3.175));
#5151=CARTESIAN_POINT('Ctrl Pts',(1.74517002304798,1.4966311612266,3.1844928442201));
#5152=CARTESIAN_POINT('Ctrl Pts',(2.01491962837021,1.10481740853603,3.15397499842404));
#5153=CARTESIAN_POINT('Ctrl Pts',(2.11918562529446,0.88739188606008,3.1144452562791));
#5154=CARTESIAN_POINT('Ctrl Pts',(2.32608855427219,0.201674095523801,3.04671765028074));
#5155=CARTESIAN_POINT('Ctrl Pts',(2.31439430208796,-0.287516653125105,2.99936315806061));
#5156=CARTESIAN_POINT('Ctrl Pts',(1.99895139365924,-1.19051223749712,2.90270627432331));
#5157=CARTESIAN_POINT('Ctrl Pts',(1.70174200593767,-1.59649503916569,2.85437208362646));
#5158=CARTESIAN_POINT('Ctrl Pts',(0.709626976522841,-2.29789906673414,2.72870702294946));
#5159=CARTESIAN_POINT('Ctrl Pts',(-0.159259699380551,-2.39963052554966,
2.65137028575011));
#5160=CARTESIAN_POINT('Ctrl Pts',(-1.54723252142462,-1.84159097778361,2.49670113969465));
#5161=CARTESIAN_POINT('Ctrl Pts',(-2.10362864532661,-1.16674860541008,2.4193666389476));
#5162=CARTESIAN_POINT('Ctrl Pts',(-2.38575660621991,0.301891576864208,2.26469758922754));
#5163=CARTESIAN_POINT('Ctrl Pts',(-2.11986189521842,1.13538303236237,2.18736306886308));
#5164=CARTESIAN_POINT('Ctrl Pts',(-1.03901678500473,2.1694737147701,2.03269402351308));
#5165=CARTESIAN_POINT('Ctrl Pts',(-0.194735077220901,2.39767723212902,1.95535950070231));
#5166=CARTESIAN_POINT('Ctrl Pts',(1.25955315522787,2.04843575659507,1.80069045518755));
#5167=CARTESIAN_POINT('Ctrl Pts',(1.90903333112254,1.46224386989063,1.72335593242589));
#5168=CARTESIAN_POINT('Ctrl Pts',(2.40500789238316,0.0511602226148973,1.56868688690698));
#5169=CARTESIAN_POINT('Ctrl Pts',(2.26431004457503,-0.812015240077499,1.49135236414796));
#5170=CARTESIAN_POINT('Ctrl Pts',(1.34600313420408,-1.99272752069953,1.33668331862937));
#5171=CARTESIAN_POINT('Ctrl Pts',(0.544019896876622,-2.34237879126373,1.25934879587016));
#5172=CARTESIAN_POINT('Ctrl Pts',(-0.945830820675866,-2.21181986770858,
1.10467975035171));
#5173=CARTESIAN_POINT('Ctrl Pts',(-1.67396984051226,-1.72731752247967,1.02734522759242));
#5174=CARTESIAN_POINT('Ctrl Pts',(-2.37072661676841,-0.40358064639389,0.87267618207399));
#5175=CARTESIAN_POINT('Ctrl Pts',(-2.35826324065696,0.47118297268635,0.795341659314762));
#5176=CARTESIAN_POINT('Ctrl Pts',(-1.6243678807358,1.7741522135787,0.640672613796178));
#5177=CARTESIAN_POINT('Ctrl Pts',(-0.882473285164944,2.23745044720738,0.563338091036856));
#5178=CARTESIAN_POINT('Ctrl Pts',(0.610894416258752,2.32612126736494,0.40866904551862));
#5179=CARTESIAN_POINT('Ctrl Pts',(1.40252714450134,1.95390810582123,0.331334522759257));
#5180=CARTESIAN_POINT('Ctrl Pts',(2.2860756111483,0.747460752926841,0.176665477240752));
#5181=CARTESIAN_POINT('Ctrl Pts',(2.4020262055614,-0.119591998470432,0.0993309544816126));
#5182=CARTESIAN_POINT('Ctrl Pts',(1.86680454473658,-1.51656994381748,-0.0553380910370679));
#5183=CARTESIAN_POINT('Ctrl Pts',(1.20121078450113,-2.08405367975727,-0.132672613796167));
#5184=CARTESIAN_POINT('Ctrl Pts',(-0.262489427627384,-2.39050584738227,
-0.287341659314752));
#5185=CARTESIAN_POINT('Ctrl Pts',(-1.10022770080972,-2.13839216140721,-0.364676182073778));
#5186=CARTESIAN_POINT('Ctrl Pts',(-2.1519690402292,-1.07463021561155,-0.519345227592608));
#5187=CARTESIAN_POINT('Ctrl Pts',(-2.3941350699254,-0.234222832967546,-0.596679750351496));
#5188=CARTESIAN_POINT('Ctrl Pts',(-2.06898275292886,1.22556371439544,-0.751348795870356));
#5189=CARTESIAN_POINT('Ctrl Pts',(-1.49360283624685,1.8846320533717,-0.828683318629562));
#5190=CARTESIAN_POINT('Ctrl Pts',(-0.0908054582054066,2.40379348048896,
-0.983352364147751));
#5191=CARTESIAN_POINT('Ctrl Pts',(0.774584999973487,2.27743241581801,-1.06068688690715));
#5192=CARTESIAN_POINT('Ctrl Pts',(1.97019478629452,1.37873053873059,-1.2153559324257));
#5193=CARTESIAN_POINT('Ctrl Pts',(2.33304753158649,0.582625450094984,-1.29269045518766));
#5194=CARTESIAN_POINT('Ctrl Pts',(2.22711392966897,-0.909253212283083,-1.44735950070218));
#5195=CARTESIAN_POINT('Ctrl Pts',(1.75475384424701,-1.64529967626013,-1.52469402351337));
#5196=CARTESIAN_POINT('Ctrl Pts',(0.442689098200734,-2.36366991081857,-1.67936306886277));
#5197=CARTESIAN_POINT('Ctrl Pts',(-0.432184706907604,-2.36562665850223,
-1.75669758922712));
#5198=CARTESIAN_POINT('Ctrl Pts',(-1.74720441822279,-1.65343052669579,-1.91136663894801));
#5199=CARTESIAN_POINT('Ctrl Pts',(-2.22266618220961,-0.919315423166117,
-1.98870113969483));
#5200=CARTESIAN_POINT('Ctrl Pts',(-2.335808650494,0.572353264404089,-2.14337028574991));
#5201=CARTESIAN_POINT('Ctrl Pts',(-1.97659818163117,1.3700256184021,-2.22070702294926));
#5202=CARTESIAN_POINT('Ctrl Pts',(-0.859545913184828,2.21715543711729,-2.36570516988464));
#5203=CARTESIAN_POINT('Ctrl Pts',(-0.131488137313503,2.36928270485766,-2.43337386391094));
#5204=CARTESIAN_POINT('Ctrl Pts',(0.834505694758762,2.15503702084932,-2.53485150412971));
#5205=CARTESIAN_POINT('Ctrl Pts',(1.14037458366946,2.00810078989914,-2.56429192085103));
#5206=CARTESIAN_POINT('Ctrl Pts',(1.53607465651812,1.7002524466854,-2.61453034166379));
#5207=CARTESIAN_POINT('Ctrl Pts',(1.65616938418288,1.58390396265315,-2.6394610311667));
#5208=CARTESIAN_POINT('Ctrl Pts',(1.86928160860216,1.32707768505188,-2.67161317628067));
#5209=CARTESIAN_POINT('Ctrl Pts',(1.96125149455855,1.18835094460755,-2.66700347491496));
#5210=CARTESIAN_POINT('Ctrl Pts',(2.20549362660116,0.702229983650125,-2.66699305017009));
#5211=CARTESIAN_POINT('Ctrl Pts',(2.30457415161585,0.305473733878641,-2.667));
#5212=CARTESIAN_POINT('Ctrl Pts',(2.25476592788334,-0.550893646825191,-2.667));
#5213=CARTESIAN_POINT('Ctrl Pts',(2.10928479851091,-0.983292272550496,-2.667));
#5214=CARTESIAN_POINT('Ctrl Pts',(1.60275969370786,-1.68030863212686,-2.667));
#5215=CARTESIAN_POINT('Ctrl Pts',(1.25886425267349,-1.94504751932329,-2.6670000000002));
#5216=CARTESIAN_POINT('Ctrl Pts',(0.568260131435107,-2.24593239387576,-2.6669999999998));
#5217=CARTESIAN_POINT('Ctrl Pts',(0.246286244555258,-2.30248277953814,-2.667));
#5218=CARTESIAN_POINT('Ctrl Pts',(-0.438286222791292,-2.26578895456862,
-2.667));
#5219=CARTESIAN_POINT('Ctrl Pts',(-0.7858609376654,-2.17375052732147,-2.66700000000019));
#5220=CARTESIAN_POINT('Ctrl Pts',(-1.42129407040068,-1.8273073512156,-2.66699999999981));
#5221=CARTESIAN_POINT('Ctrl Pts',(-1.70186548379328,-1.56681218435191,-2.667));
#5222=CARTESIAN_POINT('Ctrl Pts',(-2.1154676825548,-0.93578206722484,-2.667));
#5223=CARTESIAN_POINT('Ctrl Pts',(-2.23644482248179,-0.584938644631563,
-2.667));
#5224=CARTESIAN_POINT('Ctrl Pts',(-2.30736312465274,0.0934713156246254,
-2.667));
#5225=CARTESIAN_POINT('Ctrl Pts',(-2.26336861494568,0.424674811232537,-2.667));
#5226=CARTESIAN_POINT('Ctrl Pts',(-2.17941308320302,0.689894638885901,-2.667));
#5227=CARTESIAN_POINT('Ctrl Pts',(0.,-2.794,3.175));
#5228=CARTESIAN_POINT('Ctrl Pts',(-0.462171201284155,-2.79400002161599,
3.175));
#5229=CARTESIAN_POINT('Ctrl Pts',(-1.00865804632254,-2.66947422452407,3.175));
#5230=CARTESIAN_POINT('Ctrl Pts',(-1.98858564527228,-2.04669734288048,3.175));
#5231=CARTESIAN_POINT('Ctrl Pts',(-2.40640937923745,-1.54333322852772,3.175));
#5232=CARTESIAN_POINT('Ctrl Pts',(-2.82935103576646,-0.409243755019428,
3.175));
#5233=CARTESIAN_POINT('Ctrl Pts',(-2.83443583647512,0.198974172073974,3.17499999999989));
#5234=CARTESIAN_POINT('Ctrl Pts',(-2.64033080393622,0.949693245071975,3.17500000000005));
#5235=CARTESIAN_POINT('Ctrl Pts',(-2.5496568910813,1.16754186296541,3.175));
#5236=CARTESIAN_POINT('Ctrl Pts',(-2.3135278224404,1.58476234299891,3.175));
#5237=CARTESIAN_POINT('Ctrl Pts',(-2.16056514484249,1.79220059025557,3.175));
#5238=CARTESIAN_POINT('Ctrl Pts',(-1.58293962538165,2.36537885223001,3.175));
#5239=CARTESIAN_POINT('Ctrl Pts',(-1.03257557058443,2.66700005639442,3.175));
#5240=CARTESIAN_POINT('Ctrl Pts',(0.324644425657622,2.87807585042415,3.175));
#5241=CARTESIAN_POINT('Ctrl Pts',(1.11289162956028,2.64843232840507,3.175));
#5242=CARTESIAN_POINT('Ctrl Pts',(1.92139255212696,2.05568438019136,3.175));
#5243=CARTESIAN_POINT('Ctrl Pts',(2.13307050189665,1.82903863993049,3.1844928442201));
#5244=CARTESIAN_POINT('Ctrl Pts',(2.46386901971377,1.34855079347508,3.15397499842404));
#5245=CARTESIAN_POINT('Ctrl Pts',(2.59046866856466,1.08404993586451,3.1144452562791));
#5246=CARTESIAN_POINT('Ctrl Pts',(2.84255241166387,0.248593867590095,3.04671765028074));
#5247=CARTESIAN_POINT('Ctrl Pts',(2.82766966689921,-0.358591525715238,2.99936315806061));
#5248=CARTESIAN_POINT('Ctrl Pts',(2.44483650278906,-1.45450032201974,2.90270627432331));
#5249=CARTESIAN_POINT('Ctrl Pts',(2.08774726745009,-1.94573036576975,2.85437208362646));
#5250=CARTESIAN_POINT('Ctrl Pts',(0.854490474555162,-2.81761650178711,2.72870702294946));
#5251=CARTESIAN_POINT('Ctrl Pts',(-0.180250676555593,-2.93871210375075,
2.65137028575011));
#5252=CARTESIAN_POINT('Ctrl Pts',(-1.90524270681699,-2.24517271104243,2.49670113969465));
#5253=CARTESIAN_POINT('Ctrl Pts',(-2.56822545411604,-1.44103892304763,2.4193666389476));
#5254=CARTESIAN_POINT('Ctrl Pts',(-2.91891651723068,0.384511531394853,2.26469758922754));
#5255=CARTESIAN_POINT('Ctrl Pts',(-2.60229438288112,1.37687308069592,2.18736306886308));
#5256=CARTESIAN_POINT('Ctrl Pts',(-1.25895131205939,2.66210666473931,2.03269402351308));
#5257=CARTESIAN_POINT('Ctrl Pts',(-0.252780466798187,2.93405943034032,1.95535950070231));
#5258=CARTESIAN_POINT('Ctrl Pts',(1.55484201925621,2.49996627407803,1.80069045518755));
#5259=CARTESIAN_POINT('Ctrl Pts',(2.32804815517484,1.80209133550232,1.72335593242589));
#5260=CARTESIAN_POINT('Ctrl Pts',(2.94450847461451,0.0482166244741402,1.56868688690698));
#5261=CARTESIAN_POINT('Ctrl Pts',(2.77683080437841,-0.980497610813072,1.49135236414796));
#5262=CARTESIAN_POINT('Ctrl Pts',(1.63547231072762,-2.44799842011998,1.33668331862937));
#5263=CARTESIAN_POINT('Ctrl Pts',(0.680683950252696,-2.8643018626028,1.25934879587016));
#5264=CARTESIAN_POINT('Ctrl Pts',(-1.1711891010298,-2.70201800161164,1.10467975035171));
#5265=CARTESIAN_POINT('Ctrl Pts',(-2.03890251061271,-2.12465537883718,1.02734522759242));
#5266=CARTESIAN_POINT('Ctrl Pts',(-2.90485602677304,-0.479469349009054,
0.87267618207399));
#5267=CARTESIAN_POINT('Ctrl Pts',(-2.89006677532958,0.562147321209515,0.795341659314762));
#5268=CARTESIAN_POINT('Ctrl Pts',(-1.97780192292297,2.1817963612882,0.640672613796178));
#5269=CARTESIAN_POINT('Ctrl Pts',(-1.09386892709224,2.73379322649442,0.563338091036856));
#5270=CARTESIAN_POINT('Ctrl Pts',(0.762069714440409,2.84399222797653,0.40866904551862));
#5271=CARTESIAN_POINT('Ctrl Pts',(1.70499120304872,2.40068390848448,0.331334522759258));
#5272=CARTESIAN_POINT('Ctrl Pts',(2.80330105385639,0.900989141096494,0.176665477240752));
#5273=CARTESIAN_POINT('Ctrl Pts',(2.94137431348594,-0.131754280467812,0.0993309544816126));
#5274=CARTESIAN_POINT('Ctrl Pts',(2.2762075311241,-1.86790093691838,-0.0553380910370679));
#5275=CARTESIAN_POINT('Ctrl Pts',(1.48318486057485,-2.54403193333118,-0.132672613796167));
#5276=CARTESIAN_POINT('Ctrl Pts',(-0.33625999465919,-2.92496577631275,-0.287341659314752));
#5277=CARTESIAN_POINT('Ctrl Pts',(-1.33377356598047,-2.62471474023552,-0.364676182073778));
#5278=CARTESIAN_POINT('Ctrl Pts',(-2.64091410376984,-1.30263449329204,-0.519345227592608));
#5279=CARTESIAN_POINT('Ctrl Pts',(-2.9294883926879,-0.30113609632743,-0.596679750351495));
#5280=CARTESIAN_POINT('Ctrl Pts',(-2.52532666034312,1.51336745663508,-0.751348795870356));
#5281=CARTESIAN_POINT('Ctrl Pts',(-1.84028705391643,2.2980011974006,-0.828683318629562));
#5282=CARTESIAN_POINT('Ctrl Pts',(-0.0967579335176118,2.94326396764827,
-0.983352364147751));
#5283=CARTESIAN_POINT('Ctrl Pts',(0.934595167540219,2.79266662399263,-1.06068688690715));
#5284=CARTESIAN_POINT('Ctrl Pts',(2.4206515201418,1.67564543157004,-1.2153559324257));
#5285=CARTESIAN_POINT('Ctrl Pts',(2.8526405856038,0.727878262991847,-1.29269045518766));
#5286=CARTESIAN_POINT('Ctrl Pts',(2.72096921282626,-1.12646759741156,-1.44735950070218));
#5287=CARTESIAN_POINT('Ctrl Pts',(2.15804301540127,-2.00365182710601,-1.52469402351337));
#5288=CARTESIAN_POINT('Ctrl Pts',(0.52732557411451,-2.89648809326102,-1.67936306886277));
#5289=CARTESIAN_POINT('Ctrl Pts',(-0.514319945069263,-2.89886145692399,
-1.75669758922712));
#5290=CARTESIAN_POINT('Ctrl Pts',(-2.14891690924746,-2.01358667011374,-1.91136663894801));
#5291=CARTESIAN_POINT('Ctrl Pts',(-2.71547485113994,-1.13883563656758,-1.98870113969483));
#5292=CARTESIAN_POINT('Ctrl Pts',(-2.85608993092412,0.71503107736898,-2.14337028574991));
#5293=CARTESIAN_POINT('Ctrl Pts',(-2.4283647725585,1.66498085684009,-2.22070702294926));
#5294=CARTESIAN_POINT('Ctrl Pts',(-1.03980364713603,2.71801256410239,-2.36570516988464));
#5295=CARTESIAN_POINT('Ctrl Pts',(-0.169863589246083,2.89813815628592,-2.43337386391094));
#5296=CARTESIAN_POINT('Ctrl Pts',(1.0186864712987,2.63453220327984,-2.53485150412971));
#5297=CARTESIAN_POINT('Ctrl Pts',(1.39469552057982,2.4538731795551,-2.56429192085103));
#5298=CARTESIAN_POINT('Ctrl Pts',(1.87681422696099,2.07879251799417,-2.61453034166379));
#5299=CARTESIAN_POINT('Ctrl Pts',(2.02372222630951,1.9364799589025,-2.6394610311667));
#5300=CARTESIAN_POINT('Ctrl Pts',(2.28360185485191,1.62329323750889,-2.67161317628067));
#5301=CARTESIAN_POINT('Ctrl Pts',(2.39753232493092,1.45153959166886,-2.66700347491496));
#5302=CARTESIAN_POINT('Ctrl Pts',(2.6947089915716,0.860059772386437,-2.66699305017009));
#5303=CARTESIAN_POINT('Ctrl Pts',(2.81698156534196,0.366490975319291,-2.667));
#5304=CARTESIAN_POINT('Ctrl Pts',(2.75664437798199,-0.670903993331279,-2.667));
#5305=CARTESIAN_POINT('Ctrl Pts',(2.57610011529629,-1.20505448929065,-2.667));
#5306=CARTESIAN_POINT('Ctrl Pts',(1.95784222659793,-2.05582350744606,-2.667));
#5307=CARTESIAN_POINT('Ctrl Pts',(1.53847927261967,-2.3773445509301,-2.6670000000002));
#5308=CARTESIAN_POINT('Ctrl Pts',(0.694456477791288,-2.74507142286561,-2.6669999999998));
#5309=CARTESIAN_POINT('Ctrl Pts',(0.302158164709617,-2.81420834668804,-2.667));
#5310=CARTESIAN_POINT('Ctrl Pts',(-0.536661712834949,-2.76924384492297,
-2.667));
#5311=CARTESIAN_POINT('Ctrl Pts',(-0.958756547621266,-2.65808301328978,
-2.66700000000019));
#5312=CARTESIAN_POINT('Ctrl Pts',(-1.73474264973205,-2.23500924213337,-2.66699999999981));
#5313=CARTESIAN_POINT('Ctrl Pts',(-2.08352746910442,-1.91121144238937,-2.667));
#5314=CARTESIAN_POINT('Ctrl Pts',(-2.58354607286166,-1.14833639257164,-2.667));
#5315=CARTESIAN_POINT('Ctrl Pts',(-2.73382395962013,-0.713018642723955,
-2.667));
#5316=CARTESIAN_POINT('Ctrl Pts',(-2.8204777612462,0.115918301598294,-2.667));
#5317=CARTESIAN_POINT('Ctrl Pts',(-2.76833651150979,0.512738040316293,-2.667));
#5318=CARTESIAN_POINT('Ctrl Pts',(-2.66372710169258,0.843204558638323,-2.667));
#5319=CARTESIAN_POINT('Ctrl Pts',(0.,-3.302,3.175));
#5320=CARTESIAN_POINT('Ctrl Pts',(-0.553421414778276,-3.30200001578164,
3.175));
#5321=CARTESIAN_POINT('Ctrl Pts',(-1.18544934857603,-3.15902921712607,3.175));
#5322=CARTESIAN_POINT('Ctrl Pts',(-2.35674774149057,-2.41462808980658,3.175));
#5323=CARTESIAN_POINT('Ctrl Pts',(-2.84100207165785,-1.83181151419142,3.175));
#5324=CARTESIAN_POINT('Ctrl Pts',(-3.34671478243768,-0.475779466364302,
3.175));
#5325=CARTESIAN_POINT('Ctrl Pts',(-3.35005405286044,0.234115855814354,3.17499999999989));
#5326=CARTESIAN_POINT('Ctrl Pts',(-3.12025782704789,1.12288246340341,3.17500000000005));
#5327=CARTESIAN_POINT('Ctrl Pts',(-3.01249025676012,1.38113149098473,3.175));
#5328=CARTESIAN_POINT('Ctrl Pts',(-2.73490985922007,1.87159166151856,3.175));
#5329=CARTESIAN_POINT('Ctrl Pts',(-2.5552213838752,2.11624377642266,3.175));
#5330=CARTESIAN_POINT('Ctrl Pts',(-1.86709440460107,2.79907066766695,3.175));
#5331=CARTESIAN_POINT('Ctrl Pts',(-1.22886980361271,3.15057909834141,3.175));
#5332=CARTESIAN_POINT('Ctrl Pts',(0.394362210111523,3.40302494270263,3.175));
#5333=CARTESIAN_POINT('Ctrl Pts',(1.31583331979471,3.12954642899496,3.175));
#5334=CARTESIAN_POINT('Ctrl Pts',(2.27046533932406,2.42966328114828,3.175));
#5335=CARTESIAN_POINT('Ctrl Pts',(2.52097098074532,2.16144611863438,3.1844928442201));
#5336=CARTESIAN_POINT('Ctrl Pts',(2.91281841105733,1.59228417841414,3.15397499842404));
#5337=CARTESIAN_POINT('Ctrl Pts',(3.06175171183486,1.28070798566894,3.1144452562791));
#5338=CARTESIAN_POINT('Ctrl Pts',(3.35901626905554,0.295513639656389,3.04671765028074));
#5339=CARTESIAN_POINT('Ctrl Pts',(3.34094503171045,-0.429666398305371,2.99936315806061));
#5340=CARTESIAN_POINT('Ctrl Pts',(2.89072161191889,-1.71848840654236,2.90270627432331));
#5341=CARTESIAN_POINT('Ctrl Pts',(2.47375252896252,-2.29496569237381,2.85437208362646));
#5342=CARTESIAN_POINT('Ctrl Pts',(0.999353972587484,-3.33733393684008,2.72870702294946));
#5343=CARTESIAN_POINT('Ctrl Pts',(-0.201241653730635,-3.47779368195185,
2.65137028575011));
#5344=CARTESIAN_POINT('Ctrl Pts',(-2.26325289220935,-2.64875444430124,2.49670113969465));
#5345=CARTESIAN_POINT('Ctrl Pts',(-3.03282226290548,-1.71532924068518,2.4193666389476));
#5346=CARTESIAN_POINT('Ctrl Pts',(-3.45207642824145,0.467131485925497,2.26469758922754));
#5347=CARTESIAN_POINT('Ctrl Pts',(-3.08472687054381,1.61836312902948,2.18736306886308));
#5348=CARTESIAN_POINT('Ctrl Pts',(-1.47888583911405,3.15473961470852,2.03269402351308));
#5349=CARTESIAN_POINT('Ctrl Pts',(-0.310825856375473,3.47044162855162,1.95535950070231));
#5350=CARTESIAN_POINT('Ctrl Pts',(1.85013088328455,2.95149679156099,1.80069045518755));
#5351=CARTESIAN_POINT('Ctrl Pts',(2.74706297922715,2.14193880111402,1.72335593242589));
#5352=CARTESIAN_POINT('Ctrl Pts',(3.48400905684587,0.0452730263333832,1.56868688690698));
#5353=CARTESIAN_POINT('Ctrl Pts',(3.2893515641818,-1.14897998154864,1.49135236414796));
#5354=CARTESIAN_POINT('Ctrl Pts',(1.92494148725116,-2.90326931954043,1.33668331862937));
#5355=CARTESIAN_POINT('Ctrl Pts',(0.817348003628771,-3.38622493394188,1.25934879587016));
#5356=CARTESIAN_POINT('Ctrl Pts',(-1.39654738138373,-3.19221613551471,1.10467975035171));
#5357=CARTESIAN_POINT('Ctrl Pts',(-2.40383518071317,-2.52199323519469,1.02734522759242));
#5358=CARTESIAN_POINT('Ctrl Pts',(-3.43898543677767,-0.555358051624218,
0.87267618207399));
#5359=CARTESIAN_POINT('Ctrl Pts',(-3.4218703100022,0.65311166973268,0.795341659314762));
#5360=CARTESIAN_POINT('Ctrl Pts',(-2.33123596511015,2.58944050899771,0.640672613796178));
#5361=CARTESIAN_POINT('Ctrl Pts',(-1.30526456901954,3.23013600578146,0.563338091036856));
#5362=CARTESIAN_POINT('Ctrl Pts',(0.913245012622066,3.36186318858812,0.40866904551862));
#5363=CARTESIAN_POINT('Ctrl Pts',(2.00745526159611,2.84745971114774,0.331334522759258));
#5364=CARTESIAN_POINT('Ctrl Pts',(3.32052649656448,1.05451752926615,0.176665477240752));
#5365=CARTESIAN_POINT('Ctrl Pts',(3.48072242141047,-0.143916562465192,0.0993309544816126));
#5366=CARTESIAN_POINT('Ctrl Pts',(2.68561051751162,-2.21923193001929,-0.0553380910370679));
#5367=CARTESIAN_POINT('Ctrl Pts',(1.76515893664857,-3.00401018690509,-0.132672613796167));
#5368=CARTESIAN_POINT('Ctrl Pts',(-0.410030561690996,-3.45942570524322,
-0.287341659314752));
#5369=CARTESIAN_POINT('Ctrl Pts',(-1.56731943115123,-3.11103731906382,-0.364676182073778));
#5370=CARTESIAN_POINT('Ctrl Pts',(-3.12985916731048,-1.53063877097254,-0.519345227592608));
#5371=CARTESIAN_POINT('Ctrl Pts',(-3.4648417154504,-0.368049359687314,-0.596679750351496));
#5372=CARTESIAN_POINT('Ctrl Pts',(-2.98167056775739,1.80117119887472,-0.751348795870356));
#5373=CARTESIAN_POINT('Ctrl Pts',(-2.18697127158601,2.71137034142949,-0.828683318629562));
#5374=CARTESIAN_POINT('Ctrl Pts',(-0.102710408829817,3.48273445480757,-0.983352364147751));
#5375=CARTESIAN_POINT('Ctrl Pts',(1.09460533510695,3.30790083216725,-1.06068688690715));
#5376=CARTESIAN_POINT('Ctrl Pts',(2.87110825398909,1.9725603244095,-1.2153559324257));
#5377=CARTESIAN_POINT('Ctrl Pts',(3.37223363962111,0.873131075888711,-1.29269045518766));
#5378=CARTESIAN_POINT('Ctrl Pts',(3.21482449598355,-1.34368198254003,-1.44735950070218));
#5379=CARTESIAN_POINT('Ctrl Pts',(2.56133218655552,-2.3620039779519,-1.52469402351337));
#5380=CARTESIAN_POINT('Ctrl Pts',(0.611962050028286,-3.42930627570347,-1.67936306886277));
#5381=CARTESIAN_POINT('Ctrl Pts',(-0.596455183230923,-3.43209625534575,
-1.75669758922712));
#5382=CARTESIAN_POINT('Ctrl Pts',(-2.55062940027213,-2.37374281353168,-1.91136663894801));
#5383=CARTESIAN_POINT('Ctrl Pts',(-3.20828352007027,-1.35835584996905,-1.98870113969483));
#5384=CARTESIAN_POINT('Ctrl Pts',(-3.37637121135423,0.857708890333872,-2.14337028574991));
#5385=CARTESIAN_POINT('Ctrl Pts',(-2.88013136348583,1.95993609527807,-2.22070702294926));
#5386=CARTESIAN_POINT('Ctrl Pts',(-1.22006138108722,3.2188696910875,-2.36570516988464));
#5387=CARTESIAN_POINT('Ctrl Pts',(-0.208239041178664,3.42699360771419,-2.43337386391094));
#5388=CARTESIAN_POINT('Ctrl Pts',(1.20286724783864,3.11402738571036,-2.53485150412971));
#5389=CARTESIAN_POINT('Ctrl Pts',(1.64901645749018,2.89964556921106,-2.56429192085103));
#5390=CARTESIAN_POINT('Ctrl Pts',(2.21755379740387,2.45733258930295,-2.61453034166379));
#5391=CARTESIAN_POINT('Ctrl Pts',(2.39127506843613,2.28905595515185,-2.6394610311667));
#5392=CARTESIAN_POINT('Ctrl Pts',(2.69792210110166,1.9195087899659,-2.67161317628067));
#5393=CARTESIAN_POINT('Ctrl Pts',(2.83381315530328,1.71472823873018,-2.66700347491496));
#5394=CARTESIAN_POINT('Ctrl Pts',(3.18392435654204,1.01788956112275,-2.66699305017009));
#5395=CARTESIAN_POINT('Ctrl Pts',(3.32938897906807,0.42750821675994,-2.667));
#5396=CARTESIAN_POINT('Ctrl Pts',(3.25852282808064,-0.790914339837367,-2.667));
#5397=CARTESIAN_POINT('Ctrl Pts',(3.04291543208167,-1.4268167060308,-2.667));
#5398=CARTESIAN_POINT('Ctrl Pts',(2.31292475948799,-2.43133838276527,-2.667));
#5399=CARTESIAN_POINT('Ctrl Pts',(1.81809429256585,-2.80964158253691,-2.6670000000002));
#5400=CARTESIAN_POINT('Ctrl Pts',(0.820652824147469,-3.24421045185545,-2.6669999999998));
#5401=CARTESIAN_POINT('Ctrl Pts',(0.358030084863976,-3.32593391383794,-2.667));
#5402=CARTESIAN_POINT('Ctrl Pts',(-0.635037202878607,-3.27269873527732,
-2.667));
#5403=CARTESIAN_POINT('Ctrl Pts',(-1.13165215757713,-3.14241549925809,-2.66700000000019));
#5404=CARTESIAN_POINT('Ctrl Pts',(-2.04819122906342,-2.64271113305114,-2.66699999999981));
#5405=CARTESIAN_POINT('Ctrl Pts',(-2.46518945441556,-2.25561070042683,-2.667));
#5406=CARTESIAN_POINT('Ctrl Pts',(-3.05162446316853,-1.36089071791844,-2.667));
#5407=CARTESIAN_POINT('Ctrl Pts',(-3.23120309675848,-0.841098640816346,
-2.667));
#5408=CARTESIAN_POINT('Ctrl Pts',(-3.33359239783965,0.138365287571964,-2.667));
#5409=CARTESIAN_POINT('Ctrl Pts',(-3.2733044080739,0.60080126940005,-2.667));
#5410=CARTESIAN_POINT('Ctrl Pts',(-3.14804112018214,0.996514478390746,-2.667));
#5411=CARTESIAN_POINT('Ctrl Pts',(0.,-3.302,2.667));
#5412=CARTESIAN_POINT('Ctrl Pts',(-0.553421414778276,-3.30200001578164,
2.667));
#5413=CARTESIAN_POINT('Ctrl Pts',(-1.18544934857603,-3.15902921712607,2.667));
#5414=CARTESIAN_POINT('Ctrl Pts',(-2.35674774149057,-2.41462808980658,2.667));
#5415=CARTESIAN_POINT('Ctrl Pts',(-2.84100207165785,-1.83181151419142,2.667));
#5416=CARTESIAN_POINT('Ctrl Pts',(-3.34671478243768,-0.475779466364302,
2.667));
#5417=CARTESIAN_POINT('Ctrl Pts',(-3.35005405286044,0.234115855814354,2.66699999999989));
#5418=CARTESIAN_POINT('Ctrl Pts',(-3.12025782704789,1.12288246340341,2.66700000000005));
#5419=CARTESIAN_POINT('Ctrl Pts',(-3.01249025676012,1.38113149098473,2.667));
#5420=CARTESIAN_POINT('Ctrl Pts',(-2.73490985922007,1.87159166151856,2.667));
#5421=CARTESIAN_POINT('Ctrl Pts',(-2.5552213838752,2.11624377642266,2.667));
#5422=CARTESIAN_POINT('Ctrl Pts',(-1.86709440460107,2.79907066766695,2.667));
#5423=CARTESIAN_POINT('Ctrl Pts',(-1.22886980361271,3.15057909834141,2.667));
#5424=CARTESIAN_POINT('Ctrl Pts',(0.394362210111523,3.40302494270263,2.667));
#5425=CARTESIAN_POINT('Ctrl Pts',(1.31583331979471,3.12954642899496,2.667));
#5426=CARTESIAN_POINT('Ctrl Pts',(2.27046533932406,2.42966328114828,2.667));
#5427=CARTESIAN_POINT('Ctrl Pts',(2.52097098074532,2.16144611863438,2.6764928442201));
#5428=CARTESIAN_POINT('Ctrl Pts',(2.91281841105733,1.59228417841414,2.64597499842404));
#5429=CARTESIAN_POINT('Ctrl Pts',(3.06175171183486,1.28070798566894,2.6064452562791));
#5430=CARTESIAN_POINT('Ctrl Pts',(3.35901626905554,0.295513639656389,2.53871765028074));
#5431=CARTESIAN_POINT('Ctrl Pts',(3.34094503171045,-0.429666398305371,2.49136315806061));
#5432=CARTESIAN_POINT('Ctrl Pts',(2.89072161191889,-1.71848840654236,2.39470627432331));
#5433=CARTESIAN_POINT('Ctrl Pts',(2.47375252896252,-2.29496569237381,2.34637208362646));
#5434=CARTESIAN_POINT('Ctrl Pts',(0.999353972587484,-3.33733393684008,2.22070702294946));
#5435=CARTESIAN_POINT('Ctrl Pts',(-0.201241653730635,-3.47779368195185,
2.14337028575011));
#5436=CARTESIAN_POINT('Ctrl Pts',(-2.26325289220935,-2.64875444430124,1.98870113969465));
#5437=CARTESIAN_POINT('Ctrl Pts',(-3.03282226290548,-1.71532924068518,1.9113666389476));
#5438=CARTESIAN_POINT('Ctrl Pts',(-3.45207642824145,0.467131485925497,1.75669758922754));
#5439=CARTESIAN_POINT('Ctrl Pts',(-3.08472687054381,1.61836312902948,1.67936306886308));
#5440=CARTESIAN_POINT('Ctrl Pts',(-1.47888583911405,3.15473961470852,1.52469402351308));
#5441=CARTESIAN_POINT('Ctrl Pts',(-0.310825856375473,3.47044162855162,1.44735950070231));
#5442=CARTESIAN_POINT('Ctrl Pts',(1.85013088328455,2.95149679156099,1.29269045518755));
#5443=CARTESIAN_POINT('Ctrl Pts',(2.74706297922715,2.14193880111402,1.21535593242589));
#5444=CARTESIAN_POINT('Ctrl Pts',(3.48400905684587,0.0452730263333832,1.06068688690698));
#5445=CARTESIAN_POINT('Ctrl Pts',(3.2893515641818,-1.14897998154864,0.983352364147963));
#5446=CARTESIAN_POINT('Ctrl Pts',(1.92494148725116,-2.90326931954043,0.828683318629369));
#5447=CARTESIAN_POINT('Ctrl Pts',(0.817348003628771,-3.38622493394188,0.751348795870162));
#5448=CARTESIAN_POINT('Ctrl Pts',(-1.39654738138373,-3.19221613551471,0.596679750351707));
#5449=CARTESIAN_POINT('Ctrl Pts',(-2.40383518071317,-2.52199323519469,0.519345227592415));
#5450=CARTESIAN_POINT('Ctrl Pts',(-3.43898543677767,-0.555358051624218,
0.36467618207399));
#5451=CARTESIAN_POINT('Ctrl Pts',(-3.4218703100022,0.65311166973268,0.287341659314762));
#5452=CARTESIAN_POINT('Ctrl Pts',(-2.33123596511015,2.58944050899771,0.132672613796178));
#5453=CARTESIAN_POINT('Ctrl Pts',(-1.30526456901954,3.23013600578146,0.0553380910368559));
#5454=CARTESIAN_POINT('Ctrl Pts',(0.913245012622066,3.36186318858812,-0.0993309544813798));
#5455=CARTESIAN_POINT('Ctrl Pts',(2.00745526159611,2.84745971114774,-0.176665477240742));
#5456=CARTESIAN_POINT('Ctrl Pts',(3.32052649656448,1.05451752926615,-0.331334522759248));
#5457=CARTESIAN_POINT('Ctrl Pts',(3.48072242141047,-0.143916562465192,-0.408669045518387));
#5458=CARTESIAN_POINT('Ctrl Pts',(2.68561051751162,-2.21923193001929,-0.563338091037068));
#5459=CARTESIAN_POINT('Ctrl Pts',(1.76515893664857,-3.00401018690509,-0.640672613796167));
#5460=CARTESIAN_POINT('Ctrl Pts',(-0.410030561690996,-3.45942570524322,
-0.795341659314752));
#5461=CARTESIAN_POINT('Ctrl Pts',(-1.56731943115123,-3.11103731906382,-0.872676182073778));
#5462=CARTESIAN_POINT('Ctrl Pts',(-3.12985916731048,-1.53063877097254,-1.02734522759261));
#5463=CARTESIAN_POINT('Ctrl Pts',(-3.4648417154504,-0.368049359687314,-1.1046797503515));
#5464=CARTESIAN_POINT('Ctrl Pts',(-2.98167056775739,1.80117119887472,-1.25934879587036));
#5465=CARTESIAN_POINT('Ctrl Pts',(-2.18697127158601,2.71137034142949,-1.33668331862956));
#5466=CARTESIAN_POINT('Ctrl Pts',(-0.102710408829817,3.48273445480757,-1.49135236414775));
#5467=CARTESIAN_POINT('Ctrl Pts',(1.09460533510695,3.30790083216725,-1.56868688690715));
#5468=CARTESIAN_POINT('Ctrl Pts',(2.87110825398909,1.9725603244095,-1.7233559324257));
#5469=CARTESIAN_POINT('Ctrl Pts',(3.37223363962111,0.873131075888711,-1.80069045518766));
#5470=CARTESIAN_POINT('Ctrl Pts',(3.21482449598355,-1.34368198254003,-1.95535950070218));
#5471=CARTESIAN_POINT('Ctrl Pts',(2.56133218655552,-2.3620039779519,-2.03269402351337));
#5472=CARTESIAN_POINT('Ctrl Pts',(0.611962050028286,-3.42930627570347,-2.18736306886277));
#5473=CARTESIAN_POINT('Ctrl Pts',(-0.596455183230923,-3.43209625534575,
-2.26469758922712));
#5474=CARTESIAN_POINT('Ctrl Pts',(-2.55062940027213,-2.37374281353168,-2.41936663894801));
#5475=CARTESIAN_POINT('Ctrl Pts',(-3.20828352007027,-1.35835584996905,-2.49670113969483));
#5476=CARTESIAN_POINT('Ctrl Pts',(-3.37637121135423,0.857708890333872,-2.65137028574991));
#5477=CARTESIAN_POINT('Ctrl Pts',(-2.88013136348583,1.95993609527807,-2.72870702294926));
#5478=CARTESIAN_POINT('Ctrl Pts',(-1.22006138108722,3.2188696910875,-2.87370516988464));
#5479=CARTESIAN_POINT('Ctrl Pts',(-0.208239041178664,3.42699360771419,-2.94137386391094));
#5480=CARTESIAN_POINT('Ctrl Pts',(1.20286724783864,3.11402738571036,-3.04285150412971));
#5481=CARTESIAN_POINT('Ctrl Pts',(1.64901645749018,2.89964556921106,-3.07229192085103));
#5482=CARTESIAN_POINT('Ctrl Pts',(2.21755379740387,2.45733258930295,-3.12253034166379));
#5483=CARTESIAN_POINT('Ctrl Pts',(2.39127506843613,2.28905595515185,-3.1474610311667));
#5484=CARTESIAN_POINT('Ctrl Pts',(2.69792210110166,1.9195087899659,-3.17961317628066));
#5485=CARTESIAN_POINT('Ctrl Pts',(2.83381315530328,1.71472823873018,-3.17500347491496));
#5486=CARTESIAN_POINT('Ctrl Pts',(3.18392435654204,1.01788956112275,-3.17499305017009));
#5487=CARTESIAN_POINT('Ctrl Pts',(3.32938897906807,0.42750821675994,-3.175));
#5488=CARTESIAN_POINT('Ctrl Pts',(3.25852282808064,-0.790914339837367,-3.175));
#5489=CARTESIAN_POINT('Ctrl Pts',(3.04291543208167,-1.4268167060308,-3.175));
#5490=CARTESIAN_POINT('Ctrl Pts',(2.31292475948799,-2.43133838276527,-3.175));
#5491=CARTESIAN_POINT('Ctrl Pts',(1.81809429256584,-2.80964158253691,-3.1750000000002));
#5492=CARTESIAN_POINT('Ctrl Pts',(0.820652824147469,-3.24421045185545,-3.1749999999998));
#5493=CARTESIAN_POINT('Ctrl Pts',(0.358030084863976,-3.32593391383794,-3.175));
#5494=CARTESIAN_POINT('Ctrl Pts',(-0.635037202878607,-3.27269873527732,
-3.175));
#5495=CARTESIAN_POINT('Ctrl Pts',(-1.13165215757713,-3.14241549925809,-3.17500000000019));
#5496=CARTESIAN_POINT('Ctrl Pts',(-2.04819122906342,-2.64271113305114,-3.17499999999981));
#5497=CARTESIAN_POINT('Ctrl Pts',(-2.46518945441556,-2.25561070042683,-3.175));
#5498=CARTESIAN_POINT('Ctrl Pts',(-3.05162446316853,-1.36089071791844,-3.175));
#5499=CARTESIAN_POINT('Ctrl Pts',(-3.23120309675848,-0.841098640816345,
-3.175));
#5500=CARTESIAN_POINT('Ctrl Pts',(-3.33359239783965,0.138365287571963,-3.175));
#5501=CARTESIAN_POINT('Ctrl Pts',(-3.2733044080739,0.60080126940005,-3.175));
#5502=CARTESIAN_POINT('Ctrl Pts',(-3.14804112018214,0.996514478390746,-3.175));
#5503=CARTESIAN_POINT('Ctrl Pts',(0.,-2.794,2.667));
#5504=CARTESIAN_POINT('Ctrl Pts',(-0.462171201284155,-2.79400002161599,
2.667));
#5505=CARTESIAN_POINT('Ctrl Pts',(-1.00865804632254,-2.66947422452407,2.667));
#5506=CARTESIAN_POINT('Ctrl Pts',(-1.98858564527228,-2.04669734288048,2.667));
#5507=CARTESIAN_POINT('Ctrl Pts',(-2.40640937923745,-1.54333322852772,2.667));
#5508=CARTESIAN_POINT('Ctrl Pts',(-2.82935103576646,-0.409243755019428,
2.667));
#5509=CARTESIAN_POINT('Ctrl Pts',(-2.83443583647512,0.198974172073974,2.66699999999989));
#5510=CARTESIAN_POINT('Ctrl Pts',(-2.64033080393622,0.949693245071975,2.66700000000005));
#5511=CARTESIAN_POINT('Ctrl Pts',(-2.5496568910813,1.16754186296541,2.667));
#5512=CARTESIAN_POINT('Ctrl Pts',(-2.3135278224404,1.58476234299891,2.667));
#5513=CARTESIAN_POINT('Ctrl Pts',(-2.16056514484249,1.79220059025557,2.667));
#5514=CARTESIAN_POINT('Ctrl Pts',(-1.58293962538165,2.36537885223001,2.667));
#5515=CARTESIAN_POINT('Ctrl Pts',(-1.03257557058443,2.66700005639442,2.667));
#5516=CARTESIAN_POINT('Ctrl Pts',(0.324644425657622,2.87807585042415,2.667));
#5517=CARTESIAN_POINT('Ctrl Pts',(1.11289162956028,2.64843232840507,2.667));
#5518=CARTESIAN_POINT('Ctrl Pts',(1.92139255212696,2.05568438019136,2.667));
#5519=CARTESIAN_POINT('Ctrl Pts',(2.13307050189665,1.82903863993049,2.6764928442201));
#5520=CARTESIAN_POINT('Ctrl Pts',(2.46386901971377,1.34855079347508,2.64597499842404));
#5521=CARTESIAN_POINT('Ctrl Pts',(2.59046866856466,1.08404993586451,2.6064452562791));
#5522=CARTESIAN_POINT('Ctrl Pts',(2.84255241166387,0.248593867590095,2.53871765028074));
#5523=CARTESIAN_POINT('Ctrl Pts',(2.82766966689921,-0.358591525715238,2.49136315806061));
#5524=CARTESIAN_POINT('Ctrl Pts',(2.44483650278906,-1.45450032201974,2.39470627432331));
#5525=CARTESIAN_POINT('Ctrl Pts',(2.08774726745009,-1.94573036576975,2.34637208362646));
#5526=CARTESIAN_POINT('Ctrl Pts',(0.854490474555162,-2.81761650178711,2.22070702294946));
#5527=CARTESIAN_POINT('Ctrl Pts',(-0.180250676555593,-2.93871210375075,
2.14337028575011));
#5528=CARTESIAN_POINT('Ctrl Pts',(-1.90524270681699,-2.24517271104243,1.98870113969465));
#5529=CARTESIAN_POINT('Ctrl Pts',(-2.56822545411604,-1.44103892304763,1.9113666389476));
#5530=CARTESIAN_POINT('Ctrl Pts',(-2.91891651723068,0.384511531394853,1.75669758922754));
#5531=CARTESIAN_POINT('Ctrl Pts',(-2.60229438288112,1.37687308069592,1.67936306886308));
#5532=CARTESIAN_POINT('Ctrl Pts',(-1.25895131205939,2.66210666473931,1.52469402351308));
#5533=CARTESIAN_POINT('Ctrl Pts',(-0.252780466798187,2.93405943034032,1.44735950070231));
#5534=CARTESIAN_POINT('Ctrl Pts',(1.55484201925621,2.49996627407803,1.29269045518755));
#5535=CARTESIAN_POINT('Ctrl Pts',(2.32804815517484,1.80209133550232,1.21535593242589));
#5536=CARTESIAN_POINT('Ctrl Pts',(2.94450847461451,0.0482166244741402,1.06068688690698));
#5537=CARTESIAN_POINT('Ctrl Pts',(2.77683080437841,-0.980497610813072,0.983352364147963));
#5538=CARTESIAN_POINT('Ctrl Pts',(1.63547231072762,-2.44799842011998,0.828683318629369));
#5539=CARTESIAN_POINT('Ctrl Pts',(0.680683950252696,-2.8643018626028,0.751348795870162));
#5540=CARTESIAN_POINT('Ctrl Pts',(-1.1711891010298,-2.70201800161164,0.596679750351707));
#5541=CARTESIAN_POINT('Ctrl Pts',(-2.03890251061271,-2.12465537883718,0.519345227592415));
#5542=CARTESIAN_POINT('Ctrl Pts',(-2.90485602677304,-0.479469349009054,
0.36467618207399));
#5543=CARTESIAN_POINT('Ctrl Pts',(-2.89006677532958,0.562147321209515,0.287341659314762));
#5544=CARTESIAN_POINT('Ctrl Pts',(-1.97780192292297,2.1817963612882,0.132672613796178));
#5545=CARTESIAN_POINT('Ctrl Pts',(-1.09386892709224,2.73379322649442,0.0553380910368559));
#5546=CARTESIAN_POINT('Ctrl Pts',(0.762069714440409,2.84399222797653,-0.0993309544813798));
#5547=CARTESIAN_POINT('Ctrl Pts',(1.70499120304872,2.40068390848448,-0.176665477240742));
#5548=CARTESIAN_POINT('Ctrl Pts',(2.80330105385639,0.900989141096494,-0.331334522759248));
#5549=CARTESIAN_POINT('Ctrl Pts',(2.94137431348594,-0.131754280467812,-0.408669045518387));
#5550=CARTESIAN_POINT('Ctrl Pts',(2.2762075311241,-1.86790093691838,-0.563338091037068));
#5551=CARTESIAN_POINT('Ctrl Pts',(1.48318486057485,-2.54403193333118,-0.640672613796167));
#5552=CARTESIAN_POINT('Ctrl Pts',(-0.33625999465919,-2.92496577631275,-0.795341659314752));
#5553=CARTESIAN_POINT('Ctrl Pts',(-1.33377356598047,-2.62471474023552,-0.872676182073778));
#5554=CARTESIAN_POINT('Ctrl Pts',(-2.64091410376984,-1.30263449329204,-1.02734522759261));
#5555=CARTESIAN_POINT('Ctrl Pts',(-2.9294883926879,-0.30113609632743,-1.1046797503515));
#5556=CARTESIAN_POINT('Ctrl Pts',(-2.52532666034312,1.51336745663508,-1.25934879587036));
#5557=CARTESIAN_POINT('Ctrl Pts',(-1.84028705391643,2.2980011974006,-1.33668331862956));
#5558=CARTESIAN_POINT('Ctrl Pts',(-0.0967579335176118,2.94326396764827,
-1.49135236414775));
#5559=CARTESIAN_POINT('Ctrl Pts',(0.934595167540219,2.79266662399263,-1.56868688690715));
#5560=CARTESIAN_POINT('Ctrl Pts',(2.4206515201418,1.67564543157004,-1.7233559324257));
#5561=CARTESIAN_POINT('Ctrl Pts',(2.8526405856038,0.727878262991847,-1.80069045518766));
#5562=CARTESIAN_POINT('Ctrl Pts',(2.72096921282626,-1.12646759741156,-1.95535950070218));
#5563=CARTESIAN_POINT('Ctrl Pts',(2.15804301540127,-2.00365182710601,-2.03269402351337));
#5564=CARTESIAN_POINT('Ctrl Pts',(0.52732557411451,-2.89648809326102,-2.18736306886277));
#5565=CARTESIAN_POINT('Ctrl Pts',(-0.514319945069263,-2.89886145692399,
-2.26469758922712));
#5566=CARTESIAN_POINT('Ctrl Pts',(-2.14891690924746,-2.01358667011374,-2.41936663894801));
#5567=CARTESIAN_POINT('Ctrl Pts',(-2.71547485113994,-1.13883563656758,-2.49670113969483));
#5568=CARTESIAN_POINT('Ctrl Pts',(-2.85608993092412,0.71503107736898,-2.65137028574991));
#5569=CARTESIAN_POINT('Ctrl Pts',(-2.4283647725585,1.66498085684009,-2.72870702294926));
#5570=CARTESIAN_POINT('Ctrl Pts',(-1.03980364713603,2.71801256410239,-2.87370516988464));
#5571=CARTESIAN_POINT('Ctrl Pts',(-0.169863589246083,2.89813815628592,-2.94137386391094));
#5572=CARTESIAN_POINT('Ctrl Pts',(1.0186864712987,2.63453220327984,-3.04285150412971));
#5573=CARTESIAN_POINT('Ctrl Pts',(1.39469552057982,2.4538731795551,-3.07229192085103));
#5574=CARTESIAN_POINT('Ctrl Pts',(1.87681422696099,2.07879251799417,-3.12253034166379));
#5575=CARTESIAN_POINT('Ctrl Pts',(2.02372222630951,1.9364799589025,-3.1474610311667));
#5576=CARTESIAN_POINT('Ctrl Pts',(2.28360185485191,1.62329323750889,-3.17961317628067));
#5577=CARTESIAN_POINT('Ctrl Pts',(2.39753232493092,1.45153959166886,-3.17500347491496));
#5578=CARTESIAN_POINT('Ctrl Pts',(2.6947089915716,0.860059772386437,-3.17499305017009));
#5579=CARTESIAN_POINT('Ctrl Pts',(2.81698156534196,0.366490975319291,-3.175));
#5580=CARTESIAN_POINT('Ctrl Pts',(2.75664437798199,-0.670903993331279,-3.175));
#5581=CARTESIAN_POINT('Ctrl Pts',(2.57610011529629,-1.20505448929065,-3.175));
#5582=CARTESIAN_POINT('Ctrl Pts',(1.95784222659793,-2.05582350744606,-3.175));
#5583=CARTESIAN_POINT('Ctrl Pts',(1.53847927261967,-2.3773445509301,-3.1750000000002));
#5584=CARTESIAN_POINT('Ctrl Pts',(0.694456477791288,-2.74507142286561,-3.1749999999998));
#5585=CARTESIAN_POINT('Ctrl Pts',(0.302158164709617,-2.81420834668804,-3.175));
#5586=CARTESIAN_POINT('Ctrl Pts',(-0.536661712834949,-2.76924384492297,
-3.175));
#5587=CARTESIAN_POINT('Ctrl Pts',(-0.958756547621266,-2.65808301328978,
-3.17500000000019));
#5588=CARTESIAN_POINT('Ctrl Pts',(-1.73474264973205,-2.23500924213337,-3.17499999999981));
#5589=CARTESIAN_POINT('Ctrl Pts',(-2.08352746910442,-1.91121144238937,-3.175));
#5590=CARTESIAN_POINT('Ctrl Pts',(-2.58354607286166,-1.14833639257164,-3.175));
#5591=CARTESIAN_POINT('Ctrl Pts',(-2.73382395962013,-0.713018642723955,
-3.175));
#5592=CARTESIAN_POINT('Ctrl Pts',(-2.8204777612462,0.115918301598294,-3.175));
#5593=CARTESIAN_POINT('Ctrl Pts',(-2.76833651150979,0.512738040316293,-3.175));
#5594=CARTESIAN_POINT('Ctrl Pts',(-2.66372710169258,0.843204558638323,-3.175));
#5595=CARTESIAN_POINT('Origin',(0.,-2.794,2.921));
#5596=CARTESIAN_POINT('Origin',(-2.66372710169258,0.843204558638323,-2.921));
#5597=CARTESIAN_POINT('Origin',(-2.66372710169258,0.843204558638323,-2.921));
#5598=CARTESIAN_POINT('Origin',(0.,-2.794,2.921));
#5599=CARTESIAN_POINT('Origin',(10.,45.,0.));
#5600=CARTESIAN_POINT('',(10.,39.5,-6.73555739531044E-16));
#5601=CARTESIAN_POINT('Origin',(10.,45.,6.93334779979405E-32));
#5602=CARTESIAN_POINT('',(10.,42.25,-3.36777869765522E-16));
#5603=CARTESIAN_POINT('Origin',(10.,45.,6.93334779979405E-32));
#5604=CARTESIAN_POINT('Origin',(5.,22.5,0.));
#5605=CARTESIAN_POINT('',(5.,48.5459553189511,-4.20430741930254));
#5606=CARTESIAN_POINT('',(5.,45.,-5.5));
#5607=CARTESIAN_POINT('Origin',(5.,45.,6.93334779979405E-32));
#5608=CARTESIAN_POINT('',(5.,47.0097007866258,-5.49999999999999));
#5609=CARTESIAN_POINT('',(5.,51.,-5.49999999999999));
#5610=CARTESIAN_POINT('',(5.,25.788067659391,-23.3985396069896));
#5611=CARTESIAN_POINT('Origin',(0.,45.,6.93334779979405E-32));
#5612=CARTESIAN_POINT('',(5.,39.5,-6.73555739531044E-16));
#5613=CARTESIAN_POINT('',(0.,39.5,-6.73555739531044E-16));
#5614=CARTESIAN_POINT('Origin',(5.,45.,6.93334779979405E-32));
#5615=CARTESIAN_POINT('',(0.,48.5459553189511,-4.20430741930254));
#5616=CARTESIAN_POINT('',(0.,48.5459553189511,-4.20430741930254));
#5617=CARTESIAN_POINT('',(0.,48.5459553189511,4.20430741930254));
#5618=CARTESIAN_POINT('Origin',(0.,45.,6.93334779979405E-32));
#5619=CARTESIAN_POINT('',(5.,48.5459553189511,4.20430741930254));
#5620=CARTESIAN_POINT('',(0.,48.5459553189511,4.20430741930254));
#5621=CARTESIAN_POINT('Origin',(5.,45.,6.93334779979405E-32));
#5622=CARTESIAN_POINT('Origin',(10.,0.,0.));
#5623=CARTESIAN_POINT('',(10.,-5.5,-6.73555739531044E-16));
#5624=CARTESIAN_POINT('Origin',(10.,0.,0.));
#5625=CARTESIAN_POINT('',(10.,-2.75,-3.36777869765522E-16));
#5626=CARTESIAN_POINT('Origin',(10.,0.,0.));
#5627=CARTESIAN_POINT('Origin',(0.,0.,0.));
#5628=CARTESIAN_POINT('',(0.,-5.5,-6.73555739531044E-16));
#5629=CARTESIAN_POINT('',(0.,-5.5,-6.73555739531044E-16));
#5630=CARTESIAN_POINT('',(0.,-3.5459553189511,-4.20430741930255));
#5631=CARTESIAN_POINT('Origin',(0.,0.,0.));
#5632=CARTESIAN_POINT('',(5.,-3.5459553189511,-4.20430741930255));
#5633=CARTESIAN_POINT('',(0.,-3.5459553189511,-4.20430741930255));
#5634=CARTESIAN_POINT('',(5.,0.,-5.5));
#5635=CARTESIAN_POINT('Origin',(5.,0.,0.));
#5636=CARTESIAN_POINT('',(5.,-3.5459553189511,4.20430741930255));
#5637=CARTESIAN_POINT('Origin',(5.,0.,0.));
#5638=CARTESIAN_POINT('',(0.,-3.54595531895109,4.20430741930255));
#5639=CARTESIAN_POINT('',(0.,-3.54595531895109,4.20430741930255));
#5640=CARTESIAN_POINT('Origin',(0.,0.,0.));
#5641=CARTESIAN_POINT('Origin',(5.,22.5,0.));
#5642=CARTESIAN_POINT('',(5.,-2.00970078662582,-5.5));
#5643=CARTESIAN_POINT('',(5.,19.211932340609,-23.3985396069896));
#5644=CARTESIAN_POINT('',(5.,-12.,-5.5));
#5645=CARTESIAN_POINT('Origin',(0.,22.5,-19.5));
#5646=CARTESIAN_POINT('',(5.,20.4,-19.5));
#5647=CARTESIAN_POINT('Origin',(5.,22.5,-19.5));
#5648=CARTESIAN_POINT('',(0.,20.4,-19.5));
#5649=CARTESIAN_POINT('',(0.,20.4,-19.5));
#5650=CARTESIAN_POINT('Origin',(0.,22.5,-19.5));
#5651=CARTESIAN_POINT('Origin',(0.,0.,0.));
#5652=CARTESIAN_POINT('',(0.,-2.75,-3.36777869765522E-16));
#5653=CARTESIAN_POINT('',(0.,-2.75,-3.36777869765522E-16));
#5654=CARTESIAN_POINT('Origin',(0.,0.,0.));
#5655=CARTESIAN_POINT('Origin',(0.,45.,6.93334779979405E-32));
#5656=CARTESIAN_POINT('',(0.,42.25,-3.36777869765522E-16));
#5657=CARTESIAN_POINT('',(0.,42.25,-3.36777869765522E-16));
#5658=CARTESIAN_POINT('Origin',(0.,45.,6.93334779979405E-32));
#5659=CARTESIAN_POINT('Origin',(0.,22.5,19.5));
#5660=CARTESIAN_POINT('',(5.,20.4,19.5));
#5661=CARTESIAN_POINT('Origin',(5.,22.5,19.5));
#5662=CARTESIAN_POINT('',(0.,20.4,19.5));
#5663=CARTESIAN_POINT('',(0.,20.4,19.5));
#5664=CARTESIAN_POINT('Origin',(0.,22.5,19.5));
#5665=CARTESIAN_POINT('Origin',(0.,45.,-5.49999999999999));
#5666=CARTESIAN_POINT('',(0.,47.0097007866258,-5.49999999999999));
#5667=CARTESIAN_POINT('',(0.,45.,-5.5));
#5668=CARTESIAN_POINT('',(0.,51.,-5.49999999999999));
#5669=CARTESIAN_POINT('',(0.,47.0097007866258,-5.49999999999999));
#5670=CARTESIAN_POINT('',(0.,45.,-5.5));
#5671=CARTESIAN_POINT('Origin',(0.,45.,-11.5));
#5672=CARTESIAN_POINT('',(0.,39.0432355261298,-12.2189972203272));
#5673=CARTESIAN_POINT('Origin',(0.,45.,-11.5));
#5674=CARTESIAN_POINT('',(5.,39.0432355261298,-12.2189972203272));
#5675=CARTESIAN_POINT('Origin',(5.,45.,-11.5));
#5676=CARTESIAN_POINT('',(0.,39.0432355261298,-12.2189972203272));
#5677=CARTESIAN_POINT('Origin',(0.,25.788067659391,-23.3985396069896));
#5678=CARTESIAN_POINT('',(0.,25.788067659391,-23.3985396069896));
#5679=CARTESIAN_POINT('',(0.,25.788067659391,-23.3985396069896));
#5680=CARTESIAN_POINT('',(5.,25.788067659391,-23.3985396069896));
#5681=CARTESIAN_POINT('',(5.,25.788067659391,-23.3985396069896));
#5682=CARTESIAN_POINT('',(0.,25.788067659391,-23.3985396069896));
#5683=CARTESIAN_POINT('Origin',(0.,22.5,-19.5));
#5684=CARTESIAN_POINT('',(0.,19.211932340609,-23.3985396069896));
#5685=CARTESIAN_POINT('Origin',(0.,22.5,-19.5));
#5686=CARTESIAN_POINT('',(5.,19.211932340609,-23.3985396069896));
#5687=CARTESIAN_POINT('Origin',(5.,22.5,-19.5));
#5688=CARTESIAN_POINT('',(0.,19.211932340609,-23.3985396069896));
#5689=CARTESIAN_POINT('Origin',(0.,5.95676447387018,-12.2189972203272));
#5690=CARTESIAN_POINT('',(0.,5.95676447387018,-12.2189972203272));
#5691=CARTESIAN_POINT('',(0.,19.211932340609,-23.3985396069896));
#5692=CARTESIAN_POINT('',(5.,5.95676447387018,-12.2189972203272));
#5693=CARTESIAN_POINT('',(5.,19.211932340609,-23.3985396069896));
#5694=CARTESIAN_POINT('',(0.,5.95676447387018,-12.2189972203272));
#5695=CARTESIAN_POINT('Origin',(0.,1.17683640610267E-14,-11.5));
#5696=CARTESIAN_POINT('',(0.,-1.94289029309402E-15,-5.5));
#5697=CARTESIAN_POINT('Origin',(0.,1.17683640610267E-14,-11.5));
#5698=CARTESIAN_POINT('Origin',(5.,1.17683640610267E-14,-11.5));
#5699=CARTESIAN_POINT('',(0.,-1.94289029309402E-15,-5.5));
#5700=CARTESIAN_POINT('Origin',(0.,-2.00970078662582,-5.5));
#5701=CARTESIAN_POINT('',(0.,-2.00970078662582,-5.5));
#5702=CARTESIAN_POINT('',(0.,-12.,-5.5));
#5703=CARTESIAN_POINT('',(0.,-2.00970078662582,-5.5));
#5704=CARTESIAN_POINT('Origin',(0.,-3.5459553189511,-4.20430741930255));
#5705=CARTESIAN_POINT('',(0.,19.211932340609,-23.3985396069896));
#5706=CARTESIAN_POINT('Origin',(0.,19.211932340609,23.3985396069896));
#5707=CARTESIAN_POINT('',(0.,19.211932340609,23.3985396069896));
#5708=CARTESIAN_POINT('',(0.,19.211932340609,23.3985396069896));
#5709=CARTESIAN_POINT('',(5.,19.211932340609,23.3985396069896));
#5710=CARTESIAN_POINT('',(5.,19.211932340609,23.3985396069896));
#5711=CARTESIAN_POINT('',(0.,19.211932340609,23.3985396069896));
#5712=CARTESIAN_POINT('Origin',(0.,22.5,19.5));
#5713=CARTESIAN_POINT('',(0.,25.788067659391,23.3985396069896));
#5714=CARTESIAN_POINT('Origin',(0.,22.5,19.5));
#5715=CARTESIAN_POINT('',(5.,25.788067659391,23.3985396069896));
#5716=CARTESIAN_POINT('Origin',(5.,22.5,19.5));
#5717=CARTESIAN_POINT('',(0.,25.788067659391,23.3985396069896));
#5718=CARTESIAN_POINT('Origin',(0.,48.5459553189511,4.20430741930254));
#5719=CARTESIAN_POINT('',(0.,25.788067659391,23.3985396069896));
#5720=CARTESIAN_POINT('',(5.,25.788067659391,23.3985396069896));
#5721=CARTESIAN_POINT('Origin',(0.,47.0097007866258,-5.49999999999998));
#5722=CARTESIAN_POINT('',(0.,25.788067659391,-23.3985396069896));
#5723=CARTESIAN_POINT('Origin',(5.,22.5,0.));
#5724=CARTESIAN_POINT('Origin',(0.,22.5,0.));
#5725=CARTESIAN_POINT('Origin',(-3.,3.35,-9.79115735991475));
#5726=CARTESIAN_POINT('',(-3.,3.35,-9.79115735991475));
#5727=CARTESIAN_POINT('',(-3.,3.35,-13.6594041634852));
#5728=CARTESIAN_POINT('',(-3.,3.35,-9.79115735991475));
#5729=CARTESIAN_POINT('',(-5.,3.35,-9.79115735991475));
#5730=CARTESIAN_POINT('',(-3.,3.35,-9.79115735991475));
#5731=CARTESIAN_POINT('',(-5.,3.35,-13.6594041634852));
#5732=CARTESIAN_POINT('',(-5.,3.35,-7.82768492011056));
#5733=CARTESIAN_POINT('',(-3.,3.35,-13.6594041634852));
#5734=CARTESIAN_POINT('Origin',(-3.,0.,-7.85703395812951));
#5735=CARTESIAN_POINT('',(-3.,0.,-7.85703395812951));
#5736=CARTESIAN_POINT('',(-3.,0.,-7.85703395812951));
#5737=CARTESIAN_POINT('',(-5.,0.,-7.85703395812951));
#5738=CARTESIAN_POINT('',(-3.,0.,-7.85703395812951));
#5739=CARTESIAN_POINT('',(-5.,-2.21211896895439,-6.57986647592422));
#5740=CARTESIAN_POINT('Origin',(-3.,-3.34999999999999,-9.79115735991476));
#5741=CARTESIAN_POINT('',(-3.,-3.34999999999999,-9.79115735991476));
#5742=CARTESIAN_POINT('',(-3.,-3.34999999999999,-9.79115735991476));
#5743=CARTESIAN_POINT('',(-5.,-3.34999999999999,-9.79115735991476));
#5744=CARTESIAN_POINT('',(-3.,-3.34999999999999,-9.79115735991476));
#5745=CARTESIAN_POINT('',(-5.,-3.02420195645333,-9.60305777177164));
#5746=CARTESIAN_POINT('Origin',(-3.,-3.34999999999998,-13.6594041634852));
#5747=CARTESIAN_POINT('',(-3.,-3.34999999999998,-13.6594041634852));
#5748=CARTESIAN_POINT('',(-3.,-3.34999999999998,-13.6594041634852));
#5749=CARTESIAN_POINT('',(-5.,-3.34999999999998,-13.6594041634852));
#5750=CARTESIAN_POINT('',(-3.,-3.34999999999998,-13.6594041634852));
#5751=CARTESIAN_POINT('',(-5.,-3.34999999999999,-9.7618083218958));
#5752=CARTESIAN_POINT('Origin',(-3.,1.77635683940025E-14,-15.5935275652705));
#5753=CARTESIAN_POINT('',(-3.,1.77635683940025E-14,-15.5935275652705));
#5754=CARTESIAN_POINT('',(-3.,1.77635683940025E-14,-15.5935275652705));
#5755=CARTESIAN_POINT('',(-5.,1.77635683940025E-14,-15.5935275652705));
#5756=CARTESIAN_POINT('',(-3.,1.77635683940025E-14,-15.5935275652705));
#5757=CARTESIAN_POINT('',(-5.,-3.88711896895438,-13.3492983821726));
#5758=CARTESIAN_POINT('Origin',(-3.,3.35,-13.6594041634852));
#5759=CARTESIAN_POINT('',(-3.,3.35,-13.6594041634852));
#5760=CARTESIAN_POINT('',(-5.,2.00079804354667,-14.4383662762347));
#5761=CARTESIAN_POINT('Origin',(-3.,6.66133814775094E-15,-11.7252807617));
#5762=CARTESIAN_POINT('',(-3.,-1.99999999999999,-11.7252807617));
#5763=CARTESIAN_POINT('Origin',(-3.,8.88178419700125E-15,-11.7252807617));
#5764=CARTESIAN_POINT('Origin',(-3.,45.,-7.8570339581295));
#5765=CARTESIAN_POINT('',(-3.,48.35,-9.79115735991475));
#5766=CARTESIAN_POINT('',(-3.,45.,-7.8570339581295));
#5767=CARTESIAN_POINT('',(-3.,48.35,-9.79115735991475));
#5768=CARTESIAN_POINT('',(-5.,45.,-7.8570339581295));
#5769=CARTESIAN_POINT('',(-3.,45.,-7.8570339581295));
#5770=CARTESIAN_POINT('',(-5.,48.35,-9.79115735991475));
#5771=CARTESIAN_POINT('',(-5.,46.3492019564533,-8.635996070879));
#5772=CARTESIAN_POINT('',(-3.,48.35,-9.79115735991475));
#5773=CARTESIAN_POINT('Origin',(-3.,41.65,-9.79115735991474));
#5774=CARTESIAN_POINT('',(-3.,41.65,-9.79115735991474));
#5775=CARTESIAN_POINT('',(-3.,45.,-7.8570339581295));
#5776=CARTESIAN_POINT('',(-5.,41.65,-9.79115735991474));
#5777=CARTESIAN_POINT('',(-3.,41.65,-9.79115735991474));
#5778=CARTESIAN_POINT('',(-5.,45.5371189689544,-7.54692817681683));
#5779=CARTESIAN_POINT('Origin',(-3.,41.65,-13.6594041634852));
#5780=CARTESIAN_POINT('',(-3.,41.65,-13.6594041634852));
#5781=CARTESIAN_POINT('',(-3.,41.65,-9.79115735991474));
#5782=CARTESIAN_POINT('',(-5.,41.65,-13.6594041634852));
#5783=CARTESIAN_POINT('',(-3.,41.65,-13.6594041634852));
#5784=CARTESIAN_POINT('',(-5.,41.65,-9.76180832189579));
#5785=CARTESIAN_POINT('Origin',(-3.,45.,-15.5935275652705));
#5786=CARTESIAN_POINT('',(-3.,45.,-15.5935275652705));
#5787=CARTESIAN_POINT('',(-3.,41.65,-13.6594041634852));
#5788=CARTESIAN_POINT('',(-5.,45.,-15.5935275652705));
#5789=CARTESIAN_POINT('',(-3.,45.,-15.5935275652705));
#5790=CARTESIAN_POINT('',(-5.,44.6742019564533,-15.4054279771274));
#5791=CARTESIAN_POINT('Origin',(-3.,48.35,-13.6594041634852));
#5792=CARTESIAN_POINT('',(-3.,48.35,-13.6594041634852));
#5793=CARTESIAN_POINT('',(-3.,45.,-15.5935275652705));
#5794=CARTESIAN_POINT('',(-5.,48.35,-13.6594041634852));
#5795=CARTESIAN_POINT('',(-3.,48.35,-13.6594041634852));
#5796=CARTESIAN_POINT('',(-5.,50.5621189689544,-12.3822366812799));
#5797=CARTESIAN_POINT('Origin',(-3.,48.35,-9.79115735991475));
#5798=CARTESIAN_POINT('',(-3.,48.35,-13.6594041634852));
#5799=CARTESIAN_POINT('',(-5.,48.35,-7.82768492011055));
#5800=CARTESIAN_POINT('Origin',(-3.,45.,-11.7252807617));
#5801=CARTESIAN_POINT('',(-3.,43.,-11.7252807617));
#5802=CARTESIAN_POINT('Origin',(-3.,45.,-11.7252807617));
#5803=CARTESIAN_POINT('Origin',(0.,45.,-11.7252807617));
#5804=CARTESIAN_POINT('',(19.,43.,-11.7252807617));
#5805=CARTESIAN_POINT('',(0.,43.,-11.7252807617));
#5806=CARTESIAN_POINT('Origin',(19.,45.,-11.7252807617));
#5807=CARTESIAN_POINT('Origin',(0.,8.88178419700125E-15,-11.7252807617));
#5808=CARTESIAN_POINT('',(19.,-1.99999999999999,-11.7252807617));
#5809=CARTESIAN_POINT('',(0.,-1.99999999999999,-11.7252807617));
#5810=CARTESIAN_POINT('Origin',(19.,8.88178419700125E-15,-11.7252807617));
#5811=CARTESIAN_POINT('Origin',(19.,45.,-11.7252807617));
#5812=CARTESIAN_POINT('',(19.,41.5,-11.7252807617));
#5813=CARTESIAN_POINT('Origin',(19.,45.,-11.7252807617));
#5814=CARTESIAN_POINT('',(21.,41.5,-11.7252807617));
#5815=CARTESIAN_POINT('',(19.,41.5,-11.7252807617));
#5816=CARTESIAN_POINT('Origin',(21.,45.,-11.7252807617));
#5817=CARTESIAN_POINT('Origin',(19.,45.,-11.7252807617));
#5818=CARTESIAN_POINT('Origin',(19.,8.88178419700125E-15,-11.7252807617));
#5819=CARTESIAN_POINT('',(19.,-3.49999999999999,-11.7252807617));
#5820=CARTESIAN_POINT('Origin',(19.,8.88178419700125E-15,-11.7252807617));
#5821=CARTESIAN_POINT('',(21.,-3.49999999999999,-11.7252807617));
#5822=CARTESIAN_POINT('',(19.,-3.49999999999999,-11.7252807617));
#5823=CARTESIAN_POINT('Origin',(21.,8.88178419700125E-15,-11.7252807617));
#5824=CARTESIAN_POINT('Origin',(19.,8.88178419700125E-15,-11.7252807617));
#5825=CARTESIAN_POINT('Origin',(15.,0.,0.));
#5826=CARTESIAN_POINT('',(16.,2.5,3.06161699786838E-16));
#5827=CARTESIAN_POINT('Origin',(16.,0.,0.));
#5828=CARTESIAN_POINT('',(21.,2.5,-3.06161699786838E-16));
#5829=CARTESIAN_POINT('',(15.,2.5,3.06161699786838E-16));
#5830=CARTESIAN_POINT('Origin',(21.,0.,0.));
#5831=CARTESIAN_POINT('Origin',(15.,45.,6.93334779979405E-32));
#5832=CARTESIAN_POINT('',(16.,47.5,3.06161699786838E-16));
#5833=CARTESIAN_POINT('Origin',(16.,45.,6.93334779979405E-32));
#5834=CARTESIAN_POINT('',(21.,47.5,-3.06161699786838E-16));
#5835=CARTESIAN_POINT('',(15.,47.5,3.06161699786838E-16));
#5836=CARTESIAN_POINT('Origin',(21.,45.,6.93334779979405E-32));
#5837=CARTESIAN_POINT('Origin',(-4.,45.,0.));
#5838=CARTESIAN_POINT('',(-4.,42.5,-3.06161699786838E-16));
#5839=CARTESIAN_POINT('Origin',(-4.,45.,6.93334779979405E-32));
#5840=CARTESIAN_POINT('Origin',(-4.,0.,0.));
#5841=CARTESIAN_POINT('',(-4.,-2.5,-3.06161699786838E-16));
#5842=CARTESIAN_POINT('Origin',(-4.,0.,0.));
#5843=CARTESIAN_POINT('Origin',(-1.,-9.,-1.4347497549002E-14));
#5844=CARTESIAN_POINT('',(-5.,-10.75,-1.45618107388528E-14));
#5845=CARTESIAN_POINT('Origin',(-5.,-9.,-1.4347497549002E-14));
#5846=CARTESIAN_POINT('',(-1.,-10.75,-1.45618107388528E-14));
#5847=CARTESIAN_POINT('',(-1.,-10.75,-1.41331843591512E-14));
#5848=CARTESIAN_POINT('Origin',(-1.,-9.,-1.4347497549002E-14));
#5849=CARTESIAN_POINT('Origin',(-1.,0.,0.));
#5850=CARTESIAN_POINT('',(-1.,-2.5,-3.06161699786838E-16));
#5851=CARTESIAN_POINT('',(-1.,-2.5,3.06161699786838E-16));
#5852=CARTESIAN_POINT('Origin',(-1.,0.,0.));
#5853=CARTESIAN_POINT('Origin',(-1.,5.5,-6.66133814775094E-15));
#5854=CARTESIAN_POINT('',(-1.,5.50000000000001,-11.539280562704));
#5855=CARTESIAN_POINT('',(-1.,5.5,-6.66133814775094E-15));
#5856=CARTESIAN_POINT('',(-1.,5.50000000000001,-11.539280562704));
#5857=CARTESIAN_POINT('',(-5.,5.50000000000001,-11.539280562704));
#5858=CARTESIAN_POINT('',(16.,5.50000000000001,-11.539280562704));
#5859=CARTESIAN_POINT('',(-5.,5.5,-6.66133814775094E-15));
#5860=CARTESIAN_POINT('',(-5.,5.50000000000001,-11.539280562704));
#5861=CARTESIAN_POINT('',(-1.,5.5,-6.66133814775094E-15));
#5862=CARTESIAN_POINT('Origin',(-1.,0.,0.));
#5863=CARTESIAN_POINT('',(-1.,-1.90819582357449E-15,5.5));
#5864=CARTESIAN_POINT('Origin',(-1.,0.,0.));
#5865=CARTESIAN_POINT('',(-5.,-1.94289029309402E-15,5.5));
#5866=CARTESIAN_POINT('Origin',(-5.,0.,0.));
#5867=CARTESIAN_POINT('',(-1.,-1.90819582357449E-15,5.5));
#5868=CARTESIAN_POINT('Origin',(-1.,-12.,5.5));
#5869=CARTESIAN_POINT('',(-1.,-12.,5.5));
#5870=CARTESIAN_POINT('',(-1.,-1.90819582357449E-15,5.5));
#5871=CARTESIAN_POINT('',(-5.,-12.,5.5));
#5872=CARTESIAN_POINT('',(-5.,-1.90819582357449E-15,5.5));
#5873=CARTESIAN_POINT('',(-1.,-12.,5.5));
#5874=CARTESIAN_POINT('Origin',(-1.,-12.,2.5));
#5875=CARTESIAN_POINT('',(-1.,-15.,2.5));
#5876=CARTESIAN_POINT('Origin',(-1.,-12.,2.5));
#5877=CARTESIAN_POINT('',(-5.,-15.,2.5));
#5878=CARTESIAN_POINT('Origin',(-5.,-12.,2.5));
#5879=CARTESIAN_POINT('',(-1.,-15.,2.5));
#5880=CARTESIAN_POINT('Origin',(-1.,-15.,-2.5));
#5881=CARTESIAN_POINT('',(-1.,-15.,-2.5));
#5882=CARTESIAN_POINT('',(-1.,-15.,2.5));
#5883=CARTESIAN_POINT('',(-5.,-15.,-2.5));
#5884=CARTESIAN_POINT('',(-5.,-15.,2.5));
#5885=CARTESIAN_POINT('',(-1.,-15.,-2.5));
#5886=CARTESIAN_POINT('Origin',(-1.,-12.,-2.5));
#5887=CARTESIAN_POINT('',(-1.,-12.,-5.50000000000001));
#5888=CARTESIAN_POINT('Origin',(-1.,-12.,-2.5));
#5889=CARTESIAN_POINT('',(-5.,-12.,-5.50000000000001));
#5890=CARTESIAN_POINT('Origin',(-5.,-12.,-2.5));
#5891=CARTESIAN_POINT('',(-1.,-12.,-5.50000000000001));
#5892=CARTESIAN_POINT('Origin',(-1.,-12.,-12.));
#5893=CARTESIAN_POINT('',(-1.,-5.50170266161882,-11.8512327254127));
#5894=CARTESIAN_POINT('Origin',(-1.,-12.,-12.));
#5895=CARTESIAN_POINT('',(-5.,-5.50170266161882,-11.8512327254127));
#5896=CARTESIAN_POINT('Origin',(-5.,-12.,-12.));
#5897=CARTESIAN_POINT('',(-1.,-5.50170266161882,-11.8512327254127));
#5898=CARTESIAN_POINT('Origin',(-1.,-4.74842790054364,-5.86421248030636));
#5899=CARTESIAN_POINT('',(-1.,-5.50314419891272,-11.7252807617));
#5900=CARTESIAN_POINT('Origin',(-1.,0.,-11.7252807617));
#5901=CARTESIAN_POINT('Origin',(-1.,0.,-11.7252807617));
#5902=CARTESIAN_POINT('Origin',(-5.,-4.74842790054364,-5.86421248030636));
#5903=CARTESIAN_POINT('Origin',(-5.,0.,-11.7252807617));
#5904=CARTESIAN_POINT('Origin',(-1.,54.,2.70266803229858E-33));
#5905=CARTESIAN_POINT('',(-5.,52.25,-2.14313189850787E-16));
#5906=CARTESIAN_POINT('Origin',(-5.,54.,2.70266803229858E-33));
#5907=CARTESIAN_POINT('',(-1.,52.25,-2.14313189850787E-16));
#5908=CARTESIAN_POINT('',(-1.,52.25,2.14313189850787E-16));
#5909=CARTESIAN_POINT('Origin',(-1.,54.,2.70266803229858E-33));
#5910=CARTESIAN_POINT('Origin',(-1.,45.,6.93334779979405E-32));
#5911=CARTESIAN_POINT('',(-1.,42.5,-3.06161699786838E-16));
#5912=CARTESIAN_POINT('',(-1.,42.5,3.06161699786838E-16));
#5913=CARTESIAN_POINT('Origin',(-1.,45.,6.93334779979405E-32));
#5914=CARTESIAN_POINT('Origin',(-1.,60.,2.50000000000002));
#5915=CARTESIAN_POINT('',(-1.,60.,2.50000000000002));
#5916=CARTESIAN_POINT('',(-1.,60.,-2.49999999999998));
#5917=CARTESIAN_POINT('',(-1.,60.,2.50000000000002));
#5918=CARTESIAN_POINT('',(-5.,60.,-2.49999999999998));
#5919=CARTESIAN_POINT('',(-1.,60.,-2.49999999999998));
#5920=CARTESIAN_POINT('',(-5.,60.,2.50000000000002));
#5921=CARTESIAN_POINT('',(-5.,60.,2.50000000000002));
#5922=CARTESIAN_POINT('',(-1.,60.,2.50000000000002));
#5923=CARTESIAN_POINT('Origin',(-1.,57.,2.50000000000002));
#5924=CARTESIAN_POINT('',(-1.,57.,5.50000000000001));
#5925=CARTESIAN_POINT('Origin',(-1.,57.,2.50000000000002));
#5926=CARTESIAN_POINT('',(-5.,57.,5.50000000000001));
#5927=CARTESIAN_POINT('Origin',(-5.,57.,2.50000000000002));
#5928=CARTESIAN_POINT('',(-1.,57.,5.50000000000001));
#5929=CARTESIAN_POINT('Origin',(-1.,45.,5.50000000000001));
#5930=CARTESIAN_POINT('',(-1.,45.,5.50000000000001));
#5931=CARTESIAN_POINT('',(-1.,45.,5.50000000000001));
#5932=CARTESIAN_POINT('',(-5.,45.,5.50000000000001));
#5933=CARTESIAN_POINT('',(-5.,45.,5.50000000000001));
#5934=CARTESIAN_POINT('',(-1.,45.,5.50000000000001));
#5935=CARTESIAN_POINT('Origin',(-1.,45.,6.93334779979405E-32));
#5936=CARTESIAN_POINT('',(-1.,39.5,0.));
#5937=CARTESIAN_POINT('Origin',(-1.,45.,6.93334779979405E-32));
#5938=CARTESIAN_POINT('',(-5.,39.5,0.));
#5939=CARTESIAN_POINT('Origin',(-5.,45.,6.93334779979405E-32));
#5940=CARTESIAN_POINT('',(-1.,39.5,0.));
#5941=CARTESIAN_POINT('Origin',(-1.,39.5,-11.539280562704));
#5942=CARTESIAN_POINT('',(-1.,39.5,-11.539280562704));
#5943=CARTESIAN_POINT('',(-1.,39.5,-11.539280562704));
#5944=CARTESIAN_POINT('',(-5.,39.5,-11.539280562704));
#5945=CARTESIAN_POINT('',(-5.,39.5,-11.539280562704));
#5946=CARTESIAN_POINT('',(-1.,39.5,-11.539280562704));
#5947=CARTESIAN_POINT('Origin',(-1.,57.,-12.));
#5948=CARTESIAN_POINT('',(-1.,57.,-5.49999999999998));
#5949=CARTESIAN_POINT('',(-1.,50.5017026616188,-11.8512327254127));
#5950=CARTESIAN_POINT('Origin',(-1.,57.,-12.));
#5951=CARTESIAN_POINT('',(-5.,50.5017026616188,-11.8512327254127));
#5952=CARTESIAN_POINT('',(-1.,50.5017026616188,-11.8512327254127));
#5953=CARTESIAN_POINT('',(-5.,57.,-5.49999999999998));
#5954=CARTESIAN_POINT('Origin',(-5.,57.,-12.));
#5955=CARTESIAN_POINT('',(-1.,57.,-5.49999999999998));
#5956=CARTESIAN_POINT('Origin',(-1.,57.,-2.5));
#5957=CARTESIAN_POINT('Origin',(-1.,57.,-2.5));
#5958=CARTESIAN_POINT('Origin',(-5.,57.,-2.5));
#5959=CARTESIAN_POINT('Origin',(-1.,49.7484279005436,-5.86421248030635));
#5960=CARTESIAN_POINT('Origin',(-1.,45.,-11.7252807617));
#5961=CARTESIAN_POINT('Origin',(-5.,49.7484279005436,-5.86421248030635));
#5962=CARTESIAN_POINT('',(-5.,39.4968558010873,-11.7252807617));
#5963=CARTESIAN_POINT('Origin',(-5.,45.,-11.7252807617));
#5964=CARTESIAN_POINT('Origin',(-5.,45.,-11.7252807617));
#5965=CARTESIAN_POINT('Origin',(16.,22.5,-5.86421248030635));
#5966=CARTESIAN_POINT('',(16.,50.5017026616188,-11.8512327254127));
#5967=CARTESIAN_POINT('',(16.,39.4968558010873,-11.7252807617));
#5968=CARTESIAN_POINT('Origin',(16.,45.,-11.7252807617));
#5969=CARTESIAN_POINT('',(16.,39.4982973383812,-11.8512327254127));
#5970=CARTESIAN_POINT('Origin',(16.,45.,-11.7252807617));
#5971=CARTESIAN_POINT('',(16.,33.,-5.5));
#5972=CARTESIAN_POINT('Origin',(16.,33.,-12.));
#5973=CARTESIAN_POINT('',(16.,12.,-5.50000000000001));
#5974=CARTESIAN_POINT('',(16.,45.,-5.5));
#5975=CARTESIAN_POINT('',(16.,5.50170266161882,-11.8512327254128));
#5976=CARTESIAN_POINT('Origin',(16.,12.,-12.));
#5977=CARTESIAN_POINT('',(16.,-5.50314419891272,-11.7252807617));
#5978=CARTESIAN_POINT('Origin',(16.,0.,-11.7252807617));
#5979=CARTESIAN_POINT('',(16.,-5.50170266161882,-11.8512327254127));
#5980=CARTESIAN_POINT('Origin',(16.,0.,-11.7252807617));
#5981=CARTESIAN_POINT('',(16.,-12.,-5.50000000000001));
#5982=CARTESIAN_POINT('Origin',(16.,-12.,-12.));
#5983=CARTESIAN_POINT('',(16.,-15.,-2.5));
#5984=CARTESIAN_POINT('Origin',(16.,-12.,-2.5));
#5985=CARTESIAN_POINT('',(16.,-15.,2.5));
#5986=CARTESIAN_POINT('',(16.,-15.,2.5));
#5987=CARTESIAN_POINT('',(16.,-12.,5.5));
#5988=CARTESIAN_POINT('Origin',(16.,-12.,2.5));
#5989=CARTESIAN_POINT('',(16.,57.,5.50000000000001));
#5990=CARTESIAN_POINT('',(16.,45.,5.50000000000001));
#5991=CARTESIAN_POINT('',(16.,60.,2.50000000000002));
#5992=CARTESIAN_POINT('Origin',(16.,57.,2.50000000000002));
#5993=CARTESIAN_POINT('',(16.,60.,-2.49999999999998));
#5994=CARTESIAN_POINT('',(16.,60.,2.50000000000002));
#5995=CARTESIAN_POINT('',(16.,57.,-5.49999999999998));
#5996=CARTESIAN_POINT('Origin',(16.,57.,-2.5));
#5997=CARTESIAN_POINT('Origin',(16.,57.,-12.));
#5998=CARTESIAN_POINT('',(16.,-10.75,-1.45618107388528E-14));
#5999=CARTESIAN_POINT('Origin',(16.,-9.,-1.4347497549002E-14));
#6000=CARTESIAN_POINT('',(16.,52.25,-2.14313189850787E-16));
#6001=CARTESIAN_POINT('Origin',(16.,54.,2.70266803229858E-33));
#6002=CARTESIAN_POINT('',(16.,20.75,-2.14313189850787E-16));
#6003=CARTESIAN_POINT('Origin',(16.,22.5,4.21622501338827E-32));
#6004=CARTESIAN_POINT('Origin',(16.,22.5,4.21622501338827E-32));
#6005=CARTESIAN_POINT('',(21.,20.75,-2.14313189850786E-16));
#6006=CARTESIAN_POINT('Origin',(21.,22.5,4.21622501338827E-32));
#6007=CARTESIAN_POINT('',(16.,20.75,-2.14313189850787E-16));
#6008=CARTESIAN_POINT('Origin',(16.,54.,2.70266803229858E-33));
#6009=CARTESIAN_POINT('',(21.,52.25,-2.14313189850786E-16));
#6010=CARTESIAN_POINT('Origin',(21.,54.,2.70266803229858E-33));
#6011=CARTESIAN_POINT('',(16.,52.25,-2.14313189850787E-16));
#6012=CARTESIAN_POINT('Origin',(16.,-9.,-1.4347497549002E-14));
#6013=CARTESIAN_POINT('',(21.,-10.75,-1.45618107388528E-14));
#6014=CARTESIAN_POINT('Origin',(21.,-9.,-1.4347497549002E-14));
#6015=CARTESIAN_POINT('',(16.,-10.75,-1.45618107388528E-14));
#6016=CARTESIAN_POINT('Origin',(16.,57.,-12.));
#6017=CARTESIAN_POINT('',(21.,57.,-5.49999999999998));
#6018=CARTESIAN_POINT('',(16.,57.,-5.49999999999998));
#6019=CARTESIAN_POINT('',(21.,50.5017026616188,-11.8512327254127));
#6020=CARTESIAN_POINT('Origin',(21.,57.,-12.));
#6021=CARTESIAN_POINT('',(16.,50.5017026616188,-11.8512327254127));
#6022=CARTESIAN_POINT('Origin',(16.,45.,-11.7252807617));
#6023=CARTESIAN_POINT('',(21.,39.4982973383812,-11.8512327254127));
#6024=CARTESIAN_POINT('Origin',(21.,45.,-11.7252807617));
#6025=CARTESIAN_POINT('',(16.,39.4982973383812,-11.8512327254127));
#6026=CARTESIAN_POINT('',(16.,39.4968558010873,-11.7252807617));
#6027=CARTESIAN_POINT('Origin',(16.,33.,-12.));
#6028=CARTESIAN_POINT('',(21.,33.,-5.5));
#6029=CARTESIAN_POINT('Origin',(21.,33.,-12.));
#6030=CARTESIAN_POINT('',(16.,33.,-5.5));
#6031=CARTESIAN_POINT('Origin',(16.,12.,-5.5));
#6032=CARTESIAN_POINT('',(21.,12.,-5.50000000000001));
#6033=CARTESIAN_POINT('',(21.,45.,-5.5));
#6034=CARTESIAN_POINT('',(16.,12.,-5.50000000000001));
#6035=CARTESIAN_POINT('Origin',(16.,12.,-12.));
#6036=CARTESIAN_POINT('',(21.,5.50170266161882,-11.8512327254128));
#6037=CARTESIAN_POINT('Origin',(21.,12.,-12.));
#6038=CARTESIAN_POINT('',(16.,5.50170266161882,-11.8512327254128));
#6039=CARTESIAN_POINT('Origin',(16.,0.,-11.7252807617));
#6040=CARTESIAN_POINT('',(21.,-5.50170266161882,-11.8512327254127));
#6041=CARTESIAN_POINT('Origin',(21.,0.,-11.7252807617));
#6042=CARTESIAN_POINT('',(16.,-5.50170266161882,-11.8512327254127));
#6043=CARTESIAN_POINT('',(16.,-5.50314419891272,-11.7252807617));
#6044=CARTESIAN_POINT('Origin',(16.,-12.,-12.));
#6045=CARTESIAN_POINT('',(21.,-12.,-5.50000000000001));
#6046=CARTESIAN_POINT('Origin',(21.,-12.,-12.));
#6047=CARTESIAN_POINT('',(16.,-12.,-5.50000000000001));
#6048=CARTESIAN_POINT('Origin',(16.,-12.,-2.5));
#6049=CARTESIAN_POINT('',(21.,-15.,-2.5));
#6050=CARTESIAN_POINT('Origin',(21.,-12.,-2.5));
#6051=CARTESIAN_POINT('',(16.,-15.,-2.5));
#6052=CARTESIAN_POINT('Origin',(16.,-15.,2.5));
#6053=CARTESIAN_POINT('',(21.,-15.,2.5));
#6054=CARTESIAN_POINT('',(21.,-15.,2.5));
#6055=CARTESIAN_POINT('',(16.,-15.,2.5));
#6056=CARTESIAN_POINT('Origin',(16.,-12.,2.5));
#6057=CARTESIAN_POINT('',(21.,-12.,5.5));
#6058=CARTESIAN_POINT('Origin',(21.,-12.,2.5));
#6059=CARTESIAN_POINT('',(16.,-12.,5.5));
#6060=CARTESIAN_POINT('Origin',(16.,57.,5.50000000000002));
#6061=CARTESIAN_POINT('',(21.,57.,5.50000000000001));
#6062=CARTESIAN_POINT('',(21.,45.,5.50000000000001));
#6063=CARTESIAN_POINT('',(16.,57.,5.50000000000001));
#6064=CARTESIAN_POINT('Origin',(16.,57.,2.50000000000002));
#6065=CARTESIAN_POINT('',(21.,60.,2.50000000000002));
#6066=CARTESIAN_POINT('Origin',(21.,57.,2.50000000000002));
#6067=CARTESIAN_POINT('',(16.,60.,2.50000000000002));
#6068=CARTESIAN_POINT('Origin',(16.,60.,-2.49999999999998));
#6069=CARTESIAN_POINT('',(21.,60.,-2.49999999999998));
#6070=CARTESIAN_POINT('',(21.,60.,2.50000000000002));
#6071=CARTESIAN_POINT('',(16.,60.,-2.49999999999998));
#6072=CARTESIAN_POINT('Origin',(16.,57.,-2.5));
#6073=CARTESIAN_POINT('Origin',(21.,57.,-2.5));
#6074=CARTESIAN_POINT('Origin',(21.,22.5,-5.86421248030635));
#6075=CARTESIAN_POINT('Origin',(21.,45.,6.93334779979405E-32));
#6076=CARTESIAN_POINT('',(-4.,42.5,-3.06161699786838E-16));
#6077=CARTESIAN_POINT('Origin',(-4.,45.,6.93334779979405E-32));
#6078=CARTESIAN_POINT('',(21.,42.5,-3.06161699786838E-16));
#6079=CARTESIAN_POINT('',(21.,42.5,3.06161699786838E-16));
#6080=CARTESIAN_POINT('Origin',(21.,45.,6.93334779979405E-32));
#6081=CARTESIAN_POINT('Origin',(21.,45.,0.));
#6082=CARTESIAN_POINT('Origin',(-4.,45.,0.));
#6083=CARTESIAN_POINT('Origin',(21.,0.,0.));
#6084=CARTESIAN_POINT('',(-4.,-2.5,-3.06161699786838E-16));
#6085=CARTESIAN_POINT('Origin',(-4.,0.,0.));
#6086=CARTESIAN_POINT('',(21.,-2.5,-3.06161699786838E-16));
#6087=CARTESIAN_POINT('',(21.,-2.5,3.06161699786838E-16));
#6088=CARTESIAN_POINT('Origin',(21.,0.,0.));
#6089=CARTESIAN_POINT('Origin',(21.,0.,0.));
#6090=CARTESIAN_POINT('Origin',(-4.,0.,0.));
#6091=CARTESIAN_POINT('',(-3.,8.88178419700125E-15,-11.7252807617));
#6092=CARTESIAN_POINT('',(-3.,45.,-11.7252807617));
#6093=CARTESIAN_POINT('',(19.,8.88178419700125E-15,-11.7252807617));
#6094=CARTESIAN_POINT('',(19.,45.,-11.7252807617));
#6095=CARTESIAN_POINT('',(12.866392627166,-9.62964972193692E-34,-0.132299722338096));
#6096=CARTESIAN_POINT('',(12.866392627166,45.,-0.132299722338099));
#6097=UNCERTAINTY_MEASURE_WITH_UNIT(LENGTH_MEASURE(0.01),#6107,
'DISTANCE_ACCURACY_VALUE',
'Maximum model space distance between geometric entities at asserted c
onnectivities');
#6098=UNCERTAINTY_MEASURE_WITH_UNIT(LENGTH_MEASURE(0.01),#6107,
'DISTANCE_ACCURACY_VALUE',
'Maximum model space distance between geometric entities at asserted c
onnectivities');
#6099=UNCERTAINTY_MEASURE_WITH_UNIT(LENGTH_MEASURE(0.01),#6107,
'DISTANCE_ACCURACY_VALUE',
'Maximum model space distance between geometric entities at asserted c
onnectivities');
#6100=UNCERTAINTY_MEASURE_WITH_UNIT(LENGTH_MEASURE(0.01),#6107,
'DISTANCE_ACCURACY_VALUE',
'Maximum model space distance between geometric entities at asserted c
onnectivities');
#6101=UNCERTAINTY_MEASURE_WITH_UNIT(LENGTH_MEASURE(0.01),#6107,
'DISTANCE_ACCURACY_VALUE',
'Maximum model space distance between geometric entities at asserted c
onnectivities');
#6102=(
GEOMETRIC_REPRESENTATION_CONTEXT(3)
GLOBAL_UNCERTAINTY_ASSIGNED_CONTEXT((#6097))
GLOBAL_UNIT_ASSIGNED_CONTEXT((#6107,#6109,#6110))
REPRESENTATION_CONTEXT('','3D')
);
#6103=(
GEOMETRIC_REPRESENTATION_CONTEXT(3)
GLOBAL_UNCERTAINTY_ASSIGNED_CONTEXT((#6098))
GLOBAL_UNIT_ASSIGNED_CONTEXT((#6107,#6109,#6110))
REPRESENTATION_CONTEXT('','3D')
);
#6104=(
GEOMETRIC_REPRESENTATION_CONTEXT(3)
GLOBAL_UNCERTAINTY_ASSIGNED_CONTEXT((#6099))
GLOBAL_UNIT_ASSIGNED_CONTEXT((#6107,#6109,#6110))
REPRESENTATION_CONTEXT('','3D')
);
#6105=(
GEOMETRIC_REPRESENTATION_CONTEXT(3)
GLOBAL_UNCERTAINTY_ASSIGNED_CONTEXT((#6100))
GLOBAL_UNIT_ASSIGNED_CONTEXT((#6107,#6109,#6110))
REPRESENTATION_CONTEXT('','3D')
);
#6106=(
GEOMETRIC_REPRESENTATION_CONTEXT(3)
GLOBAL_UNCERTAINTY_ASSIGNED_CONTEXT((#6101))
GLOBAL_UNIT_ASSIGNED_CONTEXT((#6107,#6109,#6110))
REPRESENTATION_CONTEXT('','3D')
);
#6107=(
LENGTH_UNIT()
NAMED_UNIT(*)
SI_UNIT(.MILLI.,.METRE.)
);
#6108=(
LENGTH_UNIT()
NAMED_UNIT(*)
SI_UNIT($,.METRE.)
);
#6109=(
NAMED_UNIT(*)
PLANE_ANGLE_UNIT()
SI_UNIT($,.RADIAN.)
);
#6110=(
NAMED_UNIT(*)
SI_UNIT($,.STERADIAN.)
SOLID_ANGLE_UNIT()
);
#6111=SHAPE_DEFINITION_REPRESENTATION(#6115,#6125);
#6112=SHAPE_DEFINITION_REPRESENTATION(#6116,#6126);
#6113=SHAPE_DEFINITION_REPRESENTATION(#6117,#6127);
#6114=SHAPE_DEFINITION_REPRESENTATION(#6118,#6128);
#6115=PRODUCT_DEFINITION_SHAPE('',$,#6130);
#6116=PRODUCT_DEFINITION_SHAPE('',$,#6131);
#6117=PRODUCT_DEFINITION_SHAPE('',$,#6132);
#6118=PRODUCT_DEFINITION_SHAPE('',$,#6133);
#6119=PRODUCT_DEFINITION_SHAPE($,$,#29);
#6120=PRODUCT_DEFINITION_SHAPE($,$,#30);
#6121=PRODUCT_DEFINITION_SHAPE($,$,#31);
#6122=PRODUCT_DEFINITION_SHAPE($,$,#32);
#6123=PRODUCT_DEFINITION_SHAPE($,$,#33);
#6124=PRODUCT_DEFINITION_SHAPE($,$,#34);
#6125=SHAPE_REPRESENTATION('',(#2708,#3005,#3006,#3007,#3008,#3009,#3010),
#6102);
#6126=SHAPE_REPRESENTATION('',(#2709),#6103);
#6127=SHAPE_REPRESENTATION('',(#2729),#6104);
#6128=SHAPE_REPRESENTATION('',(#2803),#6105);
#6129=PRODUCT_DEFINITION_CONTEXT('part definition',#6143,'design');
#6130=PRODUCT_DEFINITION('\X2\01111EE1\X0\ b\X\E1nh m\X2\1EAF\X0\t tr\X\E2
u','\X2\01111EE1\X0\ b\X\E1nh m\X2\1EAF\X0\t tr\X\E2u v8',#6134,#6129);
#6131=PRODUCT_DEFINITION('2',
'Hexagon Regular Nut ISO 4032 - M4 Steel 6 Plain v2',#6135,#6129);
#6132=PRODUCT_DEFINITION('ISO 7045 - M4 x 25 - Z Steel 4.6 Plain',
'Pan Head Screw ISO 7045 - M4 x 25 - Z Steel 4.6 Plain v1',#6136,#6129);
#6133=PRODUCT_DEFINITION('9657K259_Compression Spring',
'9657K259_Compression Spring',#6137,#6129);
#6134=PRODUCT_DEFINITION_FORMATION('',$,#6145);
#6135=PRODUCT_DEFINITION_FORMATION('',$,#6146);
#6136=PRODUCT_DEFINITION_FORMATION('',$,#6147);
#6137=PRODUCT_DEFINITION_FORMATION('',$,#6148);
#6138=PRODUCT_RELATED_PRODUCT_CATEGORY('\X2\01111EE1\X0\ b\X\E1nh m\X2\1EAF\X0\t
 tr\X\E2u v8','\X2\01111EE1\X0\ b\X\E1nh m\X2\1EAF\X0\t tr\X\E2u v8',(#6145));
#6139=PRODUCT_RELATED_PRODUCT_CATEGORY(
'Hexagon Regular Nut ISO 4032 - M4 Steel 6 Plain v2',
'Hexagon Regular Nut ISO 4032 - M4 Steel 6 Plain v2',(#6146));
#6140=PRODUCT_RELATED_PRODUCT_CATEGORY(
'Pan Head Screw ISO 7045 - M4 x 25 - Z Steel 4.6 Plain v1',
'Pan Head Screw ISO 7045 - M4 x 25 - Z Steel 4.6 Plain v1',(#6147));
#6141=PRODUCT_RELATED_PRODUCT_CATEGORY('9657K259_Compression Spring',
'9657K259_Compression Spring',(#6148));
#6142=APPLICATION_PROTOCOL_DEFINITION('international standard',
'automotive_design',2009,#6143);
#6143=APPLICATION_CONTEXT(
'Core Data for Automotive Mechanical Design Process');
#6144=PRODUCT_CONTEXT('part definition',#6143,'mechanical');
#6145=PRODUCT('\X2\01111EE1\X0\ b\X\E1nh m\X2\1EAF\X0\t tr\X\E2u',
'\X2\01111EE1\X0\ b\X\E1nh m\X2\1EAF\X0\t tr\X\E2u v8',$,(#6144));
#6146=PRODUCT('2','Hexagon Regular Nut ISO 4032 - M4 Steel 6 Plain v2',
'Hexagon Regular Nut ISO 4032 - M4',(#6144));
#6147=PRODUCT('ISO 7045 - M4 x 25 - Z Steel 4.6 Plain',
'Pan Head Screw ISO 7045 - M4 x 25 - Z Steel 4.6 Plain v1',
'Pan Head Screw ISO 7045 - M4 x 25 - Z',(#6144));
#6148=PRODUCT('9657K259_Compression Spring',
'9657K259_Compression Spring',$,(#6144));
#6149=PRESENTATION_STYLE_ASSIGNMENT((#6152));
#6150=PRESENTATION_STYLE_ASSIGNMENT((#6153));
#6151=PRESENTATION_STYLE_ASSIGNMENT((#6154));
#6152=SURFACE_STYLE_USAGE(.BOTH.,#6155);
#6153=SURFACE_STYLE_USAGE(.BOTH.,#6156);
#6154=SURFACE_STYLE_USAGE(.BOTH.,#6157);
#6155=SURFACE_SIDE_STYLE('',(#6158));
#6156=SURFACE_SIDE_STYLE('',(#6159));
#6157=SURFACE_SIDE_STYLE('',(#6160));
#6158=SURFACE_STYLE_FILL_AREA(#6161);
#6159=SURFACE_STYLE_FILL_AREA(#6162);
#6160=SURFACE_STYLE_FILL_AREA(#6163);
#6161=FILL_AREA_STYLE('Steel - Satin',(#6164));
#6162=FILL_AREA_STYLE('ABS (White)',(#6165));
#6163=FILL_AREA_STYLE('Stainless Steel - Satin',(#6166));
#6164=FILL_AREA_STYLE_COLOUR('Steel - Satin',#6167);
#6165=FILL_AREA_STYLE_COLOUR('ABS (White)',#6168);
#6166=FILL_AREA_STYLE_COLOUR('Stainless Steel - Satin',#6169);
#6167=COLOUR_RGB('Steel - Satin',0.627450980392157,0.627450980392157,0.627450980392157);
#6168=COLOUR_RGB('ABS (White)',0.964705882352941,0.964705882352941,0.952941176470588);
#6169=COLOUR_RGB('Stainless Steel - Satin',0.796078431372549,0.796078431372549,
0.796078431372549);
ENDSEC;
END-ISO-10303-21;
