ISO-10303-21;
HEADER;
/* Generated by software containing ST-Developer
 * from STEP Tools, Inc. (www.steptools.com) 
 */

FILE_DESCRIPTION(
/* description */ (''),
/* implementation_level */ '2;1');

FILE_NAME(
/* name */ 'Bottom Motor Base.step',
/* time_stamp */ '2025-04-08T23:17:20+07:00',
/* author */ (''),
/* organization */ (''),
/* preprocessor_version */ 'ST-DEVELOPER v20.1',
/* originating_system */ 'Autodesk Translation Framework v14.4.0.0',
/* authorisation */ '');

FILE_SCHEMA (('AUTOMOTIVE_DESIGN { 1 0 10303 214 3 1 1 }'));
ENDSEC;

DATA;
#10=MECHANICAL_DESIGN_GEOMETRIC_PRESENTATION_REPRESENTATION('',(#13),#2854);
#11=SHAPE_REPRESENTATION_RELATIONSHIP('SRR','None',#2861,#12);
#12=ADVANCED_BREP_SHAPE_REPRESENTATION('',(#14),#2853);
#13=STYLED_ITEM('',(#2871),#14);
#14=MANIFOLD_SOLID_BREP('Body1',#1639);
#15=B_SPLINE_SURFACE_WITH_KNOTS('',3,3,((#2440,#2441,#2442,#2443),(#2444,
#2445,#2446,#2447),(#2448,#2449,#2450,#2451),(#2452,#2453,#2454,#2455),
(#2456,#2457,#2458,#2459),(#2460,#2461,#2462,#2463),(#2464,#2465,#2466,
#2467),(#2468,#2469,#2470,#2471),(#2472,#2473,#2474,#2475),(#2476,#2477,
#2478,#2479),(#2480,#2481,#2482,#2483),(#2484,#2485,#2486,#2487)),
 .UNSPECIFIED.,.F.,.F.,.F.,(4,2,2,2,2,4),(4,4),(0.,0.563802833689222,0.662868686114599,
0.746110977997357,0.830686253862292,1.),(0.,1.),.UNSPECIFIED.);
#16=B_SPLINE_SURFACE_WITH_KNOTS('',3,3,((#2504,#2505,#2506,#2507),(#2508,
#2509,#2510,#2511),(#2512,#2513,#2514,#2515),(#2516,#2517,#2518,#2519)),
 .UNSPECIFIED.,.F.,.F.,.F.,(4,4),(4,4),(0.,1.),(0.,1.),.UNSPECIFIED.);
#17=B_SPLINE_SURFACE_WITH_KNOTS('',3,3,((#2637,#2638,#2639,#2640),(#2641,
#2642,#2643,#2644),(#2645,#2646,#2647,#2648),(#2649,#2650,#2651,#2652)),
 .UNSPECIFIED.,.F.,.F.,.F.,(4,4),(4,4),(0.,1.),(0.,1.),.UNSPECIFIED.);
#18=B_SPLINE_SURFACE_WITH_KNOTS('',3,3,((#2690,#2691,#2692,#2693),(#2694,
#2695,#2696,#2697),(#2698,#2699,#2700,#2701),(#2702,#2703,#2704,#2705),
(#2706,#2707,#2708,#2709),(#2710,#2711,#2712,#2713),(#2714,#2715,#2716,
#2717),(#2718,#2719,#2720,#2721),(#2722,#2723,#2724,#2725),(#2726,#2727,
#2728,#2729),(#2730,#2731,#2732,#2733),(#2734,#2735,#2736,#2737)),
 .UNSPECIFIED.,.F.,.F.,.F.,(4,2,2,2,2,4),(4,4),(0.,0.563802833689222,0.662868686114599,
0.746110977997357,0.830686253862292,1.),(0.,1.),.UNSPECIFIED.);
#19=B_SPLINE_CURVE_WITH_KNOTS('',3,(#2390,#2391,#2392,#2393),
 .UNSPECIFIED.,.F.,.F.,(4,4),(-3.45281675766818,-3.44120176308905),
 .UNSPECIFIED.);
#20=B_SPLINE_CURVE_WITH_KNOTS('',3,(#2394,#2395,#2396,#2397,#2398,#2399,
#2400,#2401,#2402,#2403,#2404,#2405,#2406,#2407,#2408,#2409,#2410,#2411,
#2412,#2413,#2414,#2415,#2416,#2417,#2418,#2419,#2420,#2421,#2422,#2423,
#2424,#2425,#2426,#2427,#2428,#2429,#2430,#2431,#2432,#2433),
 .UNSPECIFIED.,.F.,.F.,(4,2,2,2,2,2,2,2,2,2,2,2,2,2,2,2,2,2,2,4),(-3.44120176308905,
-3.25015347254614,-3.09158828957052,-2.94514038568597,-2.85421538194067,
-2.81326740117448,-2.77291998558502,-2.67359338821324,-2.49287913911284,
-2.24542812627318,-1.73842571623545,-1.44780527998879,-1.27566564254505,
-1.13963307798842,-1.02649083527013,-0.875717850597919,-0.695189354226069,
-0.515879808961536,-0.322302794708415,0.),.UNSPECIFIED.);
#21=B_SPLINE_CURVE_WITH_KNOTS('',3,(#2521,#2522,#2523,#2524,#2525,#2526,
#2527,#2528,#2529,#2530,#2531,#2532,#2533,#2534,#2535,#2536,#2537,#2538,
#2539,#2540,#2541,#2542,#2543,#2544,#2545,#2546,#2547,#2548,#2549,#2550,
#2551),.UNSPECIFIED.,.F.,.F.,(4,3,3,3,3,3,3,3,3,3,4),(0.,0.176778308977899,
0.335107011076237,0.467855527508027,0.63390291691078,0.769060135107926,
0.83644818359645,0.959848211192364,1.13217691985448,1.23745470120942,1.30450562851659),
 .UNSPECIFIED.);
#22=B_SPLINE_CURVE_WITH_KNOTS('',3,(#2587,#2588,#2589,#2590,#2591,#2592,
#2593,#2594,#2595,#2596,#2597,#2598,#2599,#2600,#2601,#2602,#2603,#2604,
#2605,#2606,#2607,#2608,#2609,#2610,#2611,#2612,#2613,#2614,#2615,#2616,
#2617,#2618,#2619,#2620,#2621,#2622,#2623,#2624,#2625,#2626),
 .UNSPECIFIED.,.F.,.F.,(4,2,2,2,2,2,2,2,2,2,2,2,2,2,2,2,2,2,2,4),(-3.5567325063099,
-3.23931423422113,-3.09989585460257,-2.95347239248765,-2.83871032047763,
-2.75465225305693,-2.67270243082655,-2.56687967736533,-2.40480041946074,
-2.18909295573432,-1.99763039907481,-1.84188859118244,-1.64757774703382,
-1.365941896444,-1.0899438770721,-0.867043164128665,-0.616500185612443,
-0.386618529559853,-0.221787462413831,-0.0114736465291842),
 .UNSPECIFIED.);
#23=B_SPLINE_CURVE_WITH_KNOTS('',3,(#2627,#2628,#2629,#2630),
 .UNSPECIFIED.,.F.,.F.,(4,4),(-0.0114736465291842,0.),.UNSPECIFIED.);
#24=B_SPLINE_CURVE_WITH_KNOTS('',3,(#2653,#2654,#2655,#2656,#2657,#2658,
#2659,#2660,#2661,#2662,#2663,#2664,#2665,#2666,#2667,#2668,#2669,#2670,
#2671,#2672,#2673,#2674,#2675,#2676,#2677,#2678,#2679,#2680,#2681,#2682,
#2683,#2684,#2685,#2686),.UNSPECIFIED.,.F.,.F.,(4,3,3,3,3,3,3,3,3,3,3,4),
(0.,0.122705136638638,0.295500799690825,0.324526655823051,0.452145939798981,
0.635134434427067,0.670745139443755,0.792106692854582,0.932328902623926,
1.11963071423761,1.26815136119359,1.30693252585129),.UNSPECIFIED.);
#25=FACE_BOUND('',#229,.T.);
#26=FACE_BOUND('',#230,.T.);
#27=FACE_BOUND('',#231,.T.);
#28=FACE_BOUND('',#232,.T.);
#29=FACE_BOUND('',#233,.T.);
#30=FACE_BOUND('',#234,.T.);
#31=FACE_BOUND('',#237,.T.);
#32=FACE_BOUND('',#239,.T.);
#33=FACE_BOUND('',#246,.T.);
#34=FACE_BOUND('',#249,.T.);
#35=FACE_BOUND('',#257,.T.);
#36=FACE_BOUND('',#262,.T.);
#37=FACE_BOUND('',#276,.T.);
#38=FACE_BOUND('',#278,.T.);
#39=FACE_BOUND('',#280,.T.);
#40=FACE_BOUND('',#281,.T.);
#41=FACE_BOUND('',#282,.T.);
#42=FACE_BOUND('',#283,.T.);
#43=FACE_BOUND('',#284,.T.);
#44=FACE_BOUND('',#285,.T.);
#45=FACE_BOUND('',#286,.T.);
#46=FACE_BOUND('',#287,.T.);
#47=FACE_BOUND('',#288,.T.);
#48=FACE_BOUND('',#289,.T.);
#49=FACE_BOUND('',#290,.T.);
#50=FACE_BOUND('',#291,.T.);
#51=PLANE('',#1656);
#52=PLANE('',#1657);
#53=PLANE('',#1658);
#54=PLANE('',#1659);
#55=PLANE('',#1660);
#56=PLANE('',#1661);
#57=PLANE('',#1662);
#58=PLANE('',#1663);
#59=PLANE('',#1664);
#60=PLANE('',#1665);
#61=PLANE('',#1666);
#62=PLANE('',#1667);
#63=PLANE('',#1668);
#64=PLANE('',#1669);
#65=PLANE('',#1670);
#66=PLANE('',#1671);
#67=PLANE('',#1672);
#68=PLANE('',#1673);
#69=PLANE('',#1674);
#70=PLANE('',#1675);
#71=PLANE('',#1676);
#72=PLANE('',#1677);
#73=PLANE('',#1678);
#74=PLANE('',#1679);
#75=PLANE('',#1680);
#76=PLANE('',#1681);
#77=PLANE('',#1682);
#78=PLANE('',#1683);
#79=PLANE('',#1684);
#80=PLANE('',#1685);
#81=PLANE('',#1686);
#82=PLANE('',#1687);
#83=PLANE('',#1688);
#84=PLANE('',#1689);
#85=PLANE('',#1690);
#86=PLANE('',#1691);
#87=PLANE('',#1692);
#88=PLANE('',#1693);
#89=PLANE('',#1696);
#90=PLANE('',#1700);
#91=PLANE('',#1701);
#92=PLANE('',#1702);
#93=PLANE('',#1705);
#94=PLANE('',#1709);
#95=PLANE('',#1710);
#96=PLANE('',#1711);
#97=PLANE('',#1712);
#98=PLANE('',#1713);
#99=PLANE('',#1714);
#100=PLANE('',#1715);
#101=PLANE('',#1719);
#102=PLANE('',#1720);
#103=PLANE('',#1721);
#104=PLANE('',#1722);
#105=PLANE('',#1727);
#106=PLANE('',#1729);
#107=PLANE('',#1731);
#108=PLANE('',#1733);
#109=PLANE('',#1735);
#110=PLANE('',#1737);
#111=PLANE('',#1738);
#112=PLANE('',#1739);
#113=PLANE('',#1740);
#114=FACE_OUTER_BOUND('',#190,.T.);
#115=FACE_OUTER_BOUND('',#191,.T.);
#116=FACE_OUTER_BOUND('',#192,.T.);
#117=FACE_OUTER_BOUND('',#193,.T.);
#118=FACE_OUTER_BOUND('',#194,.T.);
#119=FACE_OUTER_BOUND('',#195,.T.);
#120=FACE_OUTER_BOUND('',#196,.T.);
#121=FACE_OUTER_BOUND('',#197,.T.);
#122=FACE_OUTER_BOUND('',#198,.T.);
#123=FACE_OUTER_BOUND('',#199,.T.);
#124=FACE_OUTER_BOUND('',#200,.T.);
#125=FACE_OUTER_BOUND('',#201,.T.);
#126=FACE_OUTER_BOUND('',#202,.T.);
#127=FACE_OUTER_BOUND('',#203,.T.);
#128=FACE_OUTER_BOUND('',#204,.T.);
#129=FACE_OUTER_BOUND('',#205,.T.);
#130=FACE_OUTER_BOUND('',#206,.T.);
#131=FACE_OUTER_BOUND('',#207,.T.);
#132=FACE_OUTER_BOUND('',#208,.T.);
#133=FACE_OUTER_BOUND('',#209,.T.);
#134=FACE_OUTER_BOUND('',#210,.T.);
#135=FACE_OUTER_BOUND('',#211,.T.);
#136=FACE_OUTER_BOUND('',#212,.T.);
#137=FACE_OUTER_BOUND('',#213,.T.);
#138=FACE_OUTER_BOUND('',#214,.T.);
#139=FACE_OUTER_BOUND('',#215,.T.);
#140=FACE_OUTER_BOUND('',#216,.T.);
#141=FACE_OUTER_BOUND('',#217,.T.);
#142=FACE_OUTER_BOUND('',#218,.T.);
#143=FACE_OUTER_BOUND('',#219,.T.);
#144=FACE_OUTER_BOUND('',#220,.T.);
#145=FACE_OUTER_BOUND('',#221,.T.);
#146=FACE_OUTER_BOUND('',#222,.T.);
#147=FACE_OUTER_BOUND('',#223,.T.);
#148=FACE_OUTER_BOUND('',#224,.T.);
#149=FACE_OUTER_BOUND('',#225,.T.);
#150=FACE_OUTER_BOUND('',#226,.T.);
#151=FACE_OUTER_BOUND('',#227,.T.);
#152=FACE_OUTER_BOUND('',#228,.T.);
#153=FACE_OUTER_BOUND('',#235,.T.);
#154=FACE_OUTER_BOUND('',#236,.T.);
#155=FACE_OUTER_BOUND('',#238,.T.);
#156=FACE_OUTER_BOUND('',#240,.T.);
#157=FACE_OUTER_BOUND('',#241,.T.);
#158=FACE_OUTER_BOUND('',#242,.T.);
#159=FACE_OUTER_BOUND('',#243,.T.);
#160=FACE_OUTER_BOUND('',#244,.T.);
#161=FACE_OUTER_BOUND('',#245,.T.);
#162=FACE_OUTER_BOUND('',#247,.T.);
#163=FACE_OUTER_BOUND('',#248,.T.);
#164=FACE_OUTER_BOUND('',#250,.T.);
#165=FACE_OUTER_BOUND('',#251,.T.);
#166=FACE_OUTER_BOUND('',#252,.T.);
#167=FACE_OUTER_BOUND('',#253,.T.);
#168=FACE_OUTER_BOUND('',#254,.T.);
#169=FACE_OUTER_BOUND('',#255,.T.);
#170=FACE_OUTER_BOUND('',#256,.T.);
#171=FACE_OUTER_BOUND('',#258,.T.);
#172=FACE_OUTER_BOUND('',#259,.T.);
#173=FACE_OUTER_BOUND('',#260,.T.);
#174=FACE_OUTER_BOUND('',#261,.T.);
#175=FACE_OUTER_BOUND('',#263,.T.);
#176=FACE_OUTER_BOUND('',#264,.T.);
#177=FACE_OUTER_BOUND('',#265,.T.);
#178=FACE_OUTER_BOUND('',#266,.T.);
#179=FACE_OUTER_BOUND('',#267,.T.);
#180=FACE_OUTER_BOUND('',#268,.T.);
#181=FACE_OUTER_BOUND('',#269,.T.);
#182=FACE_OUTER_BOUND('',#270,.T.);
#183=FACE_OUTER_BOUND('',#271,.T.);
#184=FACE_OUTER_BOUND('',#272,.T.);
#185=FACE_OUTER_BOUND('',#273,.T.);
#186=FACE_OUTER_BOUND('',#274,.T.);
#187=FACE_OUTER_BOUND('',#275,.T.);
#188=FACE_OUTER_BOUND('',#277,.T.);
#189=FACE_OUTER_BOUND('',#279,.T.);
#190=EDGE_LOOP('',(#1098,#1099,#1100,#1101));
#191=EDGE_LOOP('',(#1102,#1103,#1104,#1105));
#192=EDGE_LOOP('',(#1106,#1107,#1108,#1109));
#193=EDGE_LOOP('',(#1110,#1111,#1112,#1113));
#194=EDGE_LOOP('',(#1114,#1115,#1116,#1117));
#195=EDGE_LOOP('',(#1118,#1119,#1120,#1121));
#196=EDGE_LOOP('',(#1122,#1123,#1124,#1125));
#197=EDGE_LOOP('',(#1126,#1127,#1128,#1129));
#198=EDGE_LOOP('',(#1130,#1131,#1132,#1133));
#199=EDGE_LOOP('',(#1134,#1135,#1136,#1137));
#200=EDGE_LOOP('',(#1138,#1139,#1140,#1141));
#201=EDGE_LOOP('',(#1142,#1143,#1144,#1145));
#202=EDGE_LOOP('',(#1146,#1147,#1148,#1149));
#203=EDGE_LOOP('',(#1150,#1151,#1152,#1153));
#204=EDGE_LOOP('',(#1154,#1155,#1156,#1157));
#205=EDGE_LOOP('',(#1158,#1159,#1160,#1161));
#206=EDGE_LOOP('',(#1162,#1163,#1164,#1165));
#207=EDGE_LOOP('',(#1166,#1167,#1168,#1169));
#208=EDGE_LOOP('',(#1170,#1171,#1172,#1173));
#209=EDGE_LOOP('',(#1174,#1175,#1176,#1177));
#210=EDGE_LOOP('',(#1178,#1179,#1180,#1181));
#211=EDGE_LOOP('',(#1182,#1183,#1184,#1185));
#212=EDGE_LOOP('',(#1186,#1187,#1188,#1189));
#213=EDGE_LOOP('',(#1190,#1191,#1192,#1193));
#214=EDGE_LOOP('',(#1194,#1195,#1196,#1197));
#215=EDGE_LOOP('',(#1198,#1199,#1200,#1201));
#216=EDGE_LOOP('',(#1202,#1203,#1204,#1205));
#217=EDGE_LOOP('',(#1206,#1207,#1208,#1209));
#218=EDGE_LOOP('',(#1210,#1211,#1212,#1213));
#219=EDGE_LOOP('',(#1214,#1215,#1216,#1217));
#220=EDGE_LOOP('',(#1218,#1219,#1220,#1221));
#221=EDGE_LOOP('',(#1222,#1223,#1224,#1225));
#222=EDGE_LOOP('',(#1226,#1227,#1228,#1229));
#223=EDGE_LOOP('',(#1230,#1231,#1232,#1233));
#224=EDGE_LOOP('',(#1234,#1235,#1236,#1237));
#225=EDGE_LOOP('',(#1238,#1239,#1240,#1241));
#226=EDGE_LOOP('',(#1242,#1243,#1244,#1245));
#227=EDGE_LOOP('',(#1246,#1247,#1248,#1249));
#228=EDGE_LOOP('',(#1250,#1251,#1252,#1253,#1254,#1255,#1256,#1257,#1258,
#1259,#1260,#1261,#1262,#1263,#1264,#1265,#1266,#1267,#1268,#1269,#1270,
#1271,#1272,#1273));
#229=EDGE_LOOP('',(#1274,#1275,#1276,#1277));
#230=EDGE_LOOP('',(#1278,#1279,#1280));
#231=EDGE_LOOP('',(#1281,#1282,#1283,#1284,#1285));
#232=EDGE_LOOP('',(#1286,#1287,#1288,#1289));
#233=EDGE_LOOP('',(#1290,#1291,#1292));
#234=EDGE_LOOP('',(#1293,#1294,#1295,#1296));
#235=EDGE_LOOP('',(#1297,#1298,#1299,#1300,#1301));
#236=EDGE_LOOP('',(#1302));
#237=EDGE_LOOP('',(#1303));
#238=EDGE_LOOP('',(#1304,#1305,#1306,#1307,#1308,#1309,#1310,#1311));
#239=EDGE_LOOP('',(#1312,#1313));
#240=EDGE_LOOP('',(#1314,#1315,#1316));
#241=EDGE_LOOP('',(#1317,#1318,#1319,#1320,#1321,#1322,#1323,#1324,#1325,
#1326,#1327,#1328,#1329,#1330));
#242=EDGE_LOOP('',(#1331,#1332,#1333,#1334,#1335,#1336,#1337,#1338,#1339,
#1340,#1341,#1342));
#243=EDGE_LOOP('',(#1343,#1344));
#244=EDGE_LOOP('',(#1345,#1346,#1347,#1348,#1349));
#245=EDGE_LOOP('',(#1350));
#246=EDGE_LOOP('',(#1351));
#247=EDGE_LOOP('',(#1352,#1353,#1354));
#248=EDGE_LOOP('',(#1355,#1356,#1357,#1358,#1359,#1360,#1361,#1362));
#249=EDGE_LOOP('',(#1363,#1364));
#250=EDGE_LOOP('',(#1365,#1366,#1367,#1368,#1369,#1370,#1371,#1372,#1373,
#1374,#1375,#1376,#1377,#1378));
#251=EDGE_LOOP('',(#1379,#1380,#1381,#1382,#1383));
#252=EDGE_LOOP('',(#1384,#1385));
#253=EDGE_LOOP('',(#1386,#1387,#1388,#1389));
#254=EDGE_LOOP('',(#1390,#1391,#1392,#1393,#1394));
#255=EDGE_LOOP('',(#1395,#1396,#1397,#1398,#1399,#1400,#1401));
#256=EDGE_LOOP('',(#1402,#1403,#1404,#1405,#1406,#1407,#1408,#1409));
#257=EDGE_LOOP('',(#1410));
#258=EDGE_LOOP('',(#1411,#1412,#1413,#1414));
#259=EDGE_LOOP('',(#1415,#1416,#1417,#1418));
#260=EDGE_LOOP('',(#1419,#1420,#1421,#1422,#1423,#1424,#1425));
#261=EDGE_LOOP('',(#1426,#1427,#1428,#1429,#1430,#1431,#1432,#1433));
#262=EDGE_LOOP('',(#1434));
#263=EDGE_LOOP('',(#1435,#1436,#1437,#1438));
#264=EDGE_LOOP('',(#1439,#1440,#1441,#1442));
#265=EDGE_LOOP('',(#1443,#1444,#1445,#1446));
#266=EDGE_LOOP('',(#1447,#1448,#1449,#1450));
#267=EDGE_LOOP('',(#1451,#1452,#1453,#1454));
#268=EDGE_LOOP('',(#1455,#1456,#1457,#1458,#1459));
#269=EDGE_LOOP('',(#1460,#1461,#1462,#1463));
#270=EDGE_LOOP('',(#1464,#1465,#1466,#1467,#1468));
#271=EDGE_LOOP('',(#1469,#1470,#1471,#1472));
#272=EDGE_LOOP('',(#1473,#1474,#1475,#1476));
#273=EDGE_LOOP('',(#1477,#1478,#1479,#1480));
#274=EDGE_LOOP('',(#1481,#1482,#1483,#1484));
#275=EDGE_LOOP('',(#1485,#1486,#1487,#1488));
#276=EDGE_LOOP('',(#1489));
#277=EDGE_LOOP('',(#1490,#1491,#1492,#1493,#1494,#1495,#1496,#1497,#1498,
#1499,#1500,#1501,#1502,#1503,#1504,#1505));
#278=EDGE_LOOP('',(#1506));
#279=EDGE_LOOP('',(#1507,#1508,#1509,#1510));
#280=EDGE_LOOP('',(#1511,#1512,#1513,#1514));
#281=EDGE_LOOP('',(#1515,#1516,#1517));
#282=EDGE_LOOP('',(#1518,#1519,#1520,#1521));
#283=EDGE_LOOP('',(#1522,#1523,#1524));
#284=EDGE_LOOP('',(#1525,#1526,#1527));
#285=EDGE_LOOP('',(#1528,#1529,#1530));
#286=EDGE_LOOP('',(#1531,#1532,#1533,#1534));
#287=EDGE_LOOP('',(#1535,#1536,#1537));
#288=EDGE_LOOP('',(#1538,#1539,#1540,#1541));
#289=EDGE_LOOP('',(#1542,#1543,#1544,#1545,#1546));
#290=EDGE_LOOP('',(#1547,#1548,#1549));
#291=EDGE_LOOP('',(#1550,#1551,#1552,#1553));
#292=LINE('',#2130,#498);
#293=LINE('',#2135,#499);
#294=LINE('',#2137,#500);
#295=LINE('',#2139,#501);
#296=LINE('',#2140,#502);
#297=LINE('',#2143,#503);
#298=LINE('',#2145,#504);
#299=LINE('',#2146,#505);
#300=LINE('',#2149,#506);
#301=LINE('',#2151,#507);
#302=LINE('',#2152,#508);
#303=LINE('',#2156,#509);
#304=LINE('',#2158,#510);
#305=LINE('',#2160,#511);
#306=LINE('',#2161,#512);
#307=LINE('',#2164,#513);
#308=LINE('',#2166,#514);
#309=LINE('',#2167,#515);
#310=LINE('',#2171,#516);
#311=LINE('',#2173,#517);
#312=LINE('',#2175,#518);
#313=LINE('',#2176,#519);
#314=LINE('',#2179,#520);
#315=LINE('',#2181,#521);
#316=LINE('',#2182,#522);
#317=LINE('',#2185,#523);
#318=LINE('',#2187,#524);
#319=LINE('',#2188,#525);
#320=LINE('',#2190,#526);
#321=LINE('',#2191,#527);
#322=LINE('',#2195,#528);
#323=LINE('',#2197,#529);
#324=LINE('',#2199,#530);
#325=LINE('',#2200,#531);
#326=LINE('',#2203,#532);
#327=LINE('',#2205,#533);
#328=LINE('',#2206,#534);
#329=LINE('',#2208,#535);
#330=LINE('',#2209,#536);
#331=LINE('',#2213,#537);
#332=LINE('',#2215,#538);
#333=LINE('',#2217,#539);
#334=LINE('',#2218,#540);
#335=LINE('',#2221,#541);
#336=LINE('',#2223,#542);
#337=LINE('',#2224,#543);
#338=LINE('',#2228,#544);
#339=LINE('',#2230,#545);
#340=LINE('',#2232,#546);
#341=LINE('',#2233,#547);
#342=LINE('',#2236,#548);
#343=LINE('',#2238,#549);
#344=LINE('',#2239,#550);
#345=LINE('',#2243,#551);
#346=LINE('',#2245,#552);
#347=LINE('',#2247,#553);
#348=LINE('',#2248,#554);
#349=LINE('',#2251,#555);
#350=LINE('',#2253,#556);
#351=LINE('',#2254,#557);
#352=LINE('',#2257,#558);
#353=LINE('',#2259,#559);
#354=LINE('',#2260,#560);
#355=LINE('',#2262,#561);
#356=LINE('',#2263,#562);
#357=LINE('',#2267,#563);
#358=LINE('',#2269,#564);
#359=LINE('',#2271,#565);
#360=LINE('',#2272,#566);
#361=LINE('',#2275,#567);
#362=LINE('',#2277,#568);
#363=LINE('',#2278,#569);
#364=LINE('',#2282,#570);
#365=LINE('',#2284,#571);
#366=LINE('',#2286,#572);
#367=LINE('',#2287,#573);
#368=LINE('',#2290,#574);
#369=LINE('',#2292,#575);
#370=LINE('',#2293,#576);
#371=LINE('',#2296,#577);
#372=LINE('',#2298,#578);
#373=LINE('',#2299,#579);
#374=LINE('',#2303,#580);
#375=LINE('',#2305,#581);
#376=LINE('',#2307,#582);
#377=LINE('',#2308,#583);
#378=LINE('',#2311,#584);
#379=LINE('',#2313,#585);
#380=LINE('',#2314,#586);
#381=LINE('',#2317,#587);
#382=LINE('',#2319,#588);
#383=LINE('',#2320,#589);
#384=LINE('',#2323,#590);
#385=LINE('',#2325,#591);
#386=LINE('',#2326,#592);
#387=LINE('',#2328,#593);
#388=LINE('',#2329,#594);
#389=LINE('',#2333,#595);
#390=LINE('',#2335,#596);
#391=LINE('',#2337,#597);
#392=LINE('',#2338,#598);
#393=LINE('',#2341,#599);
#394=LINE('',#2343,#600);
#395=LINE('',#2344,#601);
#396=LINE('',#2346,#602);
#397=LINE('',#2347,#603);
#398=LINE('',#2351,#604);
#399=LINE('',#2353,#605);
#400=LINE('',#2355,#606);
#401=LINE('',#2356,#607);
#402=LINE('',#2359,#608);
#403=LINE('',#2361,#609);
#404=LINE('',#2362,#610);
#405=LINE('',#2365,#611);
#406=LINE('',#2367,#612);
#407=LINE('',#2368,#613);
#408=LINE('',#2370,#614);
#409=LINE('',#2371,#615);
#410=LINE('',#2374,#616);
#411=LINE('',#2376,#617);
#412=LINE('',#2377,#618);
#413=LINE('',#2378,#619);
#414=LINE('',#2380,#620);
#415=LINE('',#2381,#621);
#416=LINE('',#2382,#622);
#417=LINE('',#2384,#623);
#418=LINE('',#2385,#624);
#419=LINE('',#2386,#625);
#420=LINE('',#2435,#626);
#421=LINE('',#2490,#627);
#422=LINE('',#2492,#628);
#423=LINE('',#2494,#629);
#424=LINE('',#2496,#630);
#425=LINE('',#2498,#631);
#426=LINE('',#2502,#632);
#427=LINE('',#2552,#633);
#428=LINE('',#2556,#634);
#429=LINE('',#2557,#635);
#430=LINE('',#2558,#636);
#431=LINE('',#2559,#637);
#432=LINE('',#2561,#638);
#433=LINE('',#2563,#639);
#434=LINE('',#2564,#640);
#435=LINE('',#2567,#641);
#436=LINE('',#2568,#642);
#437=LINE('',#2570,#643);
#438=LINE('',#2572,#644);
#439=LINE('',#2574,#645);
#440=LINE('',#2576,#646);
#441=LINE('',#2578,#647);
#442=LINE('',#2580,#648);
#443=LINE('',#2581,#649);
#444=LINE('',#2582,#650);
#445=LINE('',#2632,#651);
#446=LINE('',#2688,#652);
#447=LINE('',#2689,#653);
#448=LINE('',#2739,#654);
#449=LINE('',#2743,#655);
#450=LINE('',#2747,#656);
#451=LINE('',#2749,#657);
#452=LINE('',#2750,#658);
#453=LINE('',#2752,#659);
#454=LINE('',#2753,#660);
#455=LINE('',#2755,#661);
#456=LINE('',#2757,#662);
#457=LINE('',#2759,#663);
#458=LINE('',#2760,#664);
#459=LINE('',#2763,#665);
#460=LINE('',#2764,#666);
#461=LINE('',#2765,#667);
#462=LINE('',#2769,#668);
#463=LINE('',#2770,#669);
#464=LINE('',#2771,#670);
#465=LINE('',#2774,#671);
#466=LINE('',#2775,#672);
#467=LINE('',#2778,#673);
#468=LINE('',#2780,#674);
#469=LINE('',#2782,#675);
#470=LINE('',#2783,#676);
#471=LINE('',#2786,#677);
#472=LINE('',#2790,#678);
#473=LINE('',#2793,#679);
#474=LINE('',#2798,#680);
#475=LINE('',#2800,#681);
#476=LINE('',#2801,#682);
#477=LINE('',#2804,#683);
#478=LINE('',#2805,#684);
#479=LINE('',#2807,#685);
#480=LINE('',#2809,#686);
#481=LINE('',#2810,#687);
#482=LINE('',#2813,#688);
#483=LINE('',#2817,#689);
#484=LINE('',#2820,#690);
#485=LINE('',#2824,#691);
#486=LINE('',#2826,#692);
#487=LINE('',#2828,#693);
#488=LINE('',#2830,#694);
#489=LINE('',#2832,#695);
#490=LINE('',#2835,#696);
#491=LINE('',#2837,#697);
#492=LINE('',#2839,#698);
#493=LINE('',#2841,#699);
#494=LINE('',#2843,#700);
#495=LINE('',#2846,#701);
#496=LINE('',#2848,#702);
#497=LINE('',#2849,#703);
#498=VECTOR('',#1747,4.);
#499=VECTOR('',#1752,10.);
#500=VECTOR('',#1753,10.);
#501=VECTOR('',#1754,10.);
#502=VECTOR('',#1755,10.);
#503=VECTOR('',#1758,10.);
#504=VECTOR('',#1759,10.);
#505=VECTOR('',#1760,10.);
#506=VECTOR('',#1763,10.);
#507=VECTOR('',#1764,10.);
#508=VECTOR('',#1765,10.);
#509=VECTOR('',#1768,10.);
#510=VECTOR('',#1769,10.);
#511=VECTOR('',#1770,10.);
#512=VECTOR('',#1771,10.);
#513=VECTOR('',#1774,10.);
#514=VECTOR('',#1775,10.);
#515=VECTOR('',#1776,10.);
#516=VECTOR('',#1779,10.);
#517=VECTOR('',#1780,10.);
#518=VECTOR('',#1781,10.);
#519=VECTOR('',#1782,10.);
#520=VECTOR('',#1785,10.);
#521=VECTOR('',#1786,10.);
#522=VECTOR('',#1787,10.);
#523=VECTOR('',#1790,10.);
#524=VECTOR('',#1791,10.);
#525=VECTOR('',#1792,10.);
#526=VECTOR('',#1795,10.);
#527=VECTOR('',#1796,10.);
#528=VECTOR('',#1799,10.);
#529=VECTOR('',#1800,10.);
#530=VECTOR('',#1801,10.);
#531=VECTOR('',#1802,10.);
#532=VECTOR('',#1805,10.);
#533=VECTOR('',#1806,10.);
#534=VECTOR('',#1807,10.);
#535=VECTOR('',#1810,10.);
#536=VECTOR('',#1811,10.);
#537=VECTOR('',#1814,10.);
#538=VECTOR('',#1815,10.);
#539=VECTOR('',#1816,10.);
#540=VECTOR('',#1817,10.);
#541=VECTOR('',#1820,10.);
#542=VECTOR('',#1821,10.);
#543=VECTOR('',#1822,10.);
#544=VECTOR('',#1825,10.);
#545=VECTOR('',#1826,10.);
#546=VECTOR('',#1827,10.);
#547=VECTOR('',#1828,10.);
#548=VECTOR('',#1831,10.);
#549=VECTOR('',#1832,10.);
#550=VECTOR('',#1833,10.);
#551=VECTOR('',#1836,10.);
#552=VECTOR('',#1837,10.);
#553=VECTOR('',#1838,10.);
#554=VECTOR('',#1839,10.);
#555=VECTOR('',#1842,10.);
#556=VECTOR('',#1843,10.);
#557=VECTOR('',#1844,10.);
#558=VECTOR('',#1847,10.);
#559=VECTOR('',#1848,10.);
#560=VECTOR('',#1849,10.);
#561=VECTOR('',#1852,10.);
#562=VECTOR('',#1853,10.);
#563=VECTOR('',#1856,10.);
#564=VECTOR('',#1857,10.);
#565=VECTOR('',#1858,10.);
#566=VECTOR('',#1859,10.);
#567=VECTOR('',#1862,10.);
#568=VECTOR('',#1863,10.);
#569=VECTOR('',#1864,10.);
#570=VECTOR('',#1867,10.);
#571=VECTOR('',#1868,10.);
#572=VECTOR('',#1869,10.);
#573=VECTOR('',#1870,10.);
#574=VECTOR('',#1873,10.);
#575=VECTOR('',#1874,10.);
#576=VECTOR('',#1875,10.);
#577=VECTOR('',#1878,10.);
#578=VECTOR('',#1879,10.);
#579=VECTOR('',#1880,10.);
#580=VECTOR('',#1883,10.);
#581=VECTOR('',#1884,10.);
#582=VECTOR('',#1885,10.);
#583=VECTOR('',#1886,10.);
#584=VECTOR('',#1889,10.);
#585=VECTOR('',#1890,10.);
#586=VECTOR('',#1891,10.);
#587=VECTOR('',#1894,10.);
#588=VECTOR('',#1895,10.);
#589=VECTOR('',#1896,10.);
#590=VECTOR('',#1899,10.);
#591=VECTOR('',#1900,10.);
#592=VECTOR('',#1901,10.);
#593=VECTOR('',#1904,10.);
#594=VECTOR('',#1905,10.);
#595=VECTOR('',#1908,10.);
#596=VECTOR('',#1909,10.);
#597=VECTOR('',#1910,10.);
#598=VECTOR('',#1911,10.);
#599=VECTOR('',#1914,10.);
#600=VECTOR('',#1915,10.);
#601=VECTOR('',#1916,10.);
#602=VECTOR('',#1919,10.);
#603=VECTOR('',#1920,10.);
#604=VECTOR('',#1923,10.);
#605=VECTOR('',#1924,10.);
#606=VECTOR('',#1925,10.);
#607=VECTOR('',#1926,10.);
#608=VECTOR('',#1929,10.);
#609=VECTOR('',#1930,10.);
#610=VECTOR('',#1931,10.);
#611=VECTOR('',#1934,10.);
#612=VECTOR('',#1935,10.);
#613=VECTOR('',#1936,10.);
#614=VECTOR('',#1939,10.);
#615=VECTOR('',#1940,10.);
#616=VECTOR('',#1943,10.);
#617=VECTOR('',#1944,10.);
#618=VECTOR('',#1945,10.);
#619=VECTOR('',#1946,10.);
#620=VECTOR('',#1947,10.);
#621=VECTOR('',#1948,10.);
#622=VECTOR('',#1949,10.);
#623=VECTOR('',#1950,10.);
#624=VECTOR('',#1951,10.);
#625=VECTOR('',#1952,10.);
#626=VECTOR('',#1955,3.25);
#627=VECTOR('',#1962,10.);
#628=VECTOR('',#1963,13.3569306836557);
#629=VECTOR('',#1964,10.);
#630=VECTOR('',#1965,10.);
#631=VECTOR('',#1966,10.);
#632=VECTOR('',#1969,10.);
#633=VECTOR('',#1972,10.);
#634=VECTOR('',#1975,10.);
#635=VECTOR('',#1976,10.);
#636=VECTOR('',#1977,10.);
#637=VECTOR('',#1978,10.);
#638=VECTOR('',#1979,10.);
#639=VECTOR('',#1980,10.);
#640=VECTOR('',#1981,10.);
#641=VECTOR('',#1984,10.);
#642=VECTOR('',#1985,10.);
#643=VECTOR('',#1986,10.);
#644=VECTOR('',#1987,10.);
#645=VECTOR('',#1988,10.);
#646=VECTOR('',#1989,10.);
#647=VECTOR('',#1990,10.);
#648=VECTOR('',#1991,10.);
#649=VECTOR('',#1992,10.);
#650=VECTOR('',#1993,10.);
#651=VECTOR('',#1998,3.25);
#652=VECTOR('',#2005,10.);
#653=VECTOR('',#2006,13.3569306836557);
#654=VECTOR('',#2007,10.);
#655=VECTOR('',#2010,10.);
#656=VECTOR('',#2013,10.);
#657=VECTOR('',#2014,10.);
#658=VECTOR('',#2015,10.);
#659=VECTOR('',#2018,10.);
#660=VECTOR('',#2019,10.);
#661=VECTOR('',#2020,10.);
#662=VECTOR('',#2021,10.);
#663=VECTOR('',#2022,10.);
#664=VECTOR('',#2023,10.);
#665=VECTOR('',#2026,10.);
#666=VECTOR('',#2027,10.);
#667=VECTOR('',#2028,10.);
#668=VECTOR('',#2033,10.);
#669=VECTOR('',#2034,10.);
#670=VECTOR('',#2035,10.);
#671=VECTOR('',#2038,10.);
#672=VECTOR('',#2039,10.);
#673=VECTOR('',#2042,10.);
#674=VECTOR('',#2043,10.);
#675=VECTOR('',#2044,10.);
#676=VECTOR('',#2045,10.);
#677=VECTOR('',#2048,10.);
#678=VECTOR('',#2051,10.);
#679=VECTOR('',#2054,10.);
#680=VECTOR('',#2059,10.);
#681=VECTOR('',#2060,10.);
#682=VECTOR('',#2061,10.);
#683=VECTOR('',#2064,10.);
#684=VECTOR('',#2065,10.);
#685=VECTOR('',#2068,10.);
#686=VECTOR('',#2069,10.);
#687=VECTOR('',#2070,10.);
#688=VECTOR('',#2073,10.);
#689=VECTOR('',#2076,10.);
#690=VECTOR('',#2079,10.);
#691=VECTOR('',#2084,1.75);
#692=VECTOR('',#2087,10.);
#693=VECTOR('',#2090,10.);
#694=VECTOR('',#2093,10.);
#695=VECTOR('',#2096,10.);
#696=VECTOR('',#2101,1.75);
#697=VECTOR('',#2104,10.);
#698=VECTOR('',#2107,10.);
#699=VECTOR('',#2110,10.);
#700=VECTOR('',#2113,10.);
#701=VECTOR('',#2118,10.);
#702=VECTOR('',#2121,10.);
#703=VECTOR('',#2122,10.);
#704=CIRCLE('',#1654,4.);
#705=CIRCLE('',#1655,4.);
#706=CIRCLE('',#1695,3.25);
#707=CIRCLE('',#1697,1.75);
#708=CIRCLE('',#1698,3.99999999999999);
#709=CIRCLE('',#1699,4.);
#710=CIRCLE('',#1704,3.25);
#711=CIRCLE('',#1706,1.75);
#712=CIRCLE('',#1707,4.00000000000001);
#713=CIRCLE('',#1708,4.);
#714=CIRCLE('',#1716,4.);
#715=CIRCLE('',#1717,3.99999999999999);
#716=CIRCLE('',#1718,1.75);
#717=CIRCLE('',#1723,4.);
#718=CIRCLE('',#1724,4.00000000000001);
#719=CIRCLE('',#1725,1.75);
#720=VERTEX_POINT('',#2127);
#721=VERTEX_POINT('',#2129);
#722=VERTEX_POINT('',#2133);
#723=VERTEX_POINT('',#2134);
#724=VERTEX_POINT('',#2136);
#725=VERTEX_POINT('',#2138);
#726=VERTEX_POINT('',#2142);
#727=VERTEX_POINT('',#2144);
#728=VERTEX_POINT('',#2148);
#729=VERTEX_POINT('',#2150);
#730=VERTEX_POINT('',#2154);
#731=VERTEX_POINT('',#2155);
#732=VERTEX_POINT('',#2157);
#733=VERTEX_POINT('',#2159);
#734=VERTEX_POINT('',#2163);
#735=VERTEX_POINT('',#2165);
#736=VERTEX_POINT('',#2169);
#737=VERTEX_POINT('',#2170);
#738=VERTEX_POINT('',#2172);
#739=VERTEX_POINT('',#2174);
#740=VERTEX_POINT('',#2178);
#741=VERTEX_POINT('',#2180);
#742=VERTEX_POINT('',#2184);
#743=VERTEX_POINT('',#2186);
#744=VERTEX_POINT('',#2193);
#745=VERTEX_POINT('',#2194);
#746=VERTEX_POINT('',#2196);
#747=VERTEX_POINT('',#2198);
#748=VERTEX_POINT('',#2202);
#749=VERTEX_POINT('',#2204);
#750=VERTEX_POINT('',#2211);
#751=VERTEX_POINT('',#2212);
#752=VERTEX_POINT('',#2214);
#753=VERTEX_POINT('',#2216);
#754=VERTEX_POINT('',#2220);
#755=VERTEX_POINT('',#2222);
#756=VERTEX_POINT('',#2226);
#757=VERTEX_POINT('',#2227);
#758=VERTEX_POINT('',#2229);
#759=VERTEX_POINT('',#2231);
#760=VERTEX_POINT('',#2235);
#761=VERTEX_POINT('',#2237);
#762=VERTEX_POINT('',#2241);
#763=VERTEX_POINT('',#2242);
#764=VERTEX_POINT('',#2244);
#765=VERTEX_POINT('',#2246);
#766=VERTEX_POINT('',#2250);
#767=VERTEX_POINT('',#2252);
#768=VERTEX_POINT('',#2256);
#769=VERTEX_POINT('',#2258);
#770=VERTEX_POINT('',#2265);
#771=VERTEX_POINT('',#2266);
#772=VERTEX_POINT('',#2268);
#773=VERTEX_POINT('',#2270);
#774=VERTEX_POINT('',#2274);
#775=VERTEX_POINT('',#2276);
#776=VERTEX_POINT('',#2280);
#777=VERTEX_POINT('',#2281);
#778=VERTEX_POINT('',#2283);
#779=VERTEX_POINT('',#2285);
#780=VERTEX_POINT('',#2289);
#781=VERTEX_POINT('',#2291);
#782=VERTEX_POINT('',#2295);
#783=VERTEX_POINT('',#2297);
#784=VERTEX_POINT('',#2301);
#785=VERTEX_POINT('',#2302);
#786=VERTEX_POINT('',#2304);
#787=VERTEX_POINT('',#2306);
#788=VERTEX_POINT('',#2310);
#789=VERTEX_POINT('',#2312);
#790=VERTEX_POINT('',#2316);
#791=VERTEX_POINT('',#2318);
#792=VERTEX_POINT('',#2322);
#793=VERTEX_POINT('',#2324);
#794=VERTEX_POINT('',#2331);
#795=VERTEX_POINT('',#2332);
#796=VERTEX_POINT('',#2334);
#797=VERTEX_POINT('',#2336);
#798=VERTEX_POINT('',#2340);
#799=VERTEX_POINT('',#2342);
#800=VERTEX_POINT('',#2349);
#801=VERTEX_POINT('',#2350);
#802=VERTEX_POINT('',#2352);
#803=VERTEX_POINT('',#2354);
#804=VERTEX_POINT('',#2358);
#805=VERTEX_POINT('',#2360);
#806=VERTEX_POINT('',#2364);
#807=VERTEX_POINT('',#2366);
#808=VERTEX_POINT('',#2373);
#809=VERTEX_POINT('',#2375);
#810=VERTEX_POINT('',#2379);
#811=VERTEX_POINT('',#2383);
#812=VERTEX_POINT('',#2388);
#813=VERTEX_POINT('',#2389);
#814=VERTEX_POINT('',#2434);
#815=VERTEX_POINT('',#2438);
#816=VERTEX_POINT('',#2488);
#817=VERTEX_POINT('',#2489);
#818=VERTEX_POINT('',#2491);
#819=VERTEX_POINT('',#2493);
#820=VERTEX_POINT('',#2495);
#821=VERTEX_POINT('',#2497);
#822=VERTEX_POINT('',#2499);
#823=VERTEX_POINT('',#2501);
#824=VERTEX_POINT('',#2520);
#825=VERTEX_POINT('',#2554);
#826=VERTEX_POINT('',#2555);
#827=VERTEX_POINT('',#2560);
#828=VERTEX_POINT('',#2562);
#829=VERTEX_POINT('',#2566);
#830=VERTEX_POINT('',#2569);
#831=VERTEX_POINT('',#2571);
#832=VERTEX_POINT('',#2573);
#833=VERTEX_POINT('',#2575);
#834=VERTEX_POINT('',#2577);
#835=VERTEX_POINT('',#2579);
#836=VERTEX_POINT('',#2585);
#837=VERTEX_POINT('',#2586);
#838=VERTEX_POINT('',#2631);
#839=VERTEX_POINT('',#2635);
#840=VERTEX_POINT('',#2687);
#841=VERTEX_POINT('',#2738);
#842=VERTEX_POINT('',#2740);
#843=VERTEX_POINT('',#2742);
#844=VERTEX_POINT('',#2744);
#845=VERTEX_POINT('',#2746);
#846=VERTEX_POINT('',#2748);
#847=VERTEX_POINT('',#2754);
#848=VERTEX_POINT('',#2756);
#849=VERTEX_POINT('',#2758);
#850=VERTEX_POINT('',#2762);
#851=VERTEX_POINT('',#2768);
#852=VERTEX_POINT('',#2773);
#853=VERTEX_POINT('',#2777);
#854=VERTEX_POINT('',#2779);
#855=VERTEX_POINT('',#2781);
#856=VERTEX_POINT('',#2785);
#857=VERTEX_POINT('',#2787);
#858=VERTEX_POINT('',#2789);
#859=VERTEX_POINT('',#2791);
#860=VERTEX_POINT('',#2794);
#861=VERTEX_POINT('',#2797);
#862=VERTEX_POINT('',#2799);
#863=VERTEX_POINT('',#2803);
#864=VERTEX_POINT('',#2808);
#865=VERTEX_POINT('',#2812);
#866=VERTEX_POINT('',#2814);
#867=VERTEX_POINT('',#2816);
#868=VERTEX_POINT('',#2818);
#869=VERTEX_POINT('',#2821);
#870=EDGE_CURVE('',#720,#720,#704,.T.);
#871=EDGE_CURVE('',#720,#721,#292,.T.);
#872=EDGE_CURVE('',#721,#721,#705,.T.);
#873=EDGE_CURVE('',#722,#723,#293,.T.);
#874=EDGE_CURVE('',#722,#724,#294,.T.);
#875=EDGE_CURVE('',#725,#724,#295,.T.);
#876=EDGE_CURVE('',#723,#725,#296,.T.);
#877=EDGE_CURVE('',#726,#722,#297,.T.);
#878=EDGE_CURVE('',#726,#727,#298,.T.);
#879=EDGE_CURVE('',#724,#727,#299,.T.);
#880=EDGE_CURVE('',#728,#726,#300,.T.);
#881=EDGE_CURVE('',#728,#729,#301,.T.);
#882=EDGE_CURVE('',#727,#729,#302,.T.);
#883=EDGE_CURVE('',#730,#731,#303,.T.);
#884=EDGE_CURVE('',#730,#732,#304,.T.);
#885=EDGE_CURVE('',#733,#732,#305,.T.);
#886=EDGE_CURVE('',#731,#733,#306,.T.);
#887=EDGE_CURVE('',#734,#730,#307,.T.);
#888=EDGE_CURVE('',#734,#735,#308,.T.);
#889=EDGE_CURVE('',#732,#735,#309,.T.);
#890=EDGE_CURVE('',#736,#737,#310,.T.);
#891=EDGE_CURVE('',#736,#738,#311,.T.);
#892=EDGE_CURVE('',#739,#738,#312,.T.);
#893=EDGE_CURVE('',#737,#739,#313,.T.);
#894=EDGE_CURVE('',#740,#736,#314,.T.);
#895=EDGE_CURVE('',#740,#741,#315,.T.);
#896=EDGE_CURVE('',#738,#741,#316,.T.);
#897=EDGE_CURVE('',#742,#740,#317,.T.);
#898=EDGE_CURVE('',#742,#743,#318,.T.);
#899=EDGE_CURVE('',#741,#743,#319,.T.);
#900=EDGE_CURVE('',#737,#742,#320,.T.);
#901=EDGE_CURVE('',#743,#739,#321,.T.);
#902=EDGE_CURVE('',#744,#745,#322,.T.);
#903=EDGE_CURVE('',#744,#746,#323,.T.);
#904=EDGE_CURVE('',#747,#746,#324,.T.);
#905=EDGE_CURVE('',#745,#747,#325,.T.);
#906=EDGE_CURVE('',#748,#744,#326,.T.);
#907=EDGE_CURVE('',#748,#749,#327,.T.);
#908=EDGE_CURVE('',#746,#749,#328,.T.);
#909=EDGE_CURVE('',#745,#748,#329,.T.);
#910=EDGE_CURVE('',#749,#747,#330,.T.);
#911=EDGE_CURVE('',#750,#751,#331,.T.);
#912=EDGE_CURVE('',#750,#752,#332,.T.);
#913=EDGE_CURVE('',#753,#752,#333,.T.);
#914=EDGE_CURVE('',#751,#753,#334,.T.);
#915=EDGE_CURVE('',#751,#754,#335,.T.);
#916=EDGE_CURVE('',#755,#753,#336,.T.);
#917=EDGE_CURVE('',#754,#755,#337,.T.);
#918=EDGE_CURVE('',#756,#757,#338,.T.);
#919=EDGE_CURVE('',#756,#758,#339,.T.);
#920=EDGE_CURVE('',#759,#758,#340,.T.);
#921=EDGE_CURVE('',#757,#759,#341,.T.);
#922=EDGE_CURVE('',#760,#756,#342,.T.);
#923=EDGE_CURVE('',#760,#761,#343,.T.);
#924=EDGE_CURVE('',#758,#761,#344,.T.);
#925=EDGE_CURVE('',#762,#763,#345,.T.);
#926=EDGE_CURVE('',#762,#764,#346,.T.);
#927=EDGE_CURVE('',#765,#764,#347,.T.);
#928=EDGE_CURVE('',#763,#765,#348,.T.);
#929=EDGE_CURVE('',#766,#762,#349,.T.);
#930=EDGE_CURVE('',#766,#767,#350,.T.);
#931=EDGE_CURVE('',#764,#767,#351,.T.);
#932=EDGE_CURVE('',#768,#766,#352,.T.);
#933=EDGE_CURVE('',#768,#769,#353,.T.);
#934=EDGE_CURVE('',#767,#769,#354,.T.);
#935=EDGE_CURVE('',#763,#768,#355,.T.);
#936=EDGE_CURVE('',#769,#765,#356,.T.);
#937=EDGE_CURVE('',#770,#771,#357,.T.);
#938=EDGE_CURVE('',#770,#772,#358,.T.);
#939=EDGE_CURVE('',#773,#772,#359,.T.);
#940=EDGE_CURVE('',#771,#773,#360,.T.);
#941=EDGE_CURVE('',#771,#774,#361,.T.);
#942=EDGE_CURVE('',#775,#773,#362,.T.);
#943=EDGE_CURVE('',#774,#775,#363,.T.);
#944=EDGE_CURVE('',#776,#777,#364,.T.);
#945=EDGE_CURVE('',#776,#778,#365,.T.);
#946=EDGE_CURVE('',#779,#778,#366,.T.);
#947=EDGE_CURVE('',#777,#779,#367,.T.);
#948=EDGE_CURVE('',#780,#776,#368,.T.);
#949=EDGE_CURVE('',#780,#781,#369,.T.);
#950=EDGE_CURVE('',#778,#781,#370,.T.);
#951=EDGE_CURVE('',#782,#780,#371,.T.);
#952=EDGE_CURVE('',#782,#783,#372,.T.);
#953=EDGE_CURVE('',#781,#783,#373,.T.);
#954=EDGE_CURVE('',#784,#785,#374,.T.);
#955=EDGE_CURVE('',#784,#786,#375,.T.);
#956=EDGE_CURVE('',#787,#786,#376,.T.);
#957=EDGE_CURVE('',#785,#787,#377,.T.);
#958=EDGE_CURVE('',#788,#784,#378,.T.);
#959=EDGE_CURVE('',#788,#789,#379,.T.);
#960=EDGE_CURVE('',#786,#789,#380,.T.);
#961=EDGE_CURVE('',#790,#788,#381,.T.);
#962=EDGE_CURVE('',#790,#791,#382,.T.);
#963=EDGE_CURVE('',#789,#791,#383,.T.);
#964=EDGE_CURVE('',#792,#790,#384,.T.);
#965=EDGE_CURVE('',#792,#793,#385,.T.);
#966=EDGE_CURVE('',#791,#793,#386,.T.);
#967=EDGE_CURVE('',#785,#792,#387,.T.);
#968=EDGE_CURVE('',#793,#787,#388,.T.);
#969=EDGE_CURVE('',#794,#795,#389,.T.);
#970=EDGE_CURVE('',#794,#796,#390,.T.);
#971=EDGE_CURVE('',#797,#796,#391,.T.);
#972=EDGE_CURVE('',#795,#797,#392,.T.);
#973=EDGE_CURVE('',#798,#794,#393,.T.);
#974=EDGE_CURVE('',#798,#799,#394,.T.);
#975=EDGE_CURVE('',#796,#799,#395,.T.);
#976=EDGE_CURVE('',#795,#798,#396,.T.);
#977=EDGE_CURVE('',#799,#797,#397,.T.);
#978=EDGE_CURVE('',#800,#801,#398,.T.);
#979=EDGE_CURVE('',#800,#802,#399,.T.);
#980=EDGE_CURVE('',#803,#802,#400,.T.);
#981=EDGE_CURVE('',#801,#803,#401,.T.);
#982=EDGE_CURVE('',#804,#800,#402,.T.);
#983=EDGE_CURVE('',#804,#805,#403,.T.);
#984=EDGE_CURVE('',#802,#805,#404,.T.);
#985=EDGE_CURVE('',#806,#804,#405,.T.);
#986=EDGE_CURVE('',#806,#807,#406,.T.);
#987=EDGE_CURVE('',#805,#807,#407,.T.);
#988=EDGE_CURVE('',#801,#806,#408,.T.);
#989=EDGE_CURVE('',#807,#803,#409,.T.);
#990=EDGE_CURVE('',#723,#808,#410,.T.);
#991=EDGE_CURVE('',#808,#809,#411,.T.);
#992=EDGE_CURVE('',#809,#782,#412,.T.);
#993=EDGE_CURVE('',#777,#770,#413,.T.);
#994=EDGE_CURVE('',#774,#810,#414,.T.);
#995=EDGE_CURVE('',#810,#734,#415,.T.);
#996=EDGE_CURVE('',#731,#750,#416,.T.);
#997=EDGE_CURVE('',#754,#811,#417,.T.);
#998=EDGE_CURVE('',#811,#760,#418,.T.);
#999=EDGE_CURVE('',#757,#728,#419,.T.);
#1000=EDGE_CURVE('',#812,#813,#19,.T.);
#1001=EDGE_CURVE('',#813,#812,#20,.T.);
#1002=EDGE_CURVE('',#813,#814,#420,.T.);
#1003=EDGE_CURVE('',#814,#814,#706,.T.);
#1004=EDGE_CURVE('',#815,#815,#707,.T.);
#1005=EDGE_CURVE('',#816,#817,#421,.T.);
#1006=EDGE_CURVE('',#816,#818,#422,.T.);
#1007=EDGE_CURVE('',#819,#818,#423,.T.);
#1008=EDGE_CURVE('',#820,#819,#424,.T.);
#1009=EDGE_CURVE('',#820,#821,#425,.T.);
#1010=EDGE_CURVE('',#822,#821,#708,.T.);
#1011=EDGE_CURVE('',#823,#822,#426,.T.);
#1012=EDGE_CURVE('',#817,#823,#709,.T.);
#1013=EDGE_CURVE('',#818,#824,#21,.T.);
#1014=EDGE_CURVE('',#824,#816,#427,.T.);
#1015=EDGE_CURVE('',#825,#826,#428,.T.);
#1016=EDGE_CURVE('',#810,#826,#429,.T.);
#1017=EDGE_CURVE('',#772,#775,#430,.T.);
#1018=EDGE_CURVE('',#783,#779,#431,.T.);
#1019=EDGE_CURVE('',#809,#827,#432,.T.);
#1020=EDGE_CURVE('',#828,#827,#433,.T.);
#1021=EDGE_CURVE('',#828,#825,#434,.T.);
#1022=EDGE_CURVE('',#824,#829,#435,.T.);
#1023=EDGE_CURVE('',#827,#829,#436,.T.);
#1024=EDGE_CURVE('',#808,#830,#437,.T.);
#1025=EDGE_CURVE('',#831,#830,#438,.T.);
#1026=EDGE_CURVE('',#832,#831,#439,.T.);
#1027=EDGE_CURVE('',#833,#832,#440,.T.);
#1028=EDGE_CURVE('',#834,#833,#441,.T.);
#1029=EDGE_CURVE('',#835,#834,#442,.T.);
#1030=EDGE_CURVE('',#835,#818,#443,.T.);
#1031=EDGE_CURVE('',#818,#824,#444,.T.);
#1032=EDGE_CURVE('',#836,#837,#22,.T.);
#1033=EDGE_CURVE('',#837,#836,#23,.T.);
#1034=EDGE_CURVE('',#837,#838,#445,.T.);
#1035=EDGE_CURVE('',#838,#838,#710,.T.);
#1036=EDGE_CURVE('',#839,#839,#711,.T.);
#1037=EDGE_CURVE('',#832,#833,#24,.T.);
#1038=EDGE_CURVE('',#832,#840,#446,.T.);
#1039=EDGE_CURVE('',#840,#833,#447,.T.);
#1040=EDGE_CURVE('',#840,#841,#448,.T.);
#1041=EDGE_CURVE('',#842,#841,#712,.T.);
#1042=EDGE_CURVE('',#842,#843,#449,.T.);
#1043=EDGE_CURVE('',#844,#843,#713,.T.);
#1044=EDGE_CURVE('',#845,#844,#450,.T.);
#1045=EDGE_CURVE('',#845,#846,#451,.T.);
#1046=EDGE_CURVE('',#833,#846,#452,.T.);
#1047=EDGE_CURVE('',#729,#725,#453,.T.);
#1048=EDGE_CURVE('',#761,#759,#454,.T.);
#1049=EDGE_CURVE('',#811,#847,#455,.T.);
#1050=EDGE_CURVE('',#847,#848,#456,.T.);
#1051=EDGE_CURVE('',#848,#849,#457,.T.);
#1052=EDGE_CURVE('',#830,#849,#458,.T.);
#1053=EDGE_CURVE('',#850,#845,#459,.T.);
#1054=EDGE_CURVE('',#849,#850,#460,.T.);
#1055=EDGE_CURVE('',#846,#848,#461,.T.);
#1056=EDGE_CURVE('',#851,#819,#462,.T.);
#1057=EDGE_CURVE('',#851,#826,#463,.T.);
#1058=EDGE_CURVE('',#819,#825,#464,.T.);
#1059=EDGE_CURVE('',#852,#828,#465,.T.);
#1060=EDGE_CURVE('',#820,#852,#466,.T.);
#1061=EDGE_CURVE('',#853,#835,#467,.T.);
#1062=EDGE_CURVE('',#853,#854,#468,.T.);
#1063=EDGE_CURVE('',#855,#854,#469,.T.);
#1064=EDGE_CURVE('',#855,#851,#470,.T.);
#1065=EDGE_CURVE('',#829,#856,#471,.T.);
#1066=EDGE_CURVE('',#856,#857,#714,.T.);
#1067=EDGE_CURVE('',#857,#858,#472,.T.);
#1068=EDGE_CURVE('',#858,#859,#715,.T.);
#1069=EDGE_CURVE('',#859,#852,#473,.T.);
#1070=EDGE_CURVE('',#860,#860,#716,.T.);
#1071=EDGE_CURVE('',#861,#855,#474,.T.);
#1072=EDGE_CURVE('',#854,#862,#475,.T.);
#1073=EDGE_CURVE('',#862,#861,#476,.T.);
#1074=EDGE_CURVE('',#846,#863,#477,.T.);
#1075=EDGE_CURVE('',#863,#847,#478,.T.);
#1076=EDGE_CURVE('',#863,#861,#479,.T.);
#1077=EDGE_CURVE('',#864,#862,#480,.T.);
#1078=EDGE_CURVE('',#834,#864,#481,.T.);
#1079=EDGE_CURVE('',#850,#865,#482,.T.);
#1080=EDGE_CURVE('',#865,#866,#717,.T.);
#1081=EDGE_CURVE('',#866,#867,#483,.T.);
#1082=EDGE_CURVE('',#867,#868,#718,.T.);
#1083=EDGE_CURVE('',#868,#831,#484,.T.);
#1084=EDGE_CURVE('',#869,#869,#719,.T.);
#1085=EDGE_CURVE('',#860,#815,#485,.T.);
#1086=EDGE_CURVE('',#821,#859,#486,.T.);
#1087=EDGE_CURVE('',#822,#858,#487,.T.);
#1088=EDGE_CURVE('',#823,#857,#488,.T.);
#1089=EDGE_CURVE('',#817,#856,#489,.T.);
#1090=EDGE_CURVE('',#869,#839,#490,.T.);
#1091=EDGE_CURVE('',#841,#868,#491,.T.);
#1092=EDGE_CURVE('',#842,#867,#492,.T.);
#1093=EDGE_CURVE('',#843,#866,#493,.T.);
#1094=EDGE_CURVE('',#844,#865,#494,.T.);
#1095=EDGE_CURVE('',#864,#853,#495,.T.);
#1096=EDGE_CURVE('',#752,#755,#496,.T.);
#1097=EDGE_CURVE('',#735,#733,#497,.T.);
#1098=ORIENTED_EDGE('',*,*,#870,.F.);
#1099=ORIENTED_EDGE('',*,*,#871,.T.);
#1100=ORIENTED_EDGE('',*,*,#872,.F.);
#1101=ORIENTED_EDGE('',*,*,#871,.F.);
#1102=ORIENTED_EDGE('',*,*,#873,.F.);
#1103=ORIENTED_EDGE('',*,*,#874,.T.);
#1104=ORIENTED_EDGE('',*,*,#875,.F.);
#1105=ORIENTED_EDGE('',*,*,#876,.F.);
#1106=ORIENTED_EDGE('',*,*,#877,.F.);
#1107=ORIENTED_EDGE('',*,*,#878,.T.);
#1108=ORIENTED_EDGE('',*,*,#879,.F.);
#1109=ORIENTED_EDGE('',*,*,#874,.F.);
#1110=ORIENTED_EDGE('',*,*,#880,.F.);
#1111=ORIENTED_EDGE('',*,*,#881,.T.);
#1112=ORIENTED_EDGE('',*,*,#882,.F.);
#1113=ORIENTED_EDGE('',*,*,#878,.F.);
#1114=ORIENTED_EDGE('',*,*,#883,.F.);
#1115=ORIENTED_EDGE('',*,*,#884,.T.);
#1116=ORIENTED_EDGE('',*,*,#885,.F.);
#1117=ORIENTED_EDGE('',*,*,#886,.F.);
#1118=ORIENTED_EDGE('',*,*,#887,.F.);
#1119=ORIENTED_EDGE('',*,*,#888,.T.);
#1120=ORIENTED_EDGE('',*,*,#889,.F.);
#1121=ORIENTED_EDGE('',*,*,#884,.F.);
#1122=ORIENTED_EDGE('',*,*,#890,.F.);
#1123=ORIENTED_EDGE('',*,*,#891,.T.);
#1124=ORIENTED_EDGE('',*,*,#892,.F.);
#1125=ORIENTED_EDGE('',*,*,#893,.F.);
#1126=ORIENTED_EDGE('',*,*,#894,.F.);
#1127=ORIENTED_EDGE('',*,*,#895,.T.);
#1128=ORIENTED_EDGE('',*,*,#896,.F.);
#1129=ORIENTED_EDGE('',*,*,#891,.F.);
#1130=ORIENTED_EDGE('',*,*,#897,.F.);
#1131=ORIENTED_EDGE('',*,*,#898,.T.);
#1132=ORIENTED_EDGE('',*,*,#899,.F.);
#1133=ORIENTED_EDGE('',*,*,#895,.F.);
#1134=ORIENTED_EDGE('',*,*,#900,.F.);
#1135=ORIENTED_EDGE('',*,*,#893,.T.);
#1136=ORIENTED_EDGE('',*,*,#901,.F.);
#1137=ORIENTED_EDGE('',*,*,#898,.F.);
#1138=ORIENTED_EDGE('',*,*,#902,.F.);
#1139=ORIENTED_EDGE('',*,*,#903,.T.);
#1140=ORIENTED_EDGE('',*,*,#904,.F.);
#1141=ORIENTED_EDGE('',*,*,#905,.F.);
#1142=ORIENTED_EDGE('',*,*,#906,.F.);
#1143=ORIENTED_EDGE('',*,*,#907,.T.);
#1144=ORIENTED_EDGE('',*,*,#908,.F.);
#1145=ORIENTED_EDGE('',*,*,#903,.F.);
#1146=ORIENTED_EDGE('',*,*,#909,.F.);
#1147=ORIENTED_EDGE('',*,*,#905,.T.);
#1148=ORIENTED_EDGE('',*,*,#910,.F.);
#1149=ORIENTED_EDGE('',*,*,#907,.F.);
#1150=ORIENTED_EDGE('',*,*,#911,.F.);
#1151=ORIENTED_EDGE('',*,*,#912,.T.);
#1152=ORIENTED_EDGE('',*,*,#913,.F.);
#1153=ORIENTED_EDGE('',*,*,#914,.F.);
#1154=ORIENTED_EDGE('',*,*,#915,.F.);
#1155=ORIENTED_EDGE('',*,*,#914,.T.);
#1156=ORIENTED_EDGE('',*,*,#916,.F.);
#1157=ORIENTED_EDGE('',*,*,#917,.F.);
#1158=ORIENTED_EDGE('',*,*,#918,.F.);
#1159=ORIENTED_EDGE('',*,*,#919,.T.);
#1160=ORIENTED_EDGE('',*,*,#920,.F.);
#1161=ORIENTED_EDGE('',*,*,#921,.F.);
#1162=ORIENTED_EDGE('',*,*,#922,.F.);
#1163=ORIENTED_EDGE('',*,*,#923,.T.);
#1164=ORIENTED_EDGE('',*,*,#924,.F.);
#1165=ORIENTED_EDGE('',*,*,#919,.F.);
#1166=ORIENTED_EDGE('',*,*,#925,.F.);
#1167=ORIENTED_EDGE('',*,*,#926,.T.);
#1168=ORIENTED_EDGE('',*,*,#927,.F.);
#1169=ORIENTED_EDGE('',*,*,#928,.F.);
#1170=ORIENTED_EDGE('',*,*,#929,.F.);
#1171=ORIENTED_EDGE('',*,*,#930,.T.);
#1172=ORIENTED_EDGE('',*,*,#931,.F.);
#1173=ORIENTED_EDGE('',*,*,#926,.F.);
#1174=ORIENTED_EDGE('',*,*,#932,.F.);
#1175=ORIENTED_EDGE('',*,*,#933,.T.);
#1176=ORIENTED_EDGE('',*,*,#934,.F.);
#1177=ORIENTED_EDGE('',*,*,#930,.F.);
#1178=ORIENTED_EDGE('',*,*,#935,.F.);
#1179=ORIENTED_EDGE('',*,*,#928,.T.);
#1180=ORIENTED_EDGE('',*,*,#936,.F.);
#1181=ORIENTED_EDGE('',*,*,#933,.F.);
#1182=ORIENTED_EDGE('',*,*,#937,.F.);
#1183=ORIENTED_EDGE('',*,*,#938,.T.);
#1184=ORIENTED_EDGE('',*,*,#939,.F.);
#1185=ORIENTED_EDGE('',*,*,#940,.F.);
#1186=ORIENTED_EDGE('',*,*,#941,.F.);
#1187=ORIENTED_EDGE('',*,*,#940,.T.);
#1188=ORIENTED_EDGE('',*,*,#942,.F.);
#1189=ORIENTED_EDGE('',*,*,#943,.F.);
#1190=ORIENTED_EDGE('',*,*,#944,.F.);
#1191=ORIENTED_EDGE('',*,*,#945,.T.);
#1192=ORIENTED_EDGE('',*,*,#946,.F.);
#1193=ORIENTED_EDGE('',*,*,#947,.F.);
#1194=ORIENTED_EDGE('',*,*,#948,.F.);
#1195=ORIENTED_EDGE('',*,*,#949,.T.);
#1196=ORIENTED_EDGE('',*,*,#950,.F.);
#1197=ORIENTED_EDGE('',*,*,#945,.F.);
#1198=ORIENTED_EDGE('',*,*,#951,.F.);
#1199=ORIENTED_EDGE('',*,*,#952,.T.);
#1200=ORIENTED_EDGE('',*,*,#953,.F.);
#1201=ORIENTED_EDGE('',*,*,#949,.F.);
#1202=ORIENTED_EDGE('',*,*,#954,.F.);
#1203=ORIENTED_EDGE('',*,*,#955,.T.);
#1204=ORIENTED_EDGE('',*,*,#956,.F.);
#1205=ORIENTED_EDGE('',*,*,#957,.F.);
#1206=ORIENTED_EDGE('',*,*,#958,.F.);
#1207=ORIENTED_EDGE('',*,*,#959,.T.);
#1208=ORIENTED_EDGE('',*,*,#960,.F.);
#1209=ORIENTED_EDGE('',*,*,#955,.F.);
#1210=ORIENTED_EDGE('',*,*,#961,.F.);
#1211=ORIENTED_EDGE('',*,*,#962,.T.);
#1212=ORIENTED_EDGE('',*,*,#963,.F.);
#1213=ORIENTED_EDGE('',*,*,#959,.F.);
#1214=ORIENTED_EDGE('',*,*,#964,.F.);
#1215=ORIENTED_EDGE('',*,*,#965,.T.);
#1216=ORIENTED_EDGE('',*,*,#966,.F.);
#1217=ORIENTED_EDGE('',*,*,#962,.F.);
#1218=ORIENTED_EDGE('',*,*,#967,.F.);
#1219=ORIENTED_EDGE('',*,*,#957,.T.);
#1220=ORIENTED_EDGE('',*,*,#968,.F.);
#1221=ORIENTED_EDGE('',*,*,#965,.F.);
#1222=ORIENTED_EDGE('',*,*,#969,.F.);
#1223=ORIENTED_EDGE('',*,*,#970,.T.);
#1224=ORIENTED_EDGE('',*,*,#971,.F.);
#1225=ORIENTED_EDGE('',*,*,#972,.F.);
#1226=ORIENTED_EDGE('',*,*,#973,.F.);
#1227=ORIENTED_EDGE('',*,*,#974,.T.);
#1228=ORIENTED_EDGE('',*,*,#975,.F.);
#1229=ORIENTED_EDGE('',*,*,#970,.F.);
#1230=ORIENTED_EDGE('',*,*,#976,.F.);
#1231=ORIENTED_EDGE('',*,*,#972,.T.);
#1232=ORIENTED_EDGE('',*,*,#977,.F.);
#1233=ORIENTED_EDGE('',*,*,#974,.F.);
#1234=ORIENTED_EDGE('',*,*,#978,.F.);
#1235=ORIENTED_EDGE('',*,*,#979,.T.);
#1236=ORIENTED_EDGE('',*,*,#980,.F.);
#1237=ORIENTED_EDGE('',*,*,#981,.F.);
#1238=ORIENTED_EDGE('',*,*,#982,.F.);
#1239=ORIENTED_EDGE('',*,*,#983,.T.);
#1240=ORIENTED_EDGE('',*,*,#984,.F.);
#1241=ORIENTED_EDGE('',*,*,#979,.F.);
#1242=ORIENTED_EDGE('',*,*,#985,.F.);
#1243=ORIENTED_EDGE('',*,*,#986,.T.);
#1244=ORIENTED_EDGE('',*,*,#987,.F.);
#1245=ORIENTED_EDGE('',*,*,#983,.F.);
#1246=ORIENTED_EDGE('',*,*,#988,.F.);
#1247=ORIENTED_EDGE('',*,*,#981,.T.);
#1248=ORIENTED_EDGE('',*,*,#989,.F.);
#1249=ORIENTED_EDGE('',*,*,#986,.F.);
#1250=ORIENTED_EDGE('',*,*,#880,.T.);
#1251=ORIENTED_EDGE('',*,*,#877,.T.);
#1252=ORIENTED_EDGE('',*,*,#873,.T.);
#1253=ORIENTED_EDGE('',*,*,#990,.T.);
#1254=ORIENTED_EDGE('',*,*,#991,.T.);
#1255=ORIENTED_EDGE('',*,*,#992,.T.);
#1256=ORIENTED_EDGE('',*,*,#951,.T.);
#1257=ORIENTED_EDGE('',*,*,#948,.T.);
#1258=ORIENTED_EDGE('',*,*,#944,.T.);
#1259=ORIENTED_EDGE('',*,*,#993,.T.);
#1260=ORIENTED_EDGE('',*,*,#937,.T.);
#1261=ORIENTED_EDGE('',*,*,#941,.T.);
#1262=ORIENTED_EDGE('',*,*,#994,.T.);
#1263=ORIENTED_EDGE('',*,*,#995,.T.);
#1264=ORIENTED_EDGE('',*,*,#887,.T.);
#1265=ORIENTED_EDGE('',*,*,#883,.T.);
#1266=ORIENTED_EDGE('',*,*,#996,.T.);
#1267=ORIENTED_EDGE('',*,*,#911,.T.);
#1268=ORIENTED_EDGE('',*,*,#915,.T.);
#1269=ORIENTED_EDGE('',*,*,#997,.T.);
#1270=ORIENTED_EDGE('',*,*,#998,.T.);
#1271=ORIENTED_EDGE('',*,*,#922,.T.);
#1272=ORIENTED_EDGE('',*,*,#918,.T.);
#1273=ORIENTED_EDGE('',*,*,#999,.T.);
#1274=ORIENTED_EDGE('',*,*,#978,.T.);
#1275=ORIENTED_EDGE('',*,*,#988,.T.);
#1276=ORIENTED_EDGE('',*,*,#985,.T.);
#1277=ORIENTED_EDGE('',*,*,#982,.T.);
#1278=ORIENTED_EDGE('',*,*,#969,.T.);
#1279=ORIENTED_EDGE('',*,*,#976,.T.);
#1280=ORIENTED_EDGE('',*,*,#973,.T.);
#1281=ORIENTED_EDGE('',*,*,#954,.T.);
#1282=ORIENTED_EDGE('',*,*,#967,.T.);
#1283=ORIENTED_EDGE('',*,*,#964,.T.);
#1284=ORIENTED_EDGE('',*,*,#961,.T.);
#1285=ORIENTED_EDGE('',*,*,#958,.T.);
#1286=ORIENTED_EDGE('',*,*,#925,.T.);
#1287=ORIENTED_EDGE('',*,*,#935,.T.);
#1288=ORIENTED_EDGE('',*,*,#932,.T.);
#1289=ORIENTED_EDGE('',*,*,#929,.T.);
#1290=ORIENTED_EDGE('',*,*,#902,.T.);
#1291=ORIENTED_EDGE('',*,*,#909,.T.);
#1292=ORIENTED_EDGE('',*,*,#906,.T.);
#1293=ORIENTED_EDGE('',*,*,#890,.T.);
#1294=ORIENTED_EDGE('',*,*,#900,.T.);
#1295=ORIENTED_EDGE('',*,*,#897,.T.);
#1296=ORIENTED_EDGE('',*,*,#894,.T.);
#1297=ORIENTED_EDGE('',*,*,#1000,.F.);
#1298=ORIENTED_EDGE('',*,*,#1001,.F.);
#1299=ORIENTED_EDGE('',*,*,#1002,.T.);
#1300=ORIENTED_EDGE('',*,*,#1003,.F.);
#1301=ORIENTED_EDGE('',*,*,#1002,.F.);
#1302=ORIENTED_EDGE('',*,*,#1003,.T.);
#1303=ORIENTED_EDGE('',*,*,#1004,.T.);
#1304=ORIENTED_EDGE('',*,*,#1005,.F.);
#1305=ORIENTED_EDGE('',*,*,#1006,.T.);
#1306=ORIENTED_EDGE('',*,*,#1007,.F.);
#1307=ORIENTED_EDGE('',*,*,#1008,.F.);
#1308=ORIENTED_EDGE('',*,*,#1009,.T.);
#1309=ORIENTED_EDGE('',*,*,#1010,.F.);
#1310=ORIENTED_EDGE('',*,*,#1011,.F.);
#1311=ORIENTED_EDGE('',*,*,#1012,.F.);
#1312=ORIENTED_EDGE('',*,*,#1000,.T.);
#1313=ORIENTED_EDGE('',*,*,#1001,.T.);
#1314=ORIENTED_EDGE('',*,*,#1013,.F.);
#1315=ORIENTED_EDGE('',*,*,#1006,.F.);
#1316=ORIENTED_EDGE('',*,*,#1014,.F.);
#1317=ORIENTED_EDGE('',*,*,#1015,.T.);
#1318=ORIENTED_EDGE('',*,*,#1016,.F.);
#1319=ORIENTED_EDGE('',*,*,#994,.F.);
#1320=ORIENTED_EDGE('',*,*,#943,.T.);
#1321=ORIENTED_EDGE('',*,*,#1017,.F.);
#1322=ORIENTED_EDGE('',*,*,#938,.F.);
#1323=ORIENTED_EDGE('',*,*,#993,.F.);
#1324=ORIENTED_EDGE('',*,*,#947,.T.);
#1325=ORIENTED_EDGE('',*,*,#1018,.F.);
#1326=ORIENTED_EDGE('',*,*,#952,.F.);
#1327=ORIENTED_EDGE('',*,*,#992,.F.);
#1328=ORIENTED_EDGE('',*,*,#1019,.T.);
#1329=ORIENTED_EDGE('',*,*,#1020,.F.);
#1330=ORIENTED_EDGE('',*,*,#1021,.T.);
#1331=ORIENTED_EDGE('',*,*,#1022,.T.);
#1332=ORIENTED_EDGE('',*,*,#1023,.F.);
#1333=ORIENTED_EDGE('',*,*,#1019,.F.);
#1334=ORIENTED_EDGE('',*,*,#991,.F.);
#1335=ORIENTED_EDGE('',*,*,#1024,.T.);
#1336=ORIENTED_EDGE('',*,*,#1025,.F.);
#1337=ORIENTED_EDGE('',*,*,#1026,.F.);
#1338=ORIENTED_EDGE('',*,*,#1027,.F.);
#1339=ORIENTED_EDGE('',*,*,#1028,.F.);
#1340=ORIENTED_EDGE('',*,*,#1029,.F.);
#1341=ORIENTED_EDGE('',*,*,#1030,.T.);
#1342=ORIENTED_EDGE('',*,*,#1031,.T.);
#1343=ORIENTED_EDGE('',*,*,#1013,.T.);
#1344=ORIENTED_EDGE('',*,*,#1031,.F.);
#1345=ORIENTED_EDGE('',*,*,#1032,.F.);
#1346=ORIENTED_EDGE('',*,*,#1033,.F.);
#1347=ORIENTED_EDGE('',*,*,#1034,.T.);
#1348=ORIENTED_EDGE('',*,*,#1035,.T.);
#1349=ORIENTED_EDGE('',*,*,#1034,.F.);
#1350=ORIENTED_EDGE('',*,*,#1035,.F.);
#1351=ORIENTED_EDGE('',*,*,#1036,.F.);
#1352=ORIENTED_EDGE('',*,*,#1037,.F.);
#1353=ORIENTED_EDGE('',*,*,#1038,.T.);
#1354=ORIENTED_EDGE('',*,*,#1039,.T.);
#1355=ORIENTED_EDGE('',*,*,#1040,.T.);
#1356=ORIENTED_EDGE('',*,*,#1041,.F.);
#1357=ORIENTED_EDGE('',*,*,#1042,.T.);
#1358=ORIENTED_EDGE('',*,*,#1043,.F.);
#1359=ORIENTED_EDGE('',*,*,#1044,.F.);
#1360=ORIENTED_EDGE('',*,*,#1045,.T.);
#1361=ORIENTED_EDGE('',*,*,#1046,.F.);
#1362=ORIENTED_EDGE('',*,*,#1039,.F.);
#1363=ORIENTED_EDGE('',*,*,#1032,.T.);
#1364=ORIENTED_EDGE('',*,*,#1033,.T.);
#1365=ORIENTED_EDGE('',*,*,#1024,.F.);
#1366=ORIENTED_EDGE('',*,*,#990,.F.);
#1367=ORIENTED_EDGE('',*,*,#876,.T.);
#1368=ORIENTED_EDGE('',*,*,#1047,.F.);
#1369=ORIENTED_EDGE('',*,*,#881,.F.);
#1370=ORIENTED_EDGE('',*,*,#999,.F.);
#1371=ORIENTED_EDGE('',*,*,#921,.T.);
#1372=ORIENTED_EDGE('',*,*,#1048,.F.);
#1373=ORIENTED_EDGE('',*,*,#923,.F.);
#1374=ORIENTED_EDGE('',*,*,#998,.F.);
#1375=ORIENTED_EDGE('',*,*,#1049,.T.);
#1376=ORIENTED_EDGE('',*,*,#1050,.T.);
#1377=ORIENTED_EDGE('',*,*,#1051,.T.);
#1378=ORIENTED_EDGE('',*,*,#1052,.F.);
#1379=ORIENTED_EDGE('',*,*,#1053,.F.);
#1380=ORIENTED_EDGE('',*,*,#1054,.F.);
#1381=ORIENTED_EDGE('',*,*,#1051,.F.);
#1382=ORIENTED_EDGE('',*,*,#1055,.F.);
#1383=ORIENTED_EDGE('',*,*,#1045,.F.);
#1384=ORIENTED_EDGE('',*,*,#1037,.T.);
#1385=ORIENTED_EDGE('',*,*,#1027,.T.);
#1386=ORIENTED_EDGE('',*,*,#1056,.F.);
#1387=ORIENTED_EDGE('',*,*,#1057,.T.);
#1388=ORIENTED_EDGE('',*,*,#1015,.F.);
#1389=ORIENTED_EDGE('',*,*,#1058,.F.);
#1390=ORIENTED_EDGE('',*,*,#1021,.F.);
#1391=ORIENTED_EDGE('',*,*,#1059,.F.);
#1392=ORIENTED_EDGE('',*,*,#1060,.F.);
#1393=ORIENTED_EDGE('',*,*,#1008,.T.);
#1394=ORIENTED_EDGE('',*,*,#1058,.T.);
#1395=ORIENTED_EDGE('',*,*,#1007,.T.);
#1396=ORIENTED_EDGE('',*,*,#1030,.F.);
#1397=ORIENTED_EDGE('',*,*,#1061,.F.);
#1398=ORIENTED_EDGE('',*,*,#1062,.T.);
#1399=ORIENTED_EDGE('',*,*,#1063,.F.);
#1400=ORIENTED_EDGE('',*,*,#1064,.T.);
#1401=ORIENTED_EDGE('',*,*,#1056,.T.);
#1402=ORIENTED_EDGE('',*,*,#1059,.T.);
#1403=ORIENTED_EDGE('',*,*,#1020,.T.);
#1404=ORIENTED_EDGE('',*,*,#1023,.T.);
#1405=ORIENTED_EDGE('',*,*,#1065,.T.);
#1406=ORIENTED_EDGE('',*,*,#1066,.T.);
#1407=ORIENTED_EDGE('',*,*,#1067,.T.);
#1408=ORIENTED_EDGE('',*,*,#1068,.T.);
#1409=ORIENTED_EDGE('',*,*,#1069,.T.);
#1410=ORIENTED_EDGE('',*,*,#1070,.T.);
#1411=ORIENTED_EDGE('',*,*,#1071,.T.);
#1412=ORIENTED_EDGE('',*,*,#1063,.T.);
#1413=ORIENTED_EDGE('',*,*,#1072,.T.);
#1414=ORIENTED_EDGE('',*,*,#1073,.T.);
#1415=ORIENTED_EDGE('',*,*,#1074,.F.);
#1416=ORIENTED_EDGE('',*,*,#1055,.T.);
#1417=ORIENTED_EDGE('',*,*,#1050,.F.);
#1418=ORIENTED_EDGE('',*,*,#1075,.F.);
#1419=ORIENTED_EDGE('',*,*,#1046,.T.);
#1420=ORIENTED_EDGE('',*,*,#1074,.T.);
#1421=ORIENTED_EDGE('',*,*,#1076,.T.);
#1422=ORIENTED_EDGE('',*,*,#1073,.F.);
#1423=ORIENTED_EDGE('',*,*,#1077,.F.);
#1424=ORIENTED_EDGE('',*,*,#1078,.F.);
#1425=ORIENTED_EDGE('',*,*,#1028,.T.);
#1426=ORIENTED_EDGE('',*,*,#1054,.T.);
#1427=ORIENTED_EDGE('',*,*,#1079,.T.);
#1428=ORIENTED_EDGE('',*,*,#1080,.T.);
#1429=ORIENTED_EDGE('',*,*,#1081,.T.);
#1430=ORIENTED_EDGE('',*,*,#1082,.T.);
#1431=ORIENTED_EDGE('',*,*,#1083,.T.);
#1432=ORIENTED_EDGE('',*,*,#1025,.T.);
#1433=ORIENTED_EDGE('',*,*,#1052,.T.);
#1434=ORIENTED_EDGE('',*,*,#1084,.T.);
#1435=ORIENTED_EDGE('',*,*,#1070,.F.);
#1436=ORIENTED_EDGE('',*,*,#1085,.T.);
#1437=ORIENTED_EDGE('',*,*,#1004,.F.);
#1438=ORIENTED_EDGE('',*,*,#1085,.F.);
#1439=ORIENTED_EDGE('',*,*,#1060,.T.);
#1440=ORIENTED_EDGE('',*,*,#1069,.F.);
#1441=ORIENTED_EDGE('',*,*,#1086,.F.);
#1442=ORIENTED_EDGE('',*,*,#1009,.F.);
#1443=ORIENTED_EDGE('',*,*,#1010,.T.);
#1444=ORIENTED_EDGE('',*,*,#1086,.T.);
#1445=ORIENTED_EDGE('',*,*,#1068,.F.);
#1446=ORIENTED_EDGE('',*,*,#1087,.F.);
#1447=ORIENTED_EDGE('',*,*,#1011,.T.);
#1448=ORIENTED_EDGE('',*,*,#1087,.T.);
#1449=ORIENTED_EDGE('',*,*,#1067,.F.);
#1450=ORIENTED_EDGE('',*,*,#1088,.F.);
#1451=ORIENTED_EDGE('',*,*,#1012,.T.);
#1452=ORIENTED_EDGE('',*,*,#1088,.T.);
#1453=ORIENTED_EDGE('',*,*,#1066,.F.);
#1454=ORIENTED_EDGE('',*,*,#1089,.F.);
#1455=ORIENTED_EDGE('',*,*,#1014,.T.);
#1456=ORIENTED_EDGE('',*,*,#1005,.T.);
#1457=ORIENTED_EDGE('',*,*,#1089,.T.);
#1458=ORIENTED_EDGE('',*,*,#1065,.F.);
#1459=ORIENTED_EDGE('',*,*,#1022,.F.);
#1460=ORIENTED_EDGE('',*,*,#1084,.F.);
#1461=ORIENTED_EDGE('',*,*,#1090,.T.);
#1462=ORIENTED_EDGE('',*,*,#1036,.T.);
#1463=ORIENTED_EDGE('',*,*,#1090,.F.);
#1464=ORIENTED_EDGE('',*,*,#1038,.F.);
#1465=ORIENTED_EDGE('',*,*,#1026,.T.);
#1466=ORIENTED_EDGE('',*,*,#1083,.F.);
#1467=ORIENTED_EDGE('',*,*,#1091,.F.);
#1468=ORIENTED_EDGE('',*,*,#1040,.F.);
#1469=ORIENTED_EDGE('',*,*,#1041,.T.);
#1470=ORIENTED_EDGE('',*,*,#1091,.T.);
#1471=ORIENTED_EDGE('',*,*,#1082,.F.);
#1472=ORIENTED_EDGE('',*,*,#1092,.F.);
#1473=ORIENTED_EDGE('',*,*,#1042,.F.);
#1474=ORIENTED_EDGE('',*,*,#1092,.T.);
#1475=ORIENTED_EDGE('',*,*,#1081,.F.);
#1476=ORIENTED_EDGE('',*,*,#1093,.F.);
#1477=ORIENTED_EDGE('',*,*,#1043,.T.);
#1478=ORIENTED_EDGE('',*,*,#1093,.T.);
#1479=ORIENTED_EDGE('',*,*,#1080,.F.);
#1480=ORIENTED_EDGE('',*,*,#1094,.F.);
#1481=ORIENTED_EDGE('',*,*,#1053,.T.);
#1482=ORIENTED_EDGE('',*,*,#1044,.T.);
#1483=ORIENTED_EDGE('',*,*,#1094,.T.);
#1484=ORIENTED_EDGE('',*,*,#1079,.F.);
#1485=ORIENTED_EDGE('',*,*,#1095,.F.);
#1486=ORIENTED_EDGE('',*,*,#1077,.T.);
#1487=ORIENTED_EDGE('',*,*,#1072,.F.);
#1488=ORIENTED_EDGE('',*,*,#1062,.F.);
#1489=ORIENTED_EDGE('',*,*,#870,.T.);
#1490=ORIENTED_EDGE('',*,*,#995,.F.);
#1491=ORIENTED_EDGE('',*,*,#1016,.T.);
#1492=ORIENTED_EDGE('',*,*,#1057,.F.);
#1493=ORIENTED_EDGE('',*,*,#1064,.F.);
#1494=ORIENTED_EDGE('',*,*,#1071,.F.);
#1495=ORIENTED_EDGE('',*,*,#1076,.F.);
#1496=ORIENTED_EDGE('',*,*,#1075,.T.);
#1497=ORIENTED_EDGE('',*,*,#1049,.F.);
#1498=ORIENTED_EDGE('',*,*,#997,.F.);
#1499=ORIENTED_EDGE('',*,*,#917,.T.);
#1500=ORIENTED_EDGE('',*,*,#1096,.F.);
#1501=ORIENTED_EDGE('',*,*,#912,.F.);
#1502=ORIENTED_EDGE('',*,*,#996,.F.);
#1503=ORIENTED_EDGE('',*,*,#886,.T.);
#1504=ORIENTED_EDGE('',*,*,#1097,.F.);
#1505=ORIENTED_EDGE('',*,*,#888,.F.);
#1506=ORIENTED_EDGE('',*,*,#872,.T.);
#1507=ORIENTED_EDGE('',*,*,#1029,.T.);
#1508=ORIENTED_EDGE('',*,*,#1078,.T.);
#1509=ORIENTED_EDGE('',*,*,#1095,.T.);
#1510=ORIENTED_EDGE('',*,*,#1061,.T.);
#1511=ORIENTED_EDGE('',*,*,#875,.T.);
#1512=ORIENTED_EDGE('',*,*,#879,.T.);
#1513=ORIENTED_EDGE('',*,*,#882,.T.);
#1514=ORIENTED_EDGE('',*,*,#1047,.T.);
#1515=ORIENTED_EDGE('',*,*,#885,.T.);
#1516=ORIENTED_EDGE('',*,*,#889,.T.);
#1517=ORIENTED_EDGE('',*,*,#1097,.T.);
#1518=ORIENTED_EDGE('',*,*,#892,.T.);
#1519=ORIENTED_EDGE('',*,*,#896,.T.);
#1520=ORIENTED_EDGE('',*,*,#899,.T.);
#1521=ORIENTED_EDGE('',*,*,#901,.T.);
#1522=ORIENTED_EDGE('',*,*,#904,.T.);
#1523=ORIENTED_EDGE('',*,*,#908,.T.);
#1524=ORIENTED_EDGE('',*,*,#910,.T.);
#1525=ORIENTED_EDGE('',*,*,#913,.T.);
#1526=ORIENTED_EDGE('',*,*,#1096,.T.);
#1527=ORIENTED_EDGE('',*,*,#916,.T.);
#1528=ORIENTED_EDGE('',*,*,#920,.T.);
#1529=ORIENTED_EDGE('',*,*,#924,.T.);
#1530=ORIENTED_EDGE('',*,*,#1048,.T.);
#1531=ORIENTED_EDGE('',*,*,#927,.T.);
#1532=ORIENTED_EDGE('',*,*,#931,.T.);
#1533=ORIENTED_EDGE('',*,*,#934,.T.);
#1534=ORIENTED_EDGE('',*,*,#936,.T.);
#1535=ORIENTED_EDGE('',*,*,#939,.T.);
#1536=ORIENTED_EDGE('',*,*,#1017,.T.);
#1537=ORIENTED_EDGE('',*,*,#942,.T.);
#1538=ORIENTED_EDGE('',*,*,#946,.T.);
#1539=ORIENTED_EDGE('',*,*,#950,.T.);
#1540=ORIENTED_EDGE('',*,*,#953,.T.);
#1541=ORIENTED_EDGE('',*,*,#1018,.T.);
#1542=ORIENTED_EDGE('',*,*,#956,.T.);
#1543=ORIENTED_EDGE('',*,*,#960,.T.);
#1544=ORIENTED_EDGE('',*,*,#963,.T.);
#1545=ORIENTED_EDGE('',*,*,#966,.T.);
#1546=ORIENTED_EDGE('',*,*,#968,.T.);
#1547=ORIENTED_EDGE('',*,*,#971,.T.);
#1548=ORIENTED_EDGE('',*,*,#975,.T.);
#1549=ORIENTED_EDGE('',*,*,#977,.T.);
#1550=ORIENTED_EDGE('',*,*,#980,.T.);
#1551=ORIENTED_EDGE('',*,*,#984,.T.);
#1552=ORIENTED_EDGE('',*,*,#987,.T.);
#1553=ORIENTED_EDGE('',*,*,#989,.T.);
#1554=CYLINDRICAL_SURFACE('',#1653,4.);
#1555=CYLINDRICAL_SURFACE('',#1694,3.25);
#1556=CYLINDRICAL_SURFACE('',#1703,3.25);
#1557=CYLINDRICAL_SURFACE('',#1726,1.75);
#1558=CYLINDRICAL_SURFACE('',#1728,3.99999999999999);
#1559=CYLINDRICAL_SURFACE('',#1730,4.);
#1560=CYLINDRICAL_SURFACE('',#1732,1.75);
#1561=CYLINDRICAL_SURFACE('',#1734,4.00000000000001);
#1562=CYLINDRICAL_SURFACE('',#1736,4.);
#1563=ADVANCED_FACE('',(#114),#1554,.F.);
#1564=ADVANCED_FACE('',(#115),#51,.F.);
#1565=ADVANCED_FACE('',(#116),#52,.F.);
#1566=ADVANCED_FACE('',(#117),#53,.F.);
#1567=ADVANCED_FACE('',(#118),#54,.F.);
#1568=ADVANCED_FACE('',(#119),#55,.F.);
#1569=ADVANCED_FACE('',(#120),#56,.F.);
#1570=ADVANCED_FACE('',(#121),#57,.F.);
#1571=ADVANCED_FACE('',(#122),#58,.F.);
#1572=ADVANCED_FACE('',(#123),#59,.F.);
#1573=ADVANCED_FACE('',(#124),#60,.F.);
#1574=ADVANCED_FACE('',(#125),#61,.F.);
#1575=ADVANCED_FACE('',(#126),#62,.F.);
#1576=ADVANCED_FACE('',(#127),#63,.F.);
#1577=ADVANCED_FACE('',(#128),#64,.F.);
#1578=ADVANCED_FACE('',(#129),#65,.F.);
#1579=ADVANCED_FACE('',(#130),#66,.F.);
#1580=ADVANCED_FACE('',(#131),#67,.F.);
#1581=ADVANCED_FACE('',(#132),#68,.F.);
#1582=ADVANCED_FACE('',(#133),#69,.F.);
#1583=ADVANCED_FACE('',(#134),#70,.F.);
#1584=ADVANCED_FACE('',(#135),#71,.F.);
#1585=ADVANCED_FACE('',(#136),#72,.F.);
#1586=ADVANCED_FACE('',(#137),#73,.F.);
#1587=ADVANCED_FACE('',(#138),#74,.F.);
#1588=ADVANCED_FACE('',(#139),#75,.F.);
#1589=ADVANCED_FACE('',(#140),#76,.F.);
#1590=ADVANCED_FACE('',(#141),#77,.F.);
#1591=ADVANCED_FACE('',(#142),#78,.F.);
#1592=ADVANCED_FACE('',(#143),#79,.F.);
#1593=ADVANCED_FACE('',(#144),#80,.F.);
#1594=ADVANCED_FACE('',(#145),#81,.F.);
#1595=ADVANCED_FACE('',(#146),#82,.F.);
#1596=ADVANCED_FACE('',(#147),#83,.F.);
#1597=ADVANCED_FACE('',(#148),#84,.F.);
#1598=ADVANCED_FACE('',(#149),#85,.F.);
#1599=ADVANCED_FACE('',(#150),#86,.F.);
#1600=ADVANCED_FACE('',(#151),#87,.F.);
#1601=ADVANCED_FACE('',(#152,#25,#26,#27,#28,#29,#30),#88,.T.);
#1602=ADVANCED_FACE('',(#153),#1555,.F.);
#1603=ADVANCED_FACE('',(#154,#31),#89,.T.);
#1604=ADVANCED_FACE('',(#155,#32),#15,.F.);
#1605=ADVANCED_FACE('',(#156),#16,.F.);
#1606=ADVANCED_FACE('',(#157),#90,.T.);
#1607=ADVANCED_FACE('',(#158),#91,.T.);
#1608=ADVANCED_FACE('',(#159),#92,.T.);
#1609=ADVANCED_FACE('',(#160),#1556,.F.);
#1610=ADVANCED_FACE('',(#161,#33),#93,.F.);
#1611=ADVANCED_FACE('',(#162),#17,.T.);
#1612=ADVANCED_FACE('',(#163,#34),#18,.T.);
#1613=ADVANCED_FACE('',(#164),#94,.T.);
#1614=ADVANCED_FACE('',(#165),#95,.F.);
#1615=ADVANCED_FACE('',(#166),#96,.T.);
#1616=ADVANCED_FACE('',(#167),#97,.F.);
#1617=ADVANCED_FACE('',(#168),#98,.T.);
#1618=ADVANCED_FACE('',(#169),#99,.T.);
#1619=ADVANCED_FACE('',(#170,#35),#100,.T.);
#1620=ADVANCED_FACE('',(#171),#101,.T.);
#1621=ADVANCED_FACE('',(#172),#102,.T.);
#1622=ADVANCED_FACE('',(#173),#103,.T.);
#1623=ADVANCED_FACE('',(#174,#36),#104,.T.);
#1624=ADVANCED_FACE('',(#175),#1557,.F.);
#1625=ADVANCED_FACE('',(#176),#105,.T.);
#1626=ADVANCED_FACE('',(#177),#1558,.T.);
#1627=ADVANCED_FACE('',(#178),#106,.T.);
#1628=ADVANCED_FACE('',(#179),#1559,.T.);
#1629=ADVANCED_FACE('',(#180),#107,.T.);
#1630=ADVANCED_FACE('',(#181),#1560,.F.);
#1631=ADVANCED_FACE('',(#182),#108,.T.);
#1632=ADVANCED_FACE('',(#183),#1561,.T.);
#1633=ADVANCED_FACE('',(#184),#109,.T.);
#1634=ADVANCED_FACE('',(#185),#1562,.T.);
#1635=ADVANCED_FACE('',(#186),#110,.T.);
#1636=ADVANCED_FACE('',(#187,#37),#111,.T.);
#1637=ADVANCED_FACE('',(#188,#38),#112,.T.);
#1638=ADVANCED_FACE('',(#189,#39,#40,#41,#42,#43,#44,#45,#46,#47,#48,#49,
#50),#113,.F.);
#1639=CLOSED_SHELL('',(#1563,#1564,#1565,#1566,#1567,#1568,#1569,#1570,
#1571,#1572,#1573,#1574,#1575,#1576,#1577,#1578,#1579,#1580,#1581,#1582,
#1583,#1584,#1585,#1586,#1587,#1588,#1589,#1590,#1591,#1592,#1593,#1594,
#1595,#1596,#1597,#1598,#1599,#1600,#1601,#1602,#1603,#1604,#1605,#1606,
#1607,#1608,#1609,#1610,#1611,#1612,#1613,#1614,#1615,#1616,#1617,#1618,
#1619,#1620,#1621,#1622,#1623,#1624,#1625,#1626,#1627,#1628,#1629,#1630,
#1631,#1632,#1633,#1634,#1635,#1636,#1637,#1638));
#1640=DERIVED_UNIT_ELEMENT(#1642,1.);
#1641=DERIVED_UNIT_ELEMENT(#2856,-3.);
#1642=(
MASS_UNIT()
NAMED_UNIT(*)
SI_UNIT(.KILO.,.GRAM.)
);
#1643=DERIVED_UNIT((#1640,#1641));
#1644=MEASURE_REPRESENTATION_ITEM('density measure',
POSITIVE_RATIO_MEASURE(7850.),#1643);
#1645=PROPERTY_DEFINITION_REPRESENTATION(#1650,#1647);
#1646=PROPERTY_DEFINITION_REPRESENTATION(#1651,#1648);
#1647=REPRESENTATION('material name',(#1649),#2853);
#1648=REPRESENTATION('density',(#1644),#2853);
#1649=DESCRIPTIVE_REPRESENTATION_ITEM('Steel','Steel');
#1650=PROPERTY_DEFINITION('material property','material name',#2863);
#1651=PROPERTY_DEFINITION('material property','density of part',#2863);
#1652=AXIS2_PLACEMENT_3D('',#2125,#1741,#1742);
#1653=AXIS2_PLACEMENT_3D('',#2126,#1743,#1744);
#1654=AXIS2_PLACEMENT_3D('',#2128,#1745,#1746);
#1655=AXIS2_PLACEMENT_3D('',#2131,#1748,#1749);
#1656=AXIS2_PLACEMENT_3D('',#2132,#1750,#1751);
#1657=AXIS2_PLACEMENT_3D('',#2141,#1756,#1757);
#1658=AXIS2_PLACEMENT_3D('',#2147,#1761,#1762);
#1659=AXIS2_PLACEMENT_3D('',#2153,#1766,#1767);
#1660=AXIS2_PLACEMENT_3D('',#2162,#1772,#1773);
#1661=AXIS2_PLACEMENT_3D('',#2168,#1777,#1778);
#1662=AXIS2_PLACEMENT_3D('',#2177,#1783,#1784);
#1663=AXIS2_PLACEMENT_3D('',#2183,#1788,#1789);
#1664=AXIS2_PLACEMENT_3D('',#2189,#1793,#1794);
#1665=AXIS2_PLACEMENT_3D('',#2192,#1797,#1798);
#1666=AXIS2_PLACEMENT_3D('',#2201,#1803,#1804);
#1667=AXIS2_PLACEMENT_3D('',#2207,#1808,#1809);
#1668=AXIS2_PLACEMENT_3D('',#2210,#1812,#1813);
#1669=AXIS2_PLACEMENT_3D('',#2219,#1818,#1819);
#1670=AXIS2_PLACEMENT_3D('',#2225,#1823,#1824);
#1671=AXIS2_PLACEMENT_3D('',#2234,#1829,#1830);
#1672=AXIS2_PLACEMENT_3D('',#2240,#1834,#1835);
#1673=AXIS2_PLACEMENT_3D('',#2249,#1840,#1841);
#1674=AXIS2_PLACEMENT_3D('',#2255,#1845,#1846);
#1675=AXIS2_PLACEMENT_3D('',#2261,#1850,#1851);
#1676=AXIS2_PLACEMENT_3D('',#2264,#1854,#1855);
#1677=AXIS2_PLACEMENT_3D('',#2273,#1860,#1861);
#1678=AXIS2_PLACEMENT_3D('',#2279,#1865,#1866);
#1679=AXIS2_PLACEMENT_3D('',#2288,#1871,#1872);
#1680=AXIS2_PLACEMENT_3D('',#2294,#1876,#1877);
#1681=AXIS2_PLACEMENT_3D('',#2300,#1881,#1882);
#1682=AXIS2_PLACEMENT_3D('',#2309,#1887,#1888);
#1683=AXIS2_PLACEMENT_3D('',#2315,#1892,#1893);
#1684=AXIS2_PLACEMENT_3D('',#2321,#1897,#1898);
#1685=AXIS2_PLACEMENT_3D('',#2327,#1902,#1903);
#1686=AXIS2_PLACEMENT_3D('',#2330,#1906,#1907);
#1687=AXIS2_PLACEMENT_3D('',#2339,#1912,#1913);
#1688=AXIS2_PLACEMENT_3D('',#2345,#1917,#1918);
#1689=AXIS2_PLACEMENT_3D('',#2348,#1921,#1922);
#1690=AXIS2_PLACEMENT_3D('',#2357,#1927,#1928);
#1691=AXIS2_PLACEMENT_3D('',#2363,#1932,#1933);
#1692=AXIS2_PLACEMENT_3D('',#2369,#1937,#1938);
#1693=AXIS2_PLACEMENT_3D('',#2372,#1941,#1942);
#1694=AXIS2_PLACEMENT_3D('',#2387,#1953,#1954);
#1695=AXIS2_PLACEMENT_3D('',#2436,#1956,#1957);
#1696=AXIS2_PLACEMENT_3D('',#2437,#1958,#1959);
#1697=AXIS2_PLACEMENT_3D('',#2439,#1960,#1961);
#1698=AXIS2_PLACEMENT_3D('',#2500,#1967,#1968);
#1699=AXIS2_PLACEMENT_3D('',#2503,#1970,#1971);
#1700=AXIS2_PLACEMENT_3D('',#2553,#1973,#1974);
#1701=AXIS2_PLACEMENT_3D('',#2565,#1982,#1983);
#1702=AXIS2_PLACEMENT_3D('',#2583,#1994,#1995);
#1703=AXIS2_PLACEMENT_3D('',#2584,#1996,#1997);
#1704=AXIS2_PLACEMENT_3D('',#2633,#1999,#2000);
#1705=AXIS2_PLACEMENT_3D('',#2634,#2001,#2002);
#1706=AXIS2_PLACEMENT_3D('',#2636,#2003,#2004);
#1707=AXIS2_PLACEMENT_3D('',#2741,#2008,#2009);
#1708=AXIS2_PLACEMENT_3D('',#2745,#2011,#2012);
#1709=AXIS2_PLACEMENT_3D('',#2751,#2016,#2017);
#1710=AXIS2_PLACEMENT_3D('',#2761,#2024,#2025);
#1711=AXIS2_PLACEMENT_3D('',#2766,#2029,#2030);
#1712=AXIS2_PLACEMENT_3D('',#2767,#2031,#2032);
#1713=AXIS2_PLACEMENT_3D('',#2772,#2036,#2037);
#1714=AXIS2_PLACEMENT_3D('',#2776,#2040,#2041);
#1715=AXIS2_PLACEMENT_3D('',#2784,#2046,#2047);
#1716=AXIS2_PLACEMENT_3D('',#2788,#2049,#2050);
#1717=AXIS2_PLACEMENT_3D('',#2792,#2052,#2053);
#1718=AXIS2_PLACEMENT_3D('',#2795,#2055,#2056);
#1719=AXIS2_PLACEMENT_3D('',#2796,#2057,#2058);
#1720=AXIS2_PLACEMENT_3D('',#2802,#2062,#2063);
#1721=AXIS2_PLACEMENT_3D('',#2806,#2066,#2067);
#1722=AXIS2_PLACEMENT_3D('',#2811,#2071,#2072);
#1723=AXIS2_PLACEMENT_3D('',#2815,#2074,#2075);
#1724=AXIS2_PLACEMENT_3D('',#2819,#2077,#2078);
#1725=AXIS2_PLACEMENT_3D('',#2822,#2080,#2081);
#1726=AXIS2_PLACEMENT_3D('',#2823,#2082,#2083);
#1727=AXIS2_PLACEMENT_3D('',#2825,#2085,#2086);
#1728=AXIS2_PLACEMENT_3D('',#2827,#2088,#2089);
#1729=AXIS2_PLACEMENT_3D('',#2829,#2091,#2092);
#1730=AXIS2_PLACEMENT_3D('',#2831,#2094,#2095);
#1731=AXIS2_PLACEMENT_3D('',#2833,#2097,#2098);
#1732=AXIS2_PLACEMENT_3D('',#2834,#2099,#2100);
#1733=AXIS2_PLACEMENT_3D('',#2836,#2102,#2103);
#1734=AXIS2_PLACEMENT_3D('',#2838,#2105,#2106);
#1735=AXIS2_PLACEMENT_3D('',#2840,#2108,#2109);
#1736=AXIS2_PLACEMENT_3D('',#2842,#2111,#2112);
#1737=AXIS2_PLACEMENT_3D('',#2844,#2114,#2115);
#1738=AXIS2_PLACEMENT_3D('',#2845,#2116,#2117);
#1739=AXIS2_PLACEMENT_3D('',#2847,#2119,#2120);
#1740=AXIS2_PLACEMENT_3D('',#2850,#2123,#2124);
#1741=DIRECTION('axis',(0.,0.,1.));
#1742=DIRECTION('refdir',(1.,0.,0.));
#1743=DIRECTION('center_axis',(-1.,0.,0.));
#1744=DIRECTION('ref_axis',(0.,1.,0.));
#1745=DIRECTION('center_axis',(-1.,0.,0.));
#1746=DIRECTION('ref_axis',(0.,1.,0.));
#1747=DIRECTION('',(-1.,0.,0.));
#1748=DIRECTION('center_axis',(1.,0.,0.));
#1749=DIRECTION('ref_axis',(0.,1.,0.));
#1750=DIRECTION('center_axis',(-1.,0.,-1.05735526154777E-16));
#1751=DIRECTION('ref_axis',(1.05735526154777E-16,0.,-1.));
#1752=DIRECTION('',(1.05735526154777E-16,0.,-1.));
#1753=DIRECTION('',(0.,-1.,0.));
#1754=DIRECTION('',(-1.05735526154777E-16,0.,1.));
#1755=DIRECTION('',(0.,-1.,0.));
#1756=DIRECTION('center_axis',(-0.777244870707485,0.,0.629198228667965));
#1757=DIRECTION('ref_axis',(-0.629198228667965,0.,-0.777244870707485));
#1758=DIRECTION('',(-0.629198228667965,0.,-0.777244870707485));
#1759=DIRECTION('',(0.,-1.,0.));
#1760=DIRECTION('',(0.629198228667965,0.,0.777244870707485));
#1761=DIRECTION('center_axis',(0.777244870707486,0.,0.629198228667964));
#1762=DIRECTION('ref_axis',(-0.629198228667964,0.,0.777244870707486));
#1763=DIRECTION('',(-0.629198228667964,0.,0.777244870707486));
#1764=DIRECTION('',(0.,-1.,0.));
#1765=DIRECTION('',(0.629198228667964,0.,-0.777244870707486));
#1766=DIRECTION('center_axis',(-0.777244870707485,0.,-0.629198228667964));
#1767=DIRECTION('ref_axis',(0.629198228667964,0.,-0.777244870707485));
#1768=DIRECTION('',(0.629198228667964,0.,-0.777244870707485));
#1769=DIRECTION('',(0.,-1.,0.));
#1770=DIRECTION('',(-0.629198228667964,0.,0.777244870707485));
#1771=DIRECTION('',(0.,-1.,0.));
#1772=DIRECTION('center_axis',(-0.777244870707485,0.,0.629198228667965));
#1773=DIRECTION('ref_axis',(-0.629198228667965,0.,-0.777244870707485));
#1774=DIRECTION('',(-0.629198228667965,0.,-0.777244870707485));
#1775=DIRECTION('',(0.,-1.,0.));
#1776=DIRECTION('',(0.629198228667965,0.,0.777244870707485));
#1777=DIRECTION('center_axis',(0.777244870707485,0.,-0.629198228667965));
#1778=DIRECTION('ref_axis',(0.629198228667965,0.,0.777244870707485));
#1779=DIRECTION('',(0.629198228667965,0.,0.777244870707485));
#1780=DIRECTION('',(0.,-1.,0.));
#1781=DIRECTION('',(-0.629198228667965,0.,-0.777244870707485));
#1782=DIRECTION('',(0.,-1.,0.));
#1783=DIRECTION('center_axis',(-0.777244870707486,0.,-0.629198228667964));
#1784=DIRECTION('ref_axis',(0.629198228667964,0.,-0.777244870707486));
#1785=DIRECTION('',(0.629198228667964,0.,-0.777244870707486));
#1786=DIRECTION('',(0.,-1.,0.));
#1787=DIRECTION('',(-0.629198228667964,0.,0.777244870707486));
#1788=DIRECTION('center_axis',(-0.777244870707486,0.,0.629198228667964));
#1789=DIRECTION('ref_axis',(-0.629198228667964,0.,-0.777244870707486));
#1790=DIRECTION('',(-0.629198228667964,0.,-0.777244870707486));
#1791=DIRECTION('',(0.,-1.,0.));
#1792=DIRECTION('',(0.629198228667964,0.,0.777244870707486));
#1793=DIRECTION('center_axis',(0.777244870707485,0.,0.629198228667965));
#1794=DIRECTION('ref_axis',(-0.629198228667965,0.,0.777244870707485));
#1795=DIRECTION('',(-0.629198228667965,0.,0.777244870707485));
#1796=DIRECTION('',(0.629198228667965,0.,-0.777244870707485));
#1797=DIRECTION('center_axis',(0.777244870707485,0.,-0.629198228667965));
#1798=DIRECTION('ref_axis',(0.629198228667965,0.,0.777244870707485));
#1799=DIRECTION('',(0.629198228667965,0.,0.777244870707485));
#1800=DIRECTION('',(0.,-1.,0.));
#1801=DIRECTION('',(-0.629198228667965,0.,-0.777244870707485));
#1802=DIRECTION('',(0.,-1.,0.));
#1803=DIRECTION('center_axis',(-1.,0.,-1.05735526154777E-16));
#1804=DIRECTION('ref_axis',(1.05735526154777E-16,0.,-1.));
#1805=DIRECTION('',(1.05735526154777E-16,0.,-1.));
#1806=DIRECTION('',(0.,-1.,0.));
#1807=DIRECTION('',(-1.05735526154777E-16,0.,1.));
#1808=DIRECTION('center_axis',(0.777244870707486,0.,0.629198228667964));
#1809=DIRECTION('ref_axis',(-0.629198228667964,0.,0.777244870707486));
#1810=DIRECTION('',(-0.629198228667964,0.,0.777244870707486));
#1811=DIRECTION('',(0.629198228667964,0.,-0.777244870707486));
#1812=DIRECTION('center_axis',(-0.777244870707485,0.,0.629198228667965));
#1813=DIRECTION('ref_axis',(-0.629198228667965,0.,-0.777244870707485));
#1814=DIRECTION('',(-0.629198228667965,0.,-0.777244870707485));
#1815=DIRECTION('',(0.,-1.,0.));
#1816=DIRECTION('',(0.629198228667965,0.,0.777244870707485));
#1817=DIRECTION('',(0.,-1.,0.));
#1818=DIRECTION('center_axis',(-0.777244870707486,0.,-0.629198228667964));
#1819=DIRECTION('ref_axis',(0.629198228667964,0.,-0.777244870707486));
#1820=DIRECTION('',(0.629198228667964,0.,-0.777244870707486));
#1821=DIRECTION('',(-0.629198228667964,0.,0.777244870707486));
#1822=DIRECTION('',(0.,-1.,0.));
#1823=DIRECTION('center_axis',(-0.777244870707485,0.,0.629198228667965));
#1824=DIRECTION('ref_axis',(-0.629198228667965,0.,-0.777244870707485));
#1825=DIRECTION('',(-0.629198228667965,0.,-0.777244870707485));
#1826=DIRECTION('',(0.,-1.,0.));
#1827=DIRECTION('',(0.629198228667965,0.,0.777244870707485));
#1828=DIRECTION('',(0.,-1.,0.));
#1829=DIRECTION('center_axis',(0.777244870707485,0.,0.629198228667964));
#1830=DIRECTION('ref_axis',(-0.629198228667964,0.,0.777244870707485));
#1831=DIRECTION('',(-0.629198228667964,0.,0.777244870707485));
#1832=DIRECTION('',(0.,-1.,0.));
#1833=DIRECTION('',(0.629198228667964,0.,-0.777244870707485));
#1834=DIRECTION('center_axis',(0.777244870707485,0.,-0.629198228667965));
#1835=DIRECTION('ref_axis',(0.629198228667965,0.,0.777244870707485));
#1836=DIRECTION('',(0.629198228667965,0.,0.777244870707485));
#1837=DIRECTION('',(0.,-1.,0.));
#1838=DIRECTION('',(-0.629198228667965,0.,-0.777244870707485));
#1839=DIRECTION('',(0.,-1.,0.));
#1840=DIRECTION('center_axis',(-0.777244870707486,0.,-0.629198228667964));
#1841=DIRECTION('ref_axis',(0.629198228667964,0.,-0.777244870707486));
#1842=DIRECTION('',(0.629198228667964,0.,-0.777244870707486));
#1843=DIRECTION('',(0.,-1.,0.));
#1844=DIRECTION('',(-0.629198228667964,0.,0.777244870707486));
#1845=DIRECTION('center_axis',(-0.777244870707485,0.,0.629198228667965));
#1846=DIRECTION('ref_axis',(-0.629198228667965,0.,-0.777244870707485));
#1847=DIRECTION('',(-0.629198228667965,0.,-0.777244870707485));
#1848=DIRECTION('',(0.,-1.,0.));
#1849=DIRECTION('',(0.629198228667965,0.,0.777244870707485));
#1850=DIRECTION('center_axis',(0.777244870707485,0.,0.629198228667965));
#1851=DIRECTION('ref_axis',(-0.629198228667965,0.,0.777244870707485));
#1852=DIRECTION('',(-0.629198228667965,0.,0.777244870707485));
#1853=DIRECTION('',(0.629198228667965,0.,-0.777244870707485));
#1854=DIRECTION('center_axis',(-0.777244870707485,0.,-0.629198228667964));
#1855=DIRECTION('ref_axis',(0.629198228667964,0.,-0.777244870707485));
#1856=DIRECTION('',(0.629198228667964,0.,-0.777244870707485));
#1857=DIRECTION('',(0.,-1.,0.));
#1858=DIRECTION('',(-0.629198228667964,0.,0.777244870707485));
#1859=DIRECTION('',(0.,-1.,0.));
#1860=DIRECTION('center_axis',(0.777244870707485,0.,-0.629198228667965));
#1861=DIRECTION('ref_axis',(0.629198228667965,0.,0.777244870707485));
#1862=DIRECTION('',(0.629198228667965,0.,0.777244870707485));
#1863=DIRECTION('',(-0.629198228667965,0.,-0.777244870707485));
#1864=DIRECTION('',(0.,-1.,0.));
#1865=DIRECTION('center_axis',(0.777244870707486,0.,-0.629198228667964));
#1866=DIRECTION('ref_axis',(0.629198228667964,0.,0.777244870707486));
#1867=DIRECTION('',(0.629198228667964,0.,0.777244870707486));
#1868=DIRECTION('',(0.,-1.,0.));
#1869=DIRECTION('',(-0.629198228667964,0.,-0.777244870707486));
#1870=DIRECTION('',(0.,-1.,0.));
#1871=DIRECTION('center_axis',(-0.777244870707486,0.,-0.629198228667964));
#1872=DIRECTION('ref_axis',(0.629198228667964,0.,-0.777244870707486));
#1873=DIRECTION('',(0.629198228667964,0.,-0.777244870707486));
#1874=DIRECTION('',(0.,-1.,0.));
#1875=DIRECTION('',(-0.629198228667964,0.,0.777244870707486));
#1876=DIRECTION('center_axis',(-1.,0.,-1.05735526154777E-16));
#1877=DIRECTION('ref_axis',(1.05735526154777E-16,0.,-1.));
#1878=DIRECTION('',(1.05735526154777E-16,0.,-1.));
#1879=DIRECTION('',(0.,-1.,0.));
#1880=DIRECTION('',(-1.05735526154777E-16,0.,1.));
#1881=DIRECTION('center_axis',(0.777244870707485,0.,-0.629198228667965));
#1882=DIRECTION('ref_axis',(0.629198228667965,0.,0.777244870707485));
#1883=DIRECTION('',(0.629198228667965,0.,0.777244870707485));
#1884=DIRECTION('',(0.,-1.,0.));
#1885=DIRECTION('',(-0.629198228667965,0.,-0.777244870707485));
#1886=DIRECTION('',(0.,-1.,0.));
#1887=DIRECTION('center_axis',(-0.777244870707486,0.,-0.629198228667964));
#1888=DIRECTION('ref_axis',(0.629198228667964,0.,-0.777244870707486));
#1889=DIRECTION('',(0.629198228667964,0.,-0.777244870707486));
#1890=DIRECTION('',(0.,-1.,0.));
#1891=DIRECTION('',(-0.629198228667964,0.,0.777244870707486));
#1892=DIRECTION('center_axis',(-1.,0.,-1.05735526154777E-16));
#1893=DIRECTION('ref_axis',(1.05735526154777E-16,0.,-1.));
#1894=DIRECTION('',(1.05735526154777E-16,0.,-1.));
#1895=DIRECTION('',(0.,-1.,0.));
#1896=DIRECTION('',(-1.05735526154777E-16,0.,1.));
#1897=DIRECTION('center_axis',(-0.777244870707486,0.,0.629198228667964));
#1898=DIRECTION('ref_axis',(-0.629198228667964,0.,-0.777244870707486));
#1899=DIRECTION('',(-0.629198228667964,0.,-0.777244870707486));
#1900=DIRECTION('',(0.,-1.,0.));
#1901=DIRECTION('',(0.629198228667964,0.,0.777244870707486));
#1902=DIRECTION('center_axis',(0.777244870707485,0.,0.629198228667964));
#1903=DIRECTION('ref_axis',(-0.629198228667964,0.,0.777244870707485));
#1904=DIRECTION('',(-0.629198228667964,0.,0.777244870707485));
#1905=DIRECTION('',(0.629198228667964,0.,-0.777244870707485));
#1906=DIRECTION('center_axis',(-1.,0.,-1.05735526154777E-16));
#1907=DIRECTION('ref_axis',(1.05735526154777E-16,0.,-1.));
#1908=DIRECTION('',(1.05735526154777E-16,0.,-1.));
#1909=DIRECTION('',(0.,-1.,0.));
#1910=DIRECTION('',(-1.05735526154777E-16,0.,1.));
#1911=DIRECTION('',(0.,-1.,0.));
#1912=DIRECTION('center_axis',(0.777244870707485,0.,0.629198228667964));
#1913=DIRECTION('ref_axis',(-0.629198228667964,0.,0.777244870707485));
#1914=DIRECTION('',(-0.629198228667964,0.,0.777244870707485));
#1915=DIRECTION('',(0.,-1.,0.));
#1916=DIRECTION('',(0.629198228667964,0.,-0.777244870707485));
#1917=DIRECTION('center_axis',(0.777244870707486,0.,-0.629198228667964));
#1918=DIRECTION('ref_axis',(0.629198228667964,0.,0.777244870707486));
#1919=DIRECTION('',(0.629198228667964,0.,0.777244870707486));
#1920=DIRECTION('',(-0.629198228667964,0.,-0.777244870707486));
#1921=DIRECTION('center_axis',(-0.777244870707485,0.,0.629198228667965));
#1922=DIRECTION('ref_axis',(-0.629198228667965,0.,-0.777244870707485));
#1923=DIRECTION('',(-0.629198228667965,0.,-0.777244870707485));
#1924=DIRECTION('',(0.,-1.,0.));
#1925=DIRECTION('',(0.629198228667965,0.,0.777244870707485));
#1926=DIRECTION('',(0.,-1.,0.));
#1927=DIRECTION('center_axis',(0.777244870707485,0.,0.629198228667964));
#1928=DIRECTION('ref_axis',(-0.629198228667964,0.,0.777244870707485));
#1929=DIRECTION('',(-0.629198228667964,0.,0.777244870707485));
#1930=DIRECTION('',(0.,-1.,0.));
#1931=DIRECTION('',(0.629198228667964,0.,-0.777244870707485));
#1932=DIRECTION('center_axis',(0.777244870707485,0.,-0.629198228667965));
#1933=DIRECTION('ref_axis',(0.629198228667965,0.,0.777244870707485));
#1934=DIRECTION('',(0.629198228667965,0.,0.777244870707485));
#1935=DIRECTION('',(0.,-1.,0.));
#1936=DIRECTION('',(-0.629198228667965,0.,-0.777244870707485));
#1937=DIRECTION('center_axis',(-0.777244870707486,0.,-0.629198228667964));
#1938=DIRECTION('ref_axis',(0.629198228667964,0.,-0.777244870707486));
#1939=DIRECTION('',(0.629198228667964,0.,-0.777244870707486));
#1940=DIRECTION('',(-0.629198228667964,0.,0.777244870707486));
#1941=DIRECTION('center_axis',(0.,1.,0.));
#1942=DIRECTION('ref_axis',(0.,0.,1.));
#1943=DIRECTION('',(-1.,0.,0.));
#1944=DIRECTION('',(0.,0.,1.));
#1945=DIRECTION('',(1.,0.,0.));
#1946=DIRECTION('',(1.,0.,0.));
#1947=DIRECTION('',(1.,0.,0.));
#1948=DIRECTION('',(0.,0.,-1.));
#1949=DIRECTION('',(0.,0.,-1.));
#1950=DIRECTION('',(0.,0.,-1.));
#1951=DIRECTION('',(-1.,0.,0.));
#1952=DIRECTION('',(-1.,0.,0.));
#1953=DIRECTION('center_axis',(0.,-1.,0.));
#1954=DIRECTION('ref_axis',(1.,0.,0.));
#1955=DIRECTION('',(0.,1.,0.));
#1956=DIRECTION('center_axis',(0.,-1.,0.));
#1957=DIRECTION('ref_axis',(1.,0.,0.));
#1958=DIRECTION('center_axis',(0.,-1.,0.));
#1959=DIRECTION('ref_axis',(1.,0.,0.));
#1960=DIRECTION('center_axis',(0.,1.,0.));
#1961=DIRECTION('ref_axis',(1.,0.,0.));
#1962=DIRECTION('',(0.828123163059515,0.,0.560546186147318));
#1963=DIRECTION('',(-0.190163700158626,-0.973277492254078,-0.128719424383398));
#1964=DIRECTION('',(-1.,-8.52805313644735E-32,0.));
#1965=DIRECTION('',(2.95736942206007E-16,-0.865722508767132,-0.50052426296229));
#1966=DIRECTION('',(-0.873715880662266,0.,0.486436593893347));
#1967=DIRECTION('center_axis',(0.,1.,0.));
#1968=DIRECTION('ref_axis',(-5.55111512312579E-16,0.,1.));
#1969=DIRECTION('',(1.,0.,-4.44089209850063E-15));
#1970=DIRECTION('center_axis',(0.,1.,0.));
#1971=DIRECTION('ref_axis',(-1.,0.,0.));
#1972=DIRECTION('',(0.828123163059515,0.,0.560546186147318));
#1973=DIRECTION('center_axis',(0.,0.,-1.));
#1974=DIRECTION('ref_axis',(-1.,0.,0.));
#1975=DIRECTION('',(1.,0.,0.));
#1976=DIRECTION('',(0.,1.,0.));
#1977=DIRECTION('',(1.,0.,0.));
#1978=DIRECTION('',(1.,0.,0.));
#1979=DIRECTION('',(0.,1.,0.));
#1980=DIRECTION('',(-1.,0.,0.));
#1981=DIRECTION('',(0.,-1.,0.));
#1982=DIRECTION('center_axis',(-1.,0.,0.));
#1983=DIRECTION('ref_axis',(0.,0.,1.));
#1984=DIRECTION('',(0.,1.,0.));
#1985=DIRECTION('',(0.,0.,1.));
#1986=DIRECTION('',(0.,1.,0.));
#1987=DIRECTION('',(0.,0.,1.));
#1988=DIRECTION('',(0.,1.,0.));
#1989=DIRECTION('',(0.,1.,0.));
#1990=DIRECTION('',(0.,1.,0.));
#1991=DIRECTION('',(0.,0.,-1.));
#1992=DIRECTION('',(0.,1.,0.));
#1993=DIRECTION('',(0.,1.,0.));
#1994=DIRECTION('center_axis',(0.,0.,1.));
#1995=DIRECTION('ref_axis',(1.,0.,0.));
#1996=DIRECTION('center_axis',(0.,1.,0.));
#1997=DIRECTION('ref_axis',(1.,0.,0.));
#1998=DIRECTION('',(0.,1.,0.));
#1999=DIRECTION('center_axis',(0.,1.,0.));
#2000=DIRECTION('ref_axis',(1.,0.,0.));
#2001=DIRECTION('center_axis',(0.,1.,0.));
#2002=DIRECTION('ref_axis',(1.,0.,0.));
#2003=DIRECTION('center_axis',(0.,-1.,0.));
#2004=DIRECTION('ref_axis',(1.,0.,0.));
#2005=DIRECTION('',(0.828123163059515,0.,-0.560546186147318));
#2006=DIRECTION('',(-0.190163700158626,-0.973277492254078,0.128719424383398));
#2007=DIRECTION('',(0.828123163059515,0.,-0.560546186147318));
#2008=DIRECTION('center_axis',(0.,1.,0.));
#2009=DIRECTION('ref_axis',(1.11022302462515E-15,0.,-1.));
#2010=DIRECTION('',(1.,0.,4.44089209850063E-15));
#2011=DIRECTION('center_axis',(0.,1.,0.));
#2012=DIRECTION('ref_axis',(1.,0.,2.22044604925031E-15));
#2013=DIRECTION('',(-0.873715880662266,0.,-0.486436593893347));
#2014=DIRECTION('',(2.95736942206007E-16,-0.865722508767132,0.50052426296229));
#2015=DIRECTION('',(1.,8.52805313644735E-32,0.));
#2016=DIRECTION('center_axis',(0.,0.,1.));
#2017=DIRECTION('ref_axis',(1.,0.,0.));
#2018=DIRECTION('',(-1.,0.,0.));
#2019=DIRECTION('',(-1.,0.,0.));
#2020=DIRECTION('',(0.,1.,0.));
#2021=DIRECTION('',(-1.,0.,0.));
#2022=DIRECTION('',(0.,1.,0.));
#2023=DIRECTION('',(1.,0.,0.));
#2024=DIRECTION('center_axis',(-1.,0.,0.));
#2025=DIRECTION('ref_axis',(0.,0.,1.));
#2026=DIRECTION('',(0.,-1.,0.));
#2027=DIRECTION('',(0.,0.,-1.));
#2028=DIRECTION('',(0.,0.,1.));
#2029=DIRECTION('center_axis',(0.,0.,-1.));
#2030=DIRECTION('ref_axis',(-1.,0.,0.));
#2031=DIRECTION('center_axis',(0.,-1.,0.));
#2032=DIRECTION('ref_axis',(1.,0.,0.));
#2033=DIRECTION('',(-1.,0.,0.));
#2034=DIRECTION('',(0.,0.,-1.));
#2035=DIRECTION('',(0.,0.,-1.));
#2036=DIRECTION('center_axis',(1.,0.,0.));
#2037=DIRECTION('ref_axis',(0.,0.,-1.));
#2038=DIRECTION('',(0.,0.,-1.));
#2039=DIRECTION('',(0.,1.,0.));
#2040=DIRECTION('center_axis',(0.,0.,1.));
#2041=DIRECTION('ref_axis',(1.,0.,0.));
#2042=DIRECTION('',(-1.,0.,0.));
#2043=DIRECTION('',(0.,1.,0.));
#2044=DIRECTION('',(1.,0.,0.));
#2045=DIRECTION('',(0.,-1.,0.));
#2046=DIRECTION('center_axis',(0.,1.,0.));
#2047=DIRECTION('ref_axis',(0.,0.,1.));
#2048=DIRECTION('',(0.828123163059515,0.,0.560546186147318));
#2049=DIRECTION('center_axis',(0.,1.,0.));
#2050=DIRECTION('ref_axis',(-1.,0.,0.));
#2051=DIRECTION('',(1.,0.,-4.44089209850063E-15));
#2052=DIRECTION('center_axis',(0.,1.,0.));
#2053=DIRECTION('ref_axis',(-5.55111512312579E-16,0.,1.));
#2054=DIRECTION('',(0.873715880662266,0.,-0.486436593893347));
#2055=DIRECTION('center_axis',(0.,-1.,0.));
#2056=DIRECTION('ref_axis',(1.,0.,0.));
#2057=DIRECTION('center_axis',(0.,1.,0.));
#2058=DIRECTION('ref_axis',(0.,0.,1.));
#2059=DIRECTION('',(0.,0.,1.));
#2060=DIRECTION('',(0.,0.,-1.));
#2061=DIRECTION('',(-1.,0.,0.));
#2062=DIRECTION('center_axis',(0.,1.,0.));
#2063=DIRECTION('ref_axis',(1.,0.,0.));
#2064=DIRECTION('',(1.,0.,0.));
#2065=DIRECTION('',(0.,0.,1.));
#2066=DIRECTION('center_axis',(0.,0.,-1.));
#2067=DIRECTION('ref_axis',(-1.,0.,0.));
#2068=DIRECTION('',(0.,1.,0.));
#2069=DIRECTION('',(0.,1.,0.));
#2070=DIRECTION('',(1.,0.,0.));
#2071=DIRECTION('center_axis',(0.,1.,0.));
#2072=DIRECTION('ref_axis',(0.,0.,1.));
#2073=DIRECTION('',(-0.873715880662266,0.,-0.486436593893347));
#2074=DIRECTION('center_axis',(0.,1.,0.));
#2075=DIRECTION('ref_axis',(1.,0.,2.22044604925031E-15));
#2076=DIRECTION('',(-1.,0.,-4.44089209850063E-15));
#2077=DIRECTION('center_axis',(0.,1.,0.));
#2078=DIRECTION('ref_axis',(1.11022302462515E-15,0.,-1.));
#2079=DIRECTION('',(-0.828123163059515,0.,0.560546186147318));
#2080=DIRECTION('center_axis',(0.,-1.,0.));
#2081=DIRECTION('ref_axis',(1.,0.,0.));
#2082=DIRECTION('center_axis',(0.,1.,0.));
#2083=DIRECTION('ref_axis',(1.,0.,0.));
#2084=DIRECTION('',(0.,-1.,0.));
#2085=DIRECTION('center_axis',(0.486436593893347,0.,0.873715880662266));
#2086=DIRECTION('ref_axis',(0.873715880662266,0.,-0.486436593893347));
#2087=DIRECTION('',(0.,1.,0.));
#2088=DIRECTION('center_axis',(0.,1.,0.));
#2089=DIRECTION('ref_axis',(-5.55111512312579E-16,0.,1.));
#2090=DIRECTION('',(0.,1.,0.));
#2091=DIRECTION('center_axis',(4.44089209850063E-15,0.,1.));
#2092=DIRECTION('ref_axis',(1.,0.,-4.44089209850063E-15));
#2093=DIRECTION('',(0.,1.,0.));
#2094=DIRECTION('center_axis',(0.,1.,0.));
#2095=DIRECTION('ref_axis',(-1.,0.,0.));
#2096=DIRECTION('',(0.,1.,0.));
#2097=DIRECTION('center_axis',(-0.560546186147318,0.,0.828123163059515));
#2098=DIRECTION('ref_axis',(0.828123163059515,0.,0.560546186147318));
#2099=DIRECTION('center_axis',(0.,1.,0.));
#2100=DIRECTION('ref_axis',(1.,0.,0.));
#2101=DIRECTION('',(0.,-1.,0.));
#2102=DIRECTION('center_axis',(-0.560546186147318,0.,-0.828123163059515));
#2103=DIRECTION('ref_axis',(-0.828123163059515,0.,0.560546186147318));
#2104=DIRECTION('',(0.,1.,0.));
#2105=DIRECTION('center_axis',(0.,1.,0.));
#2106=DIRECTION('ref_axis',(1.11022302462515E-15,0.,-1.));
#2107=DIRECTION('',(0.,1.,0.));
#2108=DIRECTION('center_axis',(4.44089209850063E-15,0.,-1.));
#2109=DIRECTION('ref_axis',(-1.,0.,-4.44089209850063E-15));
#2110=DIRECTION('',(0.,1.,0.));
#2111=DIRECTION('center_axis',(0.,1.,0.));
#2112=DIRECTION('ref_axis',(1.,0.,2.22044604925031E-15));
#2113=DIRECTION('',(0.,1.,0.));
#2114=DIRECTION('center_axis',(0.486436593893347,0.,-0.873715880662266));
#2115=DIRECTION('ref_axis',(-0.873715880662266,0.,-0.486436593893347));
#2116=DIRECTION('center_axis',(1.,0.,0.));
#2117=DIRECTION('ref_axis',(0.,0.,-1.));
#2118=DIRECTION('',(0.,0.,1.));
#2119=DIRECTION('center_axis',(-1.,0.,0.));
#2120=DIRECTION('ref_axis',(0.,0.,1.));
#2121=DIRECTION('',(0.,0.,-1.));
#2122=DIRECTION('',(0.,0.,-1.));
#2123=DIRECTION('center_axis',(0.,1.,0.));
#2124=DIRECTION('ref_axis',(1.,0.,0.));
#2125=CARTESIAN_POINT('',(0.,0.,0.));
#2126=CARTESIAN_POINT('Origin',(37.,24.,21.));
#2127=CARTESIAN_POINT('',(37.,20.,21.));
#2128=CARTESIAN_POINT('Origin',(37.,24.,21.));
#2129=CARTESIAN_POINT('',(34.,20.,21.));
#2130=CARTESIAN_POINT('',(37.,20.,21.));
#2131=CARTESIAN_POINT('Origin',(34.,24.,21.));
#2132=CARTESIAN_POINT('Origin',(3.,3.,1.3218959848048));
#2133=CARTESIAN_POINT('',(3.,3.,1.3218959848048));
#2134=CARTESIAN_POINT('',(3.,3.,0.));
#2135=CARTESIAN_POINT('',(3.,3.,11.1609479924024));
#2136=CARTESIAN_POINT('',(3.,0.,1.3218959848048));
#2137=CARTESIAN_POINT('',(3.,3.,1.3218959848048));
#2138=CARTESIAN_POINT('',(3.,0.,0.));
#2139=CARTESIAN_POINT('',(3.,0.,11.1609479924024));
#2140=CARTESIAN_POINT('',(3.,3.,0.));
#2141=CARTESIAN_POINT('Origin',(8.49999999999999,3.,8.1160136318636));
#2142=CARTESIAN_POINT('',(8.49999999999999,3.,8.11601363186361));
#2143=CARTESIAN_POINT('',(13.3329336530306,3.,14.0861081444308));
#2144=CARTESIAN_POINT('',(8.49999999999999,0.,8.11601363186361));
#2145=CARTESIAN_POINT('',(8.49999999999999,3.,8.11601363186361));
#2146=CARTESIAN_POINT('',(13.3329336530306,0.,14.0861081444308));
#2147=CARTESIAN_POINT('Origin',(15.0701062734134,3.,0.));
#2148=CARTESIAN_POINT('',(15.0701062734134,3.,0.));
#2149=CARTESIAN_POINT('',(10.3171879768268,3.,5.87125201343054));
#2150=CARTESIAN_POINT('',(15.0701062734134,0.,0.));
#2151=CARTESIAN_POINT('',(15.0701062734134,3.,0.));
#2152=CARTESIAN_POINT('',(10.3171879768268,0.,5.87125201343054));
#2153=CARTESIAN_POINT('Origin',(27.4298937265866,3.,31.5));
#2154=CARTESIAN_POINT('',(27.4298937265866,3.,31.5));
#2155=CARTESIAN_POINT('',(34.,3.,23.3839863681364));
#2156=CARTESIAN_POINT('',(27.9328120231732,3.,30.8787479865695));
#2157=CARTESIAN_POINT('',(27.4298937265866,0.,31.5));
#2158=CARTESIAN_POINT('',(27.4298937265866,3.,31.5));
#2159=CARTESIAN_POINT('',(34.,0.,23.3839863681364));
#2160=CARTESIAN_POINT('',(27.9328120231732,0.,30.8787479865695));
#2161=CARTESIAN_POINT('',(34.,3.,23.3839863681364));
#2162=CARTESIAN_POINT('Origin',(34.,3.,39.6160136318636));
#2163=CARTESIAN_POINT('',(34.,3.,39.6160136318636));
#2164=CARTESIAN_POINT('',(26.0829336530306,3.,29.8361081444308));
#2165=CARTESIAN_POINT('',(34.,0.,39.6160136318636));
#2166=CARTESIAN_POINT('',(34.,3.,39.6160136318636));
#2167=CARTESIAN_POINT('',(26.0829336530306,0.,29.8361081444308));
#2168=CARTESIAN_POINT('Origin',(17.,3.,23.3839863681364));
#2169=CARTESIAN_POINT('',(17.,3.,23.3839863681364));
#2170=CARTESIAN_POINT('',(23.5701062734134,3.,31.5));
#2171=CARTESIAN_POINT('',(16.4170663469694,3.,22.6638918555692));
#2172=CARTESIAN_POINT('',(17.,0.,23.3839863681364));
#2173=CARTESIAN_POINT('',(17.,3.,23.3839863681364));
#2174=CARTESIAN_POINT('',(23.5701062734134,0.,31.5));
#2175=CARTESIAN_POINT('',(16.4170663469694,0.,22.6638918555692));
#2176=CARTESIAN_POINT('',(23.5701062734134,3.,31.5));
#2177=CARTESIAN_POINT('Origin',(10.4298937265866,3.,31.5));
#2178=CARTESIAN_POINT('',(10.4298937265866,3.,31.5));
#2179=CARTESIAN_POINT('',(14.2978805163239,3.,26.721898671501));
#2180=CARTESIAN_POINT('',(10.4298937265866,0.,31.5));
#2181=CARTESIAN_POINT('',(10.4298937265866,3.,31.5));
#2182=CARTESIAN_POINT('',(14.2978805163239,0.,26.721898671501));
#2183=CARTESIAN_POINT('Origin',(17.,3.,39.6160136318636));
#2184=CARTESIAN_POINT('',(17.,3.,39.6160136318636));
#2185=CARTESIAN_POINT('',(12.4480021461813,3.,33.9929574594993));
#2186=CARTESIAN_POINT('',(17.,0.,39.6160136318636));
#2187=CARTESIAN_POINT('',(17.,3.,39.6160136318636));
#2188=CARTESIAN_POINT('',(12.4480021461813,0.,33.9929574594993));
#2189=CARTESIAN_POINT('Origin',(23.5701062734134,3.,31.5));
#2190=CARTESIAN_POINT('',(24.8370509905254,3.,29.9349506435675));
#2191=CARTESIAN_POINT('',(24.8370509905254,-2.77555756156289E-16,29.9349506435675));
#2192=CARTESIAN_POINT('Origin',(3.,3.,6.0898687210776));
#2193=CARTESIAN_POINT('',(3.,3.,6.0898687210776));
#2194=CARTESIAN_POINT('',(6.57010627341338,3.,10.5));
#2195=CARTESIAN_POINT('',(9.41706634696938,3.,14.0168330320398));
#2196=CARTESIAN_POINT('',(3.,0.,6.0898687210776));
#2197=CARTESIAN_POINT('',(3.,3.,6.0898687210776));
#2198=CARTESIAN_POINT('',(6.57010627341338,0.,10.5));
#2199=CARTESIAN_POINT('',(9.41706634696938,0.,14.0168330320398));
#2200=CARTESIAN_POINT('',(6.57010627341338,3.,10.5));
#2201=CARTESIAN_POINT('Origin',(3.,3.,14.9101312789224));
#2202=CARTESIAN_POINT('',(3.,3.,14.9101312789224));
#2203=CARTESIAN_POINT('',(3.,3.,17.9550656394612));
#2204=CARTESIAN_POINT('',(3.,0.,14.9101312789224));
#2205=CARTESIAN_POINT('',(3.,3.,14.9101312789224));
#2206=CARTESIAN_POINT('',(3.,0.,17.9550656394612));
#2207=CARTESIAN_POINT('Origin',(6.57010627341338,3.,10.5));
#2208=CARTESIAN_POINT('',(6.06718797682676,3.,11.1212520134305));
#2209=CARTESIAN_POINT('',(6.06718797682676,0.,11.1212520134305));
#2210=CARTESIAN_POINT('Origin',(34.,3.,18.6160136318636));
#2211=CARTESIAN_POINT('',(34.,3.,18.6160136318636));
#2212=CARTESIAN_POINT('',(27.4298937265866,3.,10.5));
#2213=CARTESIAN_POINT('',(31.2178651598799,3.,15.1792588293623));
#2214=CARTESIAN_POINT('',(34.,0.,18.6160136318636));
#2215=CARTESIAN_POINT('',(34.,3.,18.6160136318636));
#2216=CARTESIAN_POINT('',(27.4298937265866,0.,10.5));
#2217=CARTESIAN_POINT('',(31.2178651598799,-2.77555756156289E-16,15.1792588293623));
#2218=CARTESIAN_POINT('',(27.4298937265866,3.,10.5));
#2219=CARTESIAN_POINT('Origin',(27.4298937265866,3.,10.5));
#2220=CARTESIAN_POINT('',(34.,3.,2.3839863681364));
#2221=CARTESIAN_POINT('',(22.7978805163239,3.,16.221898671501));
#2222=CARTESIAN_POINT('',(34.,0.,2.3839863681364));
#2223=CARTESIAN_POINT('',(22.7978805163239,0.,16.221898671501));
#2224=CARTESIAN_POINT('',(34.,3.,2.3839863681364));
#2225=CARTESIAN_POINT('Origin',(25.5,3.,8.11601363186359));
#2226=CARTESIAN_POINT('',(25.5,3.,8.11601363186359));
#2227=CARTESIAN_POINT('',(18.9298937265866,3.,0.));
#2228=CARTESIAN_POINT('',(26.9678651598799,3.,9.92925882936232));
#2229=CARTESIAN_POINT('',(25.5,0.,8.11601363186359));
#2230=CARTESIAN_POINT('',(25.5,3.,8.11601363186359));
#2231=CARTESIAN_POINT('',(18.9298937265866,0.,0.));
#2232=CARTESIAN_POINT('',(26.9678651598799,-2.77555756156289E-16,9.92925882936232));
#2233=CARTESIAN_POINT('',(18.9298937265866,3.,0.));
#2234=CARTESIAN_POINT('Origin',(32.0701062734134,3.,0.));
#2235=CARTESIAN_POINT('',(32.0701062734134,3.,0.));
#2236=CARTESIAN_POINT('',(23.9521194836761,3.,10.028101328499));
#2237=CARTESIAN_POINT('',(32.0701062734134,0.,0.));
#2238=CARTESIAN_POINT('',(32.0701062734134,3.,0.));
#2239=CARTESIAN_POINT('',(23.9521194836761,0.,10.028101328499));
#2240=CARTESIAN_POINT('Origin',(25.5,3.,12.8839863681364));
#2241=CARTESIAN_POINT('',(25.5,3.,12.8839863681364));
#2242=CARTESIAN_POINT('',(32.0701062734134,3.,21.));
#2243=CARTESIAN_POINT('',(25.8019978538187,3.,13.2570425405007));
#2244=CARTESIAN_POINT('',(25.5,0.,12.8839863681364));
#2245=CARTESIAN_POINT('',(25.5,3.,12.8839863681364));
#2246=CARTESIAN_POINT('',(32.0701062734134,0.,21.));
#2247=CARTESIAN_POINT('',(25.8019978538187,-2.77555756156289E-16,13.2570425405007));
#2248=CARTESIAN_POINT('',(32.0701062734134,3.,21.));
#2249=CARTESIAN_POINT('Origin',(18.9298937265866,3.,21.));
#2250=CARTESIAN_POINT('',(18.9298937265866,3.,21.));
#2251=CARTESIAN_POINT('',(18.5478805163239,3.,21.471898671501));
#2252=CARTESIAN_POINT('',(18.9298937265866,0.,21.));
#2253=CARTESIAN_POINT('',(18.9298937265866,3.,21.));
#2254=CARTESIAN_POINT('',(18.5478805163239,0.,21.471898671501));
#2255=CARTESIAN_POINT('Origin',(25.5,3.,29.1160136318636));
#2256=CARTESIAN_POINT('',(25.5,3.,29.1160136318636));
#2257=CARTESIAN_POINT('',(21.8329336530306,3.,24.5861081444308));
#2258=CARTESIAN_POINT('',(25.5,0.,29.1160136318636));
#2259=CARTESIAN_POINT('',(25.5,3.,29.1160136318636));
#2260=CARTESIAN_POINT('',(21.8329336530306,0.,24.5861081444308));
#2261=CARTESIAN_POINT('Origin',(32.0701062734134,3.,21.));
#2262=CARTESIAN_POINT('',(29.0870509905254,3.,24.6849506435675));
#2263=CARTESIAN_POINT('',(29.0870509905254,-2.77555756156289E-16,24.6849506435675));
#2264=CARTESIAN_POINT('Origin',(18.9298937265866,3.,42.));
#2265=CARTESIAN_POINT('',(18.9298937265866,3.,42.));
#2266=CARTESIAN_POINT('',(25.5,3.,33.8839863681364));
#2267=CARTESIAN_POINT('',(23.6828120231732,3.,36.1287479865695));
#2268=CARTESIAN_POINT('',(18.9298937265866,0.,42.));
#2269=CARTESIAN_POINT('',(18.9298937265866,3.,42.));
#2270=CARTESIAN_POINT('',(25.5,0.,33.8839863681364));
#2271=CARTESIAN_POINT('',(23.6828120231732,0.,36.1287479865695));
#2272=CARTESIAN_POINT('',(25.5,3.,33.8839863681364));
#2273=CARTESIAN_POINT('Origin',(25.5,3.,33.8839863681364));
#2274=CARTESIAN_POINT('',(32.0701062734134,3.,42.));
#2275=CARTESIAN_POINT('',(20.6670663469694,3.,27.9138918555692));
#2276=CARTESIAN_POINT('',(32.0701062734134,0.,42.));
#2277=CARTESIAN_POINT('',(20.6670663469694,0.,27.9138918555692));
#2278=CARTESIAN_POINT('',(32.0701062734134,3.,42.));
#2279=CARTESIAN_POINT('Origin',(8.50000000000001,3.,33.8839863681364));
#2280=CARTESIAN_POINT('',(8.50000000000001,3.,33.8839863681364));
#2281=CARTESIAN_POINT('',(15.0701062734134,3.,42.));
#2282=CARTESIAN_POINT('',(7.03213484012008,3.,32.0707411706377));
#2283=CARTESIAN_POINT('',(8.50000000000001,0.,33.8839863681364));
#2284=CARTESIAN_POINT('',(8.50000000000001,3.,33.8839863681364));
#2285=CARTESIAN_POINT('',(15.0701062734134,0.,42.));
#2286=CARTESIAN_POINT('',(7.03213484012008,0.,32.0707411706377));
#2287=CARTESIAN_POINT('',(15.0701062734134,3.,42.));
#2288=CARTESIAN_POINT('Origin',(3.,3.,40.6781040151952));
#2289=CARTESIAN_POINT('',(3.,3.,40.6781040151952));
#2290=CARTESIAN_POINT('',(10.5829336530306,3.,31.3109506790986));
#2291=CARTESIAN_POINT('',(3.,0.,40.6781040151952));
#2292=CARTESIAN_POINT('',(3.,3.,40.6781040151952));
#2293=CARTESIAN_POINT('',(10.5829336530306,0.,31.3109506790986));
#2294=CARTESIAN_POINT('Origin',(3.,3.,42.));
#2295=CARTESIAN_POINT('',(3.,3.,42.));
#2296=CARTESIAN_POINT('',(3.,3.,31.5));
#2297=CARTESIAN_POINT('',(3.,0.,42.));
#2298=CARTESIAN_POINT('',(3.,3.,42.));
#2299=CARTESIAN_POINT('',(3.,0.,31.5));
#2300=CARTESIAN_POINT('Origin',(8.5,3.,12.8839863681364));
#2301=CARTESIAN_POINT('',(8.49999999999999,3.,12.8839863681364));
#2302=CARTESIAN_POINT('',(15.0701062734134,3.,21.));
#2303=CARTESIAN_POINT('',(12.1670663469694,3.,17.4138918555692));
#2304=CARTESIAN_POINT('',(8.49999999999999,0.,12.8839863681364));
#2305=CARTESIAN_POINT('',(8.49999999999999,3.,12.8839863681364));
#2306=CARTESIAN_POINT('',(15.0701062734134,0.,21.));
#2307=CARTESIAN_POINT('',(12.1670663469694,0.,17.4138918555692));
#2308=CARTESIAN_POINT('',(15.0701062734134,3.,21.));
#2309=CARTESIAN_POINT('Origin',(3.,3.,19.6781040151952));
#2310=CARTESIAN_POINT('',(3.,3.,19.6781040151952));
#2311=CARTESIAN_POINT('',(5.4480021461813,3.,16.6541013640301));
#2312=CARTESIAN_POINT('',(3.,0.,19.6781040151952));
#2313=CARTESIAN_POINT('',(3.,3.,19.6781040151952));
#2314=CARTESIAN_POINT('',(5.4480021461813,2.77555756156289E-16,16.6541013640301));
#2315=CARTESIAN_POINT('Origin',(3.,3.,22.3218959848047));
#2316=CARTESIAN_POINT('',(3.,3.,22.3218959848047));
#2317=CARTESIAN_POINT('',(3.,3.,21.6609479924024));
#2318=CARTESIAN_POINT('',(3.,0.,22.3218959848047));
#2319=CARTESIAN_POINT('',(3.,3.,22.3218959848047));
#2320=CARTESIAN_POINT('',(3.,0.,21.6609479924024));
#2321=CARTESIAN_POINT('Origin',(8.50000000000001,3.,29.1160136318636));
#2322=CARTESIAN_POINT('',(8.50000000000001,3.,29.1160136318636));
#2323=CARTESIAN_POINT('',(8.19800214618131,3.,28.7429574594993));
#2324=CARTESIAN_POINT('',(8.50000000000001,0.,29.1160136318636));
#2325=CARTESIAN_POINT('',(8.50000000000001,3.,29.1160136318636));
#2326=CARTESIAN_POINT('',(8.19800214618131,0.,28.7429574594993));
#2327=CARTESIAN_POINT('Origin',(15.0701062734134,3.,21.));
#2328=CARTESIAN_POINT('',(15.4521194836761,3.,20.528101328499));
#2329=CARTESIAN_POINT('',(15.4521194836761,0.,20.528101328499));
#2330=CARTESIAN_POINT('Origin',(3.,3.,35.9101312789224));
#2331=CARTESIAN_POINT('',(3.,3.,35.9101312789224));
#2332=CARTESIAN_POINT('',(3.,3.,27.0898687210776));
#2333=CARTESIAN_POINT('',(3.,3.,28.4550656394612));
#2334=CARTESIAN_POINT('',(3.,0.,35.9101312789224));
#2335=CARTESIAN_POINT('',(3.,3.,35.9101312789224));
#2336=CARTESIAN_POINT('',(3.,0.,27.0898687210776));
#2337=CARTESIAN_POINT('',(3.,0.,28.4550656394612));
#2338=CARTESIAN_POINT('',(3.,3.,27.0898687210776));
#2339=CARTESIAN_POINT('Origin',(6.57010627341339,3.,31.5));
#2340=CARTESIAN_POINT('',(6.57010627341339,3.,31.5));
#2341=CARTESIAN_POINT('',(11.2021194836761,3.,25.778101328499));
#2342=CARTESIAN_POINT('',(6.57010627341339,0.,31.5));
#2343=CARTESIAN_POINT('',(6.57010627341339,3.,31.5));
#2344=CARTESIAN_POINT('',(11.2021194836761,0.,25.778101328499));
#2345=CARTESIAN_POINT('Origin',(3.,3.,27.0898687210776));
#2346=CARTESIAN_POINT('',(4.28213484012007,3.,28.6736823471082));
#2347=CARTESIAN_POINT('',(4.28213484012007,0.,28.6736823471082));
#2348=CARTESIAN_POINT('Origin',(17.,3.,18.6160136318636));
#2349=CARTESIAN_POINT('',(17.,3.,18.6160136318636));
#2350=CARTESIAN_POINT('',(10.4298937265866,3.,10.5));
#2351=CARTESIAN_POINT('',(17.5829336530306,3.,19.3361081444308));
#2352=CARTESIAN_POINT('',(17.,0.,18.6160136318636));
#2353=CARTESIAN_POINT('',(17.,3.,18.6160136318636));
#2354=CARTESIAN_POINT('',(10.4298937265866,0.,10.5));
#2355=CARTESIAN_POINT('',(17.5829336530306,0.,19.3361081444308));
#2356=CARTESIAN_POINT('',(10.4298937265866,3.,10.5));
#2357=CARTESIAN_POINT('Origin',(23.5701062734134,3.,10.5));
#2358=CARTESIAN_POINT('',(23.5701062734134,3.,10.5));
#2359=CARTESIAN_POINT('',(19.7021194836761,3.,15.278101328499));
#2360=CARTESIAN_POINT('',(23.5701062734134,0.,10.5));
#2361=CARTESIAN_POINT('',(23.5701062734134,3.,10.5));
#2362=CARTESIAN_POINT('',(19.7021194836761,0.,15.278101328499));
#2363=CARTESIAN_POINT('Origin',(17.,3.,2.38398636813641));
#2364=CARTESIAN_POINT('',(17.,3.,2.38398636813641));
#2365=CARTESIAN_POINT('',(21.5519978538187,3.,8.00704254050068));
#2366=CARTESIAN_POINT('',(17.,0.,2.38398636813641));
#2367=CARTESIAN_POINT('',(17.,3.,2.38398636813641));
#2368=CARTESIAN_POINT('',(21.5519978538187,-2.77555756156289E-16,8.00704254050068));
#2369=CARTESIAN_POINT('Origin',(10.4298937265866,3.,10.5));
#2370=CARTESIAN_POINT('',(9.1629490094746,3.,12.0650493564325));
#2371=CARTESIAN_POINT('',(9.1629490094746,2.77555756156289E-16,12.0650493564325));
#2372=CARTESIAN_POINT('Origin',(17.,3.,21.));
#2373=CARTESIAN_POINT('',(0.,3.,0.));
#2374=CARTESIAN_POINT('',(0.,3.,0.));
#2375=CARTESIAN_POINT('',(0.,3.,42.));
#2376=CARTESIAN_POINT('',(0.,3.,45.));
#2377=CARTESIAN_POINT('',(34.,3.,42.));
#2378=CARTESIAN_POINT('',(34.,3.,42.));
#2379=CARTESIAN_POINT('',(34.,3.,42.));
#2380=CARTESIAN_POINT('',(34.,3.,42.));
#2381=CARTESIAN_POINT('',(34.,3.,-3.));
#2382=CARTESIAN_POINT('',(34.,3.,-3.));
#2383=CARTESIAN_POINT('',(34.,3.,0.));
#2384=CARTESIAN_POINT('',(34.,3.,-3.));
#2385=CARTESIAN_POINT('',(0.,3.,0.));
#2386=CARTESIAN_POINT('',(0.,3.,0.));
#2387=CARTESIAN_POINT('Origin',(17.,0.,50.));
#2388=CARTESIAN_POINT('',(13.7507038115006,22.784594326531,49.9323665807209));
#2389=CARTESIAN_POINT('',(13.75,22.8792963006908,50.0000000000029));
#2390=CARTESIAN_POINT('Ctrl Pts',(13.7506589765504,22.7845943265302,49.9325187995862));
#2391=CARTESIAN_POINT('Ctrl Pts',(13.7501909318545,22.8161299446296,49.9549815231617));
#2392=CARTESIAN_POINT('Ctrl Pts',(13.7499522768899,22.8477012704583,49.9775281321292));
#2393=CARTESIAN_POINT('Ctrl Pts',(13.7499537245795,22.8792963006883,50.0001565345954));
#2394=CARTESIAN_POINT('Ctrl Pts',(13.75,22.8792963006908,50.0000000000057));
#2395=CARTESIAN_POINT('Ctrl Pts',(13.75,23.3990218722463,50.3721971796971));
#2396=CARTESIAN_POINT('Ctrl Pts',(13.8136892884597,23.9249870954591,50.7676525946772));
#2397=CARTESIAN_POINT('Ctrl Pts',(14.091057181878,24.8007193521711,51.491344896114));
#2398=CARTESIAN_POINT('Ctrl Pts',(14.2783509643098,25.1695985316261,51.8243601044651));
#2399=CARTESIAN_POINT('Ctrl Pts',(14.8048778799451,25.7993101035317,52.4272716564618));
#2400=CARTESIAN_POINT('Ctrl Pts',(15.1060586753956,26.037116238338,52.6685905255298));
#2401=CARTESIAN_POINT('Ctrl Pts',(15.6493003017398,26.3591443952439,52.9655265084479));
#2402=CARTESIAN_POINT('Ctrl Pts',(15.9761158552055,26.5462103367055,53.1124694897735));
#2403=CARTESIAN_POINT('Ctrl Pts',(16.568982443961,26.6947663440076,53.2267433415443));
#2404=CARTESIAN_POINT('Ctrl Pts',(16.7586884497169,26.7208254453973,53.2467888041518));
#2405=CARTESIAN_POINT('Ctrl Pts',(17.1424316027741,26.7281975775701,53.2524596750539));
#2406=CARTESIAN_POINT('Ctrl Pts',(17.3309779409256,26.7100526747912,53.2385020575317));
#2407=CARTESIAN_POINT('Ctrl Pts',(17.9698879498815,26.5766099112729,53.1358537779022));
#2408=CARTESIAN_POINT('Ctrl Pts',(18.3475652535016,26.3767057527136,52.9665835250506));
#2409=CARTESIAN_POINT('Ctrl Pts',(18.9234869312612,26.0680195125396,52.6536039367844));
#2410=CARTESIAN_POINT('Ctrl Pts',(19.2523760419658,25.8244090367074,52.3807898078769));
#2411=CARTESIAN_POINT('Ctrl Pts',(19.8853179844709,25.0644268717007,51.6039928016577));
#2412=CARTESIAN_POINT('Ctrl Pts',(20.050771773854,24.5728203743194,51.1714566809948));
#2413=CARTESIAN_POINT('Ctrl Pts',(20.3206693581711,23.3092463631658,50.164013795923));
#2414=CARTESIAN_POINT('Ctrl Pts',(20.2772222598972,22.2758908295313,49.4533296754341));
#2415=CARTESIAN_POINT('Ctrl Pts',(19.8798691740621,20.7622159735708,48.4426208091969));
#2416=CARTESIAN_POINT('Ctrl Pts',(19.6549944516802,20.1890862644161,48.0692395498941));
#2417=CARTESIAN_POINT('Ctrl Pts',(19.1416820852634,19.3953307968128,47.540143509023));
#2418=CARTESIAN_POINT('Ctrl Pts',(18.9078649976946,19.1128130411338,47.3487357063384));
#2419=CARTESIAN_POINT('Ctrl Pts',(18.4015485395083,18.6913855393042,47.056402868217));
#2420=CARTESIAN_POINT('Ctrl Pts',(18.1449119237048,18.532796886601,46.9436595036494));
#2421=CARTESIAN_POINT('Ctrl Pts',(17.6161626169024,18.337200930373,46.7992523707584));
#2422=CARTESIAN_POINT('Ctrl Pts',(17.412412589231,18.3052406437562,46.7732620336586));
#2423=CARTESIAN_POINT('Ctrl Pts',(17.088488393502,18.2696714103607,46.7459010848929));
#2424=CARTESIAN_POINT('Ctrl Pts',(16.9023158023239,18.2699960388337,46.7461507991028));
#2425=CARTESIAN_POINT('Ctrl Pts',(16.4952726160896,18.3162369440924,46.7817207262249));
#2426=CARTESIAN_POINT('Ctrl Pts',(16.2819671227998,18.370305665512,46.8233120503938));
#2427=CARTESIAN_POINT('Ctrl Pts',(15.8790697346906,18.524924995935,46.9422499968731));
#2428=CARTESIAN_POINT('Ctrl Pts',(15.5838106480035,18.6600819793665,47.0497381931337));
#2429=CARTESIAN_POINT('Ctrl Pts',(14.9100990952663,19.2383285733016,47.4768476376577));
#2430=CARTESIAN_POINT('Ctrl Pts',(14.6060238775782,19.6397252886431,47.7627466893784));
#2431=CARTESIAN_POINT('Ctrl Pts',(13.9566895548372,20.9427566462865,48.6647437110245));
#2432=CARTESIAN_POINT('Ctrl Pts',(13.7636760509239,21.909586930895,49.3091443843036));
#2433=CARTESIAN_POINT('Ctrl Pts',(13.7507038115006,22.784594326531,49.9323665807209));
#2434=CARTESIAN_POINT('',(13.75,28.,50.));
#2435=CARTESIAN_POINT('',(13.75,0.,50.));
#2436=CARTESIAN_POINT('Origin',(17.,28.,50.));
#2437=CARTESIAN_POINT('Origin',(18.5,28.,21.));
#2438=CARTESIAN_POINT('',(15.25,28.,50.));
#2439=CARTESIAN_POINT('Origin',(17.,28.,50.));
#2440=CARTESIAN_POINT('Ctrl Pts',(2.54000336156626,29.,46.7192964291291));
#2441=CARTESIAN_POINT('Ctrl Pts',(1.6933355743775,24.6666666666667,46.1461976194194));
#2442=CARTESIAN_POINT('Ctrl Pts',(0.846667787188752,20.3333333333333,45.5730988097097));
#2443=CARTESIAN_POINT('Ctrl Pts',(0.,16.,45.));
#2444=CARTESIAN_POINT('Ctrl Pts',(6.27927399284774,29.,49.2503618368321));
#2445=CARTESIAN_POINT('Ctrl Pts',(5.65836847427664,24.6666666666667,47.8334658385372));
#2446=CARTESIAN_POINT('Ctrl Pts',(5.03736104913667,20.3333333333333,46.4168959982949));
#2447=CARTESIAN_POINT('Ctrl Pts',(4.41645553056558,16.,45.));
#2448=CARTESIAN_POINT('Ctrl Pts',(10.0191757565694,29.,51.77941919202));
#2449=CARTESIAN_POINT('Ctrl Pts',(9.62390437604281,24.6666666666667,49.5191348784052));
#2450=CARTESIAN_POINT('Ctrl Pts',(9.22818244165773,20.3333333333333,47.2602843136148));
#2451=CARTESIAN_POINT('Ctrl Pts',(8.83291106113116,16.,45.));
#2452=CARTESIAN_POINT('Ctrl Pts',(14.4145972401993,29.,54.7579955445539));
#2453=CARTESIAN_POINT('Ctrl Pts',(14.284830535991,24.6666666666667,51.5054191997037));
#2454=CARTESIAN_POINT('Ctrl Pts',(14.1551491399038,20.3333333333333,48.2525763448502));
#2455=CARTESIAN_POINT('Ctrl Pts',(14.0253824356955,16.,45.));
#2456=CARTESIAN_POINT('Ctrl Pts',(15.2063942685024,29.,55.0007686234042));
#2457=CARTESIAN_POINT('Ctrl Pts',(15.0714871188645,24.6666666666667,51.6669349812663));
#2458=CARTESIAN_POINT('Ctrl Pts',(14.9363054293322,20.3333333333333,48.3338336421378));
#2459=CARTESIAN_POINT('Ctrl Pts',(14.8013982796943,16.,45.));
#2460=CARTESIAN_POINT('Ctrl Pts',(16.6667183921852,29.,54.9999612077169));
#2461=CARTESIAN_POINT('Ctrl Pts',(16.5208940452737,24.6666666666667,51.6668519067393));
#2462=CARTESIAN_POINT('Ctrl Pts',(16.3753030903529,20.3333333333333,48.3331093009776));
#2463=CARTESIAN_POINT('Ctrl Pts',(16.2294787434414,16.,45.));
#2464=CARTESIAN_POINT('Ctrl Pts',(17.3332614034274,29.,55.0000565281116));
#2465=CARTESIAN_POINT('Ctrl Pts',(17.1827351047777,24.6666666666667,51.6667264267198));
#2466=CARTESIAN_POINT('Ctrl Pts',(17.0320696618394,20.3333333333333,48.3333301013918));
#2467=CARTESIAN_POINT('Ctrl Pts',(16.8815433631896,16.,45.));
#2468=CARTESIAN_POINT('Ctrl Pts',(18.6774149373695,29.,55.0004620141786));
#2469=CARTESIAN_POINT('Ctrl Pts',(18.5169263751934,24.6666666666667,51.6669703809257));
#2470=CARTESIAN_POINT('Ctrl Pts',(18.3566028727226,20.3333333333333,48.333491633253));
#2471=CARTESIAN_POINT('Ctrl Pts',(18.1961143105466,16.,45.));
#2472=CARTESIAN_POINT('Ctrl Pts',(19.3540275482907,29.,54.8248205292011));
#2473=CARTESIAN_POINT('Ctrl Pts',(19.1888853445094,24.6666666666667,51.5498577101147));
#2474=CARTESIAN_POINT('Ctrl Pts',(19.0237628419365,20.3333333333333,48.2749628190864));
#2475=CARTESIAN_POINT('Ctrl Pts',(18.8586206381552,16.,45.));
#2476=CARTESIAN_POINT('Ctrl Pts',(21.1303978909248,29.,53.8349835103005));
#2477=CARTESIAN_POINT('Ctrl Pts',(21.036069181924,24.6666666666667,50.8900636365642));
#2478=CARTESIAN_POINT('Ctrl Pts',(20.9417466861768,20.3333333333333,47.9449198737362));
#2479=CARTESIAN_POINT('Ctrl Pts',(20.8474179771759,16.,45.));
#2480=CARTESIAN_POINT('Ctrl Pts',(22.3152487918578,29.,53.1756558601698));
#2481=CARTESIAN_POINT('Ctrl Pts',(22.2680493399471,24.6666666666667,50.4503310869747));
#2482=CARTESIAN_POINT('Ctrl Pts',(22.2209084404986,20.3333333333333,47.7253247731952));
#2483=CARTESIAN_POINT('Ctrl Pts',(22.173708988588,16.,45.));
#2484=CARTESIAN_POINT('Ctrl Pts',(23.5,29.,52.5160520289302));
#2485=CARTESIAN_POINT('Ctrl Pts',(23.5,24.6666666666667,50.0107013526202));
#2486=CARTESIAN_POINT('Ctrl Pts',(23.5,20.3333333333333,47.5053506763101));
#2487=CARTESIAN_POINT('Ctrl Pts',(23.5,16.,45.));
#2488=CARTESIAN_POINT('',(2.54000336156626,29.,46.7192964291291));
#2489=CARTESIAN_POINT('',(13.7578152554107,29.,54.312492652238));
#2490=CARTESIAN_POINT('',(0.,29.,45.));
#2491=CARTESIAN_POINT('',(0.,16.,45.));
#2492=CARTESIAN_POINT('',(2.54000336156626,29.,46.7192964291291));
#2493=CARTESIAN_POINT('',(23.5,16.,45.));
#2494=CARTESIAN_POINT('',(5.875,16.,45.));
#2495=CARTESIAN_POINT('',(23.5,29.,52.5160520289302));
#2496=CARTESIAN_POINT('',(23.5,29.,52.5160520289302));
#2497=CARTESIAN_POINT('',(19.9457463755734,29.,54.4948635226491));
#2498=CARTESIAN_POINT('',(37.,29.,45.));
#2499=CARTESIAN_POINT('',(18.,29.,55.));
#2500=CARTESIAN_POINT('Origin',(18.,29.,51.));
#2501=CARTESIAN_POINT('',(16.,29.,55.));
#2502=CARTESIAN_POINT('',(16.,29.,55.));
#2503=CARTESIAN_POINT('Origin',(16.,29.,51.));
#2504=CARTESIAN_POINT('Ctrl Pts',(0.,29.,45.));
#2505=CARTESIAN_POINT('Ctrl Pts',(0.,24.6666666666667,44.));
#2506=CARTESIAN_POINT('Ctrl Pts',(0.,20.3333333333333,43.));
#2507=CARTESIAN_POINT('Ctrl Pts',(0.,16.,42.));
#2508=CARTESIAN_POINT('Ctrl Pts',(0.846667787188752,29.,45.5730988097097));
#2509=CARTESIAN_POINT('Ctrl Pts',(0.564445191459168,24.6666666666667,44.7153992064731));
#2510=CARTESIAN_POINT('Ctrl Pts',(0.282222595729584,20.3333333333333,43.8576996032366));
#2511=CARTESIAN_POINT('Ctrl Pts',(0.,16.,43.));
#2512=CARTESIAN_POINT('Ctrl Pts',(1.6933355743775,29.,46.1461976194194));
#2513=CARTESIAN_POINT('Ctrl Pts',(1.12889038291834,24.6666666666667,45.4307984129463));
#2514=CARTESIAN_POINT('Ctrl Pts',(0.564445191459168,20.3333333333333,44.7153992064731));
#2515=CARTESIAN_POINT('Ctrl Pts',(0.,16.,44.));
#2516=CARTESIAN_POINT('Ctrl Pts',(2.54000336156626,29.,46.7192964291291));
#2517=CARTESIAN_POINT('Ctrl Pts',(1.6933355743775,24.6666666666667,46.1461976194194));
#2518=CARTESIAN_POINT('Ctrl Pts',(0.846667787188752,20.3333333333333,45.5730988097097));
#2519=CARTESIAN_POINT('Ctrl Pts',(0.,16.,45.));
#2520=CARTESIAN_POINT('',(0.,29.,45.));
#2521=CARTESIAN_POINT('Ctrl Pts',(0.,16.,45.));
#2522=CARTESIAN_POINT('Ctrl Pts',(0.112996066157907,16.5783255574697,45.));
#2523=CARTESIAN_POINT('Ctrl Pts',(0.218781252810733,17.1639542468058,44.9999975932768));
#2524=CARTESIAN_POINT('Ctrl Pts',(0.314379572838405,17.7527329110115,44.9999938910656));
#2525=CARTESIAN_POINT('Ctrl Pts',(0.400000699210053,18.2800632280954,44.9999905752386));
#2526=CARTESIAN_POINT('Ctrl Pts',(0.477446195010714,18.8099203310625,44.9999883011288));
#2527=CARTESIAN_POINT('Ctrl Pts',(0.544571590487021,19.339320415322,44.9999910910645));
#2528=CARTESIAN_POINT('Ctrl Pts',(0.600851952457286,19.7831886139045,44.9999934302476));
#2529=CARTESIAN_POINT('Ctrl Pts',(0.649876208951514,20.2267355396363,45.));
#2530=CARTESIAN_POINT('Ctrl Pts',(0.690406531707002,20.6682025383256,45.));
#2531=CARTESIAN_POINT('Ctrl Pts',(0.741103552405217,21.2204079008429,45.));
#2532=CARTESIAN_POINT('Ctrl Pts',(0.779330349441518,21.7781158405497,44.9999972069243));
#2533=CARTESIAN_POINT('Ctrl Pts',(0.801356903000631,22.3368988517801,44.9999947765716));
#2534=CARTESIAN_POINT('Ctrl Pts',(0.819285807009469,22.7917301962859,44.999992798343));
#2535=CARTESIAN_POINT('Ctrl Pts',(0.826476847991087,23.2472738224212,44.9999933280441));
#2536=CARTESIAN_POINT('Ctrl Pts',(0.820921676770563,23.7011420249968,44.9999964492629));
#2537=CARTESIAN_POINT('Ctrl Pts',(0.818151923496826,23.9274362092848,44.9999980054716));
#2538=CARTESIAN_POINT('Ctrl Pts',(0.812213971331031,24.1533138965624,45.));
#2539=CARTESIAN_POINT('Ctrl Pts',(0.802863739933975,24.3784791414195,45.));
#2540=CARTESIAN_POINT('Ctrl Pts',(0.785741730344673,24.7907985074232,45.));
#2541=CARTESIAN_POINT('Ctrl Pts',(0.757068496838005,25.2036282498993,44.9999977530851));
#2542=CARTESIAN_POINT('Ctrl Pts',(0.714847507466913,25.6152769385639,44.9999902117244));
#2543=CARTESIAN_POINT('Ctrl Pts',(0.655885700743639,26.1901462341553,44.9999796801794));
#2544=CARTESIAN_POINT('Ctrl Pts',(0.570495379944373,26.7627122088951,44.9999625241022));
#2545=CARTESIAN_POINT('Ctrl Pts',(0.45317039920709,27.3283682550467,44.999965029669));
#2546=CARTESIAN_POINT('Ctrl Pts',(0.381495088892137,27.6739346671156,44.9999665603514));
#2547=CARTESIAN_POINT('Ctrl Pts',(0.297900142764853,28.0169221955883,44.9999760172888));
#2548=CARTESIAN_POINT('Ctrl Pts',(0.20115571903689,28.3562805280389,44.9999865028051));
#2549=CARTESIAN_POINT('Ctrl Pts',(0.139539647352324,28.5724162652037,44.9999931809814));
#2550=CARTESIAN_POINT('Ctrl Pts',(0.0725902267760864,28.7870798710394,45.));
#2551=CARTESIAN_POINT('Ctrl Pts',(0.,29.,45.));
#2552=CARTESIAN_POINT('',(0.,29.,45.));
#2553=CARTESIAN_POINT('Origin',(34.,0.,42.));
#2554=CARTESIAN_POINT('',(23.5,16.,42.));
#2555=CARTESIAN_POINT('',(34.,16.,42.));
#2556=CARTESIAN_POINT('',(26.25,16.,42.));
#2557=CARTESIAN_POINT('',(34.,0.,42.));
#2558=CARTESIAN_POINT('',(24.5350531367067,0.,42.));
#2559=CARTESIAN_POINT('',(16.0350531367067,0.,42.));
#2560=CARTESIAN_POINT('',(0.,32.,42.));
#2561=CARTESIAN_POINT('',(0.,0.,42.));
#2562=CARTESIAN_POINT('',(23.5,32.,42.));
#2563=CARTESIAN_POINT('',(34.,32.,42.));
#2564=CARTESIAN_POINT('',(23.5,8.,42.));
#2565=CARTESIAN_POINT('Origin',(0.,0.,0.));
#2566=CARTESIAN_POINT('',(0.,32.,45.));
#2567=CARTESIAN_POINT('',(0.,0.,45.));
#2568=CARTESIAN_POINT('',(0.,32.,45.));
#2569=CARTESIAN_POINT('',(0.,32.,0.));
#2570=CARTESIAN_POINT('',(0.,0.,0.));
#2571=CARTESIAN_POINT('',(0.,32.,-3.));
#2572=CARTESIAN_POINT('',(0.,32.,45.));
#2573=CARTESIAN_POINT('',(0.,29.,-3.));
#2574=CARTESIAN_POINT('',(0.,0.,-3.));
#2575=CARTESIAN_POINT('',(0.,16.,-3.));
#2576=CARTESIAN_POINT('',(0.,0.,-3.));
#2577=CARTESIAN_POINT('',(0.,0.,-3.));
#2578=CARTESIAN_POINT('',(0.,0.,-3.));
#2579=CARTESIAN_POINT('',(0.,0.,45.));
#2580=CARTESIAN_POINT('',(0.,0.,45.));
#2581=CARTESIAN_POINT('',(0.,0.,45.));
#2582=CARTESIAN_POINT('',(0.,0.,45.));
#2583=CARTESIAN_POINT('Origin',(0.,0.,45.));
#2584=CARTESIAN_POINT('Origin',(17.,0.,-8.));
#2585=CARTESIAN_POINT('',(13.7507038115006,22.784594326531,-7.93236658072089));
#2586=CARTESIAN_POINT('',(13.75,22.8792963009269,-8.0000000000874));
#2587=CARTESIAN_POINT('Ctrl Pts',(13.7507038115006,22.784594326531,-7.93236658072089));
#2588=CARTESIAN_POINT('Ctrl Pts',(13.7634794556789,21.9228477324968,-7.31858936264517));
#2589=CARTESIAN_POINT('Ctrl Pts',(13.950834100606,20.9723591895279,-6.68462485602744));
#2590=CARTESIAN_POINT('Ctrl Pts',(14.5164389339547,19.8122441721608,-5.88241740988609));
#2591=CARTESIAN_POINT('Ctrl Pts',(14.7439387400544,19.451993314569,-5.6294029689518));
#2592=CARTESIAN_POINT('Ctrl Pts',(15.3730315635989,18.8025993337649,-5.15787685862096));
#2593=CARTESIAN_POINT('Ctrl Pts',(15.6964225067964,18.6137012848846,-5.01053944991125));
#2594=CARTESIAN_POINT('Ctrl Pts',(16.1548445179104,18.4109929230258,-4.85460994078904));
#2595=CARTESIAN_POINT('Ctrl Pts',(16.3768480788042,18.3411613676726,-4.80089335974813));
#2596=CARTESIAN_POINT('Ctrl Pts',(16.7986621986711,18.2766589188286,-4.75127609140665));
#2597=CARTESIAN_POINT('Ctrl Pts',(16.9856448888146,18.2674508581173,-4.7441929677825));
#2598=CARTESIAN_POINT('Ctrl Pts',(17.3699616536696,18.2952018265256,-4.76553986655816));
#2599=CARTESIAN_POINT('Ctrl Pts',(17.5645064419481,18.3302800824719,-4.79332598466222));
#2600=CARTESIAN_POINT('Ctrl Pts',(18.0041598087633,18.4707785126517,-4.89853724386494));
#2601=CARTESIAN_POINT('Ctrl Pts',(18.2394977217074,18.5920664556513,-4.98588272966149));
#2602=CARTESIAN_POINT('Ctrl Pts',(18.788112160746,18.984226337804,-5.26084134640189));
#2603=CARTESIAN_POINT('Ctrl Pts',(19.1032460006392,19.3179415500486,-5.48918963603651));
#2604=CARTESIAN_POINT('Ctrl Pts',(19.7485732649179,20.3615630153916,-6.18323042964883));
#2605=CARTESIAN_POINT('Ctrl Pts',(20.0204607009717,21.1172935535793,-6.67345658239795));
#2606=CARTESIAN_POINT('Ctrl Pts',(20.275876328041,22.643803076795,-7.71093589314364));
#2607=CARTESIAN_POINT('Ctrl Pts',(20.2879267519337,23.4040823203067,-8.24485721108488));
#2608=CARTESIAN_POINT('Ctrl Pts',(20.0453676008732,24.6402723668307,-9.22146488481573));
#2609=CARTESIAN_POINT('Ctrl Pts',(19.8603575268818,25.0170431725615,-9.57042160253684));
#2610=CARTESIAN_POINT('Ctrl Pts',(19.4940262987611,25.5724049271678,-10.1154717043976));
#2611=CARTESIAN_POINT('Ctrl Pts',(19.2363098144412,25.82523314638,-10.3892747527649));
#2612=CARTESIAN_POINT('Ctrl Pts',(18.479602866586,26.3486229040527,-10.9466155942007));
#2613=CARTESIAN_POINT('Ctrl Pts',(18.0095949013275,26.5242550264959,-11.0955807896123));
#2614=CARTESIAN_POINT('Ctrl Pts',(17.6292044416135,26.6527710668083,-11.1944392821603));
#2615=CARTESIAN_POINT('Ctrl Pts',(17.4256800573973,26.6982982381335,-11.2294601831796));
#2616=CARTESIAN_POINT('Ctrl Pts',(17.0299736238724,26.731092687165,-11.2546866824346));
#2617=CARTESIAN_POINT('Ctrl Pts',(16.8466461522392,26.7274782896462,-11.2519063766509));
#2618=CARTESIAN_POINT('Ctrl Pts',(16.4463657488841,26.6724453412662,-11.2095733394356));
#2619=CARTESIAN_POINT('Ctrl Pts',(16.235515859377,26.6160191245492,-11.1661685573455));
#2620=CARTESIAN_POINT('Ctrl Pts',(15.8406328513403,26.4554120198596,-11.0426246306612));
#2621=CARTESIAN_POINT('Ctrl Pts',(15.4090500761025,26.2707976987287,-10.892382707405));
#2622=CARTESIAN_POINT('Ctrl Pts',(14.6362472802088,25.6333558154883,-10.2687326610181));
#2623=CARTESIAN_POINT('Ctrl Pts',(14.340415085747,25.2917861565106,-9.92866942897421));
#2624=CARTESIAN_POINT('Ctrl Pts',(13.8349735957263,24.1809847095419,-8.95949008199706));
#2625=CARTESIAN_POINT('Ctrl Pts',(13.7500000000226,23.4653640353013,-8.41970757237019));
#2626=CARTESIAN_POINT('Ctrl Pts',(13.75,22.8792963009269,-8.0000000001748));
#2627=CARTESIAN_POINT('Ctrl Pts',(13.75,22.8792963009268,-8.0000000001748));
#2628=CARTESIAN_POINT('Ctrl Pts',(13.7499999999988,22.8473234417113,-7.97710290086282));
#2629=CARTESIAN_POINT('Ctrl Pts',(13.7502420131784,22.8157436858688,-7.95455264707909));
#2630=CARTESIAN_POINT('Ctrl Pts',(13.7507038115006,22.784594326531,-7.93236658072089));
#2631=CARTESIAN_POINT('',(13.75,28.,-8.));
#2632=CARTESIAN_POINT('',(13.75,0.,-8.));
#2633=CARTESIAN_POINT('Origin',(17.,28.,-8.));
#2634=CARTESIAN_POINT('Origin',(18.5,28.,21.));
#2635=CARTESIAN_POINT('',(15.25,28.,-8.));
#2636=CARTESIAN_POINT('Origin',(17.,28.,-8.));
#2637=CARTESIAN_POINT('Ctrl Pts',(0.,29.,-3.));
#2638=CARTESIAN_POINT('Ctrl Pts',(0.,24.6666666666667,-2.));
#2639=CARTESIAN_POINT('Ctrl Pts',(0.,20.3333333333333,-0.999999999999999));
#2640=CARTESIAN_POINT('Ctrl Pts',(0.,16.,0.));
#2641=CARTESIAN_POINT('Ctrl Pts',(0.846667787188752,29.,-3.5730988097097));
#2642=CARTESIAN_POINT('Ctrl Pts',(0.564445191459168,24.6666666666667,-2.71539920647314));
#2643=CARTESIAN_POINT('Ctrl Pts',(0.282222595729584,20.3333333333333,-1.85769960323657));
#2644=CARTESIAN_POINT('Ctrl Pts',(0.,16.,-0.999999999999999));
#2645=CARTESIAN_POINT('Ctrl Pts',(1.6933355743775,29.,-4.14619761941941));
#2646=CARTESIAN_POINT('Ctrl Pts',(1.12889038291834,24.6666666666667,-3.43079841294627));
#2647=CARTESIAN_POINT('Ctrl Pts',(0.564445191459168,20.3333333333333,-2.71539920647314));
#2648=CARTESIAN_POINT('Ctrl Pts',(0.,16.,-2.));
#2649=CARTESIAN_POINT('Ctrl Pts',(2.54000336156626,29.,-4.71929642912912));
#2650=CARTESIAN_POINT('Ctrl Pts',(1.6933355743775,24.6666666666667,-4.14619761941941));
#2651=CARTESIAN_POINT('Ctrl Pts',(0.846667787188752,20.3333333333333,-3.5730988097097));
#2652=CARTESIAN_POINT('Ctrl Pts',(0.,16.,-3.));
#2653=CARTESIAN_POINT('Ctrl Pts',(0.,29.,-3.));
#2654=CARTESIAN_POINT('Ctrl Pts',(0.131985382423509,28.6128632476488,-3.));
#2655=CARTESIAN_POINT('Ctrl Pts',(0.245248547496793,28.2202426534611,-2.99999471883236));
#2656=CARTESIAN_POINT('Ctrl Pts',(0.341730683738268,27.8235987732874,-2.99999443889794));
#2657=CARTESIAN_POINT('Ctrl Pts',(0.477598628318571,27.2650374599819,-2.99999404468907));
#2658=CARTESIAN_POINT('Ctrl Pts',(0.580196737817796,26.6984976495342,-2.99999939136673));
#2659=CARTESIAN_POINT('Ctrl Pts',(0.65502391052559,26.1280581047724,-2.99999990743925));
#2660=CARTESIAN_POINT('Ctrl Pts',(0.667593223385842,26.0322368563341,-2.99999999412804));
#2661=CARTESIAN_POINT('Ctrl Pts',(0.679378825292784,25.9363055707237,-3.));
#2662=CARTESIAN_POINT('Ctrl Pts',(0.690406531707011,25.8402835803093,-3.));
#2663=CARTESIAN_POINT('Ctrl Pts',(0.738892543284728,25.4180993867818,-3.));
#2664=CARTESIAN_POINT('Ctrl Pts',(0.772876500136285,24.9927492101498,-2.99999444501348));
#2665=CARTESIAN_POINT('Ctrl Pts',(0.794254718430091,24.5663049703347,-2.9999940038634));
#2666=CARTESIAN_POINT('Ctrl Pts',(0.824908142125464,23.9548426030853,-2.9999933713149));
#2667=CARTESIAN_POINT('Ctrl Pts',(0.829652788483982,23.3411308841369,-2.99999915091865));
#2668=CARTESIAN_POINT('Ctrl Pts',(0.814164097910523,22.731277762578,-2.99999985258241));
#2669=CARTESIAN_POINT('Ctrl Pts',(0.811149901896575,22.6125965325942,-2.99999998913056));
#2670=CARTESIAN_POINT('Ctrl Pts',(0.807369305030051,22.4940614338409,-3.));
#2671=CARTESIAN_POINT('Ctrl Pts',(0.802863739933984,22.3757174822007,-3.));
#2672=CARTESIAN_POINT('Ctrl Pts',(0.787508739835108,21.9724003953557,-3.));
#2673=CARTESIAN_POINT('Ctrl Pts',(0.763520263123569,21.5661135647003,-2.99998098725341));
#2674=CARTESIAN_POINT('Ctrl Pts',(0.731915865288709,21.1583271002898,-2.99996701671433));
#2675=CARTESIAN_POINT('Ctrl Pts',(0.695399865136406,20.6871670207867,-2.9999508750302));
#2676=CARTESIAN_POINT('Ctrl Pts',(0.648717767687938,20.2140049758816,-2.99994099788388));
#2677=CARTESIAN_POINT('Ctrl Pts',(0.593502577141085,19.7411085156607,-2.99994247579386));
#2678=CARTESIAN_POINT('Ctrl Pts',(0.519748888370725,19.1094370860721,-2.99994444991205));
#2679=CARTESIAN_POINT('Ctrl Pts',(0.430774407345054,18.4782395201041,-2.99996457083881));
#2680=CARTESIAN_POINT('Ctrl Pts',(0.330541259971755,17.8529200300598,-2.99997956703605));
#2681=CARTESIAN_POINT('Ctrl Pts',(0.251061559449579,17.3570740240044,-2.99999145824467));
#2682=CARTESIAN_POINT('Ctrl Pts',(0.164505925965381,16.8649239578452,-2.99999854175036));
#2683=CARTESIAN_POINT('Ctrl Pts',(0.0728290236464386,16.3791642619522,-2.99999968799793));
#2684=CARTESIAN_POINT('Ctrl Pts',(0.0488906883576579,16.2523244781471,-2.99999998730188));
#2685=CARTESIAN_POINT('Ctrl Pts',(0.0246029416510242,16.1259204008557,-3.));
#2686=CARTESIAN_POINT('Ctrl Pts',(0.,16.,-3.));
#2687=CARTESIAN_POINT('',(2.54000336156626,29.,-4.71929642912912));
#2688=CARTESIAN_POINT('',(0.,29.,-3.));
#2689=CARTESIAN_POINT('',(2.54000336156626,29.,-4.71929642912912));
#2690=CARTESIAN_POINT('Ctrl Pts',(2.54000336156626,29.,-4.71929642912912));
#2691=CARTESIAN_POINT('Ctrl Pts',(1.6933355743775,24.6666666666667,-4.14619761941941));
#2692=CARTESIAN_POINT('Ctrl Pts',(0.846667787188752,20.3333333333333,-3.5730988097097));
#2693=CARTESIAN_POINT('Ctrl Pts',(0.,16.,-3.));
#2694=CARTESIAN_POINT('Ctrl Pts',(6.27927399284774,29.,-7.2503618368321));
#2695=CARTESIAN_POINT('Ctrl Pts',(5.65836847427664,24.6666666666667,-5.8334658385372));
#2696=CARTESIAN_POINT('Ctrl Pts',(5.03736104913667,20.3333333333333,-4.41689599829489));
#2697=CARTESIAN_POINT('Ctrl Pts',(4.41645553056558,16.,-3.));
#2698=CARTESIAN_POINT('Ctrl Pts',(10.0191510881037,29.,-9.77949832741545));
#2699=CARTESIAN_POINT('Ctrl Pts',(9.62387970757716,24.6666666666667,-7.51921401380062));
#2700=CARTESIAN_POINT('Ctrl Pts',(9.22818244165774,20.3333333333333,-5.26028431361483));
#2701=CARTESIAN_POINT('Ctrl Pts',(8.83291106113117,16.,-3.));
#2702=CARTESIAN_POINT('Ctrl Pts',(14.4145945755628,29.,-12.7580043047887));
#2703=CARTESIAN_POINT('Ctrl Pts',(14.2848278713545,24.6666666666667,-9.5054279599385));
#2704=CARTESIAN_POINT('Ctrl Pts',(14.1551491399038,20.3333333333333,-6.25257634485021));
#2705=CARTESIAN_POINT('Ctrl Pts',(14.0253824356955,16.,-3.));
#2706=CARTESIAN_POINT('Ctrl Pts',(15.2063905959638,29.,-13.000780826796));
#2707=CARTESIAN_POINT('Ctrl Pts',(15.0714834463258,24.6666666666667,-9.66694718465815));
#2708=CARTESIAN_POINT('Ctrl Pts',(14.9363054293323,20.3333333333334,-6.33383364213785));
#2709=CARTESIAN_POINT('Ctrl Pts',(14.8013982796943,16.,-3.));
#2710=CARTESIAN_POINT('Ctrl Pts',(16.6667170167318,29.,-12.9999667274062));
#2711=CARTESIAN_POINT('Ctrl Pts',(16.5208926698202,24.6666666666667,-9.66685742642866));
#2712=CARTESIAN_POINT('Ctrl Pts',(16.3753030903529,20.3333333333333,-6.33310930097754));
#2713=CARTESIAN_POINT('Ctrl Pts',(16.2294787434414,16.,-3.));
#2714=CARTESIAN_POINT('Ctrl Pts',(17.3332605138664,29.,-13.000061126251));
#2715=CARTESIAN_POINT('Ctrl Pts',(17.1827342152167,24.6666666666667,-9.66673102485928));
#2716=CARTESIAN_POINT('Ctrl Pts',(17.0320696618394,20.3333333333333,-6.33333010139174));
#2717=CARTESIAN_POINT('Ctrl Pts',(16.8815433631896,16.,-3.));
#2718=CARTESIAN_POINT('Ctrl Pts',(18.6774150975278,29.,-13.0004660090915));
#2719=CARTESIAN_POINT('Ctrl Pts',(18.5169265353518,24.6666666666667,-9.66697437583855));
#2720=CARTESIAN_POINT('Ctrl Pts',(18.3566028727226,20.3333333333334,-6.33349163325295));
#2721=CARTESIAN_POINT('Ctrl Pts',(18.1961143105466,16.,-3.));
#2722=CARTESIAN_POINT('Ctrl Pts',(19.354027993525,29.,-12.8248239673975));
#2723=CARTESIAN_POINT('Ctrl Pts',(19.1888857897437,24.6666666666667,-9.54986114831114));
#2724=CARTESIAN_POINT('Ctrl Pts',(19.0237628419365,20.3333333333333,-6.27496281908636));
#2725=CARTESIAN_POINT('Ctrl Pts',(18.8586206381552,16.,-3.));
#2726=CARTESIAN_POINT('Ctrl Pts',(21.1303985252133,29.,-11.8349857673631));
#2727=CARTESIAN_POINT('Ctrl Pts',(21.0360698162124,24.6666666666667,-8.89006589362688));
#2728=CARTESIAN_POINT('Ctrl Pts',(20.9417466861768,20.3333333333333,-5.9449198737362));
#2729=CARTESIAN_POINT('Ctrl Pts',(20.8474179771759,16.,-3.));
#2730=CARTESIAN_POINT('Ctrl Pts',(22.3152487918578,29.,-11.1756558601698));
#2731=CARTESIAN_POINT('Ctrl Pts',(22.2680493399471,24.6666666666667,-8.45033108697468));
#2732=CARTESIAN_POINT('Ctrl Pts',(22.2209084404986,20.3333333333333,-5.72532477319516));
#2733=CARTESIAN_POINT('Ctrl Pts',(22.173708988588,16.,-3.));
#2734=CARTESIAN_POINT('Ctrl Pts',(23.5,29.,-10.5160520289302));
#2735=CARTESIAN_POINT('Ctrl Pts',(23.5,24.6666666666667,-8.01070135262015));
#2736=CARTESIAN_POINT('Ctrl Pts',(23.5,20.3333333333333,-5.50535067631008));
#2737=CARTESIAN_POINT('Ctrl Pts',(23.5,16.,-3.));
#2738=CARTESIAN_POINT('',(13.7578152554107,29.,-12.3124926522381));
#2739=CARTESIAN_POINT('',(0.,29.,-3.));
#2740=CARTESIAN_POINT('',(16.,29.,-13.));
#2741=CARTESIAN_POINT('Origin',(16.,29.,-8.99999999999999));
#2742=CARTESIAN_POINT('',(18.,29.,-13.));
#2743=CARTESIAN_POINT('',(16.,29.,-13.));
#2744=CARTESIAN_POINT('',(19.9457463755734,29.,-12.4948635226491));
#2745=CARTESIAN_POINT('Origin',(18.,29.,-9.));
#2746=CARTESIAN_POINT('',(23.5,29.,-10.5160520289302));
#2747=CARTESIAN_POINT('',(37.,29.,-3.));
#2748=CARTESIAN_POINT('',(23.5,16.,-3.));
#2749=CARTESIAN_POINT('',(23.5,29.,-10.5160520289302));
#2750=CARTESIAN_POINT('',(24.375,16.,-3.));
#2751=CARTESIAN_POINT('Origin',(0.,0.,0.));
#2752=CARTESIAN_POINT('',(10.,0.,0.));
#2753=CARTESIAN_POINT('',(17.9649468632933,0.,0.));
#2754=CARTESIAN_POINT('',(34.,16.,0.));
#2755=CARTESIAN_POINT('',(34.,0.,0.));
#2756=CARTESIAN_POINT('',(23.5,16.,0.));
#2757=CARTESIAN_POINT('',(9.25,16.,0.));
#2758=CARTESIAN_POINT('',(23.5,32.,0.));
#2759=CARTESIAN_POINT('',(23.5,8.,0.));
#2760=CARTESIAN_POINT('',(0.,32.,0.));
#2761=CARTESIAN_POINT('Origin',(23.5,16.,-10.5160520289302));
#2762=CARTESIAN_POINT('',(23.5,32.,-10.5160520289302));
#2763=CARTESIAN_POINT('',(23.5,22.5,-10.5160520289302));
#2764=CARTESIAN_POINT('',(23.5,32.,5.24197398553488));
#2765=CARTESIAN_POINT('',(23.5,16.,-10.5160520289302));
#2766=CARTESIAN_POINT('Origin',(37.,0.,-3.));
#2767=CARTESIAN_POINT('Origin',(18.5,16.,21.));
#2768=CARTESIAN_POINT('',(34.,16.,45.));
#2769=CARTESIAN_POINT('',(9.25,16.,45.));
#2770=CARTESIAN_POINT('',(34.,16.,45.));
#2771=CARTESIAN_POINT('',(23.5,16.,52.5160520289302));
#2772=CARTESIAN_POINT('Origin',(23.5,16.,52.5160520289302));
#2773=CARTESIAN_POINT('',(23.5,32.,52.5160520289302));
#2774=CARTESIAN_POINT('',(23.5,32.,36.7580260144651));
#2775=CARTESIAN_POINT('',(23.5,22.5,52.5160520289302));
#2776=CARTESIAN_POINT('Origin',(0.,0.,45.));
#2777=CARTESIAN_POINT('',(37.,0.,45.));
#2778=CARTESIAN_POINT('',(37.,0.,45.));
#2779=CARTESIAN_POINT('',(37.,32.,45.));
#2780=CARTESIAN_POINT('',(37.,0.,45.));
#2781=CARTESIAN_POINT('',(34.,32.,45.));
#2782=CARTESIAN_POINT('',(26.25,32.,45.));
#2783=CARTESIAN_POINT('',(34.,8.,45.));
#2784=CARTESIAN_POINT('Origin',(18.5,32.,21.));
#2785=CARTESIAN_POINT('',(13.7578152554107,32.,54.312492652238));
#2786=CARTESIAN_POINT('',(0.,32.,45.));
#2787=CARTESIAN_POINT('',(16.,32.,55.));
#2788=CARTESIAN_POINT('Origin',(16.,32.,51.));
#2789=CARTESIAN_POINT('',(18.,32.,55.));
#2790=CARTESIAN_POINT('',(16.,32.,55.));
#2791=CARTESIAN_POINT('',(19.9457463755734,32.,54.4948635226491));
#2792=CARTESIAN_POINT('Origin',(18.,32.,51.));
#2793=CARTESIAN_POINT('',(37.,32.,45.));
#2794=CARTESIAN_POINT('',(15.25,32.,50.));
#2795=CARTESIAN_POINT('Origin',(17.,32.,50.));
#2796=CARTESIAN_POINT('Origin',(18.5,32.,21.));
#2797=CARTESIAN_POINT('',(34.,32.,-3.));
#2798=CARTESIAN_POINT('',(34.,32.,10.5));
#2799=CARTESIAN_POINT('',(37.,32.,-3.));
#2800=CARTESIAN_POINT('',(37.,32.,-3.));
#2801=CARTESIAN_POINT('',(26.25,32.,-3.));
#2802=CARTESIAN_POINT('Origin',(18.5,16.,21.));
#2803=CARTESIAN_POINT('',(34.,16.,-3.));
#2804=CARTESIAN_POINT('',(27.75,16.,-3.));
#2805=CARTESIAN_POINT('',(34.,16.,-3.));
#2806=CARTESIAN_POINT('Origin',(37.,0.,-3.));
#2807=CARTESIAN_POINT('',(34.,16.,-3.));
#2808=CARTESIAN_POINT('',(37.,0.,-3.));
#2809=CARTESIAN_POINT('',(37.,0.,-3.));
#2810=CARTESIAN_POINT('',(0.,0.,-3.));
#2811=CARTESIAN_POINT('Origin',(18.5,32.,21.));
#2812=CARTESIAN_POINT('',(19.9457463755734,32.,-12.4948635226491));
#2813=CARTESIAN_POINT('',(37.,32.,-3.));
#2814=CARTESIAN_POINT('',(18.,32.,-13.));
#2815=CARTESIAN_POINT('Origin',(18.,32.,-9.));
#2816=CARTESIAN_POINT('',(16.,32.,-13.));
#2817=CARTESIAN_POINT('',(16.,32.,-13.));
#2818=CARTESIAN_POINT('',(13.7578152554107,32.,-12.3124926522381));
#2819=CARTESIAN_POINT('Origin',(16.,32.,-8.99999999999999));
#2820=CARTESIAN_POINT('',(0.,32.,-3.));
#2821=CARTESIAN_POINT('',(15.25,32.,-8.));
#2822=CARTESIAN_POINT('Origin',(17.,32.,-8.));
#2823=CARTESIAN_POINT('Origin',(17.,29.,50.));
#2824=CARTESIAN_POINT('',(15.25,29.,50.));
#2825=CARTESIAN_POINT('Origin',(19.9457463755734,29.,54.4948635226491));
#2826=CARTESIAN_POINT('',(19.9457463755734,29.,54.4948635226491));
#2827=CARTESIAN_POINT('Origin',(18.,29.,51.));
#2828=CARTESIAN_POINT('',(18.,29.,55.));
#2829=CARTESIAN_POINT('Origin',(16.,29.,55.));
#2830=CARTESIAN_POINT('',(16.,29.,55.));
#2831=CARTESIAN_POINT('Origin',(16.,29.,51.));
#2832=CARTESIAN_POINT('',(13.7578152554107,29.,54.312492652238));
#2833=CARTESIAN_POINT('Origin',(0.,29.,45.));
#2834=CARTESIAN_POINT('Origin',(17.,29.,-8.));
#2835=CARTESIAN_POINT('',(15.25,29.,-8.));
#2836=CARTESIAN_POINT('Origin',(13.7578152554107,29.,-12.312492652238));
#2837=CARTESIAN_POINT('',(13.7578152554107,29.,-12.3124926522381));
#2838=CARTESIAN_POINT('Origin',(16.,29.,-8.99999999999999));
#2839=CARTESIAN_POINT('',(16.,29.,-13.));
#2840=CARTESIAN_POINT('Origin',(18.,29.,-13.));
#2841=CARTESIAN_POINT('',(18.,29.,-13.));
#2842=CARTESIAN_POINT('Origin',(18.,29.,-9.));
#2843=CARTESIAN_POINT('',(19.9457463755734,29.,-12.4948635226491));
#2844=CARTESIAN_POINT('Origin',(37.,29.,-3.));
#2845=CARTESIAN_POINT('Origin',(37.,0.,45.));
#2846=CARTESIAN_POINT('',(37.,0.,-3.));
#2847=CARTESIAN_POINT('Origin',(34.,0.,0.));
#2848=CARTESIAN_POINT('',(34.,0.,11.6919931840682));
#2849=CARTESIAN_POINT('',(34.,0.,22.1919931840682));
#2850=CARTESIAN_POINT('Origin',(17.,0.,21.));
#2851=UNCERTAINTY_MEASURE_WITH_UNIT(LENGTH_MEASURE(0.01),#2855,
'DISTANCE_ACCURACY_VALUE',
'Maximum model space distance between geometric entities at asserted c
onnectivities');
#2852=UNCERTAINTY_MEASURE_WITH_UNIT(LENGTH_MEASURE(0.01),#2855,
'DISTANCE_ACCURACY_VALUE',
'Maximum model space distance between geometric entities at asserted c
onnectivities');
#2853=(
GEOMETRIC_REPRESENTATION_CONTEXT(3)
GLOBAL_UNCERTAINTY_ASSIGNED_CONTEXT((#2851))
GLOBAL_UNIT_ASSIGNED_CONTEXT((#2855,#2857,#2858))
REPRESENTATION_CONTEXT('','3D')
);
#2854=(
GEOMETRIC_REPRESENTATION_CONTEXT(3)
GLOBAL_UNCERTAINTY_ASSIGNED_CONTEXT((#2852))
GLOBAL_UNIT_ASSIGNED_CONTEXT((#2855,#2857,#2858))
REPRESENTATION_CONTEXT('','3D')
);
#2855=(
LENGTH_UNIT()
NAMED_UNIT(*)
SI_UNIT(.MILLI.,.METRE.)
);
#2856=(
LENGTH_UNIT()
NAMED_UNIT(*)
SI_UNIT($,.METRE.)
);
#2857=(
NAMED_UNIT(*)
PLANE_ANGLE_UNIT()
SI_UNIT($,.RADIAN.)
);
#2858=(
NAMED_UNIT(*)
SI_UNIT($,.STERADIAN.)
SOLID_ANGLE_UNIT()
);
#2859=SHAPE_DEFINITION_REPRESENTATION(#2860,#2861);
#2860=PRODUCT_DEFINITION_SHAPE('',$,#2863);
#2861=SHAPE_REPRESENTATION('',(#1652),#2853);
#2862=PRODUCT_DEFINITION_CONTEXT('part definition',#2867,'design');
#2863=PRODUCT_DEFINITION('\X2\01111EE1\X0\ \X2\01111ED9\X0\ng c\X2\01A1\X0\ 
v2','\X2\01111EE1\X0\ \X2\01111ED9\X0\ng c\X2\01A1\X0\ v2 v9',#2864,#2862);
#2864=PRODUCT_DEFINITION_FORMATION('',$,#2869);
#2865=PRODUCT_RELATED_PRODUCT_CATEGORY('\X2\01111EE1\X0\ \X2\01111ED9\X0\n
g c\X2\01A1\X0\ v2 v9','\X2\01111EE1\X0\ \X2\01111ED9\X0\ng c\X2\01A1\X0\ 
v2 v9',(#2869));
#2866=APPLICATION_PROTOCOL_DEFINITION('international standard',
'automotive_design',2009,#2867);
#2867=APPLICATION_CONTEXT(
'Core Data for Automotive Mechanical Design Process');
#2868=PRODUCT_CONTEXT('part definition',#2867,'mechanical');
#2869=PRODUCT('\X2\01111EE1\X0\ \X2\01111ED9\X0\ng c\X2\01A1\X0\ v2',
'\X2\01111EE1\X0\ \X2\01111ED9\X0\ng c\X2\01A1\X0\ v2 v9',$,(#2868));
#2870=PRESENTATION_STYLE_ASSIGNMENT((#2872));
#2871=PRESENTATION_STYLE_ASSIGNMENT((#2873));
#2872=SURFACE_STYLE_USAGE(.BOTH.,#2874);
#2873=SURFACE_STYLE_USAGE(.BOTH.,#2875);
#2874=SURFACE_SIDE_STYLE('',(#2876));
#2875=SURFACE_SIDE_STYLE('',(#2877));
#2876=SURFACE_STYLE_FILL_AREA(#2878);
#2877=SURFACE_STYLE_FILL_AREA(#2879);
#2878=FILL_AREA_STYLE('Steel - Satin',(#2880));
#2879=FILL_AREA_STYLE('ABS (White)',(#2881));
#2880=FILL_AREA_STYLE_COLOUR('Steel - Satin',#2882);
#2881=FILL_AREA_STYLE_COLOUR('ABS (White)',#2883);
#2882=COLOUR_RGB('Steel - Satin',0.627450980392157,0.627450980392157,0.627450980392157);
#2883=COLOUR_RGB('ABS (White)',0.964705882352941,0.964705882352941,0.952941176470588);
ENDSEC;
END-ISO-10303-21;
