ISO-10303-21;
HEADER;
/* Generated by software containing ST-Developer
 * from STEP Tools, Inc. (www.steptools.com) 
 */

FILE_DESCRIPTION(
/* description */ (''),
/* implementation_level */ '2;1');

FILE_NAME(
/* name */ 'Standoff.step',
/* time_stamp */ '2025-04-08T23:23:12+07:00',
/* author */ (''),
/* organization */ (''),
/* preprocessor_version */ 'ST-DEVELOPER v20.1',
/* originating_system */ 'Autodesk Translation Framework v14.4.0.0',
/* authorisation */ '');

FILE_SCHEMA (('AUTOMOTIVE_DESIGN { 1 0 10303 214 3 1 1 }'));
ENDSEC;

DATA;
#10=MECHANICAL_DESIGN_GEOMETRIC_PRESENTATION_REPRESENTATION('',(#13),#2783);
#11=SHAPE_REPRESENTATION_RELATIONSHIP('SRR','None',#2790,#12);
#12=ADVANCED_BREP_SHAPE_REPRESENTATION('',(#14),#2782);
#13=STYLED_ITEM('',(#2800),#14);
#14=MANIFOLD_SOLID_BREP('Body1',#681);
#15=FACE_BOUND('',#91,.T.);
#16=FACE_BOUND('',#100,.T.);
#17=PLANE('',#724);
#18=PLANE('',#726);
#19=PLANE('',#727);
#20=PLANE('',#728);
#21=PLANE('',#729);
#22=PLANE('',#730);
#23=PLANE('',#731);
#24=PLANE('',#732);
#25=B_SPLINE_SURFACE_WITH_KNOTS('',3,3,((#1724,#1725,#1726,#1727,#1728,
#1729,#1730,#1731,#1732,#1733,#1734,#1735,#1736,#1737,#1738,#1739,#1740,
#1741,#1742,#1743,#1744,#1745,#1746,#1747,#1748,#1749,#1750,#1751,#1752,
#1753,#1754,#1755,#1756,#1757,#1758,#1759,#1760,#1761,#1762,#1763,#1764,
#1765,#1766,#1767,#1768,#1769,#1770,#1771,#1772,#1773,#1774,#1775,#1776,
#1777,#1778,#1779,#1780,#1781,#1782,#1783,#1784,#1785,#1786,#1787,#1788,
#1789,#1790,#1791,#1792,#1793,#1794,#1795,#1796,#1797,#1798,#1799,#1800,
#1801,#1802,#1803,#1804),(#1805,#1806,#1807,#1808,#1809,#1810,#1811,#1812,
#1813,#1814,#1815,#1816,#1817,#1818,#1819,#1820,#1821,#1822,#1823,#1824,
#1825,#1826,#1827,#1828,#1829,#1830,#1831,#1832,#1833,#1834,#1835,#1836,
#1837,#1838,#1839,#1840,#1841,#1842,#1843,#1844,#1845,#1846,#1847,#1848,
#1849,#1850,#1851,#1852,#1853,#1854,#1855,#1856,#1857,#1858,#1859,#1860,
#1861,#1862,#1863,#1864,#1865,#1866,#1867,#1868,#1869,#1870,#1871,#1872,
#1873,#1874,#1875,#1876,#1877,#1878,#1879,#1880,#1881,#1882,#1883,#1884,
#1885),(#1886,#1887,#1888,#1889,#1890,#1891,#1892,#1893,#1894,#1895,#1896,
#1897,#1898,#1899,#1900,#1901,#1902,#1903,#1904,#1905,#1906,#1907,#1908,
#1909,#1910,#1911,#1912,#1913,#1914,#1915,#1916,#1917,#1918,#1919,#1920,
#1921,#1922,#1923,#1924,#1925,#1926,#1927,#1928,#1929,#1930,#1931,#1932,
#1933,#1934,#1935,#1936,#1937,#1938,#1939,#1940,#1941,#1942,#1943,#1944,
#1945,#1946,#1947,#1948,#1949,#1950,#1951,#1952,#1953,#1954,#1955,#1956,
#1957,#1958,#1959,#1960,#1961,#1962,#1963,#1964,#1965,#1966),(#1967,#1968,
#1969,#1970,#1971,#1972,#1973,#1974,#1975,#1976,#1977,#1978,#1979,#1980,
#1981,#1982,#1983,#1984,#1985,#1986,#1987,#1988,#1989,#1990,#1991,#1992,
#1993,#1994,#1995,#1996,#1997,#1998,#1999,#2000,#2001,#2002,#2003,#2004,
#2005,#2006,#2007,#2008,#2009,#2010,#2011,#2012,#2013,#2014,#2015,#2016,
#2017,#2018,#2019,#2020,#2021,#2022,#2023,#2024,#2025,#2026,#2027,#2028,
#2029,#2030,#2031,#2032,#2033,#2034,#2035,#2036,#2037,#2038,#2039,#2040,
#2041,#2042,#2043,#2044,#2045,#2046,#2047)),.UNSPECIFIED.,.F.,.F.,.F.,(4,
4),(4,1,1,1,1,1,1,1,1,1,1,1,1,1,1,1,1,1,1,1,1,1,1,1,1,1,1,1,1,1,1,1,1,1,
1,1,1,1,1,1,1,1,1,1,1,1,1,1,1,1,1,1,1,1,1,1,1,1,1,1,1,1,1,1,1,1,1,1,1,1,
1,1,1,1,1,1,1,1,4),(0.,0.0321584099938621),(11.8553612635793,12.8479099325269,
13.8404586014745,14.8330072704221,15.8255559393697,16.8181046083172,17.8106532772648,
18.8032019462124,19.79575061516,20.7882992841076,21.7808479530552,22.7733966220028,
23.7659452909504,24.758493959898,25.7510426288455,26.7435912977931,27.7361399667407,
28.7286886356883,29.7212373046359,30.7137859735835,31.7063346425311,32.6988833114787,
33.6914319804263,34.6839806493739,35.6765293183214,36.669077987269,37.6616266562166,
38.6541753251642,39.6467239941118,40.6392726630594,41.631821332007,42.6243700009546,
43.6169186699022,44.6094673388497,45.6020160077973,46.5945646767449,47.5871133456925,
48.5796620146401,49.5722106835877,50.5647593525353,51.5573080214829,52.5498566904305,
53.5424053593781,54.5349540283256,55.5275026972732,56.5200513662208,57.5126000351684,
58.505148704116,59.4976973730636,60.4902460420112,61.4827947109588,62.4753433799064,
63.4678920488539,64.4604407178015,65.4529893867491,66.4455380556967,67.4380867246443,
68.4306353935919,69.4231840625395,70.4157327314871,71.4082814004347,72.4008300693823,
73.3933787383298,74.3859274072774,75.378476076225,76.3710247451726,77.3635734141202,
78.3561220830678,79.3486707520154,80.341219420963,81.3337680899106,82.3263167588582,
83.3188654278057,84.3114140967533,85.3039627657009,86.2965114346485,87.2890601035961,
88.2816087725437,89.2741574414913),.UNSPECIFIED.);
#26=B_SPLINE_SURFACE_WITH_KNOTS('',3,3,((#2231,#2232,#2233,#2234,#2235,
#2236,#2237,#2238,#2239,#2240,#2241,#2242,#2243,#2244,#2245,#2246,#2247,
#2248,#2249,#2250,#2251,#2252,#2253,#2254,#2255,#2256,#2257,#2258,#2259,
#2260,#2261,#2262,#2263,#2264,#2265,#2266,#2267,#2268,#2269,#2270,#2271,
#2272,#2273,#2274,#2275,#2276,#2277,#2278,#2279,#2280,#2281,#2282,#2283,
#2284,#2285,#2286,#2287,#2288,#2289,#2290,#2291,#2292,#2293,#2294,#2295,
#2296,#2297,#2298,#2299,#2300,#2301,#2302,#2303,#2304,#2305,#2306,#2307,
#2308,#2309,#2310,#2311),(#2312,#2313,#2314,#2315,#2316,#2317,#2318,#2319,
#2320,#2321,#2322,#2323,#2324,#2325,#2326,#2327,#2328,#2329,#2330,#2331,
#2332,#2333,#2334,#2335,#2336,#2337,#2338,#2339,#2340,#2341,#2342,#2343,
#2344,#2345,#2346,#2347,#2348,#2349,#2350,#2351,#2352,#2353,#2354,#2355,
#2356,#2357,#2358,#2359,#2360,#2361,#2362,#2363,#2364,#2365,#2366,#2367,
#2368,#2369,#2370,#2371,#2372,#2373,#2374,#2375,#2376,#2377,#2378,#2379,
#2380,#2381,#2382,#2383,#2384,#2385,#2386,#2387,#2388,#2389,#2390,#2391,
#2392),(#2393,#2394,#2395,#2396,#2397,#2398,#2399,#2400,#2401,#2402,#2403,
#2404,#2405,#2406,#2407,#2408,#2409,#2410,#2411,#2412,#2413,#2414,#2415,
#2416,#2417,#2418,#2419,#2420,#2421,#2422,#2423,#2424,#2425,#2426,#2427,
#2428,#2429,#2430,#2431,#2432,#2433,#2434,#2435,#2436,#2437,#2438,#2439,
#2440,#2441,#2442,#2443,#2444,#2445,#2446,#2447,#2448,#2449,#2450,#2451,
#2452,#2453,#2454,#2455,#2456,#2457,#2458,#2459,#2460,#2461,#2462,#2463,
#2464,#2465,#2466,#2467,#2468,#2469,#2470,#2471,#2472,#2473),(#2474,#2475,
#2476,#2477,#2478,#2479,#2480,#2481,#2482,#2483,#2484,#2485,#2486,#2487,
#2488,#2489,#2490,#2491,#2492,#2493,#2494,#2495,#2496,#2497,#2498,#2499,
#2500,#2501,#2502,#2503,#2504,#2505,#2506,#2507,#2508,#2509,#2510,#2511,
#2512,#2513,#2514,#2515,#2516,#2517,#2518,#2519,#2520,#2521,#2522,#2523,
#2524,#2525,#2526,#2527,#2528,#2529,#2530,#2531,#2532,#2533,#2534,#2535,
#2536,#2537,#2538,#2539,#2540,#2541,#2542,#2543,#2544,#2545,#2546,#2547,
#2548,#2549,#2550,#2551,#2552,#2553,#2554)),.UNSPECIFIED.,.F.,.F.,.F.,(4,
4),(4,1,1,1,1,1,1,1,1,1,1,1,1,1,1,1,1,1,1,1,1,1,1,1,1,1,1,1,1,1,1,1,1,1,
1,1,1,1,1,1,1,1,1,1,1,1,1,1,1,1,1,1,1,1,1,1,1,1,1,1,1,1,1,1,1,1,1,1,1,1,
1,1,1,1,1,1,1,1,4),(0.,0.0321584099938621),(14.3984001269718,15.3909487959194,
16.383497464867,17.3760461338146,18.3685948027622,19.3611434717097,20.3536921406573,
21.3462408096049,22.3387894785525,23.3313381475001,24.3238868164477,25.3164354853953,
26.3089841543429,27.3015328232905,28.2940814922381,29.2866301611856,30.2791788301332,
31.2717274990808,32.2642761680284,33.256824836976,34.2493735059236,35.2419221748712,
36.2344708438188,37.2270195127664,38.219568181714,39.2121168506615,40.2046655196091,
41.1972141885567,42.1897628575043,43.1823115264519,44.1748601953995,45.1674088643471,
46.1599575332947,47.1525062022423,48.1450548711898,49.1376035401374,50.130152209085,
51.1227008780326,52.1152495469802,53.1077982159278,54.1003468848754,55.092895553823,
56.0854442227706,57.0779928917182,58.0705415606657,59.0630902296133,60.0556388985609,
61.0481875675085,62.0407362364561,63.0332849054037,64.0258335743513,65.0183822432989,
66.0109309122465,67.003479581194,67.9960282501416,68.9885769190892,69.9811255880368,
70.9736742569844,71.966222925932,72.9587715948796,73.9513202638272,74.9438689327748,
75.9364176017224,76.9289662706699,77.9215149396175,78.9140636085651,79.9066122775127,
80.8991609464603,81.8917096154079,82.8842582843555,83.8768069533031,84.8693556222507,
85.8619042911982,86.8544529601458,87.8470016290934,88.839550298041,89.8320989669886,
90.8246476359362,91.8171963048838),.UNSPECIFIED.);
#27=FACE_OUTER_BOUND('',#63,.T.);
#28=FACE_OUTER_BOUND('',#64,.T.);
#29=FACE_OUTER_BOUND('',#65,.T.);
#30=FACE_OUTER_BOUND('',#66,.T.);
#31=FACE_OUTER_BOUND('',#67,.T.);
#32=FACE_OUTER_BOUND('',#68,.T.);
#33=FACE_OUTER_BOUND('',#69,.T.);
#34=FACE_OUTER_BOUND('',#70,.T.);
#35=FACE_OUTER_BOUND('',#71,.T.);
#36=FACE_OUTER_BOUND('',#72,.T.);
#37=FACE_OUTER_BOUND('',#73,.T.);
#38=FACE_OUTER_BOUND('',#74,.T.);
#39=FACE_OUTER_BOUND('',#75,.T.);
#40=FACE_OUTER_BOUND('',#76,.T.);
#41=FACE_OUTER_BOUND('',#77,.T.);
#42=FACE_OUTER_BOUND('',#78,.T.);
#43=FACE_OUTER_BOUND('',#79,.T.);
#44=FACE_OUTER_BOUND('',#80,.T.);
#45=FACE_OUTER_BOUND('',#81,.T.);
#46=FACE_OUTER_BOUND('',#82,.T.);
#47=FACE_OUTER_BOUND('',#83,.T.);
#48=FACE_OUTER_BOUND('',#84,.T.);
#49=FACE_OUTER_BOUND('',#85,.T.);
#50=FACE_OUTER_BOUND('',#86,.T.);
#51=FACE_OUTER_BOUND('',#87,.T.);
#52=FACE_OUTER_BOUND('',#88,.T.);
#53=FACE_OUTER_BOUND('',#89,.T.);
#54=FACE_OUTER_BOUND('',#90,.T.);
#55=FACE_OUTER_BOUND('',#92,.T.);
#56=FACE_OUTER_BOUND('',#93,.T.);
#57=FACE_OUTER_BOUND('',#94,.T.);
#58=FACE_OUTER_BOUND('',#95,.T.);
#59=FACE_OUTER_BOUND('',#96,.T.);
#60=FACE_OUTER_BOUND('',#97,.T.);
#61=FACE_OUTER_BOUND('',#98,.T.);
#62=FACE_OUTER_BOUND('',#99,.T.);
#63=EDGE_LOOP('',(#415,#416,#417,#418));
#64=EDGE_LOOP('',(#419,#420,#421,#422));
#65=EDGE_LOOP('',(#423,#424,#425,#426));
#66=EDGE_LOOP('',(#427,#428,#429,#430));
#67=EDGE_LOOP('',(#431,#432,#433,#434));
#68=EDGE_LOOP('',(#435,#436,#437,#438));
#69=EDGE_LOOP('',(#439,#440,#441,#442));
#70=EDGE_LOOP('',(#443,#444,#445,#446));
#71=EDGE_LOOP('',(#447,#448,#449,#450));
#72=EDGE_LOOP('',(#451,#452,#453,#454));
#73=EDGE_LOOP('',(#455,#456,#457,#458));
#74=EDGE_LOOP('',(#459,#460,#461,#462));
#75=EDGE_LOOP('',(#463,#464,#465,#466));
#76=EDGE_LOOP('',(#467,#468,#469,#470));
#77=EDGE_LOOP('',(#471,#472,#473,#474));
#78=EDGE_LOOP('',(#475,#476,#477,#478));
#79=EDGE_LOOP('',(#479,#480,#481,#482));
#80=EDGE_LOOP('',(#483,#484,#485,#486));
#81=EDGE_LOOP('',(#487,#488,#489,#490));
#82=EDGE_LOOP('',(#491,#492,#493,#494));
#83=EDGE_LOOP('',(#495,#496,#497,#498));
#84=EDGE_LOOP('',(#499,#500,#501,#502));
#85=EDGE_LOOP('',(#503,#504,#505,#506));
#86=EDGE_LOOP('',(#507,#508,#509,#510));
#87=EDGE_LOOP('',(#511,#512,#513,#514));
#88=EDGE_LOOP('',(#515,#516,#517,#518,#519,#520,#521,#522,#523,#524,#525,
#526,#527,#528,#529,#530,#531,#532,#533,#534,#535,#536,#537,#538,#539,#540,
#541,#542));
#89=EDGE_LOOP('',(#543,#544,#545,#546,#547,#548,#549,#550,#551,#552,#553,
#554,#555,#556,#557,#558,#559,#560,#561,#562,#563,#564,#565,#566,#567,#568,
#569,#570));
#90=EDGE_LOOP('',(#571,#572,#573,#574,#575,#576));
#91=EDGE_LOOP('',(#577,#578,#579,#580));
#92=EDGE_LOOP('',(#581,#582,#583,#584));
#93=EDGE_LOOP('',(#585,#586,#587,#588));
#94=EDGE_LOOP('',(#589,#590,#591,#592));
#95=EDGE_LOOP('',(#593,#594,#595,#596));
#96=EDGE_LOOP('',(#597,#598,#599,#600));
#97=EDGE_LOOP('',(#601,#602,#603,#604));
#98=EDGE_LOOP('',(#605,#606,#607,#608));
#99=EDGE_LOOP('',(#609,#610,#611,#612,#613,#614));
#100=EDGE_LOOP('',(#615,#616,#617,#618));
#101=CIRCLE('',#696,1.2645);
#102=CIRCLE('',#708,1.2645);
#103=CIRCLE('',#710,1.543);
#104=CIRCLE('',#722,1.543);
#105=B_SPLINE_CURVE_WITH_KNOTS('',3,(#859,#860,#861,#862,#863,#864,#865,
#866,#867,#868,#869,#870,#871),.UNSPECIFIED.,.F.,.F.,(4,3,3,3,4),(-3.85260200436961,
-2.97764600684277,-1.98509733789518,-0.99254866894759,0.),.UNSPECIFIED.);
#106=B_SPLINE_CURVE_WITH_KNOTS('',3,(#874,#875,#876,#877,#878,#879,#880,
#881,#882,#883,#884,#885,#886,#887,#888,#889,#890,#891,#892),
 .UNSPECIFIED.,.F.,.F.,(4,3,3,3,3,3,4),(2.02057249175692,2.97764600684277,
3.97019467579036,4.96274334473795,5.95529201368554,6.94784068263313,7.59274844815664),
 .UNSPECIFIED.);
#107=B_SPLINE_CURVE_WITH_KNOTS('',3,(#897,#898,#899,#900,#901,#902,#903,
#904,#905,#906,#907,#908,#909,#910,#911,#912,#913,#914,#915,#916,#917,#918,
#919,#920,#921),.UNSPECIFIED.,.F.,.F.,(4,3,3,3,3,3,3,3,4),(-10.1357873115492,
-9.92548668947589,-8.93293802052831,-7.94038935158072,-6.94784068263313,
-5.95529201368554,-4.96274334473795,-3.97019467579036,-3.85260200436961),
 .UNSPECIFIED.);
#108=B_SPLINE_CURVE_WITH_KNOTS('',3,(#922,#923,#924,#925,#926,#927,#928,
#929,#930,#931,#932,#933,#934,#935,#936,#937,#938,#939,#940,#941,#942,#943),
 .UNSPECIFIED.,.F.,.F.,(4,3,3,3,3,3,3,4),(7.59274844815664,7.94038935158072,
8.93293802052831,9.9254866894759,10.9180353584235,11.9105840273711,12.9031326963187,
13.8759337553362),.UNSPECIFIED.);
#109=B_SPLINE_CURVE_WITH_KNOTS('',3,(#948,#949,#950,#951,#952,#953,#954,
#955,#956,#957,#958,#959,#960,#961,#962,#963,#964,#965,#966,#967,#968,#969),
 .UNSPECIFIED.,.F.,.F.,(4,3,3,3,3,3,3,4),(-16.4189726187288,-15.8807787031614,
-14.8882300342138,-13.8956813652663,-12.9031326963187,-11.9105840273711,
-10.9180353584235,-10.1357873115492),.UNSPECIFIED.);
#110=B_SPLINE_CURVE_WITH_KNOTS('',3,(#970,#971,#972,#973,#974,#975,#976,
#977,#978,#979,#980,#981,#982,#983,#984,#985,#986,#987,#988,#989,#990,#991,
#992,#993,#994),.UNSPECIFIED.,.F.,.F.,(4,3,3,3,3,3,3,3,4),(13.8759337553362,
13.8956813652663,14.8882300342138,15.8807787031614,16.873327372109,17.8658760410566,
18.8584247100042,19.8509733789518,20.1591190625158),.UNSPECIFIED.);
#111=B_SPLINE_CURVE_WITH_KNOTS('',3,(#999,#1000,#1001,#1002,#1003,#1004,
#1005,#1006,#1007,#1008,#1009,#1010,#1011,#1012,#1013,#1014,#1015,#1016,
#1017,#1018,#1019,#1020),.UNSPECIFIED.,.F.,.F.,(4,3,3,3,3,3,3,4),(-22.7021579259084,
-21.836070716847,-20.8435220478994,-19.8509733789518,-18.8584247100042,
-17.8658760410566,-16.873327372109,-16.4189726187288),.UNSPECIFIED.);
#112=B_SPLINE_CURVE_WITH_KNOTS('',3,(#1021,#1022,#1023,#1024,#1025,#1026,
#1027,#1028,#1029,#1030,#1031,#1032,#1033,#1034,#1035,#1036,#1037,#1038,
#1039,#1040,#1041,#1042),.UNSPECIFIED.,.F.,.F.,(4,3,3,3,3,3,3,4),(20.1591190625158,
20.8435220478994,21.836070716847,22.8286193857946,23.8211680547422,24.8137167236897,
25.8062653926373,26.4423043696954),.UNSPECIFIED.);
#113=B_SPLINE_CURVE_WITH_KNOTS('',3,(#1047,#1048,#1049,#1050,#1051,#1052,
#1053,#1054,#1055,#1056,#1057,#1058,#1059,#1060,#1061,#1062,#1063,#1064,
#1065,#1066,#1067,#1068,#1069,#1070,#1071),.UNSPECIFIED.,.F.,.F.,(4,3,3,
3,3,3,3,3,4),(-28.985343233088,-28.7839113994801,-27.7913627305325,-26.7988140615849,
-25.8062653926373,-24.8137167236897,-23.8211680547422,-22.8286193857946,
-22.7021579259084),.UNSPECIFIED.);
#114=B_SPLINE_CURVE_WITH_KNOTS('',3,(#1072,#1073,#1074,#1075,#1076,#1077,
#1078,#1079,#1080,#1081,#1082,#1083,#1084,#1085,#1086,#1087,#1088,#1089,
#1090,#1091,#1092,#1093),.UNSPECIFIED.,.F.,.F.,(4,3,3,3,3,3,3,4),(26.4423043696954,
26.7988140615849,27.7913627305325,28.7839113994801,29.7764600684277,30.7690087373753,
31.7615574063229,32.725489676875),.UNSPECIFIED.);
#115=B_SPLINE_CURVE_WITH_KNOTS('',3,(#1098,#1099,#1100,#1101,#1102,#1103,
#1104,#1105,#1106,#1107,#1108,#1109,#1110,#1111,#1112,#1113,#1114,#1115,
#1116,#1117,#1118,#1119),.UNSPECIFIED.,.F.,.F.,(4,3,3,3,3,3,3,4),(-35.2685285402676,
-34.7392034131656,-33.746654744218,-32.7541060752705,-31.7615574063229,
-30.7690087373753,-29.7764600684277,-28.985343233088),.UNSPECIFIED.);
#116=B_SPLINE_CURVE_WITH_KNOTS('',3,(#1120,#1121,#1122,#1123,#1124,#1125,
#1126,#1127,#1128,#1129,#1130,#1131,#1132,#1133,#1134,#1135,#1136,#1137,
#1138,#1139,#1140,#1141,#1142,#1143,#1144),.UNSPECIFIED.,.F.,.F.,(4,3,3,
3,3,3,3,3,4),(32.725489676875,32.7541060752705,33.746654744218,34.7392034131656,
35.7317520821132,36.7243007510608,37.7168494200084,38.709398088956,39.0086749840546),
 .UNSPECIFIED.);
#117=B_SPLINE_CURVE_WITH_KNOTS('',3,(#1149,#1150,#1151,#1152,#1153,#1154,
#1155,#1156,#1157,#1158,#1159,#1160,#1161,#1162,#1163,#1164,#1165,#1166,
#1167,#1168,#1169,#1170),.UNSPECIFIED.,.F.,.F.,(4,3,3,3,3,3,3,4),(-41.5517138474471,
-40.6944954268512,-39.7019467579036,-38.709398088956,-37.7168494200084,
-36.7243007510608,-35.7317520821132,-35.2685285402676),.UNSPECIFIED.);
#118=B_SPLINE_CURVE_WITH_KNOTS('',3,(#1171,#1172,#1173,#1174,#1175,#1176,
#1177,#1178,#1179,#1180,#1181,#1182,#1183,#1184,#1185,#1186,#1187,#1188,
#1189,#1190,#1191,#1192),.UNSPECIFIED.,.F.,.F.,(4,3,3,3,3,3,3,4),(39.0086749840546,
39.7019467579036,40.6944954268512,41.6870440957988,42.6795927647464,43.6721414336939,
44.6646901026415,45.2918602912342),.UNSPECIFIED.);
#119=B_SPLINE_CURVE_WITH_KNOTS('',3,(#1197,#1198,#1199,#1200,#1201,#1202,
#1203,#1204,#1205,#1206,#1207,#1208,#1209,#1210,#1211,#1212,#1213,#1214,
#1215,#1216,#1217,#1218,#1219,#1220,#1221),.UNSPECIFIED.,.F.,.F.,(4,3,3,
3,3,3,3,3,4),(-47.8348991546267,-47.6423361094843,-46.6497874405367,-45.6572387715891,
-44.6646901026415,-43.6721414336939,-42.6795927647464,-41.6870440957988,
-41.5517138474471),.UNSPECIFIED.);
#120=B_SPLINE_CURVE_WITH_KNOTS('',3,(#1222,#1223,#1224,#1225,#1226,#1227,
#1228,#1229,#1230,#1231,#1232,#1233,#1234,#1235,#1236,#1237,#1238,#1239,
#1240,#1241,#1242,#1243),.UNSPECIFIED.,.F.,.F.,(4,3,3,3,3,3,3,4),(45.2918602912342,
45.6572387715891,46.6497874405367,47.6423361094843,48.6348847784319,49.6274334473795,
50.6199821163271,51.5750455984138),.UNSPECIFIED.);
#121=B_SPLINE_CURVE_WITH_KNOTS('',3,(#1248,#1249,#1250,#1251,#1252,#1253,
#1254,#1255,#1256,#1257,#1258,#1259,#1260,#1261,#1262,#1263,#1264,#1265,
#1266,#1267,#1268,#1269),.UNSPECIFIED.,.F.,.F.,(4,3,3,3,3,3,3,4),(-54.1180844618063,
-53.5976281231698,-52.6050794542222,-51.6125307852747,-50.6199821163271,
-49.6274334473795,-48.6348847784319,-47.8348991546267),.UNSPECIFIED.);
#122=B_SPLINE_CURVE_WITH_KNOTS('',3,(#1270,#1271,#1272,#1273,#1274,#1275,
#1276,#1277,#1278,#1279,#1280,#1281,#1282,#1283,#1284,#1285,#1286,#1287,
#1288,#1289,#1290,#1291,#1292,#1293,#1294),.UNSPECIFIED.,.F.,.F.,(4,3,3,
3,3,3,3,3,4),(51.5750455984138,51.6125307852747,52.6050794542222,53.5976281231698,
54.5901767921174,55.582725461065,56.5752741300126,57.5678227989602,57.8582309055933),
 .UNSPECIFIED.);
#123=B_SPLINE_CURVE_WITH_KNOTS('',3,(#1299,#1300,#1301,#1302,#1303,#1304,
#1305,#1306,#1307,#1308,#1309,#1310,#1311,#1312,#1313,#1314,#1315,#1316,
#1317,#1318,#1319,#1320),.UNSPECIFIED.,.F.,.F.,(4,3,3,3,3,3,3,4),(-60.4012697689859,
-59.5529201368554,-58.5603714679078,-57.5678227989602,-56.5752741300126,
-55.582725461065,-54.5901767921174,-54.1180844618063),.UNSPECIFIED.);
#124=B_SPLINE_CURVE_WITH_KNOTS('',3,(#1321,#1322,#1323,#1324,#1325,#1326,
#1327,#1328,#1329,#1330,#1331,#1332,#1333,#1334,#1335,#1336,#1337,#1338,
#1339,#1340,#1341,#1342),.UNSPECIFIED.,.F.,.F.,(4,3,3,3,3,3,3,4),(57.8582309055933,
58.5603714679078,59.5529201368554,60.545468805803,61.5380174747506,62.5305661436982,
63.5231148126457,64.141416212773),.UNSPECIFIED.);
#125=B_SPLINE_CURVE_WITH_KNOTS('',3,(#1347,#1348,#1349,#1350,#1351,#1352,
#1353,#1354,#1355,#1356,#1357,#1358,#1359,#1360,#1361,#1362,#1363,#1364,
#1365,#1366,#1367,#1368,#1369,#1370,#1371),.UNSPECIFIED.,.F.,.F.,(4,3,3,
3,3,3,3,3,4),(-66.6844550761655,-66.5007608194885,-65.5082121505409,-64.5156634815933,
-63.5231148126457,-62.5305661436982,-61.5380174747506,-60.545468805803,
-60.4012697689859),.UNSPECIFIED.);
#126=B_SPLINE_CURVE_WITH_KNOTS('',3,(#1372,#1373,#1374,#1375,#1376,#1377,
#1378,#1379,#1380,#1381,#1382,#1383,#1384,#1385,#1386,#1387,#1388,#1389,
#1390,#1391,#1392,#1393),.UNSPECIFIED.,.F.,.F.,(4,3,3,3,3,3,3,4),(64.141416212773,
64.5156634815933,65.5082121505409,66.5007608194885,67.4933094884361,68.4858581573837,
69.4784068263313,70.4246015199525),.UNSPECIFIED.);
#127=B_SPLINE_CURVE_WITH_KNOTS('',3,(#1399,#1400,#1401,#1402),
 .UNSPECIFIED.,.F.,.F.,(4,4),(76.7077868271321,77.418796177912),
 .UNSPECIFIED.);
#128=B_SPLINE_CURVE_WITH_KNOTS('',3,(#1405,#1406,#1407,#1408,#1409,#1410,
#1411,#1412,#1413,#1414),.UNSPECIFIED.,.F.,.F.,(4,3,3,4),(-75.398223686155,
-74.4411501710692,-73.4486015021216,-72.9676403833451),.UNSPECIFIED.);
#129=B_SPLINE_CURVE_WITH_KNOTS('',3,(#1420,#1421,#1422,#1423,#1424,#1425,
#1426,#1427),.UNSPECIFIED.,.F.,.F.,(4,1,1,1,1,4),(84.8230016469244,85.3039627657009,
86.2965114346485,87.2890601035961,88.2816087725437,89.2741574414913),
 .UNSPECIFIED.);
#130=B_SPLINE_CURVE_WITH_KNOTS('',3,(#1430,#1431,#1432,#1433,#1434,#1435,
#1436,#1437,#1438),.UNSPECIFIED.,.F.,.F.,(4,1,1,1,1,1,4),(84.8230016469244,
84.8693556222507,85.8619042911982,86.8544529601458,87.8470016290934,88.839550298041,
89.7966238131269),.UNSPECIFIED.);
#131=B_SPLINE_CURVE_WITH_KNOTS('',3,(#1443,#1444,#1445,#1446,#1447,#1448,
#1449,#1450,#1451,#1452),.UNSPECIFIED.,.F.,.F.,(4,1,1,1,1,1,1,4),(78.5398163397448,
79.3486707520154,80.341219420963,81.3337680899106,82.3263167588582,83.3188654278057,
84.3114140967533,84.8230016469244),.UNSPECIFIED.);
#132=B_SPLINE_CURVE_WITH_KNOTS('',3,(#1453,#1454,#1455,#1456,#1457,#1458,
#1459,#1460,#1461,#1462),.UNSPECIFIED.,.F.,.F.,(4,1,1,1,1,1,1,4),(78.5398163397448,
78.9140636085651,79.9066122775127,80.8991609464603,81.8917096154079,82.8842582843555,
83.8768069533031,84.8230016469244),.UNSPECIFIED.);
#133=B_SPLINE_CURVE_WITH_KNOTS('',3,(#1467,#1468,#1469,#1470,#1471,#1472,
#1473,#1474,#1475,#1476,#1477),.UNSPECIFIED.,.F.,.F.,(4,1,1,1,1,1,1,1,4),
(72.2566310325652,72.4008300693823,73.3933787383298,74.3859274072774,75.378476076225,
76.3710247451726,77.3635734141202,78.3561220830678,78.5398163397448),
 .UNSPECIFIED.);
#134=B_SPLINE_CURVE_WITH_KNOTS('',3,(#1478,#1479,#1480,#1481,#1482,#1483,
#1484,#1485,#1486,#1487),.UNSPECIFIED.,.F.,.F.,(4,1,1,1,1,1,1,4),(72.2566310325652,
72.9587715948796,73.9513202638272,74.9438689327748,75.9364176017224,76.9289662706699,
77.9215149396175,78.5398163397448),.UNSPECIFIED.);
#135=B_SPLINE_CURVE_WITH_KNOTS('',3,(#1492,#1493,#1494,#1495,#1496,#1497,
#1498,#1499,#1500,#1501),.UNSPECIFIED.,.F.,.F.,(4,1,1,1,1,1,1,4),(65.9734457253856,
66.4455380556967,67.4380867246443,68.4306353935919,69.4231840625395,70.4157327314871,
71.4082814004347,72.2566310325652),.UNSPECIFIED.);
#136=B_SPLINE_CURVE_WITH_KNOTS('',3,(#1502,#1503,#1504,#1505,#1506,#1507,
#1508,#1509,#1510,#1511,#1512),.UNSPECIFIED.,.F.,.F.,(4,1,1,1,1,1,1,1,4),
(65.9734457253856,66.0109309122465,67.003479581194,67.9960282501416,68.9885769190892,
69.9811255880368,70.9736742569844,71.966222925932,72.2566310325652),
 .UNSPECIFIED.);
#137=B_SPLINE_CURVE_WITH_KNOTS('',3,(#1517,#1518,#1519,#1520,#1521,#1522,
#1523,#1524,#1525,#1526),.UNSPECIFIED.,.F.,.F.,(4,1,1,1,1,1,1,4),(59.690260418206,
60.4902460420112,61.4827947109588,62.4753433799064,63.4678920488539,64.4604407178015,
65.4529893867491,65.9734457253856),.UNSPECIFIED.);
#138=B_SPLINE_CURVE_WITH_KNOTS('',3,(#1527,#1528,#1529,#1530,#1531,#1532,
#1533,#1534,#1535,#1536),.UNSPECIFIED.,.F.,.F.,(4,1,1,1,1,1,1,4),(59.690260418206,
60.0556388985609,61.0481875675085,62.0407362364561,63.0332849054037,64.0258335743513,
65.0183822432989,65.9734457253856),.UNSPECIFIED.);
#139=B_SPLINE_CURVE_WITH_KNOTS('',3,(#1541,#1542,#1543,#1544,#1545,#1546,
#1547,#1548,#1549,#1550,#1551),.UNSPECIFIED.,.F.,.F.,(4,1,1,1,1,1,1,1,4),
(53.4070751110265,53.5424053593781,54.5349540283256,55.5275026972732,56.5200513662208,
57.5126000351684,58.505148704116,59.4976973730636,59.690260418206),
 .UNSPECIFIED.);
#140=B_SPLINE_CURVE_WITH_KNOTS('',3,(#1552,#1553,#1554,#1555,#1556,#1557,
#1558,#1559,#1560,#1561),.UNSPECIFIED.,.F.,.F.,(4,1,1,1,1,1,1,4),(53.4070751110265,
54.1003468848754,55.092895553823,56.0854442227706,57.0779928917182,58.0705415606657,
59.0630902296133,59.690260418206),.UNSPECIFIED.);
#141=B_SPLINE_CURVE_WITH_KNOTS('',3,(#1566,#1567,#1568,#1569,#1570,#1571,
#1572,#1573,#1574,#1575),.UNSPECIFIED.,.F.,.F.,(4,1,1,1,1,1,1,4),(47.1238898038469,
47.5871133456925,48.5796620146401,49.5722106835877,50.5647593525353,51.5573080214829,
52.5498566904305,53.4070751110265),.UNSPECIFIED.);
#142=B_SPLINE_CURVE_WITH_KNOTS('',3,(#1576,#1577,#1578,#1579,#1580,#1581,
#1582,#1583,#1584,#1585,#1586),.UNSPECIFIED.,.F.,.F.,(4,1,1,1,1,1,1,1,4),
(47.1238898038469,47.1525062022423,48.1450548711898,49.1376035401374,50.130152209085,
51.1227008780326,52.1152495469802,53.1077982159278,53.4070751110265),
 .UNSPECIFIED.);
#143=B_SPLINE_CURVE_WITH_KNOTS('',3,(#1591,#1592,#1593,#1594,#1595,#1596,
#1597,#1598,#1599,#1600),.UNSPECIFIED.,.F.,.F.,(4,1,1,1,1,1,1,4),(40.8407044966673,
41.631821332007,42.6243700009546,43.6169186699022,44.6094673388497,45.6020160077973,
46.5945646767449,47.1238898038469),.UNSPECIFIED.);
#144=B_SPLINE_CURVE_WITH_KNOTS('',3,(#1601,#1602,#1603,#1604,#1605,#1606,
#1607,#1608,#1609,#1610),.UNSPECIFIED.,.F.,.F.,(4,1,1,1,1,1,1,4),(40.8407044966673,
41.1972141885567,42.1897628575043,43.1823115264519,44.1748601953995,45.1674088643471,
46.1599575332947,47.1238898038469),.UNSPECIFIED.);
#145=B_SPLINE_CURVE_WITH_KNOTS('',3,(#1615,#1616,#1617,#1618,#1619,#1620,
#1621,#1622,#1623,#1624,#1625),.UNSPECIFIED.,.F.,.F.,(4,1,1,1,1,1,1,1,4),
(34.5575191894877,34.6839806493739,35.6765293183214,36.669077987269,37.6616266562166,
38.6541753251642,39.6467239941118,40.6392726630594,40.8407044966673),
 .UNSPECIFIED.);
#146=B_SPLINE_CURVE_WITH_KNOTS('',3,(#1626,#1627,#1628,#1629,#1630,#1631,
#1632,#1633,#1634,#1635),.UNSPECIFIED.,.F.,.F.,(4,1,1,1,1,1,1,4),(34.5575191894877,
35.2419221748712,36.2344708438188,37.2270195127664,38.219568181714,39.2121168506615,
40.2046655196091,40.8407044966673),.UNSPECIFIED.);
#147=B_SPLINE_CURVE_WITH_KNOTS('',3,(#1640,#1641,#1642,#1643,#1644,#1645,
#1646,#1647,#1648,#1649),.UNSPECIFIED.,.F.,.F.,(4,1,1,1,1,1,1,4),(28.2743338823081,
28.7286886356883,29.7212373046359,30.7137859735835,31.7063346425311,32.6988833114787,
33.6914319804263,34.5575191894877),.UNSPECIFIED.);
#148=B_SPLINE_CURVE_WITH_KNOTS('',3,(#1650,#1651,#1652,#1653,#1654,#1655,
#1656,#1657,#1658,#1659,#1660),.UNSPECIFIED.,.F.,.F.,(4,1,1,1,1,1,1,1,4),
(28.2743338823081,28.2940814922381,29.2866301611856,30.2791788301332,31.2717274990808,
32.2642761680284,33.256824836976,34.2493735059236,34.5575191894877),
 .UNSPECIFIED.);
#149=B_SPLINE_CURVE_WITH_KNOTS('',3,(#1665,#1666,#1667,#1668,#1669,#1670,
#1671,#1672,#1673,#1674),.UNSPECIFIED.,.F.,.F.,(4,1,1,1,1,1,1,4),(21.9911485751285,
22.7733966220028,23.7659452909504,24.758493959898,25.7510426288455,26.7435912977931,
27.7361399667407,28.2743338823081),.UNSPECIFIED.);
#150=B_SPLINE_CURVE_WITH_KNOTS('',3,(#1675,#1676,#1677,#1678,#1679,#1680,
#1681,#1682,#1683,#1684),.UNSPECIFIED.,.F.,.F.,(4,1,1,1,1,1,1,4),(21.9911485751285,
22.3387894785525,23.3313381475001,24.3238868164477,25.3164354853953,26.3089841543429,
27.3015328232905,28.2743338823081),.UNSPECIFIED.);
#151=B_SPLINE_CURVE_WITH_KNOTS('',3,(#1690,#1691,#1692,#1693,#1694),
 .UNSPECIFIED.,.F.,.F.,(4,1,4),(14.3984001269718,15.3909487959194,15.7079632679489),
 .UNSPECIFIED.);
#152=B_SPLINE_CURVE_WITH_KNOTS('',3,(#1697,#1698,#1699,#1700,#1701),
 .UNSPECIFIED.,.F.,.F.,(4,1,4),(13.8759337553362,14.8330072704221,15.7079632679489),
 .UNSPECIFIED.);
#153=B_SPLINE_CURVE_WITH_KNOTS('',3,(#1703,#1704,#1705,#1706,#1707,#1708,
#1709,#1710,#1711,#1712,#1713),.UNSPECIFIED.,.F.,.F.,(4,1,1,1,1,1,1,1,4),
(15.7079632679489,15.8255559393697,16.8181046083172,17.8106532772648,18.8032019462124,
19.79575061516,20.7882992841076,21.7808479530552,21.9911485751285),
 .UNSPECIFIED.);
#154=B_SPLINE_CURVE_WITH_KNOTS('',3,(#1714,#1715,#1716,#1717,#1718,#1719,
#1720,#1721,#1722,#1723),.UNSPECIFIED.,.F.,.F.,(4,1,1,1,1,1,1,4),(15.7079632679489,
16.383497464867,17.3760461338146,18.3685948027622,19.3611434717097,20.3536921406573,
21.3462408096049,21.9911485751285),.UNSPECIFIED.);
#155=B_SPLINE_CURVE_WITH_KNOTS('',3,(#2048,#2049,#2050,#2051,#2052,#2053,
#2054,#2055,#2056,#2057,#2058,#2059,#2060,#2061,#2062,#2063,#2064,#2065,
#2066,#2067,#2068,#2069,#2070,#2071,#2072,#2073,#2074,#2075,#2076,#2077,
#2078,#2079,#2080,#2081,#2082,#2083,#2084,#2085,#2086,#2087,#2088,#2089,
#2090,#2091,#2092,#2093,#2094,#2095,#2096,#2097,#2098,#2099,#2100,#2101,
#2102,#2103,#2104,#2105,#2106,#2107,#2108,#2109,#2110,#2111,#2112,#2113,
#2114,#2115,#2116,#2117,#2118,#2119,#2120,#2121,#2122,#2123,#2124,#2125,
#2126),.UNSPECIFIED.,.F.,.F.,(4,3,3,3,3,3,3,3,3,3,3,3,3,3,3,3,3,3,3,3,3,
3,3,3,3,3,4),(0.,0.0184525739876077,0.0366937045751402,0.0505595654908555,
0.0579231025482796,0.0611009626882006,0.0788548011743776,0.0962457693219441,
0.109089474966674,0.115649773148034,0.119082545840894,0.135920500092564,
0.147620591900862,0.164394003209407,0.169301439493453,0.173073240489013,
0.189843168437486,0.20659978035824,0.216989397364278,0.222354704422725,
0.226270989795652,0.242361750102415,0.253090585936971,0.258077961149257,
0.273541822905546,0.281807882369221,0.286347380332252),.UNSPECIFIED.);
#156=B_SPLINE_CURVE_WITH_KNOTS('',3,(#2127,#2128,#2129,#2130,#2131,#2132,
#2133,#2134,#2135,#2136,#2137,#2138,#2139,#2140,#2141,#2142,#2143,#2144,
#2145,#2146,#2147,#2148,#2149,#2150,#2151,#2152,#2153,#2154,#2155,#2156,
#2157,#2158,#2159,#2160,#2161,#2162,#2163,#2164,#2165,#2166,#2167,#2168,
#2169,#2170,#2171,#2172,#2173,#2174,#2175,#2176,#2177,#2178,#2179,#2180,
#2181,#2182,#2183,#2184,#2185,#2186,#2187,#2188,#2189,#2190,#2191,#2192,
#2193,#2194,#2195,#2196,#2197,#2198,#2199,#2200,#2201,#2202,#2203,#2204,
#2205,#2206,#2207,#2208),.UNSPECIFIED.,.F.,.F.,(4,3,3,3,3,3,3,3,3,3,3,3,
3,3,3,3,3,3,3,3,3,3,3,3,3,3,3,4),(0.,0.0151406680849379,0.0309607496782951,
0.0437507691878854,0.0494886641667009,0.052096971709532,0.0684031972897753,
0.0850136735189607,0.0970804815779749,0.101463397746688,0.104392817586469,
0.121470531450922,0.133280905755017,0.149916152002656,0.154478035357007,
0.158579798550147,0.175607080984514,0.19304230049744,0.203871185358707,
0.20925490381028,0.212637822512698,0.215912525769787,0.233910742260894,
0.24634817335838,0.251349437689847,0.269539494581627,0.279673379387572,
0.285142803995146),.UNSPECIFIED.);
#157=B_SPLINE_CURVE_WITH_KNOTS('',3,(#2209,#2210,#2211,#2212,#2213,#2214,
#2215,#2216,#2217,#2218,#2219,#2220,#2221,#2222,#2223,#2224,#2225,#2226,
#2227,#2228,#2229,#2230),.UNSPECIFIED.,.F.,.F.,(4,3,3,3,3,3,3,4),(-72.9676403833451,
-72.4560528331741,-71.4635041642264,-70.4709554952789,-69.4784068263313,
-68.4858581573837,-67.4933094884361,-66.6844550761655),.UNSPECIFIED.);
#158=B_SPLINE_CURVE_WITH_KNOTS('',3,(#2555,#2556,#2557,#2558,#2559,#2560,
#2561,#2562,#2563,#2564,#2565,#2566,#2567,#2568,#2569,#2570,#2571,#2572,
#2573,#2574,#2575,#2576,#2577,#2578,#2579,#2580,#2581,#2582,#2583,#2584,
#2585,#2586,#2587,#2588,#2589,#2590,#2591,#2592,#2593,#2594,#2595,#2596,
#2597,#2598,#2599,#2600,#2601,#2602,#2603,#2604,#2605,#2606,#2607,#2608,
#2609,#2610,#2611,#2612,#2613,#2614,#2615,#2616,#2617,#2618,#2619,#2620,
#2621,#2622,#2623,#2624,#2625,#2626,#2627,#2628,#2629,#2630,#2631,#2632,
#2633,#2634,#2635,#2636),.UNSPECIFIED.,.F.,.F.,(4,3,3,3,3,3,3,3,3,3,3,3,
3,3,3,3,3,3,3,3,3,3,3,3,3,3,3,4),(0.,0.0151406568170719,0.0309607305639005,
0.0437507524627925,0.0494886051152752,0.0520968913840051,0.0684031074240021,
0.0850135810266752,0.0970804122087656,0.101463095105826,0.104392549596192,
0.121470265661447,0.133280905755037,0.14991615785065,0.154478042371053,
0.158579799893353,0.175607088962002,0.193042311462546,0.203871194953181,
0.209254908823825,0.212637841239759,0.215912530547565,0.233910747246366,
0.246348181608673,0.25134944094838,0.269539497896342,0.279673379387626,
0.285142803995198),.UNSPECIFIED.);
#159=B_SPLINE_CURVE_WITH_KNOTS('',3,(#2637,#2638,#2639,#2640,#2641,#2642,
#2643,#2644,#2645,#2646,#2647,#2648,#2649,#2650,#2651,#2652,#2653,#2654,
#2655,#2656,#2657,#2658,#2659,#2660,#2661),.UNSPECIFIED.,.F.,.F.,(4,3,3,
3,3,3,3,3,4),(70.4246015199525,70.4709554952788,71.4635041642264,72.456052833174,
73.4486015021216,74.4411501710692,75.4336988400168,76.4262475089644,76.7077868271321),
 .UNSPECIFIED.);
#160=B_SPLINE_CURVE_WITH_KNOTS('',3,(#2662,#2663,#2664,#2665,#2666,#2667,
#2668,#2669,#2670,#2671,#2672,#2673,#2674,#2675,#2676,#2677,#2678,#2679,
#2680,#2681,#2682,#2683,#2684,#2685,#2686,#2687,#2688,#2689,#2690,#2691,
#2692,#2693,#2694,#2695,#2696,#2697,#2698,#2699,#2700,#2701,#2702,#2703,
#2704,#2705,#2706,#2707,#2708,#2709,#2710,#2711,#2712,#2713,#2714,#2715,
#2716,#2717,#2718,#2719,#2720,#2721,#2722,#2723,#2724,#2725,#2726,#2727,
#2728,#2729,#2730,#2731,#2732,#2733,#2734,#2735,#2736,#2737,#2738,#2739,
#2740),.UNSPECIFIED.,.F.,.F.,(4,3,3,3,3,3,3,3,3,3,3,3,3,3,3,3,3,3,3,3,3,
3,3,3,3,3,4),(0.,0.0184525739876073,0.0366937042528749,0.0505595652088728,
0.0579231013215154,0.0611009619698831,0.0788548007219343,0.0962457721827652,
0.109089477112288,0.115649774144314,0.1190825455993,0.135920502944924,0.147620591900858,
0.164394003209403,0.169301440207287,0.1730732409613,0.189843168702508,0.20659978139508,
0.21698939271172,0.222354703965242,0.226270990669762,0.242361754748585,
0.253090593933309,0.258077961954152,0.273541829984913,0.281807882369218,
0.286347380332251),.UNSPECIFIED.);
#161=LINE('',#857,#203);
#162=LINE('',#896,#204);
#163=LINE('',#947,#205);
#164=LINE('',#998,#206);
#165=LINE('',#1046,#207);
#166=LINE('',#1097,#208);
#167=LINE('',#1148,#209);
#168=LINE('',#1196,#210);
#169=LINE('',#1247,#211);
#170=LINE('',#1298,#212);
#171=LINE('',#1346,#213);
#172=LINE('',#1397,#214);
#173=LINE('',#1418,#215);
#174=LINE('',#1442,#216);
#175=LINE('',#1466,#217);
#176=LINE('',#1491,#218);
#177=LINE('',#1516,#219);
#178=LINE('',#1540,#220);
#179=LINE('',#1565,#221);
#180=LINE('',#1590,#222);
#181=LINE('',#1614,#223);
#182=LINE('',#1639,#224);
#183=LINE('',#1664,#225);
#184=LINE('',#1688,#226);
#185=LINE('',#2744,#227);
#186=LINE('',#2746,#228);
#187=LINE('',#2748,#229);
#188=LINE('',#2750,#230);
#189=LINE('',#2752,#231);
#190=LINE('',#2753,#232);
#191=LINE('',#2758,#233);
#192=LINE('',#2759,#234);
#193=LINE('',#2760,#235);
#194=LINE('',#2763,#236);
#195=LINE('',#2764,#237);
#196=LINE('',#2767,#238);
#197=LINE('',#2768,#239);
#198=LINE('',#2771,#240);
#199=LINE('',#2772,#241);
#200=LINE('',#2775,#242);
#201=LINE('',#2776,#243);
#202=LINE('',#2778,#244);
#203=VECTOR('',#737,1.65);
#204=VECTOR('',#742,1.65);
#205=VECTOR('',#745,1.65);
#206=VECTOR('',#748,1.65);
#207=VECTOR('',#751,1.65);
#208=VECTOR('',#754,1.65);
#209=VECTOR('',#757,1.65);
#210=VECTOR('',#760,1.65);
#211=VECTOR('',#763,1.65);
#212=VECTOR('',#766,1.65);
#213=VECTOR('',#769,1.65);
#214=VECTOR('',#772,1.65);
#215=VECTOR('',#777,1.543);
#216=VECTOR('',#782,1.543);
#217=VECTOR('',#785,1.543);
#218=VECTOR('',#788,1.543);
#219=VECTOR('',#791,1.543);
#220=VECTOR('',#794,1.543);
#221=VECTOR('',#797,1.543);
#222=VECTOR('',#800,1.543);
#223=VECTOR('',#803,1.543);
#224=VECTOR('',#806,1.543);
#225=VECTOR('',#809,1.543);
#226=VECTOR('',#812,1.543);
#227=VECTOR('',#819,10.);
#228=VECTOR('',#820,10.);
#229=VECTOR('',#821,10.);
#230=VECTOR('',#822,10.);
#231=VECTOR('',#823,10.);
#232=VECTOR('',#824,10.);
#233=VECTOR('',#829,10.);
#234=VECTOR('',#830,10.);
#235=VECTOR('',#831,10.);
#236=VECTOR('',#834,10.);
#237=VECTOR('',#835,10.);
#238=VECTOR('',#838,10.);
#239=VECTOR('',#839,10.);
#240=VECTOR('',#842,10.);
#241=VECTOR('',#843,10.);
#242=VECTOR('',#846,10.);
#243=VECTOR('',#847,10.);
#244=VECTOR('',#850,10.);
#245=VERTEX_POINT('',#855);
#246=VERTEX_POINT('',#856);
#247=VERTEX_POINT('',#858);
#248=VERTEX_POINT('',#872);
#249=VERTEX_POINT('',#894);
#250=VERTEX_POINT('',#895);
#251=VERTEX_POINT('',#945);
#252=VERTEX_POINT('',#946);
#253=VERTEX_POINT('',#996);
#254=VERTEX_POINT('',#997);
#255=VERTEX_POINT('',#1044);
#256=VERTEX_POINT('',#1045);
#257=VERTEX_POINT('',#1095);
#258=VERTEX_POINT('',#1096);
#259=VERTEX_POINT('',#1146);
#260=VERTEX_POINT('',#1147);
#261=VERTEX_POINT('',#1194);
#262=VERTEX_POINT('',#1195);
#263=VERTEX_POINT('',#1245);
#264=VERTEX_POINT('',#1246);
#265=VERTEX_POINT('',#1296);
#266=VERTEX_POINT('',#1297);
#267=VERTEX_POINT('',#1344);
#268=VERTEX_POINT('',#1345);
#269=VERTEX_POINT('',#1395);
#270=VERTEX_POINT('',#1396);
#271=VERTEX_POINT('',#1398);
#272=VERTEX_POINT('',#1403);
#273=VERTEX_POINT('',#1416);
#274=VERTEX_POINT('',#1417);
#275=VERTEX_POINT('',#1419);
#276=VERTEX_POINT('',#1428);
#277=VERTEX_POINT('',#1440);
#278=VERTEX_POINT('',#1441);
#279=VERTEX_POINT('',#1464);
#280=VERTEX_POINT('',#1465);
#281=VERTEX_POINT('',#1489);
#282=VERTEX_POINT('',#1490);
#283=VERTEX_POINT('',#1514);
#284=VERTEX_POINT('',#1515);
#285=VERTEX_POINT('',#1538);
#286=VERTEX_POINT('',#1539);
#287=VERTEX_POINT('',#1563);
#288=VERTEX_POINT('',#1564);
#289=VERTEX_POINT('',#1588);
#290=VERTEX_POINT('',#1589);
#291=VERTEX_POINT('',#1612);
#292=VERTEX_POINT('',#1613);
#293=VERTEX_POINT('',#1637);
#294=VERTEX_POINT('',#1638);
#295=VERTEX_POINT('',#1662);
#296=VERTEX_POINT('',#1663);
#297=VERTEX_POINT('',#1686);
#298=VERTEX_POINT('',#1687);
#299=VERTEX_POINT('',#1689);
#300=VERTEX_POINT('',#1695);
#301=VERTEX_POINT('',#2742);
#302=VERTEX_POINT('',#2743);
#303=VERTEX_POINT('',#2745);
#304=VERTEX_POINT('',#2747);
#305=VERTEX_POINT('',#2749);
#306=VERTEX_POINT('',#2751);
#307=VERTEX_POINT('',#2756);
#308=VERTEX_POINT('',#2757);
#309=VERTEX_POINT('',#2762);
#310=VERTEX_POINT('',#2766);
#311=VERTEX_POINT('',#2770);
#312=VERTEX_POINT('',#2774);
#313=EDGE_CURVE('',#245,#246,#161,.T.);
#314=EDGE_CURVE('',#246,#247,#105,.T.);
#315=EDGE_CURVE('',#247,#248,#101,.F.);
#316=EDGE_CURVE('',#248,#245,#106,.T.);
#317=EDGE_CURVE('',#249,#250,#162,.T.);
#318=EDGE_CURVE('',#250,#246,#107,.T.);
#319=EDGE_CURVE('',#245,#249,#108,.T.);
#320=EDGE_CURVE('',#251,#252,#163,.T.);
#321=EDGE_CURVE('',#252,#250,#109,.T.);
#322=EDGE_CURVE('',#249,#251,#110,.T.);
#323=EDGE_CURVE('',#253,#254,#164,.T.);
#324=EDGE_CURVE('',#254,#252,#111,.T.);
#325=EDGE_CURVE('',#251,#253,#112,.T.);
#326=EDGE_CURVE('',#255,#256,#165,.T.);
#327=EDGE_CURVE('',#256,#254,#113,.T.);
#328=EDGE_CURVE('',#253,#255,#114,.T.);
#329=EDGE_CURVE('',#257,#258,#166,.T.);
#330=EDGE_CURVE('',#258,#256,#115,.T.);
#331=EDGE_CURVE('',#255,#257,#116,.T.);
#332=EDGE_CURVE('',#259,#260,#167,.T.);
#333=EDGE_CURVE('',#260,#258,#117,.T.);
#334=EDGE_CURVE('',#257,#259,#118,.T.);
#335=EDGE_CURVE('',#261,#262,#168,.T.);
#336=EDGE_CURVE('',#262,#260,#119,.T.);
#337=EDGE_CURVE('',#259,#261,#120,.T.);
#338=EDGE_CURVE('',#263,#264,#169,.T.);
#339=EDGE_CURVE('',#264,#262,#121,.T.);
#340=EDGE_CURVE('',#261,#263,#122,.T.);
#341=EDGE_CURVE('',#265,#266,#170,.T.);
#342=EDGE_CURVE('',#266,#264,#123,.T.);
#343=EDGE_CURVE('',#263,#265,#124,.T.);
#344=EDGE_CURVE('',#267,#268,#171,.T.);
#345=EDGE_CURVE('',#268,#266,#125,.T.);
#346=EDGE_CURVE('',#265,#267,#126,.T.);
#347=EDGE_CURVE('',#269,#270,#172,.T.);
#348=EDGE_CURVE('',#269,#271,#127,.T.);
#349=EDGE_CURVE('',#272,#271,#102,.F.);
#350=EDGE_CURVE('',#272,#270,#128,.T.);
#351=EDGE_CURVE('',#273,#274,#173,.T.);
#352=EDGE_CURVE('',#274,#275,#129,.T.);
#353=EDGE_CURVE('',#276,#275,#103,.T.);
#354=EDGE_CURVE('',#273,#276,#130,.T.);
#355=EDGE_CURVE('',#277,#278,#174,.T.);
#356=EDGE_CURVE('',#278,#274,#131,.T.);
#357=EDGE_CURVE('',#277,#273,#132,.T.);
#358=EDGE_CURVE('',#279,#280,#175,.T.);
#359=EDGE_CURVE('',#280,#278,#133,.T.);
#360=EDGE_CURVE('',#279,#277,#134,.T.);
#361=EDGE_CURVE('',#281,#282,#176,.T.);
#362=EDGE_CURVE('',#282,#280,#135,.T.);
#363=EDGE_CURVE('',#281,#279,#136,.T.);
#364=EDGE_CURVE('',#283,#284,#177,.T.);
#365=EDGE_CURVE('',#284,#282,#137,.T.);
#366=EDGE_CURVE('',#283,#281,#138,.T.);
#367=EDGE_CURVE('',#285,#286,#178,.T.);
#368=EDGE_CURVE('',#286,#284,#139,.T.);
#369=EDGE_CURVE('',#285,#283,#140,.T.);
#370=EDGE_CURVE('',#287,#288,#179,.T.);
#371=EDGE_CURVE('',#288,#286,#141,.T.);
#372=EDGE_CURVE('',#287,#285,#142,.T.);
#373=EDGE_CURVE('',#289,#290,#180,.T.);
#374=EDGE_CURVE('',#290,#288,#143,.T.);
#375=EDGE_CURVE('',#289,#287,#144,.T.);
#376=EDGE_CURVE('',#291,#292,#181,.T.);
#377=EDGE_CURVE('',#292,#290,#145,.T.);
#378=EDGE_CURVE('',#291,#289,#146,.T.);
#379=EDGE_CURVE('',#293,#294,#182,.T.);
#380=EDGE_CURVE('',#294,#292,#147,.T.);
#381=EDGE_CURVE('',#293,#291,#148,.T.);
#382=EDGE_CURVE('',#295,#296,#183,.T.);
#383=EDGE_CURVE('',#296,#294,#149,.T.);
#384=EDGE_CURVE('',#295,#293,#150,.T.);
#385=EDGE_CURVE('',#297,#298,#184,.T.);
#386=EDGE_CURVE('',#299,#297,#151,.T.);
#387=EDGE_CURVE('',#300,#299,#104,.T.);
#388=EDGE_CURVE('',#300,#298,#152,.T.);
#389=EDGE_CURVE('',#298,#296,#153,.T.);
#390=EDGE_CURVE('',#297,#295,#154,.T.);
#391=EDGE_CURVE('',#275,#272,#155,.T.);
#392=EDGE_CURVE('',#247,#300,#156,.T.);
#393=EDGE_CURVE('',#270,#268,#157,.T.);
#394=EDGE_CURVE('',#271,#276,#158,.T.);
#395=EDGE_CURVE('',#267,#269,#159,.T.);
#396=EDGE_CURVE('',#299,#248,#160,.T.);
#397=EDGE_CURVE('',#301,#302,#185,.T.);
#398=EDGE_CURVE('',#302,#303,#186,.T.);
#399=EDGE_CURVE('',#303,#304,#187,.T.);
#400=EDGE_CURVE('',#304,#305,#188,.T.);
#401=EDGE_CURVE('',#305,#306,#189,.T.);
#402=EDGE_CURVE('',#306,#301,#190,.T.);
#403=EDGE_CURVE('',#307,#308,#191,.T.);
#404=EDGE_CURVE('',#308,#301,#192,.T.);
#405=EDGE_CURVE('',#307,#306,#193,.T.);
#406=EDGE_CURVE('',#309,#307,#194,.T.);
#407=EDGE_CURVE('',#309,#305,#195,.T.);
#408=EDGE_CURVE('',#310,#309,#196,.T.);
#409=EDGE_CURVE('',#310,#304,#197,.T.);
#410=EDGE_CURVE('',#311,#310,#198,.T.);
#411=EDGE_CURVE('',#311,#303,#199,.T.);
#412=EDGE_CURVE('',#312,#311,#200,.T.);
#413=EDGE_CURVE('',#312,#302,#201,.T.);
#414=EDGE_CURVE('',#308,#312,#202,.T.);
#415=ORIENTED_EDGE('',*,*,#313,.T.);
#416=ORIENTED_EDGE('',*,*,#314,.T.);
#417=ORIENTED_EDGE('',*,*,#315,.T.);
#418=ORIENTED_EDGE('',*,*,#316,.T.);
#419=ORIENTED_EDGE('',*,*,#317,.T.);
#420=ORIENTED_EDGE('',*,*,#318,.T.);
#421=ORIENTED_EDGE('',*,*,#313,.F.);
#422=ORIENTED_EDGE('',*,*,#319,.T.);
#423=ORIENTED_EDGE('',*,*,#320,.T.);
#424=ORIENTED_EDGE('',*,*,#321,.T.);
#425=ORIENTED_EDGE('',*,*,#317,.F.);
#426=ORIENTED_EDGE('',*,*,#322,.T.);
#427=ORIENTED_EDGE('',*,*,#323,.T.);
#428=ORIENTED_EDGE('',*,*,#324,.T.);
#429=ORIENTED_EDGE('',*,*,#320,.F.);
#430=ORIENTED_EDGE('',*,*,#325,.T.);
#431=ORIENTED_EDGE('',*,*,#326,.T.);
#432=ORIENTED_EDGE('',*,*,#327,.T.);
#433=ORIENTED_EDGE('',*,*,#323,.F.);
#434=ORIENTED_EDGE('',*,*,#328,.T.);
#435=ORIENTED_EDGE('',*,*,#329,.T.);
#436=ORIENTED_EDGE('',*,*,#330,.T.);
#437=ORIENTED_EDGE('',*,*,#326,.F.);
#438=ORIENTED_EDGE('',*,*,#331,.T.);
#439=ORIENTED_EDGE('',*,*,#332,.T.);
#440=ORIENTED_EDGE('',*,*,#333,.T.);
#441=ORIENTED_EDGE('',*,*,#329,.F.);
#442=ORIENTED_EDGE('',*,*,#334,.T.);
#443=ORIENTED_EDGE('',*,*,#335,.T.);
#444=ORIENTED_EDGE('',*,*,#336,.T.);
#445=ORIENTED_EDGE('',*,*,#332,.F.);
#446=ORIENTED_EDGE('',*,*,#337,.T.);
#447=ORIENTED_EDGE('',*,*,#338,.T.);
#448=ORIENTED_EDGE('',*,*,#339,.T.);
#449=ORIENTED_EDGE('',*,*,#335,.F.);
#450=ORIENTED_EDGE('',*,*,#340,.T.);
#451=ORIENTED_EDGE('',*,*,#341,.T.);
#452=ORIENTED_EDGE('',*,*,#342,.T.);
#453=ORIENTED_EDGE('',*,*,#338,.F.);
#454=ORIENTED_EDGE('',*,*,#343,.T.);
#455=ORIENTED_EDGE('',*,*,#344,.T.);
#456=ORIENTED_EDGE('',*,*,#345,.T.);
#457=ORIENTED_EDGE('',*,*,#341,.F.);
#458=ORIENTED_EDGE('',*,*,#346,.T.);
#459=ORIENTED_EDGE('',*,*,#347,.F.);
#460=ORIENTED_EDGE('',*,*,#348,.T.);
#461=ORIENTED_EDGE('',*,*,#349,.F.);
#462=ORIENTED_EDGE('',*,*,#350,.T.);
#463=ORIENTED_EDGE('',*,*,#351,.T.);
#464=ORIENTED_EDGE('',*,*,#352,.T.);
#465=ORIENTED_EDGE('',*,*,#353,.F.);
#466=ORIENTED_EDGE('',*,*,#354,.F.);
#467=ORIENTED_EDGE('',*,*,#355,.T.);
#468=ORIENTED_EDGE('',*,*,#356,.T.);
#469=ORIENTED_EDGE('',*,*,#351,.F.);
#470=ORIENTED_EDGE('',*,*,#357,.F.);
#471=ORIENTED_EDGE('',*,*,#358,.T.);
#472=ORIENTED_EDGE('',*,*,#359,.T.);
#473=ORIENTED_EDGE('',*,*,#355,.F.);
#474=ORIENTED_EDGE('',*,*,#360,.F.);
#475=ORIENTED_EDGE('',*,*,#361,.T.);
#476=ORIENTED_EDGE('',*,*,#362,.T.);
#477=ORIENTED_EDGE('',*,*,#358,.F.);
#478=ORIENTED_EDGE('',*,*,#363,.F.);
#479=ORIENTED_EDGE('',*,*,#364,.T.);
#480=ORIENTED_EDGE('',*,*,#365,.T.);
#481=ORIENTED_EDGE('',*,*,#361,.F.);
#482=ORIENTED_EDGE('',*,*,#366,.F.);
#483=ORIENTED_EDGE('',*,*,#367,.T.);
#484=ORIENTED_EDGE('',*,*,#368,.T.);
#485=ORIENTED_EDGE('',*,*,#364,.F.);
#486=ORIENTED_EDGE('',*,*,#369,.F.);
#487=ORIENTED_EDGE('',*,*,#370,.T.);
#488=ORIENTED_EDGE('',*,*,#371,.T.);
#489=ORIENTED_EDGE('',*,*,#367,.F.);
#490=ORIENTED_EDGE('',*,*,#372,.F.);
#491=ORIENTED_EDGE('',*,*,#373,.T.);
#492=ORIENTED_EDGE('',*,*,#374,.T.);
#493=ORIENTED_EDGE('',*,*,#370,.F.);
#494=ORIENTED_EDGE('',*,*,#375,.F.);
#495=ORIENTED_EDGE('',*,*,#376,.T.);
#496=ORIENTED_EDGE('',*,*,#377,.T.);
#497=ORIENTED_EDGE('',*,*,#373,.F.);
#498=ORIENTED_EDGE('',*,*,#378,.F.);
#499=ORIENTED_EDGE('',*,*,#379,.T.);
#500=ORIENTED_EDGE('',*,*,#380,.T.);
#501=ORIENTED_EDGE('',*,*,#376,.F.);
#502=ORIENTED_EDGE('',*,*,#381,.F.);
#503=ORIENTED_EDGE('',*,*,#382,.T.);
#504=ORIENTED_EDGE('',*,*,#383,.T.);
#505=ORIENTED_EDGE('',*,*,#379,.F.);
#506=ORIENTED_EDGE('',*,*,#384,.F.);
#507=ORIENTED_EDGE('',*,*,#385,.F.);
#508=ORIENTED_EDGE('',*,*,#386,.F.);
#509=ORIENTED_EDGE('',*,*,#387,.F.);
#510=ORIENTED_EDGE('',*,*,#388,.T.);
#511=ORIENTED_EDGE('',*,*,#385,.T.);
#512=ORIENTED_EDGE('',*,*,#389,.T.);
#513=ORIENTED_EDGE('',*,*,#382,.F.);
#514=ORIENTED_EDGE('',*,*,#390,.F.);
#515=ORIENTED_EDGE('',*,*,#391,.F.);
#516=ORIENTED_EDGE('',*,*,#352,.F.);
#517=ORIENTED_EDGE('',*,*,#356,.F.);
#518=ORIENTED_EDGE('',*,*,#359,.F.);
#519=ORIENTED_EDGE('',*,*,#362,.F.);
#520=ORIENTED_EDGE('',*,*,#365,.F.);
#521=ORIENTED_EDGE('',*,*,#368,.F.);
#522=ORIENTED_EDGE('',*,*,#371,.F.);
#523=ORIENTED_EDGE('',*,*,#374,.F.);
#524=ORIENTED_EDGE('',*,*,#377,.F.);
#525=ORIENTED_EDGE('',*,*,#380,.F.);
#526=ORIENTED_EDGE('',*,*,#383,.F.);
#527=ORIENTED_EDGE('',*,*,#389,.F.);
#528=ORIENTED_EDGE('',*,*,#388,.F.);
#529=ORIENTED_EDGE('',*,*,#392,.F.);
#530=ORIENTED_EDGE('',*,*,#314,.F.);
#531=ORIENTED_EDGE('',*,*,#318,.F.);
#532=ORIENTED_EDGE('',*,*,#321,.F.);
#533=ORIENTED_EDGE('',*,*,#324,.F.);
#534=ORIENTED_EDGE('',*,*,#327,.F.);
#535=ORIENTED_EDGE('',*,*,#330,.F.);
#536=ORIENTED_EDGE('',*,*,#333,.F.);
#537=ORIENTED_EDGE('',*,*,#336,.F.);
#538=ORIENTED_EDGE('',*,*,#339,.F.);
#539=ORIENTED_EDGE('',*,*,#342,.F.);
#540=ORIENTED_EDGE('',*,*,#345,.F.);
#541=ORIENTED_EDGE('',*,*,#393,.F.);
#542=ORIENTED_EDGE('',*,*,#350,.F.);
#543=ORIENTED_EDGE('',*,*,#394,.F.);
#544=ORIENTED_EDGE('',*,*,#348,.F.);
#545=ORIENTED_EDGE('',*,*,#395,.F.);
#546=ORIENTED_EDGE('',*,*,#346,.F.);
#547=ORIENTED_EDGE('',*,*,#343,.F.);
#548=ORIENTED_EDGE('',*,*,#340,.F.);
#549=ORIENTED_EDGE('',*,*,#337,.F.);
#550=ORIENTED_EDGE('',*,*,#334,.F.);
#551=ORIENTED_EDGE('',*,*,#331,.F.);
#552=ORIENTED_EDGE('',*,*,#328,.F.);
#553=ORIENTED_EDGE('',*,*,#325,.F.);
#554=ORIENTED_EDGE('',*,*,#322,.F.);
#555=ORIENTED_EDGE('',*,*,#319,.F.);
#556=ORIENTED_EDGE('',*,*,#316,.F.);
#557=ORIENTED_EDGE('',*,*,#396,.F.);
#558=ORIENTED_EDGE('',*,*,#386,.T.);
#559=ORIENTED_EDGE('',*,*,#390,.T.);
#560=ORIENTED_EDGE('',*,*,#384,.T.);
#561=ORIENTED_EDGE('',*,*,#381,.T.);
#562=ORIENTED_EDGE('',*,*,#378,.T.);
#563=ORIENTED_EDGE('',*,*,#375,.T.);
#564=ORIENTED_EDGE('',*,*,#372,.T.);
#565=ORIENTED_EDGE('',*,*,#369,.T.);
#566=ORIENTED_EDGE('',*,*,#366,.T.);
#567=ORIENTED_EDGE('',*,*,#363,.T.);
#568=ORIENTED_EDGE('',*,*,#360,.T.);
#569=ORIENTED_EDGE('',*,*,#357,.T.);
#570=ORIENTED_EDGE('',*,*,#354,.T.);
#571=ORIENTED_EDGE('',*,*,#397,.T.);
#572=ORIENTED_EDGE('',*,*,#398,.T.);
#573=ORIENTED_EDGE('',*,*,#399,.T.);
#574=ORIENTED_EDGE('',*,*,#400,.T.);
#575=ORIENTED_EDGE('',*,*,#401,.T.);
#576=ORIENTED_EDGE('',*,*,#402,.T.);
#577=ORIENTED_EDGE('',*,*,#394,.T.);
#578=ORIENTED_EDGE('',*,*,#353,.T.);
#579=ORIENTED_EDGE('',*,*,#391,.T.);
#580=ORIENTED_EDGE('',*,*,#349,.T.);
#581=ORIENTED_EDGE('',*,*,#347,.T.);
#582=ORIENTED_EDGE('',*,*,#393,.T.);
#583=ORIENTED_EDGE('',*,*,#344,.F.);
#584=ORIENTED_EDGE('',*,*,#395,.T.);
#585=ORIENTED_EDGE('',*,*,#403,.T.);
#586=ORIENTED_EDGE('',*,*,#404,.T.);
#587=ORIENTED_EDGE('',*,*,#402,.F.);
#588=ORIENTED_EDGE('',*,*,#405,.F.);
#589=ORIENTED_EDGE('',*,*,#406,.T.);
#590=ORIENTED_EDGE('',*,*,#405,.T.);
#591=ORIENTED_EDGE('',*,*,#401,.F.);
#592=ORIENTED_EDGE('',*,*,#407,.F.);
#593=ORIENTED_EDGE('',*,*,#408,.T.);
#594=ORIENTED_EDGE('',*,*,#407,.T.);
#595=ORIENTED_EDGE('',*,*,#400,.F.);
#596=ORIENTED_EDGE('',*,*,#409,.F.);
#597=ORIENTED_EDGE('',*,*,#410,.T.);
#598=ORIENTED_EDGE('',*,*,#409,.T.);
#599=ORIENTED_EDGE('',*,*,#399,.F.);
#600=ORIENTED_EDGE('',*,*,#411,.F.);
#601=ORIENTED_EDGE('',*,*,#412,.T.);
#602=ORIENTED_EDGE('',*,*,#411,.T.);
#603=ORIENTED_EDGE('',*,*,#398,.F.);
#604=ORIENTED_EDGE('',*,*,#413,.F.);
#605=ORIENTED_EDGE('',*,*,#414,.T.);
#606=ORIENTED_EDGE('',*,*,#413,.T.);
#607=ORIENTED_EDGE('',*,*,#397,.F.);
#608=ORIENTED_EDGE('',*,*,#404,.F.);
#609=ORIENTED_EDGE('',*,*,#414,.F.);
#610=ORIENTED_EDGE('',*,*,#403,.F.);
#611=ORIENTED_EDGE('',*,*,#406,.F.);
#612=ORIENTED_EDGE('',*,*,#408,.F.);
#613=ORIENTED_EDGE('',*,*,#410,.F.);
#614=ORIENTED_EDGE('',*,*,#412,.F.);
#615=ORIENTED_EDGE('',*,*,#396,.T.);
#616=ORIENTED_EDGE('',*,*,#315,.F.);
#617=ORIENTED_EDGE('',*,*,#392,.T.);
#618=ORIENTED_EDGE('',*,*,#387,.T.);
#619=CYLINDRICAL_SURFACE('',#695,1.2645);
#620=CYLINDRICAL_SURFACE('',#697,1.2645);
#621=CYLINDRICAL_SURFACE('',#698,1.2645);
#622=CYLINDRICAL_SURFACE('',#699,1.2645);
#623=CYLINDRICAL_SURFACE('',#700,1.2645);
#624=CYLINDRICAL_SURFACE('',#701,1.2645);
#625=CYLINDRICAL_SURFACE('',#702,1.2645);
#626=CYLINDRICAL_SURFACE('',#703,1.2645);
#627=CYLINDRICAL_SURFACE('',#704,1.2645);
#628=CYLINDRICAL_SURFACE('',#705,1.2645);
#629=CYLINDRICAL_SURFACE('',#706,1.2645);
#630=CYLINDRICAL_SURFACE('',#707,1.2645);
#631=CYLINDRICAL_SURFACE('',#709,1.543);
#632=CYLINDRICAL_SURFACE('',#711,1.543);
#633=CYLINDRICAL_SURFACE('',#712,1.543);
#634=CYLINDRICAL_SURFACE('',#713,1.543);
#635=CYLINDRICAL_SURFACE('',#714,1.543);
#636=CYLINDRICAL_SURFACE('',#715,1.543);
#637=CYLINDRICAL_SURFACE('',#716,1.543);
#638=CYLINDRICAL_SURFACE('',#717,1.543);
#639=CYLINDRICAL_SURFACE('',#718,1.543);
#640=CYLINDRICAL_SURFACE('',#719,1.543);
#641=CYLINDRICAL_SURFACE('',#720,1.543);
#642=CYLINDRICAL_SURFACE('',#721,1.543);
#643=CYLINDRICAL_SURFACE('',#723,1.543);
#644=CYLINDRICAL_SURFACE('',#725,1.2645);
#645=ADVANCED_FACE('',(#27),#619,.F.);
#646=ADVANCED_FACE('',(#28),#620,.F.);
#647=ADVANCED_FACE('',(#29),#621,.F.);
#648=ADVANCED_FACE('',(#30),#622,.F.);
#649=ADVANCED_FACE('',(#31),#623,.F.);
#650=ADVANCED_FACE('',(#32),#624,.F.);
#651=ADVANCED_FACE('',(#33),#625,.F.);
#652=ADVANCED_FACE('',(#34),#626,.F.);
#653=ADVANCED_FACE('',(#35),#627,.F.);
#654=ADVANCED_FACE('',(#36),#628,.F.);
#655=ADVANCED_FACE('',(#37),#629,.F.);
#656=ADVANCED_FACE('',(#38),#630,.F.);
#657=ADVANCED_FACE('',(#39),#631,.F.);
#658=ADVANCED_FACE('',(#40),#632,.F.);
#659=ADVANCED_FACE('',(#41),#633,.F.);
#660=ADVANCED_FACE('',(#42),#634,.F.);
#661=ADVANCED_FACE('',(#43),#635,.F.);
#662=ADVANCED_FACE('',(#44),#636,.F.);
#663=ADVANCED_FACE('',(#45),#637,.F.);
#664=ADVANCED_FACE('',(#46),#638,.F.);
#665=ADVANCED_FACE('',(#47),#639,.F.);
#666=ADVANCED_FACE('',(#48),#640,.F.);
#667=ADVANCED_FACE('',(#49),#641,.F.);
#668=ADVANCED_FACE('',(#50),#642,.F.);
#669=ADVANCED_FACE('',(#51),#643,.F.);
#670=ADVANCED_FACE('',(#52),#25,.F.);
#671=ADVANCED_FACE('',(#53),#26,.F.);
#672=ADVANCED_FACE('',(#54,#15),#17,.T.);
#673=ADVANCED_FACE('',(#55),#644,.F.);
#674=ADVANCED_FACE('',(#56),#18,.T.);
#675=ADVANCED_FACE('',(#57),#19,.T.);
#676=ADVANCED_FACE('',(#58),#20,.T.);
#677=ADVANCED_FACE('',(#59),#21,.T.);
#678=ADVANCED_FACE('',(#60),#22,.T.);
#679=ADVANCED_FACE('',(#61),#23,.T.);
#680=ADVANCED_FACE('',(#62,#16),#24,.F.);
#681=CLOSED_SHELL('',(#645,#646,#647,#648,#649,#650,#651,#652,#653,#654,
#655,#656,#657,#658,#659,#660,#661,#662,#663,#664,#665,#666,#667,#668,#669,
#670,#671,#672,#673,#674,#675,#676,#677,#678,#679,#680));
#682=DERIVED_UNIT_ELEMENT(#684,1.);
#683=DERIVED_UNIT_ELEMENT(#2785,-3.);
#684=(
MASS_UNIT()
NAMED_UNIT(*)
SI_UNIT(.KILO.,.GRAM.)
);
#685=DERIVED_UNIT((#682,#683));
#686=MEASURE_REPRESENTATION_ITEM('density measure',
POSITIVE_RATIO_MEASURE(7850.),#685);
#687=PROPERTY_DEFINITION_REPRESENTATION(#692,#689);
#688=PROPERTY_DEFINITION_REPRESENTATION(#693,#690);
#689=REPRESENTATION('material name',(#691),#2782);
#690=REPRESENTATION('density',(#686),#2782);
#691=DESCRIPTIVE_REPRESENTATION_ITEM('Steel','Steel');
#692=PROPERTY_DEFINITION('material property','material name',#2792);
#693=PROPERTY_DEFINITION('material property','density of part',#2792);
#694=AXIS2_PLACEMENT_3D('',#853,#733,#734);
#695=AXIS2_PLACEMENT_3D('',#854,#735,#736);
#696=AXIS2_PLACEMENT_3D('',#873,#738,#739);
#697=AXIS2_PLACEMENT_3D('',#893,#740,#741);
#698=AXIS2_PLACEMENT_3D('',#944,#743,#744);
#699=AXIS2_PLACEMENT_3D('',#995,#746,#747);
#700=AXIS2_PLACEMENT_3D('',#1043,#749,#750);
#701=AXIS2_PLACEMENT_3D('',#1094,#752,#753);
#702=AXIS2_PLACEMENT_3D('',#1145,#755,#756);
#703=AXIS2_PLACEMENT_3D('',#1193,#758,#759);
#704=AXIS2_PLACEMENT_3D('',#1244,#761,#762);
#705=AXIS2_PLACEMENT_3D('',#1295,#764,#765);
#706=AXIS2_PLACEMENT_3D('',#1343,#767,#768);
#707=AXIS2_PLACEMENT_3D('',#1394,#770,#771);
#708=AXIS2_PLACEMENT_3D('',#1404,#773,#774);
#709=AXIS2_PLACEMENT_3D('',#1415,#775,#776);
#710=AXIS2_PLACEMENT_3D('',#1429,#778,#779);
#711=AXIS2_PLACEMENT_3D('',#1439,#780,#781);
#712=AXIS2_PLACEMENT_3D('',#1463,#783,#784);
#713=AXIS2_PLACEMENT_3D('',#1488,#786,#787);
#714=AXIS2_PLACEMENT_3D('',#1513,#789,#790);
#715=AXIS2_PLACEMENT_3D('',#1537,#792,#793);
#716=AXIS2_PLACEMENT_3D('',#1562,#795,#796);
#717=AXIS2_PLACEMENT_3D('',#1587,#798,#799);
#718=AXIS2_PLACEMENT_3D('',#1611,#801,#802);
#719=AXIS2_PLACEMENT_3D('',#1636,#804,#805);
#720=AXIS2_PLACEMENT_3D('',#1661,#807,#808);
#721=AXIS2_PLACEMENT_3D('',#1685,#810,#811);
#722=AXIS2_PLACEMENT_3D('',#1696,#813,#814);
#723=AXIS2_PLACEMENT_3D('',#1702,#815,#816);
#724=AXIS2_PLACEMENT_3D('',#2741,#817,#818);
#725=AXIS2_PLACEMENT_3D('',#2754,#825,#826);
#726=AXIS2_PLACEMENT_3D('',#2755,#827,#828);
#727=AXIS2_PLACEMENT_3D('',#2761,#832,#833);
#728=AXIS2_PLACEMENT_3D('',#2765,#836,#837);
#729=AXIS2_PLACEMENT_3D('',#2769,#840,#841);
#730=AXIS2_PLACEMENT_3D('',#2773,#844,#845);
#731=AXIS2_PLACEMENT_3D('',#2777,#848,#849);
#732=AXIS2_PLACEMENT_3D('',#2779,#851,#852);
#733=DIRECTION('axis',(0.,0.,1.));
#734=DIRECTION('refdir',(1.,0.,0.));
#735=DIRECTION('center_axis',(0.,0.,1.));
#736=DIRECTION('ref_axis',(0.937374524058664,0.348323128209704,0.));
#737=DIRECTION('',(0.,0.,-1.));
#738=DIRECTION('center_axis',(0.,0.,1.));
#739=DIRECTION('ref_axis',(1.,0.,0.));
#740=DIRECTION('center_axis',(0.,0.,1.));
#741=DIRECTION('ref_axis',(1.,0.,0.));
#742=DIRECTION('',(0.,0.,-1.));
#743=DIRECTION('center_axis',(0.,0.,1.));
#744=DIRECTION('ref_axis',(1.,0.,0.));
#745=DIRECTION('',(0.,0.,-1.));
#746=DIRECTION('center_axis',(0.,0.,1.));
#747=DIRECTION('ref_axis',(1.,0.,0.));
#748=DIRECTION('',(0.,0.,-1.));
#749=DIRECTION('center_axis',(0.,0.,1.));
#750=DIRECTION('ref_axis',(1.,0.,0.));
#751=DIRECTION('',(0.,0.,-1.));
#752=DIRECTION('center_axis',(0.,0.,1.));
#753=DIRECTION('ref_axis',(1.,0.,0.));
#754=DIRECTION('',(0.,0.,-1.));
#755=DIRECTION('center_axis',(0.,0.,1.));
#756=DIRECTION('ref_axis',(1.,0.,0.));
#757=DIRECTION('',(0.,0.,-1.));
#758=DIRECTION('center_axis',(0.,0.,1.));
#759=DIRECTION('ref_axis',(1.,0.,0.));
#760=DIRECTION('',(0.,0.,-1.));
#761=DIRECTION('center_axis',(0.,0.,1.));
#762=DIRECTION('ref_axis',(1.,0.,0.));
#763=DIRECTION('',(0.,0.,-1.));
#764=DIRECTION('center_axis',(0.,0.,1.));
#765=DIRECTION('ref_axis',(1.,0.,0.));
#766=DIRECTION('',(0.,0.,-1.));
#767=DIRECTION('center_axis',(0.,0.,1.));
#768=DIRECTION('ref_axis',(1.,0.,0.));
#769=DIRECTION('',(0.,0.,-1.));
#770=DIRECTION('center_axis',(0.,0.,1.));
#771=DIRECTION('ref_axis',(-0.348586160343197,-0.937276740785338,0.));
#772=DIRECTION('',(0.,0.,-1.));
#773=DIRECTION('center_axis',(0.,0.,1.));
#774=DIRECTION('ref_axis',(1.,0.,0.));
#775=DIRECTION('center_axis',(0.,0.,1.));
#776=DIRECTION('ref_axis',(1.,6.07635265793527E-14,0.));
#777=DIRECTION('',(1.22464679914735E-16,7.45638343085756E-30,1.));
#778=DIRECTION('center_axis',(0.,0.,-1.));
#779=DIRECTION('ref_axis',(1.,6.07635265793527E-14,0.));
#780=DIRECTION('center_axis',(0.,0.,1.));
#781=DIRECTION('ref_axis',(1.,6.07635265793527E-14,0.));
#782=DIRECTION('',(1.22464679914735E-16,7.45638343085756E-30,1.));
#783=DIRECTION('center_axis',(0.,0.,1.));
#784=DIRECTION('ref_axis',(1.,6.07635265793527E-14,0.));
#785=DIRECTION('',(1.22464679914735E-16,7.45638343085756E-30,1.));
#786=DIRECTION('center_axis',(0.,0.,1.));
#787=DIRECTION('ref_axis',(1.,6.07635265793527E-14,0.));
#788=DIRECTION('',(1.22464679914735E-16,7.45638343085756E-30,1.));
#789=DIRECTION('center_axis',(0.,0.,1.));
#790=DIRECTION('ref_axis',(1.,6.07635265793527E-14,0.));
#791=DIRECTION('',(1.22464679914735E-16,7.45638343085756E-30,1.));
#792=DIRECTION('center_axis',(0.,0.,1.));
#793=DIRECTION('ref_axis',(1.,6.07635265793527E-14,0.));
#794=DIRECTION('',(1.22464679914735E-16,7.45638343085756E-30,1.));
#795=DIRECTION('center_axis',(0.,0.,1.));
#796=DIRECTION('ref_axis',(1.,6.07635265793527E-14,0.));
#797=DIRECTION('',(1.22464679914735E-16,7.45638343085756E-30,1.));
#798=DIRECTION('center_axis',(0.,0.,1.));
#799=DIRECTION('ref_axis',(1.,6.07635265793527E-14,0.));
#800=DIRECTION('',(1.22464679914735E-16,7.45638343085756E-30,1.));
#801=DIRECTION('center_axis',(0.,0.,1.));
#802=DIRECTION('ref_axis',(1.,6.07635265793527E-14,0.));
#803=DIRECTION('',(1.22464679914735E-16,7.45638343085756E-30,1.));
#804=DIRECTION('center_axis',(0.,0.,1.));
#805=DIRECTION('ref_axis',(1.,6.07635265793527E-14,0.));
#806=DIRECTION('',(1.22464679914735E-16,7.45638343085756E-30,1.));
#807=DIRECTION('center_axis',(0.,0.,1.));
#808=DIRECTION('ref_axis',(1.,6.07635265793527E-14,0.));
#809=DIRECTION('',(1.22464679914735E-16,7.45638343085756E-30,1.));
#810=DIRECTION('center_axis',(0.,0.,1.));
#811=DIRECTION('ref_axis',(-0.609166544348042,0.793042319959701,0.));
#812=DIRECTION('',(1.22464679914735E-16,7.45638343085756E-30,1.));
#813=DIRECTION('center_axis',(0.,0.,1.));
#814=DIRECTION('ref_axis',(1.,6.07635265793527E-14,0.));
#815=DIRECTION('center_axis',(0.,0.,1.));
#816=DIRECTION('ref_axis',(1.,6.07635265793527E-14,0.));
#817=DIRECTION('center_axis',(0.,0.,1.));
#818=DIRECTION('ref_axis',(1.,0.,0.));
#819=DIRECTION('',(-1.60246890531963E-16,-1.,0.));
#820=DIRECTION('',(0.866025403784439,-0.5,0.));
#821=DIRECTION('',(0.866025403784439,0.5,0.));
#822=DIRECTION('',(6.40987562127854E-16,1.,0.));
#823=DIRECTION('',(-0.866025403784439,0.5,0.));
#824=DIRECTION('',(-0.866025403784439,-0.499999999999999,0.));
#825=DIRECTION('center_axis',(0.,0.,1.));
#826=DIRECTION('ref_axis',(1.,0.,0.));
#827=DIRECTION('center_axis',(-0.499999999999999,0.866025403784439,0.));
#828=DIRECTION('ref_axis',(-0.866025403784439,-0.499999999999999,0.));
#829=DIRECTION('',(-0.866025403784439,-0.499999999999999,0.));
#830=DIRECTION('',(0.,0.,1.));
#831=DIRECTION('',(0.,0.,1.));
#832=DIRECTION('center_axis',(0.5,0.866025403784439,0.));
#833=DIRECTION('ref_axis',(-0.866025403784439,0.5,0.));
#834=DIRECTION('',(-0.866025403784439,0.5,0.));
#835=DIRECTION('',(0.,0.,1.));
#836=DIRECTION('center_axis',(1.,-6.40987562127854E-16,0.));
#837=DIRECTION('ref_axis',(6.40987562127854E-16,1.,0.));
#838=DIRECTION('',(6.40987562127854E-16,1.,0.));
#839=DIRECTION('',(0.,0.,1.));
#840=DIRECTION('center_axis',(0.5,-0.866025403784439,0.));
#841=DIRECTION('ref_axis',(0.866025403784439,0.5,0.));
#842=DIRECTION('',(0.866025403784439,0.5,0.));
#843=DIRECTION('',(0.,0.,1.));
#844=DIRECTION('center_axis',(-0.5,-0.866025403784439,0.));
#845=DIRECTION('ref_axis',(0.866025403784438,-0.5,0.));
#846=DIRECTION('',(0.866025403784439,-0.5,0.));
#847=DIRECTION('',(0.,0.,1.));
#848=DIRECTION('center_axis',(-1.,1.60246890531963E-16,0.));
#849=DIRECTION('ref_axis',(-1.60246890531963E-16,-1.,0.));
#850=DIRECTION('',(-1.60246890531963E-16,-1.,0.));
#851=DIRECTION('center_axis',(0.,0.,1.));
#852=DIRECTION('ref_axis',(1.,0.,0.));
#853=CARTESIAN_POINT('',(0.,0.,0.));
#854=CARTESIAN_POINT('Origin',(0.,0.,0.));
#855=CARTESIAN_POINT('',(-1.26318620067501,-0.000879919906891099,0.443419673619412));
#856=CARTESIAN_POINT('',(-1.2658516472712,-0.000756806015322214,0.306580326380583));
#857=CARTESIAN_POINT('',(-1.2645,-1.54856587752183E-16,0.));
#858=CARTESIAN_POINT('',(0.958116152722389,-0.825211298936489,0.));
#859=CARTESIAN_POINT('Ctrl Pts',(-1.2658516472712,-0.000756806015322214,
0.306580326380583));
#860=CARTESIAN_POINT('Ctrl Pts',(-1.26312075231659,0.366818621589111,0.283371397714867));
#861=CARTESIAN_POINT('Ctrl Pts',(-1.09365443795148,0.736477155767882,0.260162469049151));
#862=CARTESIAN_POINT('Ctrl Pts',(-0.811872556470572,0.971940434319595,0.236953540383435));
#863=CARTESIAN_POINT('Ctrl Pts',(-0.49221964570938,1.23904959680678,0.21062536922972));
#864=CARTESIAN_POINT('Ctrl Pts',(-0.0280323588697042,1.33346829400207,0.184297198076005));
#865=CARTESIAN_POINT('Ctrl Pts',(0.370283773406469,1.21143435490107,0.15796902692229));
#866=CARTESIAN_POINT('Ctrl Pts',(0.768599905682642,1.08940041580006,0.131640855768575));
#867=CARTESIAN_POINT('Ctrl Pts',(1.10104488339531,0.750913840402768,0.10531268461486));
#868=CARTESIAN_POINT('Ctrl Pts',(1.21667914318524,0.351508987725444,0.0789845134611447));
#869=CARTESIAN_POINT('Ctrl Pts',(1.33231340297517,-0.0478958649518802,0.0526563423074297));
#870=CARTESIAN_POINT('Ctrl Pts',(1.23113694484236,-0.508218994909231,0.0263281711537146));
#871=CARTESIAN_POINT('Ctrl Pts',(0.958116152722385,-0.825211298936494,-4.20421148259578E-16));
#872=CARTESIAN_POINT('',(-0.959909698918141,-0.826517837938124,-1.03911255297397E-16));
#873=CARTESIAN_POINT('Origin',(0.,0.,0.));
#874=CARTESIAN_POINT('Ctrl Pts',(-0.959912670346268,-0.826520002525102,
-1.04083408558608E-16));
#875=CARTESIAN_POINT('Ctrl Pts',(-0.696993945562567,-1.13027497180926,0.0253871634713747));
#876=CARTESIAN_POINT('Ctrl Pts',(-0.276674625530368,-1.29953306006185,0.0507743269427496));
#877=CARTESIAN_POINT('Ctrl Pts',(0.123091447463383,-1.26041825429993,0.0761614904141243));
#878=CARTESIAN_POINT('Ctrl Pts',(0.537675361223407,-1.21985360823754,0.102489661567839));
#879=CARTESIAN_POINT('Ctrl Pts',(0.930154124878136,-0.955182567139434,0.128817832721554));
#880=CARTESIAN_POINT('Ctrl Pts',(1.12280322902801,-0.5859988692842,0.155146003875269));
#881=CARTESIAN_POINT('Ctrl Pts',(1.31545233317788,-0.216815171428968,0.181474175028984));
#882=CARTESIAN_POINT('Ctrl Pts',(1.3082717778229,0.256881183183386,0.207802346182699));
#883=CARTESIAN_POINT('Ctrl Pts',(1.10439082596548,0.620077202961442,0.234130517336414));
#884=CARTESIAN_POINT('Ctrl Pts',(0.900509874108053,0.983273222739498,0.260458688490129));
#885=CARTESIAN_POINT('Ctrl Pts',(0.499928525748191,1.23596890768326,0.286786859643844));
#886=CARTESIAN_POINT('Ctrl Pts',(0.0843540445146835,1.26369618425824,0.313115030797559));
#887=CARTESIAN_POINT('Ctrl Pts',(-0.331220436718826,1.29142346083323,0.339443201951274));
#888=CARTESIAN_POINT('Ctrl Pts',(-0.761788050825981,1.09418232903945,0.365771373104989));
#889=CARTESIAN_POINT('Ctrl Pts',(-1.0121460925432,0.761349888908487,0.392099544258704));
#890=CARTESIAN_POINT('Ctrl Pts',(-1.1748160454795,0.545092256437745,0.409206254045607));
#891=CARTESIAN_POINT('Ctrl Pts',(-1.2614061836668,0.271591484864792,0.426312963832509));
#892=CARTESIAN_POINT('Ctrl Pts',(-1.26318620067501,-0.000879919906891099,
0.443419673619412));
#893=CARTESIAN_POINT('Origin',(0.,0.,0.));
#894=CARTESIAN_POINT('',(-1.26650379848891,-0.000151098910251893,0.943419673619413));
#895=CARTESIAN_POINT('',(-1.26476077697392,0.00110910097658831,0.806580326380584));
#896=CARTESIAN_POINT('',(-1.2645,-1.54856587752183E-16,0.));
#897=CARTESIAN_POINT('Ctrl Pts',(-1.26476077697392,0.00110910097658831,
0.806580326380584));
#898=CARTESIAN_POINT('Ctrl Pts',(-1.26556517007881,0.0896777892347405,0.801001929124206));
#899=CARTESIAN_POINT('Ctrl Pts',(-1.25704466288025,0.178092713076432,0.795423531867828));
#900=CARTESIAN_POINT('Ctrl Pts',(-1.23862299378438,0.264393972457847,0.78984513461145));
#901=CARTESIAN_POINT('Ctrl Pts',(-1.15167887083961,0.671707081106979,0.763516963457735));
#902=CARTESIAN_POINT('Ctrl Pts',(-0.844183931468402,1.03193779405345,0.73718879230402));
#903=CARTESIAN_POINT('Ctrl Pts',(-0.455570253944229,1.18175229524676,0.710860621150305));
#904=CARTESIAN_POINT('Ctrl Pts',(-0.0669565764200572,1.33156679644006,0.68453244999659));
#905=CARTESIAN_POINT('Ctrl Pts',(0.402775839257082,1.2709650858802,0.658204278842875));
#906=CARTESIAN_POINT('Ctrl Pts',(0.740631698567779,1.02740725518636,0.63187610768916));
#907=CARTESIAN_POINT('Ctrl Pts',(1.07848755787848,0.783849424492523,0.605547936535445));
#908=CARTESIAN_POINT('Ctrl Pts',(1.28446686082273,0.357335473664716,0.57921976538173));
#909=CARTESIAN_POINT('Ctrl Pts',(1.26516708890591,-0.058698274957632,0.552891594228015));
#910=CARTESIAN_POINT('Ctrl Pts',(1.24586731698908,-0.474732023579978,0.5265634230743));
#911=CARTESIAN_POINT('Ctrl Pts',(1.00128847021118,-0.880285569996865,0.500235251920585));
#912=CARTESIAN_POINT('Ctrl Pts',(0.642338191352033,-1.09153337260963,0.47390708076687));
#913=CARTESIAN_POINT('Ctrl Pts',(0.283387912492888,-1.30278117522239,0.447578909613155));
#914=CARTESIAN_POINT('Ctrl Pts',(-0.1899337984475,-1.31972323403103,0.42125073845944));
#915=CARTESIAN_POINT('Ctrl Pts',(-0.563012491785909,-1.13454471191636,0.394922567305725));
#916=CARTESIAN_POINT('Ctrl Pts',(-0.936091185124319,-0.9493661898017,0.36859439615201));
#917=CARTESIAN_POINT('Ctrl Pts',(-1.20892686086075,-0.562067086763738,0.342266224998295));
#918=CARTESIAN_POINT('Ctrl Pts',(-1.25778543138761,-0.148517721355212,0.31593805384458));
#919=CARTESIAN_POINT('Ctrl Pts',(-1.26357397356171,-0.0995222653497082,
0.312818811356581));
#920=CARTESIAN_POINT('Ctrl Pts',(-1.26621867513774,-0.0501583491818428,
0.309699568868582));
#921=CARTESIAN_POINT('Ctrl Pts',(-1.2658516472712,-0.000756806015322214,
0.306580326380583));
#922=CARTESIAN_POINT('Ctrl Pts',(-1.26318620067501,-0.000879919906891099,
0.443419673619412));
#923=CARTESIAN_POINT('Ctrl Pts',(-1.26414572815154,-0.147757055484823,0.452641134986224));
#924=CARTESIAN_POINT('Ctrl Pts',(-1.24046108479804,-0.294335077101536,0.461862596353037));
#925=CARTESIAN_POINT('Ctrl Pts',(-1.19076476449701,-0.431486240050274,0.47108405771985));
#926=CARTESIAN_POINT('Ctrl Pts',(-1.04887692540632,-0.823066180409946,0.497412228873564));
#927=CARTESIAN_POINT('Ctrl Pts',(-0.694952777897665,-1.13780231266116,0.523740400027279));
#928=CARTESIAN_POINT('Ctrl Pts',(-0.28948632815049,-1.23299657469758,0.550068571180994));
#929=CARTESIAN_POINT('Ctrl Pts',(0.115980121596686,-1.328190836734,0.576396742334709));
#930=CARTESIAN_POINT('Ctrl Pts',(0.572988873582377,-1.20384322855564,0.602724913488425));
#931=CARTESIAN_POINT('Ctrl Pts',(0.874317758698416,-0.916329459232037,0.62905308464214));
#932=CARTESIAN_POINT('Ctrl Pts',(1.17564664381445,-0.628815689908432,0.655381255795855));
#933=CARTESIAN_POINT('Ctrl Pts',(1.32129566206084,-0.178135759439585,0.681709426949569));
#934=CARTESIAN_POINT('Ctrl Pts',(1.24521864960923,0.231348188558719,0.708037598103284));
#935=CARTESIAN_POINT('Ctrl Pts',(1.16914163715761,0.640832136557026,0.734365769256999));
#936=CARTESIAN_POINT('Ctrl Pts',(0.871338594007995,1.00912010208479,0.760693940410715));
#937=CARTESIAN_POINT('Ctrl Pts',(0.486847539975899,1.16921704253723,0.78702211156443));
#938=CARTESIAN_POINT('Ctrl Pts',(0.102356485943802,1.32931398298967,0.813350282718145));
#939=CARTESIAN_POINT('Ctrl Pts',(-0.368822578970769,1.2812198983668,0.839678453871859));
#940=CARTESIAN_POINT('Ctrl Pts',(-0.713037703201194,1.04674141685339,0.866006625025574));
#941=CARTESIAN_POINT('Ctrl Pts',(-1.05040437131256,0.816928086515723,0.891810974556854));
#942=CARTESIAN_POINT('Ctrl Pts',(-1.26580895438814,0.4080731358533,0.917615324088134));
#943=CARTESIAN_POINT('Ctrl Pts',(-1.26650379848891,-0.000151098910251893,
0.943419673619413));
#944=CARTESIAN_POINT('Origin',(0.,0.,0.));
#945=CARTESIAN_POINT('',(-1.26358392093234,0.00102487662053082,1.44341967361941));
#946=CARTESIAN_POINT('',(-1.26253083199284,-0.0002819910498357,1.30658032638058));
#947=CARTESIAN_POINT('',(-1.2645,-1.54856587752183E-16,0.));
#948=CARTESIAN_POINT('Ctrl Pts',(-1.26253083199284,-0.0002819910498357,
1.30658032638058));
#949=CARTESIAN_POINT('Ctrl Pts',(-1.26207217429373,0.227395310144643,1.29230428937983));
#950=CARTESIAN_POINT('Ctrl Pts',(-1.20324536722669,0.455293598696493,1.27802825237907));
#951=CARTESIAN_POINT('Ctrl Pts',(-1.08748527111297,0.649203983410389,1.26375221537832));
#952=CARTESIAN_POINT('Ctrl Pts',(-0.873998039110735,1.0068176402649,1.23742404422461));
#953=CARTESIAN_POINT('Ctrl Pts',(-0.466872030956699,1.24883326627758,1.21109587307089));
#954=CARTESIAN_POINT('Ctrl Pts',(-0.0507155678325992,1.26551086491172,1.18476770191717));
#955=CARTESIAN_POINT('Ctrl Pts',(0.365440895291499,1.28218846354586,1.15843953076346));
#956=CARTESIAN_POINT('Ctrl Pts',(0.790627813385661,1.07352803480147,1.13211135960974));
#957=CARTESIAN_POINT('Ctrl Pts',(1.03204732425005,0.734144711176429,1.10578318845603));
#958=CARTESIAN_POINT('Ctrl Pts',(1.27346683511444,0.394761387551383,1.07945501730232));
#959=CARTESIAN_POINT('Ctrl Pts',(1.33111893874905,-0.0753448309543164,1.0531268461486));
#960=CARTESIAN_POINT('Ctrl Pts',(1.1788616536048,-0.463006945086706,1.02679867499489));
#961=CARTESIAN_POINT('Ctrl Pts',(1.02660436846054,-0.850669059219094,1.00047050384117));
#962=CARTESIAN_POINT('Ctrl Pts',(0.664437694537413,-1.15588706897817,0.974142332687455));
#963=CARTESIAN_POINT('Ctrl Pts',(0.25658356584583,-1.24026358488398,0.94781416153374));
#964=CARTESIAN_POINT('Ctrl Pts',(-0.151270562845752,-1.32464010078979,0.921485990380025));
#965=CARTESIAN_POINT('Ctrl Pts',(-0.604812146305788,-1.18817512284233,0.89515781922631));
#966=CARTESIAN_POINT('Ctrl Pts',(-0.898386284776638,-0.892744881692701,
0.868829648072595));
#967=CARTESIAN_POINT('Ctrl Pts',(-1.12975810926875,-0.659910224454249,0.848079874175258));
#968=CARTESIAN_POINT('Ctrl Pts',(-1.26176870339367,-0.328336826102063,0.827330100277921));
#969=CARTESIAN_POINT('Ctrl Pts',(-1.26476077697392,0.00110910097658831,
0.806580326380584));
#970=CARTESIAN_POINT('Ctrl Pts',(-1.26650379848891,-0.000151098910251893,
0.943419673619413));
#971=CARTESIAN_POINT('Ctrl Pts',(-1.26651790364447,-0.0084379453084625,
0.943943495241849));
#972=CARTESIAN_POINT('Ctrl Pts',(-1.26644353131796,-0.0167245318015804,
0.944467316864284));
#973=CARTESIAN_POINT('Ctrl Pts',(-1.26627990566532,-0.0250093554112336,
0.94499113848672));
#974=CARTESIAN_POINT('Ctrl Pts',(-1.25805580035276,-0.441418767758523,0.971319309640435));
#975=CARTESIAN_POINT('Ctrl Pts',(-1.02435640618136,-0.853374714049176,0.997647480794149));
#976=CARTESIAN_POINT('Ctrl Pts',(-0.671151206690567,-1.07407914390106,1.02397565194786));
#977=CARTESIAN_POINT('Ctrl Pts',(-0.317946007199775,-1.29478357375295,1.05030382310158));
#978=CARTESIAN_POINT('Ctrl Pts',(0.154764997610405,-1.32423648716607,1.0766319942553));
#979=CARTESIAN_POINT('Ctrl Pts',(0.532634574541266,-1.14908248963451,1.10296016540901));
#980=CARTESIAN_POINT('Ctrl Pts',(0.910504151472123,-0.973928492102951,1.12928833656272));
#981=CARTESIAN_POINT('Ctrl Pts',(1.19353230052366,-0.594167583626721,1.15561650771644));
#982=CARTESIAN_POINT('Ctrl Pts',(1.25338192443132,-0.181999663751288,1.18194467887015));
#983=CARTESIAN_POINT('Ctrl Pts',(1.31323154833899,0.230168256124152,1.20827285002387));
#984=CARTESIAN_POINT('Ctrl Pts',(1.14990264710277,0.674743187398795,1.23460102117759));
#985=CARTESIAN_POINT('Ctrl Pts',(0.837455544169508,0.95013593674343,1.2609291923313));
#986=CARTESIAN_POINT('Ctrl Pts',(0.52500844123625,1.22552868608806,1.28725736348502));
#987=CARTESIAN_POINT('Ctrl Pts',(0.0634431366059488,1.33173925350269,1.31358553463873));
#988=CARTESIAN_POINT('Ctrl Pts',(-0.337946980156988,1.22060720824075,1.33991370579244));
#989=CARTESIAN_POINT('Ctrl Pts',(-0.739337096919929,1.10947516297882,1.36624187694616));
#990=CARTESIAN_POINT('Ctrl Pts',(-1.08055202581551,0.78100050504032,1.39257004809987));
#991=CARTESIAN_POINT('Ctrl Pts',(-1.20687034925321,0.384127675520634,1.41889821925359));
#992=CARTESIAN_POINT('Ctrl Pts',(-1.24608701171032,0.260914927202707,1.42707203737553));
#993=CARTESIAN_POINT('Ctrl Pts',(-1.26459090763413,0.131109634734319,1.43524585549747));
#994=CARTESIAN_POINT('Ctrl Pts',(-1.26358392093234,0.00102487662053082,
1.44341967361941));
#995=CARTESIAN_POINT('Origin',(0.,0.,0.));
#996=CARTESIAN_POINT('',(-1.26310871376982,-0.000843712398338866,1.94341967361941));
#997=CARTESIAN_POINT('',(-1.26575668142718,-0.000844264342920453,1.80658032638058));
#998=CARTESIAN_POINT('',(-1.2645,-1.54856587752183E-16,0.));
#999=CARTESIAN_POINT('Ctrl Pts',(-1.26575668142718,-0.000844264342920453,
1.80658032638058));
#1000=CARTESIAN_POINT('Ctrl Pts',(-1.26294833568669,0.363166726759732,1.78360664963545));
#1001=CARTESIAN_POINT('Ctrl Pts',(-1.09732880486799,0.729408857475462,1.76063297289032));
#1002=CARTESIAN_POINT('Ctrl Pts',(-0.820471552224226,0.964840096534688,
1.73765929614519));
#1003=CARTESIAN_POINT('Ctrl Pts',(-0.503189072209485,1.23464775621616,1.71133112499148));
#1004=CARTESIAN_POINT('Ctrl Pts',(-0.0398125656409774,1.33265497297556,
1.68500295383776));
#1005=CARTESIAN_POINT('Ctrl Pts',(0.359543285571366,1.21442109708926,1.65867478268405));
#1006=CARTESIAN_POINT('Ctrl Pts',(0.758899136783711,1.09618722120295,1.63234661153033));
#1007=CARTESIAN_POINT('Ctrl Pts',(1.09423433263989,0.761712252670932,1.60601844037662));
#1008=CARTESIAN_POINT('Ctrl Pts',(1.21349358634821,0.36266140644675,1.5796902692229));
#1009=CARTESIAN_POINT('Ctrl Pts',(1.33275284005653,-0.0363894397774323,
1.55336209806919));
#1010=CARTESIAN_POINT('Ctrl Pts',(1.23593615161698,-0.500016163693782,1.52703392691547));
#1011=CARTESIAN_POINT('Ctrl Pts',(0.966944337767738,-0.817990607965993,
1.50070575576175));
#1012=CARTESIAN_POINT('Ctrl Pts',(0.697952523918494,-1.1359650522382,1.47437758460804));
#1013=CARTESIAN_POINT('Ctrl Pts',(0.256785584659552,-1.30828721686628,1.44804941345433));
#1014=CARTESIAN_POINT('Ctrl Pts',(-0.156512561672699,-1.25681891040406,
1.42172124230061));
#1015=CARTESIAN_POINT('Ctrl Pts',(-0.569810708004952,-1.20535060394184,
1.3953930711469));
#1016=CARTESIAN_POINT('Ctrl Pts',(-0.955240061410512,-0.930091826389329,
1.36906489999318));
#1017=CARTESIAN_POINT('Ctrl Pts',(-1.13803051018808,-0.555856593764901,
1.34273672883946));
#1018=CARTESIAN_POINT('Ctrl Pts',(-1.22170571108543,-0.384544534069575,
1.3306845946865));
#1019=CARTESIAN_POINT('Ctrl Pts',(-1.26291804058018,-0.192492012460877,
1.31863246053354));
#1020=CARTESIAN_POINT('Ctrl Pts',(-1.26253083199284,-0.0002819910498357,
1.30658032638058));
#1021=CARTESIAN_POINT('Ctrl Pts',(-1.26358392093234,0.00102487662053082,
1.44341967361941));
#1022=CARTESIAN_POINT('Ctrl Pts',(-1.26134736614117,-0.287898193066004,
1.46157402665119));
#1023=CARTESIAN_POINT('Ctrl Pts',(-1.16286351702034,-0.578199868361731,
1.47972837968296));
#1024=CARTESIAN_POINT('Ctrl Pts',(-0.981300680491214,-0.800711609075269,
1.49788273271474));
#1025=CARTESIAN_POINT('Ctrl Pts',(-0.717990970311703,-1.12340706305062,
1.52421090386845));
#1026=CARTESIAN_POINT('Ctrl Pts',(-0.279949831972858,-1.30352696990046,
1.55053907502217));
#1027=CARTESIAN_POINT('Ctrl Pts',(0.134196192331362,-1.25939727370821,1.57686724617588));
#1028=CARTESIAN_POINT('Ctrl Pts',(0.548342216635581,-1.21526757751596,1.6031954173296));
#1029=CARTESIAN_POINT('Ctrl Pts',(0.938593126905175,-0.946888278281638,
1.62952358848331));
#1030=CARTESIAN_POINT('Ctrl Pts',(1.12799250618445,-0.575954004812095,1.65585175963703));
#1031=CARTESIAN_POINT('Ctrl Pts',(1.31739188546372,-0.205019731342553,1.68217993079074));
#1032=CARTESIAN_POINT('Ctrl Pts',(1.30593973375266,0.268469516362206,1.70850810194446));
#1033=CARTESIAN_POINT('Ctrl Pts',(1.09882894596587,0.629813509458958,1.73483627309817));
#1034=CARTESIAN_POINT('Ctrl Pts',(0.891718158179086,0.991157502555709,1.76116444425189));
#1035=CARTESIAN_POINT('Ctrl Pts',(0.488948734316566,1.24035624104446,1.7874926154056));
#1036=CARTESIAN_POINT('Ctrl Pts',(0.0731535180529622,1.26441238235248,1.81382078655932));
#1037=CARTESIAN_POINT('Ctrl Pts',(-0.342641698210642,1.28846852366051,1.84014895771303));
#1038=CARTESIAN_POINT('Ctrl Pts',(-0.771462706875328,1.08738206778782,1.86647712886674));
#1039=CARTESIAN_POINT('Ctrl Pts',(-1.01886376351738,0.752334195018098,1.89280530002046));
#1040=CARTESIAN_POINT('Ctrl Pts',(-1.17740179788555,0.537630863152374,1.90967675788678));
#1041=CARTESIAN_POINT('Ctrl Pts',(-1.26144109937828,0.267917287364955,1.9265482157531));
#1042=CARTESIAN_POINT('Ctrl Pts',(-1.26310871376982,-0.000843712398338866,
1.94341967361941));
#1043=CARTESIAN_POINT('Origin',(0.,0.,0.));
#1044=CARTESIAN_POINT('',(-1.26647914695596,-0.000217938959738839,2.44341967361941));
#1045=CARTESIAN_POINT('',(-1.26487205412893,0.00109387459122173,2.30658032638058));
#1046=CARTESIAN_POINT('',(-1.2645,-1.54856587752183E-16,0.));
#1047=CARTESIAN_POINT('Ctrl Pts',(-1.26487205412893,0.00109387459122173,
2.30658032638058));
#1048=CARTESIAN_POINT('Ctrl Pts',(-1.26564043070895,0.085908179178734,2.30123718104479));
#1049=CARTESIAN_POINT('Ctrl Pts',(-1.25782994998978,0.170581789228624,2.295894035709));
#1050=CARTESIAN_POINT('Ctrl Pts',(-1.24091897571889,0.253397068131493,2.29055089037321));
#1051=CARTESIAN_POINT('Ctrl Pts',(-1.15759071174719,0.661466603970545,2.26422271921949));
#1052=CARTESIAN_POINT('Ctrl Pts',(-0.853303111493381,1.02441599170941,2.23789454806578));
#1053=CARTESIAN_POINT('Ctrl Pts',(-0.466033157660238,1.17766849089201,2.21156637691206));
#1054=CARTESIAN_POINT('Ctrl Pts',(-0.0787632038271013,1.3309209900746,2.18523820575835));
#1055=CARTESIAN_POINT('Ctrl Pts',(0.391489103585363,1.27447660070092,2.15891003460463));
#1056=CARTESIAN_POINT('Ctrl Pts',(0.731491301487503,1.03392961764067,2.13258186345092));
#1057=CARTESIAN_POINT('Ctrl Pts',(1.07149349938964,0.793382634580421,2.1062536922972));
#1058=CARTESIAN_POINT('Ctrl Pts',(1.28124558778146,0.368733057833596,2.07992552114349));
#1059=CARTESIAN_POINT('Ctrl Pts',(1.26563701912697,-0.0474648737743056,
2.05359734998977));
#1060=CARTESIAN_POINT('Ctrl Pts',(1.25002845047249,-0.463662805382212,2.02726917883606));
#1061=CARTESIAN_POINT('Ctrl Pts',(1.00905922477171,-0.871409091851198,2.00094100768234));
#1062=CARTESIAN_POINT('Ctrl Pts',(0.65199507172146,-1.08581416693951,1.97461283652862));
#1063=CARTESIAN_POINT('Ctrl Pts',(0.294930918671217,-1.30021924202782,1.94828466537491));
#1064=CARTESIAN_POINT('Ctrl Pts',(-0.178228161728486,-1.32128310573546,
1.9219564942212));
#1065=CARTESIAN_POINT('Ctrl Pts',(-0.552931651433792,-1.13945450407441,
1.89562832306748));
#1066=CARTESIAN_POINT('Ctrl Pts',(-0.9276351411391,-0.957625902413359,1.86930015191377));
#1067=CARTESIAN_POINT('Ctrl Pts',(-1.20388304015001,-0.572904835383621,
1.84297198076005));
#1068=CARTESIAN_POINT('Ctrl Pts',(-1.25641276292498,-0.159740250566978,
1.81664380960634));
#1069=CARTESIAN_POINT('Ctrl Pts',(-1.26310561904112,-0.107098603659543,
1.81328931519775));
#1070=CARTESIAN_POINT('Ctrl Pts',(-1.26616674117462,-0.0539952182743917,
1.80993482078917));
#1071=CARTESIAN_POINT('Ctrl Pts',(-1.26575668142718,-0.000844264342920453,
1.80658032638058));
#1072=CARTESIAN_POINT('Ctrl Pts',(-1.26310871376982,-0.000843712398338866,
1.94341967361941));
#1073=CARTESIAN_POINT('Ctrl Pts',(-1.26404343744929,-0.151488412917662,
1.95287638690681));
#1074=CARTESIAN_POINT('Ctrl Pts',(-1.23909882198609,-0.301833835385811,
1.96233310019421));
#1075=CARTESIAN_POINT('Ctrl Pts',(-1.18688842904659,-0.442024848348133,
1.9717898134816));
#1076=CARTESIAN_POINT('Ctrl Pts',(-1.04153093331434,-0.832326729277898,
1.99811798463532));
#1077=CARTESIAN_POINT('Ctrl Pts',(-0.684834837230437,-1.14392120147067,
2.02444615578904));
#1078=CARTESIAN_POINT('Ctrl Pts',(-0.27854137187035,-1.2355180345953,2.05077432694275));
#1079=CARTESIAN_POINT('Ctrl Pts',(0.127752093489732,-1.32711486771993,2.07710249809646));
#1080=CARTESIAN_POINT('Ctrl Pts',(0.583642928125997,-1.19871406177642,2.10343066925018));
#1081=CARTESIAN_POINT('Ctrl Pts',(0.882410773528867,-0.908538021423565,
2.1297588404039));
#1082=CARTESIAN_POINT('Ctrl Pts',(1.18117861893174,-0.618361981070709,2.15608701155761));
#1083=CARTESIAN_POINT('Ctrl Pts',(1.32282347510121,-0.166410706308506,2.18241518271133));
#1084=CARTESIAN_POINT('Ctrl Pts',(1.24311751990532,0.242381808960621,2.20874335386504));
#1085=CARTESIAN_POINT('Ctrl Pts',(1.16341156470942,0.651174324229748,2.23507152501876));
#1086=CARTESIAN_POINT('Ctrl Pts',(0.862354798148151,1.0168080800058,2.26139969617247));
#1087=CARTESIAN_POINT('Ctrl Pts',(0.476459205056621,1.17348912885452,2.28772786732619));
#1088=CARTESIAN_POINT('Ctrl Pts',(0.0905636119650989,1.33017017770325,2.3140560384799));
#1089=CARTESIAN_POINT('Ctrl Pts',(-0.380170807656683,1.27789851962466,2.34038420963362));
#1090=CARTESIAN_POINT('Ctrl Pts',(-0.722292980473827,1.04037635496703,2.36671238078733));
#1091=CARTESIAN_POINT('Ctrl Pts',(-1.05455135043319,0.809702246333487,2.39228147839802));
#1092=CARTESIAN_POINT('Ctrl Pts',(-1.26550666436125,0.40430564324326,2.41785057600872));
#1093=CARTESIAN_POINT('Ctrl Pts',(-1.26647914695596,-0.000217938959738839,
2.44341967361941));
#1094=CARTESIAN_POINT('Origin',(0.,0.,0.));
#1095=CARTESIAN_POINT('',(-1.26368135116672,0.00104886819789868,2.94341967361941));
#1096=CARTESIAN_POINT('',(-1.26250828423468,-0.000223222239806448,2.80658032638059));
#1097=CARTESIAN_POINT('',(-1.2645,-1.54856587752183E-16,0.));
#1098=CARTESIAN_POINT('Ctrl Pts',(-1.26250828423468,-0.000223222239806448,
2.80658032638059));
#1099=CARTESIAN_POINT('Ctrl Pts',(-1.26215158864451,0.223712211826011,2.79253954130042));
#1100=CARTESIAN_POINT('Ctrl Pts',(-1.20535671920612,0.447816657744439,2.77849875622025));
#1101=CARTESIAN_POINT('Ctrl Pts',(-1.09320007766274,0.639533868251109,2.76445797114008));
#1102=CARTESIAN_POINT('Ctrl Pts',(-0.882892802270391,0.999026838374368,
2.73812979998636));
#1103=CARTESIAN_POINT('Ctrl Pts',(-0.477929172746923,1.24464373614788,2.71180162883264));
#1104=CARTESIAN_POINT('Ctrl Pts',(-0.0619369795804106,1.26501137900161,
2.68547345767893));
#1105=CARTESIAN_POINT('Ctrl Pts',(0.354055213586098,1.28537902185534,2.65914528652522));
#1106=CARTESIAN_POINT('Ctrl Pts',(0.781075970395652,1.08049740978929,2.6328171153715));
#1107=CARTESIAN_POINT('Ctrl Pts',(1.02549585761286,0.743268608553026,2.60648894421779));
#1108=CARTESIAN_POINT('Ctrl Pts',(1.26991574483007,0.406039807316764,2.58016077306407));
#1109=CARTESIAN_POINT('Ctrl Pts',(1.33173476245493,-0.0635361830897038,
2.55383260191035));
#1110=CARTESIAN_POINT('Ctrl Pts',(1.18292152991669,-0.452533570578585,2.52750443075664));
#1111=CARTESIAN_POINT('Ctrl Pts',(1.03410829737846,-0.841530958067467,2.50117625960292));
#1112=CARTESIAN_POINT('Ctrl Pts',(0.674662814677124,-1.14994974263876,2.47484808844921));
#1113=CARTESIAN_POINT('Ctrl Pts',(0.267573002152202,-1.2379396863204,2.4485199172955));
#1114=CARTESIAN_POINT('Ctrl Pts',(-0.13951681037272,-1.32592963000204,2.42219174614178));
#1115=CARTESIAN_POINT('Ctrl Pts',(-0.594250952721234,-1.19349073279402,
2.39586357498807));
#1116=CARTESIAN_POINT('Ctrl Pts',(-0.890433560050699,-0.900676442220401,
2.36953540383435));
#1117=CARTESIAN_POINT('Ctrl Pts',(-1.12650767341544,-0.667287065811814,
2.34855037801643));
#1118=CARTESIAN_POINT('Ctrl Pts',(-1.26185428063483,-0.33201148931783,2.3275653521985));
#1119=CARTESIAN_POINT('Ctrl Pts',(-1.26487205412893,0.00109387459122173,
2.30658032638058));
#1120=CARTESIAN_POINT('Ctrl Pts',(-1.26647914695596,-0.000217938959738839,
2.44341967361941));
#1121=CARTESIAN_POINT('Ctrl Pts',(-1.26650801718908,-0.0122270897500256,
2.44417874716243));
#1122=CARTESIAN_POINT('Ctrl Pts',(-1.26635182395503,-0.0242354711237308,
2.44493782070545));
#1123=CARTESIAN_POINT('Ctrl Pts',(-1.26600824702966,-0.0362384887868823,
2.44569689424848));
#1124=CARTESIAN_POINT('Ctrl Pts',(-1.25409141475583,-0.452558496646464,
2.47202506540219));
#1125=CARTESIAN_POINT('Ctrl Pts',(-1.01674782419566,-0.862425841128948,
2.4983532365559));
#1126=CARTESIAN_POINT('Ctrl Pts',(-0.661599187382792,-1.07998917812759,
2.52468140770962));
#1127=CARTESIAN_POINT('Ctrl Pts',(-0.306450550569919,-1.29755251512623,
2.55100957886334));
#1128=CARTESIAN_POINT('Ctrl Pts',(0.166503132495662,-1.32281184464102,2.57733775001705));
#1129=CARTESIAN_POINT('Ctrl Pts',(0.542804479735018,-1.14431350878893,2.60366592117077));
#1130=CARTESIAN_POINT('Ctrl Pts',(0.919105826974373,-0.965815172936836,
2.62999409232448));
#1131=CARTESIAN_POINT('Ctrl Pts',(1.1987548383875,-0.583559171717857,2.6563222634782));
#1132=CARTESIAN_POINT('Ctrl Pts',(1.25494671884182,-0.170876687952229,2.68265043463191));
#1133=CARTESIAN_POINT('Ctrl Pts',(1.31113859929614,0.241805795813395,2.70897860578563));
#1134=CARTESIAN_POINT('Ctrl Pts',(1.14387334879165,0.684914762125668,2.73530677693934));
#1135=CARTESIAN_POINT('Ctrl Pts',(0.828996169554708,0.957525697034394,2.76163494809306));
#1136=CARTESIAN_POINT('Ctrl Pts',(0.514118990317759,1.23013663194312,2.78796311924677));
#1137=CARTESIAN_POINT('Ctrl Pts',(0.0516298823483502,1.3322495354483,2.81429129040049));
#1138=CARTESIAN_POINT('Ctrl Pts',(-0.348758857174573,1.21756205967488,2.8406194615542));
#1139=CARTESIAN_POINT('Ctrl Pts',(-0.749147596697497,1.10287458390145,2.86694763270792));
#1140=CARTESIAN_POINT('Ctrl Pts',(-1.08743596777394,0.771386728849429,2.89327580386163));
#1141=CARTESIAN_POINT('Ctrl Pts',(-1.21022958730415,0.373409233457199,2.91960397501535));
#1142=CARTESIAN_POINT('Ctrl Pts',(-1.247254767369,0.253409607377015,2.9275425412167));
#1143=CARTESIAN_POINT('Ctrl Pts',(-1.26468791668437,0.127364975241135,2.93548110741806));
#1144=CARTESIAN_POINT('Ctrl Pts',(-1.26368135116672,0.00104886819789868,
2.94341967361941));
#1145=CARTESIAN_POINT('Origin',(0.,0.,0.));
#1146=CARTESIAN_POINT('',(-1.26303348820798,-0.000802136110053213,3.44341967361941));
#1147=CARTESIAN_POINT('',(-1.26566116498618,-0.000885986425653157,3.30658032638058));
#1148=CARTESIAN_POINT('',(-1.2645,-1.54856587752183E-16,0.));
#1149=CARTESIAN_POINT('Ctrl Pts',(-1.26566116498618,-0.000885986425653157,
3.30658032638058));
#1150=CARTESIAN_POINT('Ctrl Pts',(-1.26278243364945,0.359468629027,3.28384190155604));
#1151=CARTESIAN_POINT('Ctrl Pts',(-1.10094099405774,0.722084200133462,3.26110347673149));
#1152=CARTESIAN_POINT('Ctrl Pts',(-0.828996135658956,0.957525657883338,
3.23836505190695));
#1153=CARTESIAN_POINT('Ctrl Pts',(-0.514118969296624,1.23013658164563,3.21203688075323));
#1154=CARTESIAN_POINT('Ctrl Pts',(-0.0516298802373483,1.33224948097565,
3.18570870959952));
#1155=CARTESIAN_POINT('Ctrl Pts',(0.348758842914591,1.21756200989155,3.1593805384458));
#1156=CARTESIAN_POINT('Ctrl Pts',(0.749147566066533,1.10287453880744,3.13305236729209));
#1157=CARTESIAN_POINT('Ctrl Pts',(1.08743592331114,0.771386697309206,3.10672419613837));
#1158=CARTESIAN_POINT('Ctrl Pts',(1.21022953782061,0.373409218189373,3.08039602498466));
#1159=CARTESIAN_POINT('Ctrl Pts',(1.33302315233007,-0.0245682609304611,
3.05406785383094));
#1160=CARTESIAN_POINT('Ctrl Pts',(1.2403220241044,-0.489035377671894,3.02773968267723));
#1161=CARTESIAN_POINT('Ctrl Pts',(0.974160800481833,-0.809382921272038,
3.00141151152351));
#1162=CARTESIAN_POINT('Ctrl Pts',(0.707999576859263,-1.12973046487218,2.9750833403698));
#1163=CARTESIAN_POINT('Ctrl Pts',(0.268378257839793,-1.30595843533104,2.94875516921608));
#1164=CARTESIAN_POINT('Ctrl Pts',(-0.145360090736258,-1.25815755073184,
2.92242699806236));
#1165=CARTESIAN_POINT('Ctrl Pts',(-0.559098439312306,-1.21035666613265,
2.89609882690865));
#1166=CARTESIAN_POINT('Ctrl Pts',(-0.946953817444936,-0.9385269264754,2.86977065575494));
#1167=CARTESIAN_POINT('Ctrl Pts',(-1.13305604588063,-0.565927535410278,
2.84344248460122));
#1168=CARTESIAN_POINT('Ctrl Pts',(-1.21991015802484,-0.392034994904699,
2.83115509852768));
#1169=CARTESIAN_POINT('Ctrl Pts',(-1.26282043604116,-0.196193826319485,
2.81886771245413));
#1170=CARTESIAN_POINT('Ctrl Pts',(-1.26250828423468,-0.000223222239806448,
2.80658032638059));
#1171=CARTESIAN_POINT('Ctrl Pts',(-1.26368135116672,0.00104886819789868,
2.94341967361941));
#1172=CARTESIAN_POINT('Ctrl Pts',(-1.26134965275183,-0.291561062704789,
2.96180927857177));
#1173=CARTESIAN_POINT('Ctrl Pts',(-1.16006816853603,-0.5856277614684,2.98019888352413));
#1174=CARTESIAN_POINT('Ctrl Pts',(-0.974160840313034,-0.809382954365885,
2.99858848847649));
#1175=CARTESIAN_POINT('Ctrl Pts',(-0.707999605807732,-1.1297305110643,3.02491665963021));
#1176=CARTESIAN_POINT('Ctrl Pts',(-0.268378268813147,-1.30595848872871,
3.05124483078392));
#1177=CARTESIAN_POINT('Ctrl Pts',(0.14536009667972,-1.25815760217504,3.07757300193764));
#1178=CARTESIAN_POINT('Ctrl Pts',(0.559098462172589,-1.21035671562137,3.10390117309135));
#1179=CARTESIAN_POINT('Ctrl Pts',(0.946953856163741,-0.938526964849613,
3.13022934424507));
#1180=CARTESIAN_POINT('Ctrl Pts',(1.13305609220873,-0.565927558549743,3.15655751539878));
#1181=CARTESIAN_POINT('Ctrl Pts',(1.31915832825371,-0.193328152249873,3.1828856865525));
#1182=CARTESIAN_POINT('Ctrl Pts',(1.30350740635254,0.280040909578107,3.20921385770621));
#1183=CARTESIAN_POINT('Ctrl Pts',(1.0932001223612,0.63953389440021,3.23554202885993));
#1184=CARTESIAN_POINT('Ctrl Pts',(0.882892838369855,0.999026879222311,3.26187020001364));
#1185=CARTESIAN_POINT('Ctrl Pts',(0.477929192288346,1.24464378703853,3.28819837116736));
#1186=CARTESIAN_POINT('Ctrl Pts',(0.0619369821128634,1.26501143072504,3.31452654232107));
#1187=CARTESIAN_POINT('Ctrl Pts',(-0.354055228062625,1.28537907441156,3.34085471347479));
#1188=CARTESIAN_POINT('Ctrl Pts',(-0.78107600233209,1.08049745396836,3.3671828846285));
#1189=CARTESIAN_POINT('Ctrl Pts',(-1.02549589954307,0.743268638943569,3.39351105578222));
#1190=CARTESIAN_POINT('Ctrl Pts',(-1.17993958359146,0.530180992831244,3.41014726172795));
#1191=CARTESIAN_POINT('Ctrl Pts',(-1.26147612964661,0.264251020144069,3.42678346767368));
#1192=CARTESIAN_POINT('Ctrl Pts',(-1.26303348820798,-0.000802136110053213,
3.44341967361941));
#1193=CARTESIAN_POINT('Origin',(0.,0.,0.));
#1194=CARTESIAN_POINT('',(-1.2664463353689,-0.000283941702869247,3.94341967361941));
#1195=CARTESIAN_POINT('',(-1.26498291084576,0.00107703252661986,3.80658032638059));
#1196=CARTESIAN_POINT('',(-1.2645,-1.54856587752183E-16,0.));
#1197=CARTESIAN_POINT('Ctrl Pts',(-1.26498291084576,0.00107703252661986,
3.80658032638059));
#1198=CARTESIAN_POINT('Ctrl Pts',(-1.26571325695159,0.0821387546623163,
3.80147243296538));
#1199=CARTESIAN_POINT('Ctrl Pts',(-1.25858111464039,0.163072510935811,3.79636453955017));
#1200=CARTESIAN_POINT('Ctrl Pts',(-1.24311746907707,0.242381799050127,3.79125664613496));
#1201=CARTESIAN_POINT('Ctrl Pts',(-1.16341151714018,0.651174297604648,3.76492847498125));
#1202=CARTESIAN_POINT('Ctrl Pts',(-0.86235476288845,1.01680803843081,3.73860030382753));
#1203=CARTESIAN_POINT('Ctrl Pts',(-0.47645918557532,1.17348908087323,3.71227213267382));
#1204=CARTESIAN_POINT('Ctrl Pts',(-0.0905636082621894,1.33017012331564,
3.6859439615201));
#1205=CARTESIAN_POINT('Ctrl Pts',(0.38017079211235,1.2778984673743,3.65961579036639));
#1206=CARTESIAN_POINT('Ctrl Pts',(0.722292950940907,1.04037631242841,3.63328761921267));
#1207=CARTESIAN_POINT('Ctrl Pts',(1.06441510976946,0.802854157482511,3.60695944805896));
#1208=CARTESIAN_POINT('Ctrl Pts',(1.27792502705204,0.380081503532059,3.58063127690524));
#1209=CARTESIAN_POINT('Ctrl Pts',(1.26600819526547,-0.036238487305143,3.55430310575153));
#1210=CARTESIAN_POINT('Ctrl Pts',(1.25409136347889,-0.452558478142348,3.52797493459781));
#1211=CARTESIAN_POINT('Ctrl Pts',(1.01674778262318,-0.862425805866304,3.5016467634441));
#1212=CARTESIAN_POINT('Ctrl Pts',(0.661599160331524,-1.07998913396928,3.47531859229038));
#1213=CARTESIAN_POINT('Ctrl Pts',(0.306450538039876,-1.29755246207226,3.44899042113667));
#1214=CARTESIAN_POINT('Ctrl Pts',(-0.166503125687701,-1.32281179055426,
3.42266224998295));
#1215=CARTESIAN_POINT('Ctrl Pts',(-0.542804457540954,-1.14431346200057,
3.39633407882924));
#1216=CARTESIAN_POINT('Ctrl Pts',(-0.919105789394207,-0.965815133446873,
3.37000590767552));
#1217=CARTESIAN_POINT('Ctrl Pts',(-1.19875478937313,-0.583559147857484,
3.34367773652181));
#1218=CARTESIAN_POINT('Ctrl Pts',(-1.25494666752991,-0.170876680965508,
3.31734956536809));
#1219=CARTESIAN_POINT('Ctrl Pts',(-1.26260821709842,-0.114608991045505,
3.31375981903892));
#1220=CARTESIAN_POINT('Ctrl Pts',(-1.26611563425256,-0.0577756640529242,
3.31017007270975));
#1221=CARTESIAN_POINT('Ctrl Pts',(-1.26566116498618,-0.000885986425653157,
3.30658032638058));
#1222=CARTESIAN_POINT('Ctrl Pts',(-1.26303348820798,-0.000802136110053213,
3.44341967361941));
#1223=CARTESIAN_POINT('Ctrl Pts',(-1.2639407783102,-0.155217510448458,3.4531116388274));
#1224=CARTESIAN_POINT('Ctrl Pts',(-1.23770292723491,-0.309335291042693,
3.46280360403538));
#1225=CARTESIAN_POINT('Ctrl Pts',(-1.18292157828365,-0.452533589081683,
3.47249556924336));
#1226=CARTESIAN_POINT('Ctrl Pts',(-1.03410833966077,-0.841530992475776,
3.49882374039708));
#1227=CARTESIAN_POINT('Ctrl Pts',(-0.674662842262525,-1.14994978965758,
3.52515191155079));
#1228=CARTESIAN_POINT('Ctrl Pts',(-0.267573013092625,-1.23793973693693,
3.55148008270451));
#1229=CARTESIAN_POINT('Ctrl Pts',(0.139516816077272,-1.32592968421628,3.57780825385822));
#1230=CARTESIAN_POINT('Ctrl Pts',(0.594250977018825,-1.19349078159316,3.60413642501194));
#1231=CARTESIAN_POINT('Ctrl Pts',(0.890433596458517,-0.900676479047012,
3.63046459616565));
#1232=CARTESIAN_POINT('Ctrl Pts',(1.18661621589821,-0.607862176500857,3.65679276731937));
#1233=CARTESIAN_POINT('Ctrl Pts',(1.32424729383605,-0.154672474031659,3.68312093847308));
#1234=CARTESIAN_POINT('Ctrl Pts',(1.24091902645724,0.253397078492394,3.70944910962679));
#1235=CARTESIAN_POINT('Ctrl Pts',(1.15759075907842,0.661466631016447,3.73577728078051));
#1236=CARTESIAN_POINT('Ctrl Pts',(0.853303146382959,1.02441603359535,3.76210545193423));
#1237=CARTESIAN_POINT('Ctrl Pts',(0.466033176715237,1.17766853904414,3.78843362308794));
#1238=CARTESIAN_POINT('Ctrl Pts',(0.0787632070475164,1.33092104449292,3.81476179424166));
#1239=CARTESIAN_POINT('Ctrl Pts',(-0.391489119592458,1.27447665281158,3.84108996539537));
#1240=CARTESIAN_POINT('Ctrl Pts',(-0.731491331396527,1.0339296599158,3.86741813654909));
#1241=CARTESIAN_POINT('Ctrl Pts',(-1.05865281625054,0.802467308669978,3.89275198223919));
#1242=CARTESIAN_POINT('Ctrl Pts',(-1.26521661598067,0.400545625701355,3.9180858279293));
#1243=CARTESIAN_POINT('Ctrl Pts',(-1.2664463353689,-0.000283941702869247,
3.94341967361941));
#1244=CARTESIAN_POINT('Origin',(0.,0.,0.));
#1245=CARTESIAN_POINT('',(-1.2637814156999,0.00106975699161873,4.44341967361941));
#1246=CARTESIAN_POINT('',(-1.26249102691022,-0.000163812283159315,4.30658032638059));
#1247=CARTESIAN_POINT('',(-1.2645,-1.54856587752183E-16,0.));
#1248=CARTESIAN_POINT('Ctrl Pts',(-1.26249102691022,-0.000163812283159315,
4.30658032638059));
#1249=CARTESIAN_POINT('Ctrl Pts',(-1.26223385162816,0.220027129041653,4.292774793221));
#1250=CARTESIAN_POINT('Ctrl Pts',(-1.20743024348869,0.440337874268678,4.27896926006142));
#1251=CARTESIAN_POINT('Ctrl Pts',(-1.09882890103697,0.629813483706602,4.26516372690183));
#1252=CARTESIAN_POINT('Ctrl Pts',(-0.89171812171824,0.99115746202828,4.23883555574812));
#1253=CARTESIAN_POINT('Ctrl Pts',(-0.488948714324626,1.24035619032919,4.2125073845944));
#1254=CARTESIAN_POINT('Ctrl Pts',(-0.0731535150620694,1.26441233065392,
4.18617921344069));
#1255=CARTESIAN_POINT('Ctrl Pts',(0.342641684200487,1.28846847097865,4.15985104228697));
#1256=CARTESIAN_POINT('Ctrl Pts',(0.771462675331989,1.08738202332721,4.13352287113325));
#1257=CARTESIAN_POINT('Ctrl Pts',(1.01886372185845,0.752334164256667,4.10719469997954));
#1258=CARTESIAN_POINT('Ctrl Pts',(1.2662647683849,0.417286305186126,4.08086652882582));
#1259=CARTESIAN_POINT('Ctrl Pts',(1.33224587030632,-0.0517229653035058,
4.05453835767211));
#1260=CARTESIAN_POINT('Ctrl Pts',(1.18688838051738,-0.442024830274623,4.0282101865184));
#1261=CARTESIAN_POINT('Ctrl Pts',(1.04153089072843,-0.832326695245737,4.00188201536468));
#1262=CARTESIAN_POINT('Ctrl Pts',(0.684834809229124,-1.14392115469833,3.97555384421097));
#1263=CARTESIAN_POINT('Ctrl Pts',(0.278541360481483,-1.23551798407783,3.94922567305725));
#1264=CARTESIAN_POINT('Ctrl Pts',(-0.127752088266161,-1.32711481345734,
3.92289750190354));
#1265=CARTESIAN_POINT('Ctrl Pts',(-0.583642904262145,-1.19871401276374,
3.89656933074982));
#1266=CARTESIAN_POINT('Ctrl Pts',(-0.882410737449096,-0.908537984275501,
3.87024115959611));
#1267=CARTESIAN_POINT('Ctrl Pts',(-1.12321502129182,-0.674658620546566,
3.8490208818576));
#1268=CARTESIAN_POINT('Ctrl Pts',(-1.2619487545016,-0.335686505365478,3.82780060411909));
#1269=CARTESIAN_POINT('Ctrl Pts',(-1.26498291084576,0.00107703252661986,
3.80658032638059));
#1270=CARTESIAN_POINT('Ctrl Pts',(-1.2664463353689,-0.000283941702869247,
3.94341967361941));
#1271=CARTESIAN_POINT('Ctrl Pts',(-1.26649460049673,-0.0160160595309903,
3.94441399908302));
#1272=CARTESIAN_POINT('Ctrl Pts',(-1.26622655344235,-0.0317464949815104,
3.94540832454663));
#1273=CARTESIAN_POINT('Ctrl Pts',(-1.26563707087603,-0.0474648757153037,
3.94640265001023));
#1274=CARTESIAN_POINT('Ctrl Pts',(-1.2500285015833,-0.463662824340412,3.97273082116395));
#1275=CARTESIAN_POINT('Ctrl Pts',(-1.00905926602969,-0.871409127480424,
3.99905899231766));
#1276=CARTESIAN_POINT('Ctrl Pts',(-0.651995098379967,-1.08581421133558,
4.02538716347138));
#1277=CARTESIAN_POINT('Ctrl Pts',(-0.294930930730239,-1.30021929519074,
4.05171533462509));
#1278=CARTESIAN_POINT('Ctrl Pts',(0.178228169015607,-1.32128315976104,4.07804350577881));
#1279=CARTESIAN_POINT('Ctrl Pts',(0.552931674041798,-1.13945455066484,4.10437167693252));
#1280=CARTESIAN_POINT('Ctrl Pts',(0.927635179067988,-0.957625941568645,
4.13069984808624));
#1281=CARTESIAN_POINT('Ctrl Pts',(1.20388308937453,-0.572904858805948,4.15702801923995));
#1282=CARTESIAN_POINT('Ctrl Pts',(1.25641281429709,-0.159740257097006,4.18335619039367));
#1283=CARTESIAN_POINT('Ctrl Pts',(1.30894253921966,0.253424344611934,4.20968436154738));
#1284=CARTESIAN_POINT('Ctrl Pts',(1.13775407875826,0.695032465267114,4.23601253270109));
#1285=CARTESIAN_POINT('Ctrl Pts',(0.820471585770957,0.964840135982329,4.26234070385481));
#1286=CARTESIAN_POINT('Ctrl Pts',(0.503189092783651,1.23464780669755,4.28866887500853));
#1287=CARTESIAN_POINT('Ctrl Pts',(0.0398125672704374,1.33265502747279,4.31499704616224));
#1288=CARTESIAN_POINT('Ctrl Pts',(-0.3595433002714,1.21442114674868,4.34132521731596));
#1289=CARTESIAN_POINT('Ctrl Pts',(-0.758899167813238,1.09618726602457,4.36765338846967));
#1290=CARTESIAN_POINT('Ctrl Pts',(-1.0942343773837,0.761712283801102,4.39398155962338));
#1291=CARTESIAN_POINT('Ctrl Pts',(-1.21349363596687,0.362661421266931,4.4203097307771));
#1292=CARTESIAN_POINT('Ctrl Pts',(-1.24838749716194,0.245903816260265,4.42801304505787));
#1293=CARTESIAN_POINT('Ctrl Pts',(-1.26478354976495,0.123618005693504,4.43571635933864));
#1294=CARTESIAN_POINT('Ctrl Pts',(-1.2637814156999,0.00106975699161873,
4.44341967361941));
#1295=CARTESIAN_POINT('Origin',(0.,0.,0.));
#1296=CARTESIAN_POINT('',(-1.26296242229238,-0.000758505161834378,4.94341967361941));
#1297=CARTESIAN_POINT('',(-1.26556240493955,-0.000924584672656326,4.80658032638059));
#1298=CARTESIAN_POINT('',(-1.2645,-1.54856587752183E-16,0.));
#1299=CARTESIAN_POINT('Ctrl Pts',(-1.26556240493955,-0.000924584672656326,
4.80658032638059));
#1300=CARTESIAN_POINT('Ctrl Pts',(-1.26262673709319,0.355774452899321,4.78407715347663));
#1301=CARTESIAN_POINT('Ctrl Pts',(-1.10450979379782,0.714752651346197,4.76157398057266));
#1302=CARTESIAN_POINT('Ctrl Pts',(-0.837455509917518,0.950135897869028,
4.7390708076687));
#1303=CARTESIAN_POINT('Ctrl Pts',(-0.525008419752047,1.22552863593394,4.71274263651499));
#1304=CARTESIAN_POINT('Ctrl Pts',(-0.0634431340135055,1.33173919905411,
4.68641446536127));
#1305=CARTESIAN_POINT('Ctrl Pts',(0.337946966333259,1.22060715834695,4.66008629420756));
#1306=CARTESIAN_POINT('Ctrl Pts',(0.739337066680029,1.10947511763979,4.63375812305384));
#1307=CARTESIAN_POINT('Ctrl Pts',(1.08055198163502,0.781000473105288,4.60742995190013));
#1308=CARTESIAN_POINT('Ctrl Pts',(1.20687029991026,0.384127659806851,4.58110178074641));
#1309=CARTESIAN_POINT('Ctrl Pts',(1.3331886181855,-0.0127451534915857,4.55477360959269));
#1310=CARTESIAN_POINT('Ctrl Pts',(1.24461033978099,-0.478016135553963,4.52844543843898));
#1311=CARTESIAN_POINT('Ctrl Pts',(0.981300640366274,-0.800711576331743,
4.50211726728527));
#1312=CARTESIAN_POINT('Ctrl Pts',(0.717990940951554,-1.12340701710952,4.47578909613155));
#1313=CARTESIAN_POINT('Ctrl Pts',(0.279949820526623,-1.30352691660271,4.44946092497784));
#1314=CARTESIAN_POINT('Ctrl Pts',(-0.134196186843354,-1.25939722221664,
4.42313275382412));
#1315=CARTESIAN_POINT('Ctrl Pts',(-0.548342194213331,-1.21526752783058,
4.39680458267041));
#1316=CARTESIAN_POINT('Ctrl Pts',(-0.938593088528354,-0.946888239565281,
4.37047641151669));
#1317=CARTESIAN_POINT('Ctrl Pts',(-1.12799246006394,-0.575953981261404,
4.34414824036298));
#1318=CARTESIAN_POINT('Ctrl Pts',(-1.21807770571996,-0.39952412560448,4.33162560236885));
#1319=CARTESIAN_POINT('Ctrl Pts',(-1.26272430388121,-0.199893255248074,
4.31910296437472));
#1320=CARTESIAN_POINT('Ctrl Pts',(-1.26249102691022,-0.000163812283159315,
4.30658032638059));
#1321=CARTESIAN_POINT('Ctrl Pts',(-1.2637814156999,0.00106975699161873,
4.44341967361941));
#1322=CARTESIAN_POINT('Ctrl Pts',(-1.26135848410854,-0.295223956196238,
4.46204453049236));
#1323=CARTESIAN_POINT('Ctrl Pts',(-1.15723234711388,-0.593051783258801,
4.4806693873653));
#1324=CARTESIAN_POINT('Ctrl Pts',(-0.966944377300773,-0.817990641396913,
4.49929424423825));
#1325=CARTESIAN_POINT('Ctrl Pts',(-0.697952552455651,-1.13596509868171,
4.52562241539196));
#1326=CARTESIAN_POINT('Ctrl Pts',(-0.256785595169544,-1.30828727040642,
4.55195058654568));
#1327=CARTESIAN_POINT('Ctrl Pts',(0.156512568066366,-1.25681896181941,4.57827875769939));
#1328=CARTESIAN_POINT('Ctrl Pts',(0.569810731302275,-1.20535065323241,4.60460692885311));
#1329=CARTESIAN_POINT('Ctrl Pts',(0.955240100487987,-0.930091864333705,
4.63093510000682));
#1330=CARTESIAN_POINT('Ctrl Pts',(1.1380305567304,-0.555856616444062,4.65726327116054));
#1331=CARTESIAN_POINT('Ctrl Pts',(1.32082101297282,-0.18162136855442,4.68359144231425));
#1332=CARTESIAN_POINT('Ctrl Pts',(1.30097255627194,0.291590338326157,4.70991961346797));
#1333=CARTESIAN_POINT('Ctrl Pts',(1.08748531555752,0.649204009867582,4.73624778462168));
#1334=CARTESIAN_POINT('Ctrl Pts',(0.873998074843112,1.00681768140901,4.7625759557754));
#1335=CARTESIAN_POINT('Ctrl Pts',(0.466872050115165,1.24883331761128,4.78890412692911));
#1336=CARTESIAN_POINT('Ctrl Pts',(0.0507155699439774,1.26551091681214,4.81523229808283));
#1337=CARTESIAN_POINT('Ctrl Pts',(-0.36544091022721,1.282188516013,4.84156046923654));
#1338=CARTESIAN_POINT('Ctrl Pts',(-0.790627845841639,1.07352807821243,4.86788864039026));
#1339=CARTESIAN_POINT('Ctrl Pts',(-1.03204736651859,0.73414474091415,4.89421681154397));
#1340=CARTESIAN_POINT('Ctrl Pts',(-1.18243800460274,0.522728213748918,4.91061776556912));
#1341=CARTESIAN_POINT('Ctrl Pts',(-1.26151619495416,0.260583596725787,4.92701871959427));
#1342=CARTESIAN_POINT('Ctrl Pts',(-1.26296242229238,-0.000758505161834378,
4.94341967361941));
#1343=CARTESIAN_POINT('Origin',(0.,0.,0.));
#1344=CARTESIAN_POINT('',(-1.26640660980434,-0.000360605943919547,5.44341967361942));
#1345=CARTESIAN_POINT('',(-1.26509298210698,0.00105688669631107,5.30658032638059));
#1346=CARTESIAN_POINT('',(-1.2645,-1.54856587752183E-16,0.));
#1347=CARTESIAN_POINT('Ctrl Pts',(-1.26509298210698,0.00105688669631107,
5.30658032638059));
#1348=CARTESIAN_POINT('Ctrl Pts',(-1.26578365761306,0.0783680460003268,
5.30170768488596));
#1349=CARTESIAN_POINT('Ctrl Pts',(-1.25929842224334,0.155563638351828,5.29683504339134));
#1350=CARTESIAN_POINT('Ctrl Pts',(-1.24521859919354,0.231348180640694,5.29196240189672));
#1351=CARTESIAN_POINT('Ctrl Pts',(-1.16914159014657,0.640832112998363,5.265634230743));
#1352=CARTESIAN_POINT('Ctrl Pts',(-0.871338558269311,1.00912006058606,5.23930605958928));
#1353=CARTESIAN_POINT('Ctrl Pts',(-0.486847519775281,1.16921699386388,5.21297788843557));
#1354=CARTESIAN_POINT('Ctrl Pts',(-0.102356481281261,1.32931392714169,5.18664971728186));
#1355=CARTESIAN_POINT('Ctrl Pts',(0.368822563829523,1.28121984610963,5.16032154612815));
#1356=CARTESIAN_POINT('Ctrl Pts',(0.713037673874708,1.04674137453991,5.13399337497443));
#1357=CARTESIAN_POINT('Ctrl Pts',(1.0572527839199,0.812262902970192,5.10766520382072));
#1358=CARTESIAN_POINT('Ctrl Pts',(1.27450395889949,0.391400040862807,5.08133703266699));
#1359=CARTESIAN_POINT('Ctrl Pts',(1.26627985398944,-0.0250093546594576,
5.05500886151328));
#1360=CARTESIAN_POINT('Ctrl Pts',(1.25805574907939,-0.44141875018171,5.02868069035956));
#1361=CARTESIAN_POINT('Ctrl Pts',(1.02435636427972,-0.853374679118843,5.00235251920586));
#1362=CARTESIAN_POINT('Ctrl Pts',(0.671151179191732,-1.07407909983378,4.97602434805214));
#1363=CARTESIAN_POINT('Ctrl Pts',(0.317945994103742,-1.29478352054872,4.94969617689843));
#1364=CARTESIAN_POINT('Ctrl Pts',(-0.154764991272565,-1.32423643304147,
4.9233680057447));
#1365=CARTESIAN_POINT('Ctrl Pts',(-0.532634552730537,-1.14908244273468,
4.89703983459099));
#1366=CARTESIAN_POINT('Ctrl Pts',(-0.91050411418852,-0.973928452427896,
4.87071166343727));
#1367=CARTESIAN_POINT('Ctrl Pts',(-1.19353225172816,-0.594167559321564,
4.84438349228357));
#1368=CARTESIAN_POINT('Ctrl Pts',(-1.25338187320178,-0.18199965626356,4.81805532112985));
#1369=CARTESIAN_POINT('Ctrl Pts',(-1.26207692064918,-0.122119252926883,
4.8142303228801));
#1370=CARTESIAN_POINT('Ctrl Pts',(-1.26606139787811,-0.0615548433577097,
4.81040532463035));
#1371=CARTESIAN_POINT('Ctrl Pts',(-1.26556240493955,-0.000924584672656326,
4.80658032638059));
#1372=CARTESIAN_POINT('Ctrl Pts',(-1.26296242229238,-0.000758505161834378,
4.94341967361941));
#1373=CARTESIAN_POINT('Ctrl Pts',(-1.26383779897972,-0.158944412292399,
4.95334689074798));
#1374=CARTESIAN_POINT('Ctrl Pts',(-1.23627135542232,-0.316836304041387,
4.96327410787655));
#1375=CARTESIAN_POINT('Ctrl Pts',(-1.17886170167434,-0.463006963520155,
4.97320132500512));
#1376=CARTESIAN_POINT('Ctrl Pts',(-1.02660441041367,-0.850669093860171,
4.99952949615883));
#1377=CARTESIAN_POINT('Ctrl Pts',(-0.664437722152837,-1.1558871177442,5.02585766731255));
#1378=CARTESIAN_POINT('Ctrl Pts',(-0.256583576581917,-1.24026363647755,
5.05218583846627));
#1379=CARTESIAN_POINT('Ctrl Pts',(0.151270568989002,-1.32464015521091,5.07851400961998));
#1380=CARTESIAN_POINT('Ctrl Pts',(0.604812171870006,-1.18817516879361,5.10484218077369));
#1381=CARTESIAN_POINT('Ctrl Pts',(0.898386321966282,-0.892744916640761,
5.1311703519274));
#1382=CARTESIAN_POINT('Ctrl Pts',(1.19196047206255,-0.59731466448793,5.15749852308112));
#1383=CARTESIAN_POINT('Ctrl Pts',(1.32556716937409,-0.142919146599562,5.18382669423484));
#1384=CARTESIAN_POINT('Ctrl Pts',(1.2386230435781,0.264393980546495,5.21015486538855));
#1385=CARTESIAN_POINT('Ctrl Pts',(1.15167891778211,0.67170710769257,5.23648303654227));
#1386=CARTESIAN_POINT('Ctrl Pts',(0.84418396887856,1.03193784409634,5.26281120769598));
#1387=CARTESIAN_POINT('Ctrl Pts',(0.455570274155797,1.18175234829791,5.2891393788497));
#1388=CARTESIAN_POINT('Ctrl Pts',(0.066956579433034,1.33156685249949,5.31546755000341));
#1389=CARTESIAN_POINT('Ctrl Pts',(-0.40277586110894,1.27096512449886,5.34179572115713));
#1390=CARTESIAN_POINT('Ctrl Pts',(-0.740631731799804,1.02740728903954,5.36812389231084));
#1391=CARTESIAN_POINT('Ctrl Pts',(-1.06270906871816,0.795224083609573,5.39322248608037));
#1392=CARTESIAN_POINT('Ctrl Pts',(-1.26493999372719,0.396774550199023,5.41832107984989));
#1393=CARTESIAN_POINT('Ctrl Pts',(-1.26640660980434,-0.000360605943919547,
5.44341967361942));
#1394=CARTESIAN_POINT('Origin',(0.,0.,0.));
#1395=CARTESIAN_POINT('',(-1.26377198143674,0.0015894346101688,5.94341967361941));
#1396=CARTESIAN_POINT('',(-1.26245029944713,-0.00015371331434387,5.80658032638059));
#1397=CARTESIAN_POINT('',(-1.2645,-1.54856587752183E-16,0.));
#1398=CARTESIAN_POINT('',(-0.958116152722371,-0.82521129893651,6.));
#1399=CARTESIAN_POINT('Ctrl Pts',(-1.26377198143674,0.0015894346101688,
5.94341967361941));
#1400=CARTESIAN_POINT('Ctrl Pts',(-1.26108880585723,-0.297507411457125,
5.96227978241294));
#1401=CARTESIAN_POINT('Ctrl Pts',(-1.15369380269339,-0.598134784363566,
5.98113989120647));
#1402=CARTESIAN_POINT('Ctrl Pts',(-0.958116152722371,-0.82521129893651,
6.));
#1403=CARTESIAN_POINT('',(0.959909634765119,-0.826518010273309,6.));
#1404=CARTESIAN_POINT('Origin',(0.,0.,6.));
#1405=CARTESIAN_POINT('Ctrl Pts',(0.959912600260113,-0.826520170900422,
6.));
#1406=CARTESIAN_POINT('Ctrl Pts',(0.696993858681419,-1.13027520149407,5.97461283652862));
#1407=CARTESIAN_POINT('Ctrl Pts',(0.276674596948878,-1.29953295601653,5.94922567305725));
#1408=CARTESIAN_POINT('Ctrl Pts',(-0.12309144187709,-1.26041808649037,5.92383850958588));
#1409=CARTESIAN_POINT('Ctrl Pts',(-0.537675320202868,-1.21985337430025,
5.89751033843217));
#1410=CARTESIAN_POINT('Ctrl Pts',(-0.930154074377337,-0.95518255742445,
5.87118216727845));
#1411=CARTESIAN_POINT('Ctrl Pts',(-1.12280317723376,-0.58599891651882,5.84485399612473));
#1412=CARTESIAN_POINT('Ctrl Pts',(-1.21615550436888,-0.407102926307854,
5.83209610621002));
#1413=CARTESIAN_POINT('Ctrl Pts',(-1.26258586055809,-0.203666295304814,
5.8193382162953));
#1414=CARTESIAN_POINT('Ctrl Pts',(-1.26245029944713,-0.00015371331434387,
5.80658032638059));
#1415=CARTESIAN_POINT('Origin',(0.,0.,-1.10421172358872));
#1416=CARTESIAN_POINT('',(-1.54532653137849,-0.000440027656447572,5.60421172358873));
#1417=CARTESIAN_POINT('',(-1.54049886282872,-0.000187567927269708,5.64578827641128));
#1418=CARTESIAN_POINT('',(-1.543,-9.39470845130497E-14,-1.10421172358872));
#1419=CARTESIAN_POINT('',(0.398513841857191,1.49064942821853,6.));
#1420=CARTESIAN_POINT('Ctrl Pts',(-1.54049886282872,-0.000187567927269917,
5.64578827641128));
#1421=CARTESIAN_POINT('Ctrl Pts',(-1.54066428061774,-0.248522810324498,
5.65854616632599));
#1422=CARTESIAN_POINT('Ctrl Pts',(-1.36708728638406,-1.00905798224155,5.69763222739443));
#1423=CARTESIAN_POINT('Ctrl Pts',(-0.177175406391314,-1.81148345352679,
5.76304645961657));
#1424=CARTESIAN_POINT('Ctrl Pts',(1.42142751370867,-1.1395869680686,5.84203097307771));
#1425=CARTESIAN_POINT('Ctrl Pts',(1.72867372920311,0.569817942103713,5.92101548653886));
#1426=CARTESIAN_POINT('Ctrl Pts',(0.891694543805787,1.35880130045434,5.97367182884629));
#1427=CARTESIAN_POINT('Ctrl Pts',(0.398513841857191,1.49064942821853,6.));
#1428=CARTESIAN_POINT('',(-0.398513841857283,1.4906494282185,6.));
#1429=CARTESIAN_POINT('Origin',(0.,0.,6.));
#1430=CARTESIAN_POINT('Ctrl Pts',(-1.54532653137849,-0.000440027656447729,
5.60421172358873));
#1431=CARTESIAN_POINT('Ctrl Pts',(-1.54541420521495,-0.0241806393090305,
5.60544130097292));
#1432=CARTESIAN_POINT('Ctrl Pts',(-1.5342016416834,-0.556177841629887,5.63299904951082));
#1433=CARTESIAN_POINT('Ctrl Pts',(-0.923371336984084,-1.56903911424052,
5.68688496920244));
#1434=CARTESIAN_POINT('Ctrl Pts',(0.809334442338231,-1.63105925864747,5.76586948266359));
#1435=CARTESIAN_POINT('Ctrl Pts',(1.80811347088777,-0.213260043084138,5.84485399612473));
#1436=CARTESIAN_POINT('Ctrl Pts',(1.17468877651318,1.37754960226049,5.92289750190354));
#1437=CARTESIAN_POINT('Ctrl Pts',(0.0744703401824557,1.61865303026469,5.97461283652863));
#1438=CARTESIAN_POINT('Ctrl Pts',(-0.399425131517459,1.4932039284559,6.));
#1439=CARTESIAN_POINT('Origin',(0.,0.,-1.10421172358872));
#1440=CARTESIAN_POINT('',(-1.54112377825001,-0.00092556224978238,5.10421172358873));
#1441=CARTESIAN_POINT('',(-1.54372358354375,0.00128966087179141,5.14578827641128));
#1442=CARTESIAN_POINT('',(-1.543,-9.39470845130497E-14,-1.10421172358872));
#1443=CARTESIAN_POINT('Ctrl Pts',(-1.54372358354375,0.00128966087179131,
5.14578827641128));
#1444=CARTESIAN_POINT('Ctrl Pts',(-1.54001254104549,-0.41410801175804,5.16724380607037));
#1445=CARTESIAN_POINT('Ctrl Pts',(-1.15364108484238,-1.3453312735666,5.21502750688317));
#1446=CARTESIAN_POINT('Ctrl Pts',(0.416138511922884,-1.77245290831815,5.28913937884971));
#1447=CARTESIAN_POINT('Ctrl Pts',(1.71176115266397,-0.620287289780796,5.36812389231084));
#1448=CARTESIAN_POINT('Ctrl Pts',(1.45496615298167,1.0944881688171,5.44710840577199));
#1449=CARTESIAN_POINT('Ctrl Pts',(-0.121227891071806,1.81653557797137,5.52609291923313));
#1450=CARTESIAN_POINT('Ctrl Pts',(-1.35078790082813,1.04090184581872,5.59231954277956));
#1451=CARTESIAN_POINT('Ctrl Pts',(-1.5403229116382,0.263961057230459,5.63221799517228));
#1452=CARTESIAN_POINT('Ctrl Pts',(-1.54049886282872,-0.000187567927269917,
5.64578827641128));
#1453=CARTESIAN_POINT('Ctrl Pts',(-1.54112377825001,-0.000925562249782449,
5.10421172358873));
#1454=CARTESIAN_POINT('Ctrl Pts',(-1.54219195241257,-0.193951149203056,
5.11413894071729));
#1455=CARTESIAN_POINT('Ctrl Pts',(-1.41934259985483,-0.897593482864562,
5.15039432899957));
#1456=CARTESIAN_POINT('Ctrl Pts',(-0.368844764962723,-1.78290647175354,
5.21297788843558));
#1457=CARTESIAN_POINT('Ctrl Pts',(1.29145106717342,-1.28334425575851,5.29196240189671));
#1458=CARTESIAN_POINT('Ctrl Pts',(1.78054984285959,0.380077533332249,5.37094691535786));
#1459=CARTESIAN_POINT('Ctrl Pts',(0.654892177003908,1.69878696695269,5.44993142881901));
#1460=CARTESIAN_POINT('Ctrl Pts',(-1.03790498734124,1.48039363394057,5.52768636489596));
#1461=CARTESIAN_POINT('Ctrl Pts',(-1.54353690021439,0.484162222979057,5.5791131298192));
#1462=CARTESIAN_POINT('Ctrl Pts',(-1.54532653137849,-0.000440027656447729,
5.60421172358873));
#1463=CARTESIAN_POINT('Origin',(0.,0.,-1.10421172358872));
#1464=CARTESIAN_POINT('',(-1.54212315098849,0.00130536578721176,4.60421172358873));
#1465=CARTESIAN_POINT('',(-1.5442963944814,-0.00112821996829483,4.64578827641128));
#1466=CARTESIAN_POINT('',(-1.543,-9.39470845130497E-14,-1.10421172358872));
#1467=CARTESIAN_POINT('Ctrl Pts',(-1.5442963944814,-0.00112821996829487,
4.64578827641128));
#1468=CARTESIAN_POINT('Ctrl Pts',(-1.54490528819765,-0.0751119994471698,
4.64961327466103));
#1469=CARTESIAN_POINT('Ctrl Pts',(-1.50657693424749,-0.657706401015923,
4.6797664440645));
#1470=CARTESIAN_POINT('Ctrl Pts',(-0.765674521130283,-1.65183286687172,
4.73624778462168));
#1471=CARTESIAN_POINT('Ctrl Pts',(0.964795349416939,-1.544013545457,4.81523229808283));
#1472=CARTESIAN_POINT('Ctrl Pts',(1.82030697633485,-0.03595186491131,4.89421681154397));
#1473=CARTESIAN_POINT('Ctrl Pts',(1.02500789449972,1.50471574180679,4.97320132500512));
#1474=CARTESIAN_POINT('Ctrl Pts',(-0.699853947981779,1.68077545006887,5.05218583846626));
#1475=CARTESIAN_POINT('Ctrl Pts',(-1.49389364945411,0.69880004802217,5.10971482226832));
#1476=CARTESIAN_POINT('Ctrl Pts',(-1.54456637698454,0.0956282285318194,
5.14091563491666));
#1477=CARTESIAN_POINT('Ctrl Pts',(-1.54372358354375,0.00128966087179131,
5.14578827641128));
#1478=CARTESIAN_POINT('Ctrl Pts',(-1.54212315098849,0.00130536578721167,
4.60421172358873));
#1479=CARTESIAN_POINT('Ctrl Pts',(-1.53916658045033,-0.360245602539256,
4.62283658046167));
#1480=CARTESIAN_POINT('Ctrl Pts',(-1.2324954768248,-1.23740470064685,4.66778960848833));
#1481=CARTESIAN_POINT('Ctrl Pts',(0.224990464014122,-1.80670649996704,4.7390708076687));
#1482=CARTESIAN_POINT('Ctrl Pts',(1.63594542641876,-0.799056888411387,4.81805532112985));
#1483=CARTESIAN_POINT('Ctrl Pts',(1.56328547697757,0.933245991106357,4.89703983459099));
#1484=CARTESIAN_POINT('Ctrl Pts',(0.0729047980802528,1.81920121449926,4.97602434805213));
#1485=CARTESIAN_POINT('Ctrl Pts',(-1.28796282869695,1.15135558941768,5.04508164438472));
#1486=CARTESIAN_POINT('Ctrl Pts',(-1.53935902634582,0.317975871686671,5.08781076956358));
#1487=CARTESIAN_POINT('Ctrl Pts',(-1.54112377825001,-0.000925562249782449,
5.10421172358873));
#1488=CARTESIAN_POINT('Origin',(0.,0.,-1.10421172358872));
#1489=CARTESIAN_POINT('',(-1.54537500630622,-0.000346478487674717,4.10421172358873));
#1490=CARTESIAN_POINT('',(-1.54054856031829,-0.000199891145071299,4.14578827641127));
#1491=CARTESIAN_POINT('',(-1.543,-9.39470845130497E-14,-1.10421172358872));
#1492=CARTESIAN_POINT('Ctrl Pts',(-1.54054856031829,-0.000199891145071362,
4.14578827641127));
#1493=CARTESIAN_POINT('Ctrl Pts',(-1.54083321541218,-0.243918776471172,
4.1583109144054));
#1494=CARTESIAN_POINT('Ctrl Pts',(-1.37181258855669,-0.999670305971356,
4.19716172355326));
#1495=CARTESIAN_POINT('Ctrl Pts',(-0.19291014293641,-1.81041284083508,4.26234070385481));
#1496=CARTESIAN_POINT('Ctrl Pts',(1.41064252329294,-1.15104153616608,4.34132521731596));
#1497=CARTESIAN_POINT('Ctrl Pts',(1.73490416879271,0.552192450363567,4.4203097307771));
#1498=CARTESIAN_POINT('Ctrl Pts',(0.485806627213714,1.75465123213516,4.49929424423825));
#1499=CARTESIAN_POINT('Ctrl Pts',(-1.12203588761774,1.38467137406254,4.57445375944964));
#1500=CARTESIAN_POINT('Ctrl Pts',(-1.5407141600117,0.434132052845909,4.62328510350732));
#1501=CARTESIAN_POINT('Ctrl Pts',(-1.5442963944814,-0.00112821996829487,
4.64578827641128));
#1502=CARTESIAN_POINT('Ctrl Pts',(-1.54537500630622,-0.000346478487675001,
4.10421172358873));
#1503=CARTESIAN_POINT('Ctrl Pts',(-1.54543390159467,-0.0195435190639856,
4.10520604905233));
#1504=CARTESIAN_POINT('Ctrl Pts',(-1.53644617296869,-0.5469915274817,4.13252854566965));
#1505=CARTESIAN_POINT('Ctrl Pts',(-0.937258139204892,-1.56088321822644,
4.18617921344069));
#1506=CARTESIAN_POINT('Ctrl Pts',(0.794852159508834,-1.63799245436398,4.26516372690183));
#1507=CARTESIAN_POINT('Ctrl Pts',(1.80612268288483,-0.229630341189997,4.34414824036298));
#1508=CARTESIAN_POINT('Ctrl Pts',(1.17944701386481,1.38698016929863,4.42313275382412));
#1509=CARTESIAN_POINT('Ctrl Pts',(-0.516851868381655,1.745758678566,4.50211726728527));
#1510=CARTESIAN_POINT('Ctrl Pts',(-1.45495873744037,0.810058312493378,4.56247692387347));
#1511=CARTESIAN_POINT('Ctrl Pts',(-1.54334600022723,0.150844272665073,4.59650840930796));
#1512=CARTESIAN_POINT('Ctrl Pts',(-1.54212315098849,0.00130536578721167,
4.60421172358873));
#1513=CARTESIAN_POINT('Origin',(0.,0.,-1.10421172358872));
#1514=CARTESIAN_POINT('',(-1.54121049608929,-0.000978802703027609,3.60421172358873));
#1515=CARTESIAN_POINT('',(-1.5435892696204,0.00131424372365404,3.64578827641128));
#1516=CARTESIAN_POINT('',(-1.543,-9.39470845130497E-14,-1.10421172358872));
#1517=CARTESIAN_POINT('Ctrl Pts',(-1.5435892696204,0.00131424372365409,
3.64578827641128));
#1518=CARTESIAN_POINT('Ctrl Pts',(-1.53988685503832,-0.409619832169982,
3.66700855414978));
#1519=CARTESIAN_POINT('Ctrl Pts',(-1.1605592442346,-1.33644187902071,3.714557003042));
#1520=CARTESIAN_POINT('Ctrl Pts',(0.400409693070065,-1.77608587792399,3.78843362308794));
#1521=CARTESIAN_POINT('Ctrl Pts',(1.70617969011262,-0.635420988397645,3.86741813654909));
#1522=CARTESIAN_POINT('Ctrl Pts',(1.46464033005389,1.08149788316941,3.94640265001022));
#1523=CARTESIAN_POINT('Ctrl Pts',(-0.105159881846227,1.8176221743347,4.02538716347138));
#1524=CARTESIAN_POINT('Ctrl Pts',(-1.34582756012989,1.05000476845218,4.09184903893838));
#1525=CARTESIAN_POINT('Ctrl Pts',(-1.54023474342606,0.268487038443063,4.13198274325169));
#1526=CARTESIAN_POINT('Ctrl Pts',(-1.54054856031829,-0.000199891145071362,
4.14578827641127));
#1527=CARTESIAN_POINT('Ctrl Pts',(-1.54121049608929,-0.000978802703027696,
3.60421172358873));
#1528=CARTESIAN_POINT('Ctrl Pts',(-1.54231761244177,-0.189403415280416,
3.61390368879671));
#1529=CARTESIAN_POINT('Ctrl Pts',(-1.42332805171719,-0.8883328725798,3.64992382515841));
#1530=CARTESIAN_POINT('Ctrl Pts',(-0.384642438217137,-1.77956720402782,
3.71227213267382));
#1531=CARTESIAN_POINT('Ctrl Pts',(1.28001903350957,-1.29474341577762,3.79125664613496));
#1532=CARTESIAN_POINT('Ctrl Pts',(1.78385000209341,0.36426420203964,3.87024115959611));
#1533=CARTESIAN_POINT('Ctrl Pts',(0.669933545654249,1.69292595335459,3.94922567305725));
#1534=CARTESIAN_POINT('Ctrl Pts',(-1.02986447824836,1.48889917878048,4.02721586105479));
#1535=CARTESIAN_POINT('Ctrl Pts',(-1.5438744471793,0.488763859594384,4.07887787789862));
#1536=CARTESIAN_POINT('Ctrl Pts',(-1.54537500630622,-0.000346478487675001,
4.10421172358873));
#1537=CARTESIAN_POINT('Origin',(0.,0.,-1.10421172358872));
#1538=CARTESIAN_POINT('',(-1.54200104772657,0.00127987633784521,3.10421172358873));
#1539=CARTESIAN_POINT('',(-1.54441690594992,-0.0010811206443846,3.14578827641128));
#1540=CARTESIAN_POINT('',(-1.543,-9.39470845130497E-14,-1.10421172358872));
#1541=CARTESIAN_POINT('Ctrl Pts',(-1.54441690594992,-0.00108112064438469,
3.14578827641128));
#1542=CARTESIAN_POINT('Ctrl Pts',(-1.54497146987085,-0.0705004742061567,
3.14937802274045));
#1543=CARTESIAN_POINT('Ctrl Pts',(-1.50930155161927,-0.648487077652382,
3.17929594022333));
#1544=CARTESIAN_POINT('Ctrl Pts',(-0.780294049875668,-1.64497725320123,
3.23554202885992));
#1545=CARTESIAN_POINT('Ctrl Pts',(0.951064201919484,-1.55250953351504,3.31452654232107));
#1546=CARTESIAN_POINT('Ctrl Pts',(1.81991626659415,-0.0520936695101451,
3.39351105578221));
#1547=CARTESIAN_POINT('Ctrl Pts',(1.03831293950752,1.49556517994549,3.47249556924337));
#1548=CARTESIAN_POINT('Ctrl Pts',(-0.684921176217062,1.68691788485054,3.5514800827045));
#1549=CARTESIAN_POINT('Ctrl Pts',(-1.49091888367602,0.708032831738196,3.60924431842715));
#1550=CARTESIAN_POINT('Ctrl Pts',(-1.54448047091839,0.100229417512016,3.64068038299607));
#1551=CARTESIAN_POINT('Ctrl Pts',(-1.5435892696204,0.00131424372365409,
3.64578827641128));
#1552=CARTESIAN_POINT('Ctrl Pts',(-1.54200104772658,0.00127987633784528,
3.10421172358873));
#1553=CARTESIAN_POINT('Ctrl Pts',(-1.53915580403009,-0.355775974498689,
3.12260132854109));
#1554=CARTESIAN_POINT('Ctrl Pts',(-1.23862780011167,-1.22834689585276,3.16731910464716));
#1555=CARTESIAN_POINT('Ctrl Pts',(0.208958524479211,-1.80863085618393,3.23836505190695));
#1556=CARTESIAN_POINT('Ctrl Pts',(1.62879452193673,-0.813534046122686,3.3173495653681));
#1557=CARTESIAN_POINT('Ctrl Pts',(1.57150063701736,0.919344868232195,3.39633407882923));
#1558=CARTESIAN_POINT('Ctrl Pts',(0.0890358543275065,1.8184833943542,3.47531859229039));
#1559=CARTESIAN_POINT('Ctrl Pts',(-1.28235717114495,1.16049848529683,3.54461114054354));
#1560=CARTESIAN_POINT('Ctrl Pts',(-1.53931013684837,0.322451027348508,3.58757551764299));
#1561=CARTESIAN_POINT('Ctrl Pts',(-1.54121049608929,-0.000978802703027696,
3.60421172358873));
#1562=CARTESIAN_POINT('Origin',(0.,0.,-1.10421172358872));
#1563=CARTESIAN_POINT('',(-1.54541504448639,-0.000265938960063994,2.60421172358873));
#1564=CARTESIAN_POINT('',(-1.54056961848486,-0.000272385856888521,2.64578827641127));
#1565=CARTESIAN_POINT('',(-1.543,-9.39470845130497E-14,-1.10421172358872));
#1566=CARTESIAN_POINT('Ctrl Pts',(-1.54056961848486,-0.000272385856888626,
2.64578827641127));
#1567=CARTESIAN_POINT('Ctrl Pts',(-1.54095052021471,-0.239404566240391,
2.65807566248482));
#1568=CARTESIAN_POINT('Ctrl Pts',(-1.37639546722504,-0.990428688289737,
2.69669121971208));
#1569=CARTESIAN_POINT('Ctrl Pts',(-0.208958515935341,-1.80863078223314,
2.76163494809306));
#1570=CARTESIAN_POINT('Ctrl Pts',(1.40037883933641,-1.16350680022125,2.8406194615542));
#1571=CARTESIAN_POINT('Ctrl Pts',(1.73973314740808,0.536784448016077,2.91960397501535));
#1572=CARTESIAN_POINT('Ctrl Pts',(0.501348959440285,1.7502737467866,2.99858848847649));
#1573=CARTESIAN_POINT('Ctrl Pts',(-1.11475425995972,1.3934545498512,3.07398325560847));
#1574=CARTESIAN_POINT('Ctrl Pts',(-1.54090414798032,0.438639853371793,3.12304985158673));
#1575=CARTESIAN_POINT('Ctrl Pts',(-1.54441690594992,-0.00108112064438469,
3.14578827641128));
#1576=CARTESIAN_POINT('Ctrl Pts',(-1.54541504448639,-0.000265938960064161,
2.60421172358873));
#1577=CARTESIAN_POINT('Ctrl Pts',(-1.54545027324851,-0.0149200470418127,
2.60497079713175));
#1578=CARTESIAN_POINT('Ctrl Pts',(-1.53864899902039,-0.5378127014963,2.63205804182848));
#1579=CARTESIAN_POINT('Ctrl Pts',(-0.951064240806302,-1.55250959699363,
2.68547345767893));
#1580=CARTESIAN_POINT('Ctrl Pts',(0.780294081780146,-1.64497732046059,2.76445797114008));
#1581=CARTESIAN_POINT('Ctrl Pts',(1.80401513660924,-0.245639218726591,2.84344248460122));
#1582=CARTESIAN_POINT('Ctrl Pts',(1.1917013014291,1.37646549069177,2.92242699806237));
#1583=CARTESIAN_POINT('Ctrl Pts',(-0.501348979939337,1.7502738183513,3.00141151152351));
#1584=CARTESIAN_POINT('Ctrl Pts',(-1.45140584993267,0.81931567453627,3.0620064200323));
#1585=CARTESIAN_POINT('Ctrl Pts',(-1.54322930442388,0.155416494105947,3.09627315738737));
#1586=CARTESIAN_POINT('Ctrl Pts',(-1.54200104772658,0.00127987633784528,
3.10421172358873));
#1587=CARTESIAN_POINT('Origin',(0.,0.,-1.10421172358872));
#1588=CARTESIAN_POINT('',(-1.54130228971676,-0.00102953596738758,2.10421172358873));
#1589=CARTESIAN_POINT('',(-1.54345399724867,0.00133479517140465,2.14578827641127));
#1590=CARTESIAN_POINT('',(-1.543,-9.39470845130497E-14,-1.10421172358872));
#1591=CARTESIAN_POINT('Ctrl Pts',(-1.54345399724867,0.00133479517140458,
2.14578827641127));
#1592=CARTESIAN_POINT('Ctrl Pts',(-1.53977157376001,-0.405135411638926,
2.1667733022292));
#1593=CARTESIAN_POINT('Ctrl Pts',(-1.16740794611144,-1.32754072707398,2.21408649920083));
#1594=CARTESIAN_POINT('Ctrl Pts',(0.384642422490029,-1.7795671312654,2.28772786732619));
#1595=CARTESIAN_POINT('Ctrl Pts',(1.70047725003014,-0.650527547413689,2.36671238078733));
#1596=CARTESIAN_POINT('Ctrl Pts',(1.47417417957899,1.06846593585366,2.44569689424848));
#1597=CARTESIAN_POINT('Ctrl Pts',(-0.089035850687066,1.81848332000056,2.52468140770962));
#1598=CARTESIAN_POINT('Ctrl Pts',(-1.34087794077621,1.05922113383382,2.59137853509722));
#1599=CARTESIAN_POINT('Ctrl Pts',(-1.54013436241872,0.272983742860835,2.6317474913311));
#1600=CARTESIAN_POINT('Ctrl Pts',(-1.54056961848486,-0.000272385856888626,
2.64578827641127));
#1601=CARTESIAN_POINT('Ctrl Pts',(-1.54130228971675,-0.00102953596738739,
2.10421172358873));
#1602=CARTESIAN_POINT('Ctrl Pts',(-1.54244288175899,-0.184853002081486,
2.11366843687612));
#1603=CARTESIAN_POINT('Ctrl Pts',(-1.42726122985398,-0.87907232736158,2.14945332131724));
#1604=CARTESIAN_POINT('Ctrl Pts',(-0.400409709441754,-1.77608595054384,
2.21156637691206));
#1605=CARTESIAN_POINT('Ctrl Pts',(1.26848603870476,-1.30604456603415,2.29055089037321));
#1606=CARTESIAN_POINT('Ctrl Pts',(1.7870103876241,0.348429495550855,2.36953540383435));
#1607=CARTESIAN_POINT('Ctrl Pts',(0.684921204221874,1.68691795382474,2.4485199172955));
#1608=CARTESIAN_POINT('Ctrl Pts',(-1.02175199523366,1.49740421908336,2.52674535721362));
#1609=CARTESIAN_POINT('Ctrl Pts',(-1.54422837731075,0.49335200278708,2.57864262597803));
#1610=CARTESIAN_POINT('Ctrl Pts',(-1.54541504448639,-0.000265938960064161,
2.60421172358873));
#1611=CARTESIAN_POINT('Origin',(0.,0.,-1.10421172358872));
#1612=CARTESIAN_POINT('',(-1.541882158955,0.00125060073182734,1.60421172358873));
#1613=CARTESIAN_POINT('',(-1.54453345942438,-0.00103020947499046,1.64578827641127));
#1614=CARTESIAN_POINT('',(-1.543,-9.39470845130497E-14,-1.10421172358872));
#1615=CARTESIAN_POINT('Ctrl Pts',(-1.54453345942438,-0.00103020947499041,
1.64578827641127));
#1616=CARTESIAN_POINT('Ctrl Pts',(-1.54503383284494,-0.0658874035566513,
1.64914277081986));
#1617=CARTESIAN_POINT('Ctrl Pts',(-1.51198138896726,-0.639270819380816,
1.67882543638216));
#1618=CARTESIAN_POINT('Ctrl Pts',(-0.794852127009729,-1.63799238738687,
1.73483627309817));
#1619=CARTESIAN_POINT('Ctrl Pts',(0.937258100882907,-1.5608831544073,1.81382078655932));
#1620=CARTESIAN_POINT('Ctrl Pts',(1.81938269223832,-0.0682318613547878,
1.89280530002046));
#1621=CARTESIAN_POINT('Ctrl Pts',(1.0515357826569,1.4862979059533,1.97178981348161));
#1622=CARTESIAN_POINT('Ctrl Pts',(-0.669933518262283,1.69292588413499,2.05077432694275));
#1623=CARTESIAN_POINT('Ctrl Pts',(-1.48789868989033,0.71727009669415,2.10877381458597));
#1624=CARTESIAN_POINT('Ctrl Pts',(-1.54439160504856,0.104829039519796,2.14044513107548));
#1625=CARTESIAN_POINT('Ctrl Pts',(-1.54345399724867,0.00133479517140458,
2.14578827641127));
#1626=CARTESIAN_POINT('Ctrl Pts',(-1.541882158955,0.00125060073182739,1.60421172358873));
#1627=CARTESIAN_POINT('Ctrl Pts',(-1.53915301380451,-0.351306375564175,
1.6223660766205));
#1628=CARTESIAN_POINT('Ctrl Pts',(-1.24469677965182,-1.21927750828178,1.66684860080599));
#1629=CARTESIAN_POINT('Ctrl Pts',(0.192910150828563,-1.81041291484832,1.73765929614519));
#1630=CARTESIAN_POINT('Ctrl Pts',(1.62151549969211,-0.827947295112689,1.81664380960634));
#1631=CARTESIAN_POINT('Ctrl Pts',(1.57959220173207,0.905371587944099,1.89562832306748));
#1632=CARTESIAN_POINT('Ctrl Pts',(0.105159886145187,1.81762224865144,1.97461283652863));
#1633=CARTESIAN_POINT('Ctrl Pts',(-1.27669024023422,1.16963313700287,2.04414063670237));
#1634=CARTESIAN_POINT('Ctrl Pts',(-1.5392673913331,0.326924772166103,2.08734026572241));
#1635=CARTESIAN_POINT('Ctrl Pts',(-1.54130228971675,-0.00102953596738739,
2.10421172358873));
#1636=CARTESIAN_POINT('Origin',(0.,0.,-1.10421172358872));
#1637=CARTESIAN_POINT('',(-1.54544512540007,-0.000184377713410566,1.10421172358873));
#1638=CARTESIAN_POINT('',(-1.54059713227754,-0.000344098212633942,1.14578827641127));
#1639=CARTESIAN_POINT('',(-1.543,-9.39470845130497E-14,-1.10421172358872));
#1640=CARTESIAN_POINT('Ctrl Pts',(-1.54059713227754,-0.00034409821263388,
1.14578827641127));
#1641=CARTESIAN_POINT('Ctrl Pts',(-1.54106962168068,-0.234887445810295,
1.15784041056423));
#1642=CARTESIAN_POINT('Ctrl Pts',(-1.38092265259214,-0.981184236564697,
1.19622071587091));
#1643=CARTESIAN_POINT('Ctrl Pts',(-0.224990454841332,-1.80670642597531,
1.2609291923313));
#1644=CARTESIAN_POINT('Ctrl Pts',(1.39000500726199,-1.17588056590148,1.33991370579244));
#1645=CARTESIAN_POINT('Ctrl Pts',(1.7444252925816,0.521334226513521,1.41889821925359));
#1646=CARTESIAN_POINT('Ctrl Pts',(0.516851847252815,1.74575860716572,1.49788273271473));
#1647=CARTESIAN_POINT('Ctrl Pts',(-1.1074046799611,1.40221753574976,1.5735127517673));
#1648=CARTESIAN_POINT('Ctrl Pts',(-1.54110658913765,0.443152439217294,1.62281459966614));
#1649=CARTESIAN_POINT('Ctrl Pts',(-1.54453345942438,-0.00103020947499041,
1.64578827641127));
#1650=CARTESIAN_POINT('Ctrl Pts',(-1.54544512540007,-0.00018437771341082,
1.10421172358873));
#1651=CARTESIAN_POINT('Ctrl Pts',(-1.54546233714782,-0.0102963618908776,
1.10473554521116));
#1652=CARTESIAN_POINT('Ctrl Pts',(-1.54081021017191,-0.528637717809048,
1.13158753798731));
#1653=CARTESIAN_POINT('Ctrl Pts',(-0.964795389111396,-1.54401360925612,
1.18476770191718));
#1654=CARTESIAN_POINT('Ctrl Pts',(0.765674552578064,-1.65183293404008,1.26375221537832));
#1655=CARTESIAN_POINT('Ctrl Pts',(1.80176573641324,-0.261628706806797,1.34273672883947));
#1656=CARTESIAN_POINT('Ctrl Pts',(1.20386183461613,1.36584251254496,1.42172124230061));
#1657=CARTESIAN_POINT('Ctrl Pts',(-0.485806647102868,1.75465130381607,1.50070575576176));
#1658=CARTESIAN_POINT('Ctrl Pts',(-1.44780291220485,0.828574021264959,1.56153591619113));
#1659=CARTESIAN_POINT('Ctrl Pts',(-1.54311092960022,0.159985896714115,1.59603790546679));
#1660=CARTESIAN_POINT('Ctrl Pts',(-1.541882158955,0.00125060073182739,1.60421172358873));
#1661=CARTESIAN_POINT('Origin',(0.,0.,-1.10421172358872));
#1662=CARTESIAN_POINT('',(-1.54139684273748,-0.00107371800430522,0.604211723588727));
#1663=CARTESIAN_POINT('',(-1.54331821183928,0.0013533750944052,0.645788276411273));
#1664=CARTESIAN_POINT('',(-1.543,-9.39470845130497E-14,-1.10421172358872));
#1665=CARTESIAN_POINT('Ctrl Pts',(-1.54331821183928,0.00135337509440513,
0.645788276411273));
#1666=CARTESIAN_POINT('Ctrl Pts',(-1.53966714854601,-0.400651421649256,
0.66653805030861));
#1667=CARTESIAN_POINT('Ctrl Pts',(-1.17419018591958,-1.31862652297189,0.713615995359662));
#1668=CARTESIAN_POINT('Ctrl Pts',(0.36884474876065,-1.78290639501113,0.787022111564429));
#1669=CARTESIAN_POINT('Ctrl Pts',(1.69464113752313,-0.665584001041359,0.866006625025574));
#1670=CARTESIAN_POINT('Ctrl Pts',(1.48359203691054,1.05535050703525,0.94499113848672));
#1671=CARTESIAN_POINT('Ctrl Pts',(-0.0729047949264674,1.81920113942576,
1.02397565194786));
#1672=CARTESIAN_POINT('Ctrl Pts',(-1.33587036224174,1.06843259041519,1.09090803125605));
#1673=CARTESIAN_POINT('Ctrl Pts',(-1.54003745744185,0.277478025743927,1.13151223941052));
#1674=CARTESIAN_POINT('Ctrl Pts',(-1.54059713227754,-0.00034409821263388,
1.14578827641127));
#1675=CARTESIAN_POINT('Ctrl Pts',(-1.54139684273748,-0.00107371800430528,
0.604211723588727));
#1676=CARTESIAN_POINT('Ctrl Pts',(-1.54256770149293,-0.180299831248047,
0.613433184955538));
#1677=CARTESIAN_POINT('Ctrl Pts',(-1.43115125411041,-0.869826888470064,
0.648982817476065));
#1678=CARTESIAN_POINT('Ctrl Pts',(-0.416138534353684,-1.77245300158148,
0.710860621150305));
#1679=CARTESIAN_POINT('Ctrl Pts',(1.2568496134848,-1.31724930189177,0.78984513461145));
#1680=CARTESIAN_POINT('Ctrl Pts',(1.79003214054096,0.332570704545799,0.868829648072595));
#1681=CARTESIAN_POINT('Ctrl Pts',(0.699853977836682,1.68077552259878,0.947814161533741));
#1682=CARTESIAN_POINT('Ctrl Pts',(-1.01356873308481,1.50588342108159,1.02627485337245));
#1683=CARTESIAN_POINT('Ctrl Pts',(-1.54459724525182,0.497949267395477,1.07840737405745));
#1684=CARTESIAN_POINT('Ctrl Pts',(-1.54544512540007,-0.00018437771341082,
1.10421172358873));
#1685=CARTESIAN_POINT('Origin',(0.,0.,-1.10421172358872));
#1686=CARTESIAN_POINT('',(-1.54141479707755,0.00184201642057014,0.104211723588727));
#1687=CARTESIAN_POINT('',(-1.54464934103556,-0.00092348887436877,0.145788276411273));
#1688=CARTESIAN_POINT('',(-1.543,-9.39470845130497E-14,-1.10421172358872));
#1689=CARTESIAN_POINT('',(-0.398513841857234,1.49064942821852,0.));
#1690=CARTESIAN_POINT('Ctrl Pts',(-0.398513841857234,1.49064942821852,0.));
#1691=CARTESIAN_POINT('Ctrl Pts',(-0.891694543805825,1.35880130045432,0.026328171153715));
#1692=CARTESIAN_POINT('Ctrl Pts',(-1.44384722464868,0.838310366711416,0.0610654123499573));
#1693=CARTESIAN_POINT('Ctrl Pts',(-1.54260399905743,0.165230636466493,0.0958026535461997));
#1694=CARTESIAN_POINT('Ctrl Pts',(-1.54141479707755,0.00184201642057019,
0.104211723588727));
#1695=CARTESIAN_POINT('',(0.399423441089097,1.49319983295386,2.25055875287705E-16));
#1696=CARTESIAN_POINT('Origin',(0.,0.,0.));
#1697=CARTESIAN_POINT('Ctrl Pts',(0.399424945097447,1.4932040500089,-5.36680075380325E-17));
#1698=CARTESIAN_POINT('Ctrl Pts',(-0.0744705856866708,1.6186532020769,0.0253871634713746));
#1699=CARTESIAN_POINT('Ctrl Pts',(-1.10832811281843,1.39209150961714,0.0739832556084654));
#1700=CARTESIAN_POINT('Ctrl Pts',(-1.54131697969514,0.447608646193751,0.122579347745556));
#1701=CARTESIAN_POINT('Ctrl Pts',(-1.54464934103556,-0.000923488874368817,
0.145788276411272));
#1702=CARTESIAN_POINT('Origin',(0.,0.,-1.10421172358872));
#1703=CARTESIAN_POINT('Ctrl Pts',(-1.54464934103556,-0.000923488874368678,
0.145788276411272));
#1704=CARTESIAN_POINT('Ctrl Pts',(-1.54509720501189,-0.0612054826315385,
0.148907518899271));
#1705=CARTESIAN_POINT('Ctrl Pts',(-1.51463075971827,-0.629868149543053,
0.178354932540985));
#1706=CARTESIAN_POINT('Ctrl Pts',(-0.809334322645719,-1.6310593490325,0.234130517336414));
#1707=CARTESIAN_POINT('Ctrl Pts',(0.923371252635462,-1.56903895344122,0.313115030797559));
#1708=CARTESIAN_POINT('Ctrl Pts',(1.81870971189598,-0.0844147016707349,
0.392099544258704));
#1709=CARTESIAN_POINT('Ctrl Pts',(1.06467397181772,1.47694004596225,0.47108405771985));
#1710=CARTESIAN_POINT('Ctrl Pts',(-0.65489214298614,1.69878687726445,0.550068571180994));
#1711=CARTESIAN_POINT('Ctrl Pts',(-1.48483178690423,0.726511527814727,0.608303310744802));
#1712=CARTESIAN_POINT('Ctrl Pts',(-1.54429976862918,0.10942888793136,0.640209879154895));
#1713=CARTESIAN_POINT('Ctrl Pts',(-1.54331821183928,0.00135337509440513,
0.645788276411273));
#1714=CARTESIAN_POINT('Ctrl Pts',(-1.54141479707755,0.00184201642057019,
0.104211723588727));
#1715=CARTESIAN_POINT('Ctrl Pts',(-1.53888069634925,-0.346326947354686,
0.122130824699915));
#1716=CARTESIAN_POINT('Ctrl Pts',(-1.25123274367128,-1.21111968275782,0.166378096964817));
#1717=CARTESIAN_POINT('Ctrl Pts',(0.177175444878191,-1.81148401259384,0.236953540383435));
#1718=CARTESIAN_POINT('Ctrl Pts',(1.61393637564746,-0.84259334494406,0.31593805384458));
#1719=CARTESIAN_POINT('Ctrl Pts',(1.58765026197548,0.891483701715167,0.394922567305725));
#1720=CARTESIAN_POINT('Ctrl Pts',(0.121227911989079,1.81653575834202,0.473907080766871));
#1721=CARTESIAN_POINT('Ctrl Pts',(-1.270945171598,1.17878738697654,0.543670132861204));
#1722=CARTESIAN_POINT('Ctrl Pts',(-1.5392247856053,0.331408193868169,0.587105013801823));
#1723=CARTESIAN_POINT('Ctrl Pts',(-1.54139684273748,-0.00107371800430528,
0.604211723588727));
#1724=CARTESIAN_POINT('Ctrl Pts',(0.958116152722385,-0.825211298936494,
-4.16333634234434E-16));
#1725=CARTESIAN_POINT('Ctrl Pts',(1.23113694484236,-0.508218994909231,0.0263281711537146));
#1726=CARTESIAN_POINT('Ctrl Pts',(1.43348986110798,0.41242726500547,0.0789845134611447));
#1727=CARTESIAN_POINT('Ctrl Pts',(0.436154927969971,1.42788699119736,0.15796902692229));
#1728=CARTESIAN_POINT('Ctrl Pts',(-0.956406932549059,1.14463089961149,0.236953540383435));
#1729=CARTESIAN_POINT('Ctrl Pts',(-1.48176253659718,-0.174767983725774,
0.31593805384458));
#1730=CARTESIAN_POINT('Ctrl Pts',(-0.66325550938789,-1.33666529283966,0.394922567305725));
#1731=CARTESIAN_POINT('Ctrl Pts',(0.756709623433276,-1.28583911641375,0.47390708076687));
#1732=CARTESIAN_POINT('Ctrl Pts',(1.49044616376699,-0.0691784771630898,
0.552891594228015));
#1733=CARTESIAN_POINT('Ctrl Pts',(0.872508254934223,1.21036337532033,0.63187610768916));
#1734=CARTESIAN_POINT('Ctrl Pts',(-0.536688992097197,1.39216850699993,0.710860621150305));
#1735=CARTESIAN_POINT('Ctrl Pts',(-1.45917381021081,0.311476368160502,0.78984513461145));
#1736=CARTESIAN_POINT('Ctrl Pts',(-1.05835372976583,-1.05171014489486,0.868829648072595));
#1737=CARTESIAN_POINT('Ctrl Pts',(0.302271020614285,-1.46110507873725,0.947814161533739));
#1738=CARTESIAN_POINT('Ctrl Pts',(1.38877104238367,-0.545451049460013,1.02679867499489));
#1739=CARTESIAN_POINT('Ctrl Pts',(1.21581473147983,0.86486760605708,1.10578318845603));
#1740=CARTESIAN_POINT('Ctrl Pts',(-0.0597460228026676,1.49084889229026,
1.18476770191717));
#1741=CARTESIAN_POINT('Ctrl Pts',(-1.28112404726478,0.764802014252215,1.26375221537832));
#1742=CARTESIAN_POINT('Ctrl Pts',(-1.34066941481607,-0.654833048836818,
1.34273672883946));
#1743=CARTESIAN_POINT('Ctrl Pts',(-0.184381354599394,-1.48060938149435,
1.42172124230061));
#1744=CARTESIAN_POINT('Ctrl Pts',(1.13911946317744,-0.963642887610128,1.50070575576175));
#1745=CARTESIAN_POINT('Ctrl Pts',(1.42956952849607,0.427237284138917,1.5796902692229));
#1746=CARTESIAN_POINT('Ctrl Pts',(0.423563940927534,1.43066218973496,1.65867478268404));
#1747=CARTESIAN_POINT('Ctrl Pts',(-0.966565578777997,1.13664053945676,1.73765929614519));
#1748=CARTESIAN_POINT('Ctrl Pts',(-1.48013093916092,-0.188183768353883,
1.81664380960633));
#1749=CARTESIAN_POINT('Ctrl Pts',(-0.651387242128194,-1.3423469694431,1.89562832306748));
#1750=CARTESIAN_POINT('Ctrl Pts',(0.768089999070924,-1.27915537832018,1.97461283652862));
#1751=CARTESIAN_POINT('Ctrl Pts',(1.49099767617327,-0.0559165189132394,
2.05359734998977));
#1752=CARTESIAN_POINT('Ctrl Pts',(0.861741410997832,1.21803221132725,2.13258186345092));
#1753=CARTESIAN_POINT('Ctrl Pts',(-0.54901551123957,1.38736537944828,2.21156637691206));
#1754=CARTESIAN_POINT('Ctrl Pts',(-1.461878312001,0.298517216231686,2.2905508903732));
#1755=CARTESIAN_POINT('Ctrl Pts',(-1.04898509506975,-1.06105183558601,2.36953540383435));
#1756=CARTESIAN_POINT('Ctrl Pts',(0.315217331975789,-1.45836852721005,2.4485199172955));
#1757=CARTESIAN_POINT('Ctrl Pts',(1.39355378007979,-0.533112173496182,2.52750443075664));
#1758=CARTESIAN_POINT('Ctrl Pts',(1.20809672720521,0.875615797723233,2.60648894421779));
#1759=CARTESIAN_POINT('Ctrl Pts',(-0.0729655432234581,1.49026063392139,
2.68547345767893));
#1760=CARTESIAN_POINT('Ctrl Pts',(-1.28785643179386,0.753409940600854,2.76445797114008));
#1761=CARTESIAN_POINT('Ctrl Pts',(-1.33480919557757,-0.666697186818153,
2.84344248460122));
#1762=CARTESIAN_POINT('Ctrl Pts',(-0.171243061179674,-1.48218640578989,
2.92242699806236));
#1763=CARTESIAN_POINT('Ctrl Pts',(1.14762089587873,-0.953502494413327,3.00141151152352));
#1764=CARTESIAN_POINT('Ctrl Pts',(1.42572428055574,0.439898855810972,3.08039602498465));
#1765=CARTESIAN_POINT('Ctrl Pts',(0.41085920882193,1.43436238030567,3.1593805384458));
#1766=CARTESIAN_POINT('Ctrl Pts',(-0.976608058355902,1.12802368231561,3.23836505190694));
#1767=CARTESIAN_POINT('Ctrl Pts',(-1.47840378935207,-0.201303162268085,
3.31734956536809));
#1768=CARTESIAN_POINT('Ctrl Pts',(-0.639456789415282,-1.34807111903626,
3.39633407882924));
#1769=CARTESIAN_POINT('Ctrl Pts',(0.779404201767457,-1.27229313359026,3.47531859229038));
#1770=CARTESIAN_POINT('Ctrl Pts',(1.49143494433461,-0.0426911504183923,
3.55430310575152));
#1771=CARTESIAN_POINT('Ctrl Pts',(0.850905192486882,1.22562681143297,3.63328761921267));
#1772=CARTESIAN_POINT('Ctrl Pts',(-0.561298008636731,1.38244177925697,3.71227213267381));
#1773=CARTESIAN_POINT('Ctrl Pts',(-1.46446827139189,0.285540556778496,3.79125664613496));
#1774=CARTESIAN_POINT('Ctrl Pts',(-1.03953372025813,-1.07031321207014,3.87024115959611));
#1775=CARTESIAN_POINT('Ctrl Pts',(0.328138727729813,-1.45551561415093,3.94922567305725));
#1776=CARTESIAN_POINT('Ctrl Pts',(1.39822697222774,-0.520732235793145,4.0282101865184));
#1777=CARTESIAN_POINT('Ctrl Pts',(1.20028366646348,0.886295575675771,4.10719469997954));
#1778=CARTESIAN_POINT('Ctrl Pts',(-0.0861793069310158,1.48955491863009,
4.18617921344069));
#1779=CARTESIAN_POINT('Ctrl Pts',(-1.29448752911185,0.741958733727374,4.26516372690183));
#1780=CARTESIAN_POINT('Ctrl Pts',(-1.32884398284338,-0.678508951299978,
4.34414824036298));
#1781=CARTESIAN_POINT('Ctrl Pts',(-0.158091299898308,-1.48364681609589,
4.42313275382412));
#1782=CARTESIAN_POINT('Ctrl Pts',(1.15603206137648,-0.94328711761634,4.50211726728527));
#1783=CARTESIAN_POINT('Ctrl Pts',(1.42176689659001,0.452525828570791,4.58110178074641));
#1784=CARTESIAN_POINT('Ctrl Pts',(0.398122151725043,1.43794976217428,4.66008629420756));
#1785=CARTESIAN_POINT('Ctrl Pts',(-0.986573705490596,1.11931807281377,4.73907080766869));
#1786=CARTESIAN_POINT('Ctrl Pts',(-1.47656038926779,-0.214406666215232,
4.81805532112986));
#1787=CARTESIAN_POINT('Ctrl Pts',(-0.627475976648894,-1.35368934553421,
4.89703983459098));
#1788=CARTESIAN_POINT('Ctrl Pts',(0.790656979480052,-1.26533060805598,4.97602434805215));
#1789=CARTESIAN_POINT('Ctrl Pts',(1.49175513387907,-0.0294628212445572,
5.05500886151327));
#1790=CARTESIAN_POINT('Ctrl Pts',(0.840001608940311,1.23312576507757,5.13399337497444));
#1791=CARTESIAN_POINT('Ctrl Pts',(-0.573535526392068,1.37740800817375,5.21297788843557));
#1792=CARTESIAN_POINT('Ctrl Pts',(-1.46694462202382,0.272544165410668,5.29196240189672));
#1793=CARTESIAN_POINT('Ctrl Pts',(-1.0299975806739,-1.07949558597222,5.37094691535786));
#1794=CARTESIAN_POINT('Ctrl Pts',(0.341028612006798,-1.45253836848237,5.44993142881901));
#1795=CARTESIAN_POINT('Ctrl Pts',(1.40280102238729,-0.508330056984975,5.52891594228015));
#1796=CARTESIAN_POINT('Ctrl Pts',(1.19235560625102,0.89694121158083,5.6079004557413));
#1797=CARTESIAN_POINT('Ctrl Pts',(-0.0993471602464676,1.48866444481193,
5.68688496920244));
#1798=CARTESIAN_POINT('Ctrl Pts',(-1.30109118316696,0.730577654257725,5.76586948266359));
#1799=CARTESIAN_POINT('Ctrl Pts',(-1.3226328285518,-0.690511740548659,5.84485399612473));
#1800=CARTESIAN_POINT('Ctrl Pts',(-0.145196566028398,-1.48452419117604,
5.92383850958589));
#1801=CARTESIAN_POINT('Ctrl Pts',(1.16487044140286,-0.933900013689396,6.00282302304701));
#1802=CARTESIAN_POINT('Ctrl Pts',(1.41666100491078,0.46697005041487,6.08180753650817));
#1803=CARTESIAN_POINT('Ctrl Pts',(0.730750324460414,1.11354779288692,6.1344638788156));
#1804=CARTESIAN_POINT('Ctrl Pts',(0.326585063531055,1.22159831625556,6.16079204996931));
#1805=CARTESIAN_POINT('Ctrl Pts',(1.02845629995665,-0.885794229410677,-0.0535973499897707));
#1806=CARTESIAN_POINT('Ctrl Pts',(1.32152092774432,-0.545529918879765,-0.0272691788360556));
#1807=CARTESIAN_POINT('Ctrl Pts',(1.53872959389264,0.44270563413794,0.0253871634713746));
#1808=CARTESIAN_POINT('Ctrl Pts',(0.468175264714306,1.53271538899582,0.104371676932519));
#1809=CARTESIAN_POINT('Ctrl Pts',(-1.02662159729531,1.22866403669909,0.183356190393665));
#1810=CARTESIAN_POINT('Ctrl Pts',(-1.59054621036608,-0.187598584349902,
0.262340703854809));
#1811=CARTESIAN_POINT('Ctrl Pts',(-0.711948447140499,-1.43479664490394,
0.341325217315955));
#1812=CARTESIAN_POINT('Ctrl Pts',(0.812263499834005,-1.38023906208958,0.4203097307771));
#1813=CARTESIAN_POINT('Ctrl Pts',(1.59986734647665,-0.0742572186656372,
0.499294244238245));
#1814=CARTESIAN_POINT('Ctrl Pts',(0.936563493895389,1.2992222655343,0.57827875769939));
#1815=CARTESIAN_POINT('Ctrl Pts',(-0.576090042393512,1.49437463042144,0.657263271160535));
#1816=CARTESIAN_POINT('Ctrl Pts',(-1.56629913145602,0.334343421945316,0.73624778462168));
#1817=CARTESIAN_POINT('Ctrl Pts',(-1.13605282393738,-1.12892149993723,0.815232298082825));
#1818=CARTESIAN_POINT('Ctrl Pts',(0.32446226332974,-1.56837218416188,0.894216811543969));
#1819=CARTESIAN_POINT('Ctrl Pts',(1.49072774076349,-0.585495366653794,0.973201325005116));
#1820=CARTESIAN_POINT('Ctrl Pts',(1.30507383329006,0.928361906383135,1.05218583846626));
#1821=CARTESIAN_POINT('Ctrl Pts',(-0.0641322801772677,1.60029964133543,
1.13117035192741));
#1822=CARTESIAN_POINT('Ctrl Pts',(-1.37517783589355,0.820949993946227,1.21015486538855));
#1823=CARTESIAN_POINT('Ctrl Pts',(-1.43909472970372,-0.702907651209574,
1.2891393788497));
#1824=CARTESIAN_POINT('Ctrl Pts',(-0.197917721346706,-1.58930839632134,
1.36812389231084));
#1825=CARTESIAN_POINT('Ctrl Pts',(1.22274797787229,-1.03438878037391,1.44710840577199));
#1826=CARTESIAN_POINT('Ctrl Pts',(1.53452144985792,0.458602931597119,1.52609291923313));
#1827=CARTESIAN_POINT('Ctrl Pts',(0.454659909702627,1.53569432887855,1.60507743269427));
#1828=CARTESIAN_POINT('Ctrl Pts',(-1.03752604106603,1.2200870638376,1.68406194615542));
#1829=CARTESIAN_POINT('Ctrl Pts',(-1.58879482911909,-0.201999289504944,
1.76304645961656));
#1830=CARTESIAN_POINT('Ctrl Pts',(-0.699208870422039,-1.44089544209102,
1.84203097307771));
#1831=CARTESIAN_POINT('Ctrl Pts',(0.824479366341585,-1.37306463701588,1.92101548653885));
#1832=CARTESIAN_POINT('Ctrl Pts',(1.60045934819496,-0.060021633060423,2.));
#1833=CARTESIAN_POINT('Ctrl Pts',(0.925006201550855,1.30745410953593,2.07898451346115));
#1834=CARTESIAN_POINT('Ctrl Pts',(-0.589321513580474,1.48921888101051,2.15796902692229));
#1835=CARTESIAN_POINT('Ctrl Pts',(-1.56920218438594,0.32043287320296,2.23695354038344));
#1836=CARTESIAN_POINT('Ctrl Pts',(-1.12599639043733,-1.13894901133682,2.31593805384458));
#1837=CARTESIAN_POINT('Ctrl Pts',(0.338359028813868,-1.56543472856183,2.39492256730572));
#1838=CARTESIAN_POINT('Ctrl Pts',(1.49586160339657,-0.572250631468686,2.47390708076687));
#1839=CARTESIAN_POINT('Ctrl Pts',(1.2967892113298,0.939899177100044,2.55289159422801));
#1840=CARTESIAN_POINT('Ctrl Pts',(-0.0783223123779932,1.59966819594778,
2.63187610768916));
#1841=CARTESIAN_POINT('Ctrl Pts',(-1.38240447878334,0.808721570614653,2.71086062115031));
#1842=CARTESIAN_POINT('Ctrl Pts',(-1.43280428216472,-0.71564279549849,2.78984513461145));
#1843=CARTESIAN_POINT('Ctrl Pts',(-0.183814879431563,-1.59100119793764,
2.8688296480726));
#1844=CARTESIAN_POINT('Ctrl Pts',(1.23187354369796,-1.02350392968263,2.94781416153373));
#1845=CARTESIAN_POINT('Ctrl Pts',(1.53039390283986,0.472194053212674,3.02679867499489));
#1846=CARTESIAN_POINT('Ctrl Pts',(0.441022459028048,1.53966616913265,3.10578318845603));
#1847=CARTESIAN_POINT('Ctrl Pts',(-1.04830578980499,1.21083759968081,3.18476770191718));
#1848=CARTESIAN_POINT('Ctrl Pts',(-1.5869408805171,-0.216081844406391,3.26375221537832));
#1849=CARTESIAN_POINT('Ctrl Pts',(-0.686402542902076,-1.44703983042458,
3.34273672883947));
#1850=CARTESIAN_POINT('Ctrl Pts',(0.836624201818132,-1.36569860023185,3.42172124230061));
#1851=CARTESIAN_POINT('Ctrl Pts',(1.60092871842113,-0.0458253234489752,
3.50070575576176));
#1852=CARTESIAN_POINT('Ctrl Pts',(0.913374441493761,1.31560626760381,3.5796902692229));
#1853=CARTESIAN_POINT('Ctrl Pts',(-0.602505731163507,1.48393381445483,3.65867478268405));
#1854=CARTESIAN_POINT('Ctrl Pts',(-1.57198228578036,0.306503531620412,3.73765929614519));
#1855=CARTESIAN_POINT('Ctrl Pts',(-1.11585114245185,-1.14889031225771,3.81664380960634));
#1856=CARTESIAN_POINT('Ctrl Pts',(0.352229049509896,-1.56237236874195,3.89562832306748));
#1857=CARTESIAN_POINT('Ctrl Pts',(1.50087787818937,-0.558961819994646,3.97461283652863));
#1858=CARTESIAN_POINT('Ctrl Pts',(1.28840255432695,0.951363011506985,4.05359734998977));
#1859=CARTESIAN_POINT('Ctrl Pts',(-0.0925061652360853,1.59891067053163,
4.13258186345092));
#1860=CARTESIAN_POINT('Ctrl Pts',(-1.38952239845617,0.796429672792374,4.21156637691206));
#1861=CARTESIAN_POINT('Ctrl Pts',(-1.42640113302708,-0.728321721284701,
4.29055089037321));
#1862=CARTESIAN_POINT('Ctrl Pts',(-0.169697580911009,-1.59256882434228,
4.36953540383435));
#1863=CARTESIAN_POINT('Ctrl Pts',(1.24090221534864,-1.01253859046625,4.4485199172955));
#1864=CARTESIAN_POINT('Ctrl Pts',(1.52614598732425,0.48574803583505,4.52750443075664));
#1865=CARTESIAN_POINT('Ctrl Pts',(0.427350310221267,1.54351691882791,4.60648894421779));
#1866=CARTESIAN_POINT('Ctrl Pts',(-1.05900306544292,1.20149286740416,4.68547345767893));
#1867=CARTESIAN_POINT('Ctrl Pts',(-1.58496214711967,-0.230147342778021,
4.76445797114008));
#1868=CARTESIAN_POINT('Ctrl Pts',(-0.673542158142692,-1.45307051931338,
4.84344248460122));
#1869=CARTESIAN_POINT('Ctrl Pts',(0.84870310279235,-1.35822492052299,4.92242699806237));
#1870=CARTESIAN_POINT('Ctrl Pts',(1.60127241469766,-0.0316258358001411,
5.00141151152351));
#1871=CARTESIAN_POINT('Ctrl Pts',(0.90167037079345,1.32365575732065,5.08039602498466));
#1872=CARTESIAN_POINT('Ctrl Pts',(-0.615641666921973,1.47853048880546,5.1593805384458));
#1873=CARTESIAN_POINT('Ctrl Pts',(-1.57464043782285,0.292553009503686,5.23836505190694));
#1874=CARTESIAN_POINT('Ctrl Pts',(-1.10561490668357,-1.15874681061787,5.3173495653681));
#1875=CARTESIAN_POINT('Ctrl Pts',(0.366065245312161,-1.55917654842764,5.39633407882924));
#1876=CARTESIAN_POINT('Ctrl Pts',(1.50578773247952,-0.545649134583581,5.47531859229038));
#1877=CARTESIAN_POINT('Ctrl Pts',(1.27989245516124,0.962790197326252,5.55430310575153));
#1878=CARTESIAN_POINT('Ctrl Pts',(-0.106640737188248,1.59795482253174,5.63328761921267));
#1879=CARTESIAN_POINT('Ctrl Pts',(-1.39661086011753,0.784213050780928,5.71227213267382));
#1880=CARTESIAN_POINT('Ctrl Pts',(-1.41973398651982,-0.74120569593097,5.79125664613496));
#1881=CARTESIAN_POINT('Ctrl Pts',(-0.155856179482703,-1.59351061195963,
5.87024115959611));
#1882=CARTESIAN_POINT('Ctrl Pts',(1.2503894655048,-1.0024623318158,5.94922567305724));
#1883=CARTESIAN_POINT('Ctrl Pts',(1.52066524634156,0.501252680977817,6.02821018651841));
#1884=CARTESIAN_POINT('Ctrl Pts',(0.784398397575538,1.19529896207606,6.08086652882583));
#1885=CARTESIAN_POINT('Ctrl Pts',(0.350561322973101,1.31128202024322,6.10719469997954));
#1886=CARTESIAN_POINT('Ctrl Pts',(1.09879644719091,-0.94637715988486,-0.107194699979541));
#1887=CARTESIAN_POINT('Ctrl Pts',(1.41190491064629,-0.582840842850299,-0.0808665288258258));
#1888=CARTESIAN_POINT('Ctrl Pts',(1.64396932667728,0.472984003270411,-0.0282101865183957));
#1889=CARTESIAN_POINT('Ctrl Pts',(0.500195601458643,1.63754378679428,0.050774326942749));
#1890=CARTESIAN_POINT('Ctrl Pts',(-1.09683626204157,1.31269717378669,0.129758840403894));
#1891=CARTESIAN_POINT('Ctrl Pts',(-1.69932988413498,-0.200429184974031,
0.208743353865039));
#1892=CARTESIAN_POINT('Ctrl Pts',(-0.76064138489311,-1.53292799696822,0.287727867326185));
#1893=CARTESIAN_POINT('Ctrl Pts',(0.867817376234734,-1.4746390077654,0.366712380787329));
#1894=CARTESIAN_POINT('Ctrl Pts',(1.70928852918631,-0.0793359601681844,
0.445696894248475));
#1895=CARTESIAN_POINT('Ctrl Pts',(1.00061873285655,1.38808115574827,0.524681407709619));
#1896=CARTESIAN_POINT('Ctrl Pts',(-0.615491092689824,1.59658075384294,0.603665921170765));
#1897=CARTESIAN_POINT('Ctrl Pts',(-1.67342445270124,0.357210475730132,0.68265043463191));
#1898=CARTESIAN_POINT('Ctrl Pts',(-1.21375191810893,-1.20613285497959,0.761634948093054));
#1899=CARTESIAN_POINT('Ctrl Pts',(0.346653506045194,-1.67563928958651,0.8406194615542));
#1900=CARTESIAN_POINT('Ctrl Pts',(1.59268443914331,-0.625539683847577,0.919603975015345));
#1901=CARTESIAN_POINT('Ctrl Pts',(1.3943329351003,0.991856206709193,0.998588488476489));
#1902=CARTESIAN_POINT('Ctrl Pts',(-0.0685185375518677,1.70975039038059,
1.07757300193763));
#1903=CARTESIAN_POINT('Ctrl Pts',(-1.46923162452231,0.877097973640241,1.15655751539878));
#1904=CARTESIAN_POINT('Ctrl Pts',(-1.53752004459136,-0.750982253582329,
1.23554202885992));
#1905=CARTESIAN_POINT('Ctrl Pts',(-0.211454088094018,-1.69800741114833,
1.31452654232107));
#1906=CARTESIAN_POINT('Ctrl Pts',(1.30637649256714,-1.1051346731377,1.39351105578222));
#1907=CARTESIAN_POINT('Ctrl Pts',(1.63947337121976,0.489968579055319,1.47249556924336));
#1908=CARTESIAN_POINT('Ctrl Pts',(0.48575587847772,1.64072646802213,1.5514800827045));
#1909=CARTESIAN_POINT('Ctrl Pts',(-1.10848650335407,1.30353358821843,1.63046459616565));
#1910=CARTESIAN_POINT('Ctrl Pts',(-1.69745871907726,-0.215814810656006,
1.70944910962679));
#1911=CARTESIAN_POINT('Ctrl Pts',(-0.747030498715884,-1.53944391473895,
1.78843362308794));
#1912=CARTESIAN_POINT('Ctrl Pts',(0.880868733612246,-1.46697389571159,1.86741813654908));
#1913=CARTESIAN_POINT('Ctrl Pts',(1.70992102021664,-0.0641267472076049,
1.94640265001023));
#1914=CARTESIAN_POINT('Ctrl Pts',(0.98827099210388,1.39687600774461,2.02538716347137));
#1915=CARTESIAN_POINT('Ctrl Pts',(-0.629627515921378,1.59107238257275,2.10437167693252));
#1916=CARTESIAN_POINT('Ctrl Pts',(-1.67652605677088,0.342348530174231,2.18335619039366));
#1917=CARTESIAN_POINT('Ctrl Pts',(-1.20300768580491,-1.21684618708763,2.26234070385481));
#1918=CARTESIAN_POINT('Ctrl Pts',(0.361500725651948,-1.67250092991362,2.34132521731595));
#1919=CARTESIAN_POINT('Ctrl Pts',(1.59816942671335,-0.611389089441185,2.4203097307771));
#1920=CARTESIAN_POINT('Ctrl Pts',(1.3854816954544,1.00418255647685,2.49929424423825));
#1921=CARTESIAN_POINT('Ctrl Pts',(-0.08367908153253,1.70907575797417,2.57827875769939));
#1922=CARTESIAN_POINT('Ctrl Pts',(-1.47695252577282,0.864033200628449,2.65726327116054));
#1923=CARTESIAN_POINT('Ctrl Pts',(-1.53079936875187,-0.764588404178826,
2.73624778462168));
#1924=CARTESIAN_POINT('Ctrl Pts',(-0.19638669768345,-1.69981599008539,2.81523229808283));
#1925=CARTESIAN_POINT('Ctrl Pts',(1.31612619151718,-1.09350536495194,2.89421681154397));
#1926=CARTESIAN_POINT('Ctrl Pts',(1.63506352512397,0.504489250614376,2.97320132500511));
#1927=CARTESIAN_POINT('Ctrl Pts',(0.471185709234166,1.64496995795962,3.05218583846626));
#1928=CARTESIAN_POINT('Ctrl Pts',(-1.12000352125408,1.29365151704601,3.1311703519274));
#1929=CARTESIAN_POINT('Ctrl Pts',(-1.69547797168213,-0.230860526544695,
3.21015486538856));
#1930=CARTESIAN_POINT('Ctrl Pts',(-0.733348296388872,-1.54600854181291,
3.28913937884969));
#1931=CARTESIAN_POINT('Ctrl Pts',(0.893844201868807,-1.45910406687344,3.36812389231084));
#1932=CARTESIAN_POINT('Ctrl Pts',(1.71042249250764,-0.0489594964795608,
3.44710840577199));
#1933=CARTESIAN_POINT('Ctrl Pts',(0.975843690500639,1.40558572377465,3.52609291923313));
#1934=CARTESIAN_POINT('Ctrl Pts',(-0.643713453690283,1.58542584965268,3.60507743269428));
#1935=CARTESIAN_POINT('Ctrl Pts',(-1.67949630016882,0.327466506462329,3.68406194615542));
#1936=CARTESIAN_POINT('Ctrl Pts',(-1.19216856464557,-1.22746741244527,3.76304645961657));
#1937=CARTESIAN_POINT('Ctrl Pts',(0.37631937128998,-1.66922912333297,3.84203097307771));
#1938=CARTESIAN_POINT('Ctrl Pts',(1.60352878415099,-0.597191404196145,3.92101548653886));
#1939=CARTESIAN_POINT('Ctrl Pts',(1.37652144219042,1.0164304473382,4.));
#1940=CARTESIAN_POINT('Ctrl Pts',(-0.0988330235411564,1.70826642243316,
4.07898451346115));
#1941=CARTESIAN_POINT('Ctrl Pts',(-1.48455726780048,0.850900611857373,4.15796902692229));
#1942=CARTESIAN_POINT('Ctrl Pts',(-1.52395828321078,-0.778134491269423,
4.23695354038344));
#1943=CARTESIAN_POINT('Ctrl Pts',(-0.181303861923709,-1.70149083258868,
4.31593805384458));
#1944=CARTESIAN_POINT('Ctrl Pts',(1.32577236932078,-1.08179006331617,4.39492256730573));
#1945=CARTESIAN_POINT('Ctrl Pts',(1.63052507805848,0.518970243099309,4.47390708076688));
#1946=CARTESIAN_POINT('Ctrl Pts',(0.45657846871749,1.64908407548153,4.55289159422801));
#1947=CARTESIAN_POINT('Ctrl Pts',(-1.13143242539524,1.28366766199455,4.63187610768917));
#1948=CARTESIAN_POINT('Ctrl Pts',(-1.69336390497154,-0.24588801934081,4.7108606211503));
#1949=CARTESIAN_POINT('Ctrl Pts',(-0.719608339636487,-1.55245169309255,
4.78984513461146));
#1950=CARTESIAN_POINT('Ctrl Pts',(0.906749226104645,-1.45111923298999,4.8688296480726));
#1951=CARTESIAN_POINT('Ctrl Pts',(1.71078969551625,-0.033788850355726,4.94781416153374));
#1952=CARTESIAN_POINT('Ctrl Pts',(0.963339132646585,1.41418574956372,5.02679867499489));
#1953=CARTESIAN_POINT('Ctrl Pts',(-0.657747807451876,1.57965296943717,5.10578318845603));
#1954=CARTESIAN_POINT('Ctrl Pts',(-1.68233625362188,0.312561853596708,5.18476770191718));
#1955=CARTESIAN_POINT('Ctrl Pts',(-1.18123223269324,-1.23799803526352,5.26375221537832));
#1956=CARTESIAN_POINT('Ctrl Pts',(0.391101878617523,-1.66581472837289,5.34273672883947));
#1957=CARTESIAN_POINT('Ctrl Pts',(1.60877444257175,-0.582968212182189,5.42172124230061));
#1958=CARTESIAN_POINT('Ctrl Pts',(1.36742930407146,1.02863918307168,5.50070575576176));
#1959=CARTESIAN_POINT('Ctrl Pts',(-0.113934314130027,1.70724520025156,5.5796902692229));
#1960=CARTESIAN_POINT('Ctrl Pts',(-1.4921305370681,0.837848447304133,5.65867478268405));
#1961=CARTESIAN_POINT('Ctrl Pts',(-1.51683514448784,-0.791899651313282,
5.73765929614519));
#1962=CARTESIAN_POINT('Ctrl Pts',(-0.166515792937009,-1.70249703274321,
5.81664380960634));
#1963=CARTESIAN_POINT('Ctrl Pts',(1.33590848960673,-1.0710246499422,5.89562832306748));
#1964=CARTESIAN_POINT('Ctrl Pts',(1.62466948777233,0.535535311540765,5.97461283652862));
#1965=CARTESIAN_POINT('Ctrl Pts',(0.838046470690663,1.2770501312652,6.02726917883606));
#1966=CARTESIAN_POINT('Ctrl Pts',(0.374537582415146,1.40096572423087,6.05359734998977));
#1967=CARTESIAN_POINT('Ctrl Pts',(1.16913659442518,-1.00696009035904,-0.160792049969311));
#1968=CARTESIAN_POINT('Ctrl Pts',(1.50228889354825,-0.620151766820833,-0.134463878815596));
#1969=CARTESIAN_POINT('Ctrl Pts',(1.74920905946194,0.503262372402878,-0.0818075365081661));
#1970=CARTESIAN_POINT('Ctrl Pts',(0.532215938202979,1.74237218459275,-0.00282302304702111));
#1971=CARTESIAN_POINT('Ctrl Pts',(-1.16705092678782,1.39673031087429,0.0761614904141239));
#1972=CARTESIAN_POINT('Ctrl Pts',(-1.80811355790387,-0.213259785598157,
0.155146003875269));
#1973=CARTESIAN_POINT('Ctrl Pts',(-0.809334322645719,-1.6310593490325,0.234130517336414));
#1974=CARTESIAN_POINT('Ctrl Pts',(0.923371252635462,-1.56903895344122,0.313115030797559));
#1975=CARTESIAN_POINT('Ctrl Pts',(1.81870971189598,-0.0844147016707349,
0.392099544258704));
#1976=CARTESIAN_POINT('Ctrl Pts',(1.06467397181772,1.47694004596225,0.47108405771985));
#1977=CARTESIAN_POINT('Ctrl Pts',(-0.65489214298614,1.69878687726445,0.550068571180994));
#1978=CARTESIAN_POINT('Ctrl Pts',(-1.78054977394645,0.380077529514949,0.62905308464214));
#1979=CARTESIAN_POINT('Ctrl Pts',(-1.29145101228048,-1.28334421002196,0.708037598103284));
#1980=CARTESIAN_POINT('Ctrl Pts',(0.36884474876065,-1.78290639501113,0.787022111564429));
#1981=CARTESIAN_POINT('Ctrl Pts',(1.69464113752313,-0.665584001041359,0.866006625025574));
#1982=CARTESIAN_POINT('Ctrl Pts',(1.48359203691054,1.05535050703525,0.94499113848672));
#1983=CARTESIAN_POINT('Ctrl Pts',(-0.0729047949264674,1.81920113942576,
1.02397565194786));
#1984=CARTESIAN_POINT('Ctrl Pts',(-1.56328541315109,0.933245953334254,1.10296016540901));
#1985=CARTESIAN_POINT('Ctrl Pts',(-1.63594535947901,-0.799056855955086,
1.18194467887015));
#1986=CARTESIAN_POINT('Ctrl Pts',(-0.224990454841332,-1.80670642597531,
1.2609291923313));
#1987=CARTESIAN_POINT('Ctrl Pts',(1.39000500726199,-1.17588056590148,1.33991370579244));
#1988=CARTESIAN_POINT('Ctrl Pts',(1.7444252925816,0.521334226513521,1.41889821925359));
#1989=CARTESIAN_POINT('Ctrl Pts',(0.516851847252815,1.74575860716572,1.49788273271473));
#1990=CARTESIAN_POINT('Ctrl Pts',(-1.17944696564211,1.38698011259927,1.57686724617588));
#1991=CARTESIAN_POINT('Ctrl Pts',(-1.80612260903542,-0.229630331807069,
1.65585175963702));
#1992=CARTESIAN_POINT('Ctrl Pts',(-0.794852127009729,-1.63799238738687,
1.73483627309817));
#1993=CARTESIAN_POINT('Ctrl Pts',(0.937258100882907,-1.5608831544073,1.81382078655932));
#1994=CARTESIAN_POINT('Ctrl Pts',(1.81938269223832,-0.0682318613547878,
1.89280530002046));
#1995=CARTESIAN_POINT('Ctrl Pts',(1.0515357826569,1.4862979059533,1.97178981348161));
#1996=CARTESIAN_POINT('Ctrl Pts',(-0.669933518262283,1.69292588413499,2.05077432694275));
#1997=CARTESIAN_POINT('Ctrl Pts',(-1.78384992915582,0.364264187145506,2.1297588404039));
#1998=CARTESIAN_POINT('Ctrl Pts',(-1.28001898117249,-1.29474336283845,2.20874335386504));
#1999=CARTESIAN_POINT('Ctrl Pts',(0.384642422490029,-1.7795671312654,2.28772786732619));
#2000=CARTESIAN_POINT('Ctrl Pts',(1.70047725003014,-0.650527547413689,2.36671238078733));
#2001=CARTESIAN_POINT('Ctrl Pts',(1.47417417957899,1.06846593585366,2.44569689424848));
#2002=CARTESIAN_POINT('Ctrl Pts',(-0.089035850687066,1.81848332000056,2.52468140770962));
#2003=CARTESIAN_POINT('Ctrl Pts',(-1.5715005727623,0.919344830642246,2.60366592117077));
#2004=CARTESIAN_POINT('Ctrl Pts',(-1.62879445533902,-0.813534012859163,
2.68265043463191));
#2005=CARTESIAN_POINT('Ctrl Pts',(-0.208958515935341,-1.80863078223314,
2.76163494809306));
#2006=CARTESIAN_POINT('Ctrl Pts',(1.40037883933641,-1.16350680022125,2.8406194615542));
#2007=CARTESIAN_POINT('Ctrl Pts',(1.73973314740808,0.536784448016077,2.91960397501535));
#2008=CARTESIAN_POINT('Ctrl Pts',(0.501348959440285,1.7502737467866,2.99858848847649));
#2009=CARTESIAN_POINT('Ctrl Pts',(-1.19170125270317,1.37646543441121,3.07757300193763));
#2010=CARTESIAN_POINT('Ctrl Pts',(-1.80401506284716,-0.245639208683,3.15655751539878));
#2011=CARTESIAN_POINT('Ctrl Pts',(-0.780294049875668,-1.64497725320123,
3.23554202885992));
#2012=CARTESIAN_POINT('Ctrl Pts',(0.951064201919484,-1.55250953351504,3.31452654232107));
#2013=CARTESIAN_POINT('Ctrl Pts',(1.81991626659415,-0.0520936695101451,
3.39351105578221));
#2014=CARTESIAN_POINT('Ctrl Pts',(1.03831293950752,1.49556517994549,3.47249556924337));
#2015=CARTESIAN_POINT('Ctrl Pts',(-0.684921176217062,1.68691788485054,3.5514800827045));
#2016=CARTESIAN_POINT('Ctrl Pts',(-1.78701031455729,0.348429481304247,3.63046459616565));
#2017=CARTESIAN_POINT('Ctrl Pts',(-1.26848598683929,-1.30604451263284,3.70944910962679));
#2018=CARTESIAN_POINT('Ctrl Pts',(0.400409693070065,-1.77608587792399,3.78843362308794));
#2019=CARTESIAN_POINT('Ctrl Pts',(1.70617969011262,-0.635420988397645,3.86741813654909));
#2020=CARTESIAN_POINT('Ctrl Pts',(1.46464033005389,1.08149788316941,3.94640265001022));
#2021=CARTESIAN_POINT('Ctrl Pts',(-0.105159881846227,1.8176221743347,4.02538716347138));
#2022=CARTESIAN_POINT('Ctrl Pts',(-1.57959213714479,0.905371550922372,4.10437167693251));
#2023=CARTESIAN_POINT('Ctrl Pts',(-1.62151543339449,-0.827947261254145,
4.18335619039367));
#2024=CARTESIAN_POINT('Ctrl Pts',(-0.19291014293641,-1.81041284083508,4.26234070385481));
#2025=CARTESIAN_POINT('Ctrl Pts',(1.41064252329294,-1.15104153616608,4.34132521731596));
#2026=CARTESIAN_POINT('Ctrl Pts',(1.73490416879271,0.552192450363567,4.4203097307771));
#2027=CARTESIAN_POINT('Ctrl Pts',(0.485806627213714,1.75465123213516,4.49929424423825));
#2028=CARTESIAN_POINT('Ctrl Pts',(-1.20386178534756,1.36584245658494,4.57827875769939));
#2029=CARTESIAN_POINT('Ctrl Pts',(-1.80176566282341,-0.2616286959036,4.65726327116054));
#2030=CARTESIAN_POINT('Ctrl Pts',(-0.765674521130283,-1.65183286687172,
4.73624778462168));
#2031=CARTESIAN_POINT('Ctrl Pts',(0.964795349416939,-1.544013545457,4.81523229808283));
#2032=CARTESIAN_POINT('Ctrl Pts',(1.82030697633485,-0.03595186491131,4.89421681154397));
#2033=CARTESIAN_POINT('Ctrl Pts',(1.02500789449972,1.50471574180679,4.97320132500512));
#2034=CARTESIAN_POINT('Ctrl Pts',(-0.699853947981779,1.68077545006887,5.05218583846626));
#2035=CARTESIAN_POINT('Ctrl Pts',(-1.79003206942092,0.332570697689728,5.13117035192741));
#2036=CARTESIAN_POINT('Ctrl Pts',(-1.25684955870291,-1.31724925990916,5.21015486538855));
#2037=CARTESIAN_POINT('Ctrl Pts',(0.416138511922884,-1.77245290831815,5.28913937884971));
#2038=CARTESIAN_POINT('Ctrl Pts',(1.71176115266397,-0.620287289780796,5.36812389231084));
#2039=CARTESIAN_POINT('Ctrl Pts',(1.45496615298167,1.0944881688171,5.44710840577199));
#2040=CARTESIAN_POINT('Ctrl Pts',(-0.121227891071806,1.81653557797137,5.52609291923313));
#2041=CARTESIAN_POINT('Ctrl Pts',(-1.58765021401868,0.891483843827338,5.60507743269427));
#2042=CARTESIAN_POINT('Ctrl Pts',(-1.61393630245585,-0.842593606695595,
5.68406194615543));
#2043=CARTESIAN_POINT('Ctrl Pts',(-0.177175406391314,-1.81148345352679,
5.76304645961657));
#2044=CARTESIAN_POINT('Ctrl Pts',(1.42142751370867,-1.1395869680686,5.84203097307771));
#2045=CARTESIAN_POINT('Ctrl Pts',(1.72867372920311,0.569817942103713,5.92101548653886));
#2046=CARTESIAN_POINT('Ctrl Pts',(0.891694543805787,1.35880130045434,5.97367182884629));
#2047=CARTESIAN_POINT('Ctrl Pts',(0.398513841857191,1.49064942821853,6.));
#2048=CARTESIAN_POINT('Ctrl Pts',(0.398513841857191,1.49064942821853,6.));
#2049=CARTESIAN_POINT('Ctrl Pts',(0.456286483664655,1.46953954268777,6.));
#2050=CARTESIAN_POINT('Ctrl Pts',(0.512476813077538,1.44477586939336,6.));
#2051=CARTESIAN_POINT('Ctrl Pts',(0.566883998792479,1.41666352435771,6.));
#2052=CARTESIAN_POINT('Ctrl Pts',(0.620667746262771,1.38887331160682,6.));
#2053=CARTESIAN_POINT('Ctrl Pts',(0.672709643677818,1.35780965045521,6.));
#2054=CARTESIAN_POINT('Ctrl Pts',(0.72278359754815,1.32372248524943,6.));
#2055=CARTESIAN_POINT('Ctrl Pts',(0.760846944363972,1.29781137795889,6.));
#2056=CARTESIAN_POINT('Ctrl Pts',(0.797772607411186,1.27015223554091,6.));
#2057=CARTESIAN_POINT('Ctrl Pts',(0.833445135486499,1.24084279039267,6.));
#2058=CARTESIAN_POINT('Ctrl Pts',(0.852389215771976,1.22527785816138,6.));
#2059=CARTESIAN_POINT('Ctrl Pts',(0.870979631694263,1.20924736004736,6.));
#2060=CARTESIAN_POINT('Ctrl Pts',(0.889197201947427,1.19276512792861,6.));
#2061=CARTESIAN_POINT('Ctrl Pts',(0.897059305431427,1.18565193924516,6.));
#2062=CARTESIAN_POINT('Ctrl Pts',(0.904852147294457,1.17845428986267,6.));
#2063=CARTESIAN_POINT('Ctrl Pts',(0.912563290379094,1.1711838606168,6.));
#2064=CARTESIAN_POINT('Ctrl Pts',(0.955643345145711,1.13056595395219,6.));
#2065=CARTESIAN_POINT('Ctrl Pts',(0.996263324109536,1.08760198157157,6.));
#2066=CARTESIAN_POINT('Ctrl Pts',(1.03421640643164,1.0425320920159,6.));
#2067=CARTESIAN_POINT('Ctrl Pts',(1.07139376648703,0.998383385003208,6.));
#2068=CARTESIAN_POINT('Ctrl Pts',(1.10601257633299,0.952213026741325,6.));
#2069=CARTESIAN_POINT('Ctrl Pts',(1.1378354775779,0.904223637617778,6.));
#2070=CARTESIAN_POINT('Ctrl Pts',(1.16133756054894,0.868782161171887,6.));
#2071=CARTESIAN_POINT('Ctrl Pts',(1.18331385239577,0.832348018039919,6.));
#2072=CARTESIAN_POINT('Ctrl Pts',(1.20365107429364,0.794998815703351,6.));
#2073=CARTESIAN_POINT('Ctrl Pts',(1.21403890499616,0.775921618596735,6.));
#2074=CARTESIAN_POINT('Ctrl Pts',(1.22399885381495,0.756605653055807,6.));
#2075=CARTESIAN_POINT('Ctrl Pts',(1.23351413373112,0.737061173734975,6.));
#2076=CARTESIAN_POINT('Ctrl Pts',(1.23849314415995,0.726834236932113,6.));
#2077=CARTESIAN_POINT('Ctrl Pts',(1.24334685586959,0.716551828525255,6.));
#2078=CARTESIAN_POINT('Ctrl Pts',(1.24807019903559,0.706222801991122,6.));
#2079=CARTESIAN_POINT('Ctrl Pts',(1.2712384782256,0.655558312434968,6.));
#2080=CARTESIAN_POINT('Ctrl Pts',(1.2913003376502,0.603719387098041,6.));
#2081=CARTESIAN_POINT('Ctrl Pts',(1.30804264687664,0.550895650464301,6.));
#2082=CARTESIAN_POINT('Ctrl Pts',(1.31967627837987,0.514190326347458,6.));
#2083=CARTESIAN_POINT('Ctrl Pts',(1.3297061739013,0.477009117650342,6.));
#2084=CARTESIAN_POINT('Ctrl Pts',(1.33804606186718,0.439413516818396,6.));
#2085=CARTESIAN_POINT('Ctrl Pts',(1.3500022390845,0.385515950331024,6.));
#2086=CARTESIAN_POINT('Ctrl Pts',(1.35848657084202,0.330765702930877,6.));
#2087=CARTESIAN_POINT('Ctrl Pts',(1.36355576405751,0.275479300399515,6.));
#2088=CARTESIAN_POINT('Ctrl Pts',(1.36503886980499,0.259304027951593,6.));
#2089=CARTESIAN_POINT('Ctrl Pts',(1.36622935561475,0.24308295013919,6.));
#2090=CARTESIAN_POINT('Ctrl Pts',(1.36712794560552,0.226824273704215,6.));
#2091=CARTESIAN_POINT('Ctrl Pts',(1.36781859188713,0.21432803566577,6.));
#2092=CARTESIAN_POINT('Ctrl Pts',(1.36833674493646,0.201806475649913,6.));
#2093=CARTESIAN_POINT('Ctrl Pts',(1.36868235589953,0.1892881643345,6.));
#2094=CARTESIAN_POINT('Ctrl Pts',(1.37021898812258,0.133630090368476,6.));
#2095=CARTESIAN_POINT('Ctrl Pts',(1.36835629390779,0.0779374304684305,6.));
#2096=CARTESIAN_POINT('Ctrl Pts',(1.36320220288161,0.022528399466888,6.));
#2097=CARTESIAN_POINT('Ctrl Pts',(1.35805220442036,-0.0328366344349072,
6.));
#2098=CARTESIAN_POINT('Ctrl Pts',(1.34961557088352,-0.0879196346535177,
6.00000000000001));
#2099=CARTESIAN_POINT('Ctrl Pts',(1.33795069414713,-0.142387899858243,6.00000000000001));
#2100=CARTESIAN_POINT('Ctrl Pts',(1.33071811024014,-0.176159906821028,6.00000000000001));
#2101=CARTESIAN_POINT('Ctrl Pts',(1.32224352224247,-0.209695217334452,6.));
#2102=CARTESIAN_POINT('Ctrl Pts',(1.31253248271207,-0.242908683471543,6.));
#2103=CARTESIAN_POINT('Ctrl Pts',(1.30751760017048,-0.260060465312708,6.));
#2104=CARTESIAN_POINT('Ctrl Pts',(1.302172882152,-0.277126330786131,6.));
#2105=CARTESIAN_POINT('Ctrl Pts',(1.29649848928304,-0.294093920919992,6.));
#2106=CARTESIAN_POINT('Ctrl Pts',(1.29235659366534,-0.306479032215803,6.));
#2107=CARTESIAN_POINT('Ctrl Pts',(1.28803837654486,-0.318813143639357,6.));
#2108=CARTESIAN_POINT('Ctrl Pts',(1.28355134451323,-0.331071924112819,6.));
#2109=CARTESIAN_POINT('Ctrl Pts',(1.26511556927356,-0.381439320629749,6.));
#2110=CARTESIAN_POINT('Ctrl Pts',(1.24380851950262,-0.430614197148488,6.));
#2111=CARTESIAN_POINT('Ctrl Pts',(1.21967456771966,-0.478282185620739,6.));
#2112=CARTESIAN_POINT('Ctrl Pts',(1.20358277331206,-0.510065769064422,6.));
#2113=CARTESIAN_POINT('Ctrl Pts',(1.18623333874061,-0.541178884211605,6.));
#2114=CARTESIAN_POINT('Ctrl Pts',(1.16763049087807,-0.571518981093783,6.));
#2115=CARTESIAN_POINT('Ctrl Pts',(1.15898282548936,-0.585622789695381,6.));
#2116=CARTESIAN_POINT('Ctrl Pts',(1.15006161647913,-0.599562965466561,6.));
#2117=CARTESIAN_POINT('Ctrl Pts',(1.14088302709125,-0.613305325377778,6.));
#2118=CARTESIAN_POINT('Ctrl Pts',(1.1124238814745,-0.655914903527965,6.));
#2119=CARTESIAN_POINT('Ctrl Pts',(1.08146835074028,-0.696668534318777,6.));
#2120=CARTESIAN_POINT('Ctrl Pts',(1.04804025315952,-0.735264658347085,6.));
#2121=CARTESIAN_POINT('Ctrl Pts',(1.03017158317819,-0.75589584745841,6.));
#2122=CARTESIAN_POINT('Ctrl Pts',(1.01159587612277,-0.775909919074944,6.));
#2123=CARTESIAN_POINT('Ctrl Pts',(0.99231337088416,-0.795255647153513,6.));
#2124=CARTESIAN_POINT('Ctrl Pts',(0.98172393662743,-0.805879801696792,6.));
#2125=CARTESIAN_POINT('Ctrl Pts',(0.970921291371488,-0.816302314602886,
6.));
#2126=CARTESIAN_POINT('Ctrl Pts',(0.959912600260124,-0.826520170900408,
6.));
#2127=CARTESIAN_POINT('Ctrl Pts',(0.958116152722385,-0.825211298936494,
-4.16333634234434E-16));
#2128=CARTESIAN_POINT('Ctrl Pts',(0.995001880978242,-0.79076493085647,-4.24738393392486E-16));
#2129=CARTESIAN_POINT('Ctrl Pts',(1.02950818739414,-0.754080410499121,-4.0122766858348E-16));
#2130=CARTESIAN_POINT('Ctrl Pts',(1.0616334795082,-0.715477536365387,-3.98986399474666E-16));
#2131=CARTESIAN_POINT('Ctrl Pts',(1.0952003432426,-0.675142419373996,-3.96644556963146E-16));
#2132=CARTESIAN_POINT('Ctrl Pts',(1.12616832995733,-0.632712462977444,-2.46374050404032E-16));
#2133=CARTESIAN_POINT('Ctrl Pts',(1.15450755886798,-0.588502753768818,-2.42861286636753E-16));
#2134=CARTESIAN_POINT('Ctrl Pts',(1.17741890028648,-0.552760647133345,-2.40021331807763E-16));
#2135=CARTESIAN_POINT('Ctrl Pts',(1.19861159630292,-0.515854101737175,-3.73890478117709E-16));
#2136=CARTESIAN_POINT('Ctrl Pts',(1.21805313651971,-0.477931184615712,-4.19803081186387E-16));
#2137=CARTESIAN_POINT('Ctrl Pts',(1.22677505566196,-0.460918097530886,-4.40400523935758E-16));
#2138=CARTESIAN_POINT('Ctrl Pts',(1.23514431585436,-0.443700264612319,-3.8504012814056E-16));
#2139=CARTESIAN_POINT('Ctrl Pts',(1.24315686068471,-0.426290253504078,-3.92047505570758E-16));
#2140=CARTESIAN_POINT('Ctrl Pts',(1.24679916874288,-0.418376085771477,-3.95232888969048E-16));
#2141=CARTESIAN_POINT('Ctrl Pts',(1.25036693769558,-0.410423835017814,-4.47070506198519E-16));
#2142=CARTESIAN_POINT('Ctrl Pts',(1.25385623919794,-0.402443359549016,-4.5102810375397E-16));
#2143=CARTESIAN_POINT('Ctrl Pts',(1.27567013057414,-0.352552220910288,-4.75769618101991E-16));
#2144=CARTESIAN_POINT('Ctrl Pts',(1.29446290680327,-0.301469060767877,-6.79112019243208E-16));
#2145=CARTESIAN_POINT('Ctrl Pts',(1.31020742290727,-0.24952527229244,-6.31439345255558E-16));
#2146=CARTESIAN_POINT('Ctrl Pts',(1.3262457089716,-0.196612287648681,-5.82877167935197E-16));
#2147=CARTESIAN_POINT('Ctrl Pts',(1.33912151984223,-0.142805334226397,-5.67312158542815E-16));
#2148=CARTESIAN_POINT('Ctrl Pts',(1.34876535268414,-0.0884200938238449,
-5.27355936696949E-16));
#2149=CARTESIAN_POINT('Ctrl Pts',(1.35577118913644,-0.0489115181438856,
-4.98329432391775E-16));
#2150=CARTESIAN_POINT('Ctrl Pts',(1.36107055471451,-0.00909696716128485,
-3.48181245822638E-16));
#2151=CARTESIAN_POINT('Ctrl Pts',(1.36462092659661,0.0309092401623439,-3.05311331771918E-16));
#2152=CARTESIAN_POINT('Ctrl Pts',(1.36591049565671,0.0454403284228073,-2.89740085546296E-16));
#2153=CARTESIAN_POINT('Ctrl Pts',(1.36696918423399,0.0599967357446412,-1.91998929291926E-16));
#2154=CARTESIAN_POINT('Ctrl Pts',(1.36779447104381,0.0745730679089677,-1.66533453693773E-16));
#2155=CARTESIAN_POINT('Ctrl Pts',(1.36834606990199,0.0843154848272376,-1.49513034736362E-16));
#2156=CARTESIAN_POINT('Ctrl Pts',(1.36879323265633,0.0940654577500563,-6.59302697236271E-16));
#2157=CARTESIAN_POINT('Ctrl Pts',(1.36913505895288,0.103809025084711,-6.52256026967279E-16));
#2158=CARTESIAN_POINT('Ctrl Pts',(1.37112781246824,0.160611349115073,-6.11175872830016E-16));
#2159=CARTESIAN_POINT('Ctrl Pts',(1.36955127350231,0.217306284368273,-4.19493646091146E-16));
#2160=CARTESIAN_POINT('Ctrl Pts',(1.36434738295334,0.273561191610484,-4.16333634234434E-16));
#2161=CARTESIAN_POINT('Ctrl Pts',(1.36074854673272,0.312465199269003,-4.14148275987459E-16));
#2162=CARTESIAN_POINT('Ctrl Pts',(1.35541398571777,0.351159427748517,-4.34036561913979E-16));
#2163=CARTESIAN_POINT('Ctrl Pts',(1.34831063527611,0.389538449146564,-4.44089209850063E-16));
#2164=CARTESIAN_POINT('Ctrl Pts',(1.33830536527046,0.443596386283962,-4.28646189837392E-16));
#2165=CARTESIAN_POINT('Ctrl Pts',(1.32479329766972,0.497029563267561,-6.23760148962832E-16));
#2166=CARTESIAN_POINT('Ctrl Pts',(1.30800145896242,0.549634599937126,-7.21644966006352E-16));
#2167=CARTESIAN_POINT('Ctrl Pts',(1.30339663325996,0.564060478434234,-7.48487918065321E-16));
#2168=CARTESIAN_POINT('Ctrl Pts',(1.29854486180747,0.578424046845782,-5.25667700718398E-16));
#2169=CARTESIAN_POINT('Ctrl Pts',(1.29345016680981,0.592721001790047,-5.27355936696949E-16));
#2170=CARTESIAN_POINT('Ctrl Pts',(1.28886933236086,0.605575938887121,-5.28873894009811E-16));
#2171=CARTESIAN_POINT('Ctrl Pts',(1.28409031643533,0.618381176301332,-2.50407363465805E-16));
#2172=CARTESIAN_POINT('Ctrl Pts',(1.27912695113811,0.631106371075238,-2.4980018054066E-16));
#2173=CARTESIAN_POINT('Ctrl Pts',(1.25852297700279,0.683931333230531,-2.47279636406603E-16));
#2174=CARTESIAN_POINT('Ctrl Pts',(1.23471884837443,0.735461420032997,-2.54285108127758E-16));
#2175=CARTESIAN_POINT('Ctrl Pts',(1.20800072078248,0.785488277255565,-3.19189119579733E-16));
#2176=CARTESIAN_POINT('Ctrl Pts',(1.18064248429726,0.836713670419706,-3.85648091602811E-16));
#2177=CARTESIAN_POINT('Ctrl Pts',(1.15022860255317,0.886363843746907,-4.62504762580172E-16));
#2178=CARTESIAN_POINT('Ctrl Pts',(1.11701080437613,0.934209480934693,-5.13478148889135E-16));
#2179=CARTESIAN_POINT('Ctrl Pts',(1.09637947756449,0.963926049506505,-5.45137339122983E-16));
#2180=CARTESIAN_POINT('Ctrl Pts',(1.07466544621573,0.992946347198298,-4.03658094157019E-16));
#2181=CARTESIAN_POINT('Ctrl Pts',(1.05191962051149,1.02121196815369,-4.02455846426619E-16));
#2182=CARTESIAN_POINT('Ctrl Pts',(1.04061124267674,1.03526458271486,-4.01858133608316E-16));
#2183=CARTESIAN_POINT('Ctrl Pts',(1.02904773110172,1.0491306102761,-3.49136308862475E-16));
#2184=CARTESIAN_POINT('Ctrl Pts',(1.01723475725086,1.06280250500431,-3.46944695195361E-16));
#2185=CARTESIAN_POINT('Ctrl Pts',(1.00981194520549,1.0713933904285,-3.45567570642946E-16));
#2186=CARTESIAN_POINT('Ctrl Pts',(1.00229062859575,1.07990761966367,-4.9273338917671E-16));
#2187=CARTESIAN_POINT('Ctrl Pts',(0.994672142187177,1.08834326127802,-4.85722573273506E-16));
#2188=CARTESIAN_POINT('Ctrl Pts',(0.987297361871467,1.09650905700064,-4.78936024824481E-16));
#2189=CARTESIAN_POINT('Ctrl Pts',(0.979837936016861,1.10459410896678,-2.99798981153947E-16));
#2190=CARTESIAN_POINT('Ctrl Pts',(0.97229606548625,1.11259643470471,-3.19189119579733E-16));
#2191=CARTESIAN_POINT('Ctrl Pts',(0.930844914679223,1.15657831023852,-4.25759969449681E-16));
#2192=CARTESIAN_POINT('Ctrl Pts',(0.886902408195615,1.19806828829717,-4.28331105230792E-16));
#2193=CARTESIAN_POINT('Ctrl Pts',(0.840725011661606,1.23681385982711,-4.9960036108132E-16));
#2194=CARTESIAN_POINT('Ctrl Pts',(0.808814728332322,1.26358847810523,-5.48850044206757E-16));
#2195=CARTESIAN_POINT('Ctrl Pts',(0.775836119990897,1.28905224013408,-4.02203965322822E-16));
#2196=CARTESIAN_POINT('Ctrl Pts',(0.741861763184809,1.31311368524448,-4.44089209850063E-16));
#2197=CARTESIAN_POINT('Ctrl Pts',(0.72820020095809,1.3227891275646,-4.60931850249592E-16));
#2198=CARTESIAN_POINT('Ctrl Pts',(0.714374989700445,1.33223918730178,-3.95426165154877E-16));
#2199=CARTESIAN_POINT('Ctrl Pts',(0.700411622189297,1.34144421608585,-3.88578058618805E-16));
#2200=CARTESIAN_POINT('Ctrl Pts',(0.649625574383245,1.37492374969482,-3.63670867309527E-16));
#2201=CARTESIAN_POINT('Ctrl Pts',(0.596961100923687,1.40520428907179,-2.66317933906502E-16));
#2202=CARTESIAN_POINT('Ctrl Pts',(0.542657188500234,1.43202093432921,-1.94289029309402E-16));
#2203=CARTESIAN_POINT('Ctrl Pts',(0.512403869542221,1.44696078831304,-1.5416091831843E-16));
#2204=CARTESIAN_POINT('Ctrl Pts',(0.481640986883304,1.46082499311838,3.33844358250206E-17));
#2205=CARTESIAN_POINT('Ctrl Pts',(0.450405152758674,1.47356248062581,5.55111512312578E-17));
#2206=CARTESIAN_POINT('Ctrl Pts',(0.433546658403269,1.48043711251139,6.78581228638437E-17));
#2207=CARTESIAN_POINT('Ctrl Pts',(0.416550343847329,1.48698346571971,7.51703520058468E-17));
#2208=CARTESIAN_POINT('Ctrl Pts',(0.399424945097445,1.4932040500089,8.32667268468867E-17));
#2209=CARTESIAN_POINT('Ctrl Pts',(-1.26245029944713,-0.00015371331434387,
5.80658032638059));
#2210=CARTESIAN_POINT('Ctrl Pts',(-1.26230610613513,0.216318053705708,5.79301004514159));
#2211=CARTESIAN_POINT('Ctrl Pts',(-1.20947677039757,0.432875752429074,5.77943976390259));
#2212=CARTESIAN_POINT('Ctrl Pts',(-1.10439078691103,0.620077220215674,5.76586948266359));
#2213=CARTESIAN_POINT('Ctrl Pts',(-0.900509842193477,0.983273251109116,
5.73954131150987));
#2214=CARTESIAN_POINT('Ctrl Pts',(-0.499928501219974,1.23596884796052,5.71321314035616));
#2215=CARTESIAN_POINT('Ctrl Pts',(-0.0843540363169686,1.26369610751438,
5.68688496920244));
#2216=CARTESIAN_POINT('Ctrl Pts',(0.331220428586031,1.29142336706823,5.66055679804873));
#2217=CARTESIAN_POINT('Ctrl Pts',(0.761788017418526,1.09418228932453,5.63422862689501));
#2218=CARTESIAN_POINT('Ctrl Pts',(1.01214604785749,0.761349872358379,5.6079004557413));
#2219=CARTESIAN_POINT('Ctrl Pts',(1.26250407829644,0.428517455392232,5.58157228458758));
#2220=CARTESIAN_POINT('Ctrl Pts',(1.33265255034187,-0.0399063007963772,
5.55524411343387));
#2221=CARTESIAN_POINT('Ctrl Pts',(1.19076471796783,-0.431486230806907,5.52891594228015));
#2222=CARTESIAN_POINT('Ctrl Pts',(1.04887688559379,-0.823066160817443,5.50258777112644));
#2223=CARTESIAN_POINT('Ctrl Pts',(0.694952748800297,-1.13780226464991,5.47625959997273));
#2224=CARTESIAN_POINT('Ctrl Pts',(0.289486314956763,-1.23299651948112,5.44993142881901));
#2225=CARTESIAN_POINT('Ctrl Pts',(-0.115980118886777,-1.32819077431232,
5.4236032576653));
#2226=CARTESIAN_POINT('Ctrl Pts',(-0.572988849780349,-1.20384318014227,
5.39727508651158));
#2227=CARTESIAN_POINT('Ctrl Pts',(-0.874317722118786,-0.916329424493416,
5.37094691535786));
#2228=CARTESIAN_POINT('Ctrl Pts',(-1.1198786659402,-0.682026788138432,5.34949138569877));
#2229=CARTESIAN_POINT('Ctrl Pts',(-1.26205175512121,-0.339364601988344,
5.32803585603968));
#2230=CARTESIAN_POINT('Ctrl Pts',(-1.26509298210698,0.00105688669631107,
5.30658032638059));
#2231=CARTESIAN_POINT('Ctrl Pts',(-0.398513841857234,1.49064942821852,0.));
#2232=CARTESIAN_POINT('Ctrl Pts',(-0.891694543805825,1.35880130045432,0.026328171153715));
#2233=CARTESIAN_POINT('Ctrl Pts',(-1.72867351989018,0.569816688226538,0.0789845134611449));
#2234=CARTESIAN_POINT('Ctrl Pts',(-1.42142769994787,-1.13958622216473,0.15796902692229));
#2235=CARTESIAN_POINT('Ctrl Pts',(0.177175444878191,-1.81148401259384,0.236953540383435));
#2236=CARTESIAN_POINT('Ctrl Pts',(1.61393637564746,-0.84259334494406,0.31593805384458));
#2237=CARTESIAN_POINT('Ctrl Pts',(1.58765026197548,0.891483701715167,0.394922567305725));
#2238=CARTESIAN_POINT('Ctrl Pts',(0.121227911989079,1.81653575834202,0.473907080766871));
#2239=CARTESIAN_POINT('Ctrl Pts',(-1.45496622458824,1.09448815132468,0.552891594228014));
#2240=CARTESIAN_POINT('Ctrl Pts',(-1.71176121432014,-0.620287279010621,
0.631876107689161));
#2241=CARTESIAN_POINT('Ctrl Pts',(-0.416138534353684,-1.77245300158148,
0.710860621150305));
#2242=CARTESIAN_POINT('Ctrl Pts',(1.2568496134848,-1.31724930189177,0.78984513461145));
#2243=CARTESIAN_POINT('Ctrl Pts',(1.79003214054096,0.332570704545799,0.868829648072595));
#2244=CARTESIAN_POINT('Ctrl Pts',(0.699853977836682,1.68077552259878,0.947814161533741));
#2245=CARTESIAN_POINT('Ctrl Pts',(-1.02500793714123,1.50471580119167,1.02679867499488));
#2246=CARTESIAN_POINT('Ctrl Pts',(-1.82030705033672,-0.0359518651838012,
1.10578318845603));
#2247=CARTESIAN_POINT('Ctrl Pts',(-0.964795389111396,-1.54401360925612,
1.18476770191718));
#2248=CARTESIAN_POINT('Ctrl Pts',(0.765674552578064,-1.65183293404008,1.26375221537832));
#2249=CARTESIAN_POINT('Ctrl Pts',(1.80176573641324,-0.261628706806797,1.34273672883947));
#2250=CARTESIAN_POINT('Ctrl Pts',(1.20386183461613,1.36584251254496,1.42172124230061));
#2251=CARTESIAN_POINT('Ctrl Pts',(-0.485806647102868,1.75465130381607,1.50070575576176));
#2252=CARTESIAN_POINT('Ctrl Pts',(-1.73490423971467,0.552192472975967,1.5796902692229));
#2253=CARTESIAN_POINT('Ctrl Pts',(-1.41064258097888,-1.15104158324857,1.65867478268405));
#2254=CARTESIAN_POINT('Ctrl Pts',(0.192910150828563,-1.81041291484832,1.73765929614519));
#2255=CARTESIAN_POINT('Ctrl Pts',(1.62151549969211,-0.827947295112689,1.81664380960634));
#2256=CARTESIAN_POINT('Ctrl Pts',(1.57959220173207,0.905371587944099,1.89562832306748));
#2257=CARTESIAN_POINT('Ctrl Pts',(0.105159886145187,1.81762224865144,1.97461283652863));
#2258=CARTESIAN_POINT('Ctrl Pts',(-1.46464038993931,1.0814979273903,2.05359734998977));
#2259=CARTESIAN_POINT('Ctrl Pts',(-1.70617975987464,-0.635421014379094,
2.13258186345092));
#2260=CARTESIAN_POINT('Ctrl Pts',(-0.400409709441754,-1.77608595054384,
2.21156637691206));
#2261=CARTESIAN_POINT('Ctrl Pts',(1.26848603870476,-1.30604456603415,2.29055089037321));
#2262=CARTESIAN_POINT('Ctrl Pts',(1.7870103876241,0.348429495550855,2.36953540383435));
#2263=CARTESIAN_POINT('Ctrl Pts',(0.684921204221874,1.68691795382474,2.4485199172955));
#2264=CARTESIAN_POINT('Ctrl Pts',(-1.03831298196179,1.49556524109575,2.52750443075664));
#2265=CARTESIAN_POINT('Ctrl Pts',(-1.81991634100639,-0.0520936716401845,
2.60648894421779));
#2266=CARTESIAN_POINT('Ctrl Pts',(-0.951064240806302,-1.55250959699363,
2.68547345767893));
#2267=CARTESIAN_POINT('Ctrl Pts',(0.780294081780146,-1.64497732046059,2.76445797114008));
#2268=CARTESIAN_POINT('Ctrl Pts',(1.80401513660924,-0.245639218726591,2.84344248460122));
#2269=CARTESIAN_POINT('Ctrl Pts',(1.1917013014291,1.37646549069177,2.92242699806237));
#2270=CARTESIAN_POINT('Ctrl Pts',(-0.501348979939337,1.7502738183513,3.00141151152351));
#2271=CARTESIAN_POINT('Ctrl Pts',(-1.73973321854182,0.536784469963933,3.08039602498466));
#2272=CARTESIAN_POINT('Ctrl Pts',(-1.40037889659468,-1.16350684779442,3.1593805384458));
#2273=CARTESIAN_POINT('Ctrl Pts',(0.208958524479211,-1.80863085618393,3.23836505190695));
#2274=CARTESIAN_POINT('Ctrl Pts',(1.62879452193673,-0.813534046122686,3.3173495653681));
#2275=CARTESIAN_POINT('Ctrl Pts',(1.57150063701736,0.919344868232195,3.39633407882923));
#2276=CARTESIAN_POINT('Ctrl Pts',(0.0890358543275065,1.8184833943542,3.47531859229039));
#2277=CARTESIAN_POINT('Ctrl Pts',(-1.47417423985464,1.06846597954078,3.55430310575152));
#2278=CARTESIAN_POINT('Ctrl Pts',(-1.70047731955877,-0.650527574012341,
3.63328761921268));
#2279=CARTESIAN_POINT('Ctrl Pts',(-0.384642438217137,-1.77956720402782,
3.71227213267382));
#2280=CARTESIAN_POINT('Ctrl Pts',(1.28001903350957,-1.29474341577762,3.79125664613496));
#2281=CARTESIAN_POINT('Ctrl Pts',(1.78385000209341,0.36426420203964,3.87024115959611));
#2282=CARTESIAN_POINT('Ctrl Pts',(0.669933545654249,1.69292595335459,3.94922567305725));
#2283=CARTESIAN_POINT('Ctrl Pts',(-1.05153582565175,1.48629796672515,4.0282101865184));
#2284=CARTESIAN_POINT('Ctrl Pts',(-1.81938276662891,-0.0682318641456789,
4.10719469997954));
#2285=CARTESIAN_POINT('Ctrl Pts',(-0.937258139204892,-1.56088321822644,
4.18617921344069));
#2286=CARTESIAN_POINT('Ctrl Pts',(0.794852159508834,-1.63799245436398,4.26516372690183));
#2287=CARTESIAN_POINT('Ctrl Pts',(1.80612268288483,-0.229630341189997,4.34414824036298));
#2288=CARTESIAN_POINT('Ctrl Pts',(1.17944701386481,1.38698016929863,4.42313275382412));
#2289=CARTESIAN_POINT('Ctrl Pts',(-0.516851868381655,1.745758678566,4.50211726728527));
#2290=CARTESIAN_POINT('Ctrl Pts',(-1.74442536391481,0.521334247793038,4.58110178074641));
#2291=CARTESIAN_POINT('Ctrl Pts',(-1.39000506408188,-1.17588061391431,4.66008629420756));
#2292=CARTESIAN_POINT('Ctrl Pts',(0.224990464014122,-1.80670649996704,4.7390708076687));
#2293=CARTESIAN_POINT('Ctrl Pts',(1.63594542641876,-0.799056888411387,4.81805532112985));
#2294=CARTESIAN_POINT('Ctrl Pts',(1.56328547697757,0.933245991106357,4.89703983459099));
#2295=CARTESIAN_POINT('Ctrl Pts',(0.0729047980802528,1.81920121449926,4.97602434805213));
#2296=CARTESIAN_POINT('Ctrl Pts',(-1.4835920978938,1.05535054895652,5.05500886151329));
#2297=CARTESIAN_POINT('Ctrl Pts',(-1.69464120621174,-0.66558402607607,5.13399337497442));
#2298=CARTESIAN_POINT('Ctrl Pts',(-0.368844764962723,-1.78290647175354,
5.21297788843558));
#2299=CARTESIAN_POINT('Ctrl Pts',(1.29145106717342,-1.28334425575851,5.29196240189671));
#2300=CARTESIAN_POINT('Ctrl Pts',(1.78054984285959,0.380077533332249,5.37094691535786));
#2301=CARTESIAN_POINT('Ctrl Pts',(0.654892177003908,1.69878696695269,5.44993142881901));
#2302=CARTESIAN_POINT('Ctrl Pts',(-1.06467402882354,1.47694007180448,5.52891594228015));
#2303=CARTESIAN_POINT('Ctrl Pts',(-1.81870976119776,-0.0844146468728348,
5.60790045574129));
#2304=CARTESIAN_POINT('Ctrl Pts',(-0.923371336984084,-1.56903911424052,
5.68688496920244));
#2305=CARTESIAN_POINT('Ctrl Pts',(0.809334442338231,-1.63105925864747,5.76586948266359));
#2306=CARTESIAN_POINT('Ctrl Pts',(1.80811347088777,-0.213260043084138,5.84485399612473));
#2307=CARTESIAN_POINT('Ctrl Pts',(1.1670512735891,1.39673075106297,5.92383850958588));
#2308=CARTESIAN_POINT('Ctrl Pts',(-0.532216512343078,1.74237167329939,6.00282302304702));
#2309=CARTESIAN_POINT('Ctrl Pts',(-1.74920818004288,0.503263290358091,6.08180753650817));
#2310=CARTESIAN_POINT('Ctrl Pts',(-1.50228889354823,-0.620151766820878,
6.1344638788156));
#2311=CARTESIAN_POINT('Ctrl Pts',(-1.16913659442515,-1.00696009035908,6.16079204996931));
#2312=CARTESIAN_POINT('Ctrl Pts',(-0.374537582415186,1.40096572423086,-0.0535973499897702));
#2313=CARTESIAN_POINT('Ctrl Pts',(-0.838046470690697,1.27705013126518,-0.0272691788360552));
#2314=CARTESIAN_POINT('Ctrl Pts',(-1.62466929105255,0.535534133102086,0.0253871634713747));
#2315=CARTESIAN_POINT('Ctrl Pts',(-1.335908664641,-1.07102394891502,0.10437167693252));
#2316=CARTESIAN_POINT('Ctrl Pts',(0.166515829108353,-1.70249755817445,0.183356190393665));
#2317=CARTESIAN_POINT('Ctrl Pts',(1.51683521327593,-0.791899405309814,0.26234070385481));
#2318=CARTESIAN_POINT('Ctrl Pts',(1.49213058213962,0.837848313742024,0.341325217315955));
#2319=CARTESIAN_POINT('Ctrl Pts',(0.113934333788829,1.70724536977035,0.4203097307771));
#2320=CARTESIAN_POINT('Ctrl Pts',(-1.36742937136987,1.02863916663167,0.499294244238245));
#2321=CARTESIAN_POINT('Ctrl Pts',(-1.60877450051842,-0.582968202059993,
0.57827875769939));
#2322=CARTESIAN_POINT('Ctrl Pts',(-0.391101899698791,-1.66581481602511,
0.657263271160536));
#2323=CARTESIAN_POINT('Ctrl Pts',(1.18123228417922,-1.23799807472028,0.73624778462168));
#2324=CARTESIAN_POINT('Ctrl Pts',(1.68233632046305,0.31256186004029,0.815232298082825));
#2325=CARTESIAN_POINT('Ctrl Pts',(0.657747835510582,1.57965303760337,0.894216811543971));
#2326=CARTESIAN_POINT('Ctrl Pts',(-0.963339172722601,1.41418580537576,0.973201325005114));
#2327=CARTESIAN_POINT('Ctrl Pts',(-1.71078976506586,-0.0337888506118249,
1.05218583846626));
#2328=CARTESIAN_POINT('Ctrl Pts',(-0.906749263410915,-1.45111929295069,
1.1311703519274));
#2329=CARTESIAN_POINT('Ctrl Pts',(0.719608369192238,-1.55245175621978,1.21015486538855));
#2330=CARTESIAN_POINT('Ctrl Pts',(1.69336397413389,-0.245888029588026,1.28913937884969));
#2331=CARTESIAN_POINT('Ctrl Pts',(1.1314324716996,1.28366771458779,1.36812389231084));
#2332=CARTESIAN_POINT('Ctrl Pts',(-0.45657848741003,1.64908414284982,1.44710840577198));
#2333=CARTESIAN_POINT('Ctrl Pts',(-1.63052514471347,0.518970264351254,1.52609291923313));
#2334=CARTESIAN_POINT('Ctrl Pts',(-1.3257724235361,-1.08179010756597,1.60507743269427));
#2335=CARTESIAN_POINT('Ctrl Pts',(0.181303869341038,-1.70149090214898,1.68406194615542));
#2336=CARTESIAN_POINT('Ctrl Pts',(1.52395834551966,-0.778134523090895,1.76304645961656));
#2337=CARTESIAN_POINT('Ctrl Pts',(1.48455732850192,0.850900646651718,1.84203097307771));
#2338=CARTESIAN_POINT('Ctrl Pts',(0.0988330275814714,1.70826649227869,1.92101548653886));
#2339=CARTESIAN_POINT('Ctrl Pts',(-1.37652149847288,1.01643048889857,2.));
#2340=CARTESIAN_POINT('Ctrl Pts',(-1.60352884971584,-0.597191428614443,
2.07898451346114));
#2341=CARTESIAN_POINT('Ctrl Pts',(-0.376319386676678,-1.6692291915837,2.15796902692229));
#2342=CARTESIAN_POINT('Ctrl Pts',(1.19216861339059,-1.22746746263374,2.23695354038343));
#2343=CARTESIAN_POINT('Ctrl Pts',(1.67949636883963,0.327466519851803,2.31593805384458));
#2344=CARTESIAN_POINT('Ctrl Pts',(0.64371348001021,1.58542591447711,2.39492256730572));
#2345=CARTESIAN_POINT('Ctrl Pts',(-0.975843730400688,1.40558578124585,2.47390708076687));
#2346=CARTESIAN_POINT('Ctrl Pts',(-1.71042256244293,-0.0489594984814489,
2.55289159422802));
#2347=CARTESIAN_POINT('Ctrl Pts',(-0.893844238416034,-1.4591041265329,2.63187610768916));
#2348=CARTESIAN_POINT('Ctrl Pts',(0.733348326373845,-1.54600860502567,2.7108606211503));
#2349=CARTESIAN_POINT('Ctrl Pts',(1.69547804100637,-0.23086053598402,2.78984513461145));
#2350=CARTESIAN_POINT('Ctrl Pts',(1.12000356704845,1.2936515699405,2.8688296480726));
#2351=CARTESIAN_POINT('Ctrl Pts',(-0.471185728499911,1.64497002521869,2.94781416153374));
#2352=CARTESIAN_POINT('Ctrl Pts',(-1.635063591978,0.504489271241757,3.02679867499489));
#2353=CARTESIAN_POINT('Ctrl Pts',(-1.31612624533056,-1.09350540966291,3.10578318845603));
#2354=CARTESIAN_POINT('Ctrl Pts',(0.196386705713286,-1.69981605958699,3.18476770191718));
#2355=CARTESIAN_POINT('Ctrl Pts',(1.53079943134279,-0.764588435441078,3.26375221537832));
#2356=CARTESIAN_POINT('Ctrl Pts',(1.47695258616202,0.864033235956831,3.34273672883947));
#2357=CARTESIAN_POINT('Ctrl Pts',(0.0836790849539469,1.70907582785438,3.42172124230061));
#2358=CARTESIAN_POINT('Ctrl Pts',(-1.38548175210361,1.00418259753558,3.50070575576175));
#2359=CARTESIAN_POINT('Ctrl Pts',(-1.59816949205885,-0.611389114439553,
3.5796902692229));
#2360=CARTESIAN_POINT('Ctrl Pts',(-0.36150074043285,-1.67250099829834,3.65867478268404));
#2361=CARTESIAN_POINT('Ctrl Pts',(1.20300773499317,-1.21684623684176,3.7376592961452));
#2362=CARTESIAN_POINT('Ctrl Pts',(1.67652612532024,0.342348544172273,3.81664380960633));
#2363=CARTESIAN_POINT('Ctrl Pts',(0.62962754166533,1.59107244762782,3.89562832306748));
#2364=CARTESIAN_POINT('Ctrl Pts',(-0.988271032511981,1.39687606486018,3.97461283652863));
#2365=CARTESIAN_POINT('Ctrl Pts',(-1.70992109013158,-0.0641267498305833,
4.05359734998977));
#2366=CARTESIAN_POINT('Ctrl Pts',(-0.88086876962862,-1.46697395569111,4.13258186345092));
#2367=CARTESIAN_POINT('Ctrl Pts',(0.747030529259706,-1.53944397768643,4.21156637691206));
#2368=CARTESIAN_POINT('Ctrl Pts',(1.69745878848358,-0.215814819474417,4.29055089037321));
#2369=CARTESIAN_POINT('Ctrl Pts',(1.10848654867549,1.30353364150652,4.36953540383435));
#2370=CARTESIAN_POINT('Ctrl Pts',(-0.485755898335361,1.64072653512668,4.4485199172955));
#2371=CARTESIAN_POINT('Ctrl Pts',(-1.63947343826126,0.489968599054571,4.52750443075664));
#2372=CARTESIAN_POINT('Ctrl Pts',(-1.3063765459685,-1.10513471826187,4.60648894421779));
#2373=CARTESIAN_POINT('Ctrl Pts',(0.211454096714936,-1.6980074806884,4.68547345767893));
#2374=CARTESIAN_POINT('Ctrl Pts',(1.53752010750374,-0.750982284085924,4.76445797114008));
#2375=CARTESIAN_POINT('Ctrl Pts',(1.46923168450873,0.877098009139817,4.84344248460122));
#2376=CARTESIAN_POINT('Ctrl Pts',(0.0685185405159074,1.70975046093736,4.92242699806237));
#2377=CARTESIAN_POINT('Ctrl Pts',(-1.39433299241456,0.991856246108304,5.00141151152351));
#2378=CARTESIAN_POINT('Ctrl Pts',(-1.59268450369933,-0.625539707376097,
5.08039602498465));
#2379=CARTESIAN_POINT('Ctrl Pts',(-0.346653521272483,-1.67563936171176,
5.1593805384458));
#2380=CARTESIAN_POINT('Ctrl Pts',(1.21375196969928,-1.20613289796444,5.23836505190694));
#2381=CARTESIAN_POINT('Ctrl Pts',(1.67342451746827,0.35721047931777,5.3173495653681));
#2382=CARTESIAN_POINT('Ctrl Pts',(0.615491124660943,1.59658083813516,5.39633407882923));
#2383=CARTESIAN_POINT('Ctrl Pts',(-1.00061878643267,1.38808118003573,5.47531859229039));
#2384=CARTESIAN_POINT('Ctrl Pts',(-1.7092885755219,-0.079335908667157,5.55430310575152));
#2385=CARTESIAN_POINT('Ctrl Pts',(-0.867817455508589,-1.47463915889034,
5.63328761921268));
#2386=CARTESIAN_POINT('Ctrl Pts',(0.760641497384418,-1.53292791202114,5.71227213267381));
#2387=CARTESIAN_POINT('Ctrl Pts',(1.69932980235413,-0.200429426968575,5.79125664613496));
#2388=CARTESIAN_POINT('Ctrl Pts',(1.09683658797783,1.31269758749178,5.87024115959612));
#2389=CARTESIAN_POINT('Ctrl Pts',(-0.500196141056073,1.63754330626248,5.94922567305724));
#2390=CARTESIAN_POINT('Ctrl Pts',(-1.64396850016776,0.472984865997595,6.02821018651841));
#2391=CARTESIAN_POINT('Ctrl Pts',(-1.41190491064627,-0.582840842850342,
6.08086652882583));
#2392=CARTESIAN_POINT('Ctrl Pts',(-1.09879644719089,-0.946377159884894,
6.10719469997954));
#2393=CARTESIAN_POINT('Ctrl Pts',(-0.350561322973138,1.31128202024321,-0.107194699979541));
#2394=CARTESIAN_POINT('Ctrl Pts',(-0.784398397575573,1.19529896207604,-0.0808665288258255));
#2395=CARTESIAN_POINT('Ctrl Pts',(-1.52066506221491,0.501251577977633,-0.0282101865183956));
#2396=CARTESIAN_POINT('Ctrl Pts',(-1.25038962933414,-1.00246167566532,0.0507743269427495));
#2397=CARTESIAN_POINT('Ctrl Pts',(0.155856213338516,-1.59351110375505,0.129758840403895));
#2398=CARTESIAN_POINT('Ctrl Pts',(1.4197340509044,-0.74120546567557,0.20874335386504));
#2399=CARTESIAN_POINT('Ctrl Pts',(1.39661090230377,0.784212925768884,0.287727867326184));
#2400=CARTESIAN_POINT('Ctrl Pts',(0.106640755588579,1.59795498119868,0.36671238078733));
#2401=CARTESIAN_POINT('Ctrl Pts',(-1.2798925181515,0.962790181938671,0.445696894248474));
#2402=CARTESIAN_POINT('Ctrl Pts',(-1.5057877867167,-0.545649125109366,0.52468140770962));
#2403=CARTESIAN_POINT('Ctrl Pts',(-0.366065265043897,-1.55917663046874,
0.603665921170765));
#2404=CARTESIAN_POINT('Ctrl Pts',(1.10561495487364,-1.15874684754878,0.682650434631909));
#2405=CARTESIAN_POINT('Ctrl Pts',(1.57464050038514,0.29255301553478,0.761634948093056));
#2406=CARTESIAN_POINT('Ctrl Pts',(0.61564169318448,1.47853055260796,0.840619461554199));
#2407=CARTESIAN_POINT('Ctrl Pts',(-0.901670408303971,1.32365580955984,0.919603975015345));
#2408=CARTESIAN_POINT('Ctrl Pts',(-1.60127247979501,-0.0316258360398447,
0.998588488476489));
#2409=CARTESIAN_POINT('Ctrl Pts',(-0.848703137710433,-1.35822497664526,
1.07757300193764));
#2410=CARTESIAN_POINT('Ctrl Pts',(0.67354218580641,-1.45307057839948,1.15655751539878));
#2411=CARTESIAN_POINT('Ctrl Pts',(1.58496221185455,-0.230147352369255,1.23554202885993));
#2412=CARTESIAN_POINT('Ctrl Pts',(1.05900310878308,1.20149291663061,1.31452654232107));
#2413=CARTESIAN_POINT('Ctrl Pts',(-0.427350327717192,1.54351698188357,1.39351105578222));
#2414=CARTESIAN_POINT('Ctrl Pts',(-1.52614604971228,0.485748055726538,1.47249556924336));
#2415=CARTESIAN_POINT('Ctrl Pts',(-1.24090226609332,-1.01253863188338,1.5514800827045));
#2416=CARTESIAN_POINT('Ctrl Pts',(0.169697587853513,-1.59256888944964,1.63046459616565));
#2417=CARTESIAN_POINT('Ctrl Pts',(1.42640119134721,-0.728321751069102,1.70944910962679));
#2418=CARTESIAN_POINT('Ctrl Pts',(1.38952245527176,0.796429705359338,1.78843362308794));
#2419=CARTESIAN_POINT('Ctrl Pts',(0.092506169017758,1.59891073590595,1.86741813654909));
#2420=CARTESIAN_POINT('Ctrl Pts',(-1.28840260700645,0.951363050406846,1.94640265001023));
#2421=CARTESIAN_POINT('Ctrl Pts',(-1.50087793955704,-0.55896184284979,2.02538716347137));
#2422=CARTESIAN_POINT('Ctrl Pts',(-0.352229063911605,-1.56237243262357,
2.10437167693252));
#2423=CARTESIAN_POINT('Ctrl Pts',(1.11585118807643,-1.14889035923333,2.18335619039366));
#2424=CARTESIAN_POINT('Ctrl Pts',(1.57198235005516,0.30650354415275,2.26234070385481));
#2425=CARTESIAN_POINT('Ctrl Pts',(0.602505755798547,1.48393387512948,2.34132521731595));
#2426=CARTESIAN_POINT('Ctrl Pts',(-0.913374478839583,1.31560632139596,2.4203097307771));
#2427=CARTESIAN_POINT('Ctrl Pts',(-1.60092878387946,-0.0458253253227123,
2.49929424423824));
#2428=CARTESIAN_POINT('Ctrl Pts',(-0.836624236025766,-1.36569865607217,
2.57827875769939));
#2429=CARTESIAN_POINT('Ctrl Pts',(0.686402570967544,-1.44703988959074,2.65726327116053));
#2430=CARTESIAN_POINT('Ctrl Pts',(1.5869409454035,-0.21608185324145,2.73624778462168));
#2431=CARTESIAN_POINT('Ctrl Pts',(1.04830583266781,1.21083764918922,2.81523229808283));
#2432=CARTESIAN_POINT('Ctrl Pts',(-0.441022477060484,1.53966623208609,2.89421681154397));
#2433=CARTESIAN_POINT('Ctrl Pts',(-1.53039396541419,0.472194072519579,2.97320132500511));
#2434=CARTESIAN_POINT('Ctrl Pts',(-1.23187359406644,-1.0235039715314,3.05218583846626));
#2435=CARTESIAN_POINT('Ctrl Pts',(0.183814886947363,-1.59100126299006,3.1311703519274));
#2436=CARTESIAN_POINT('Ctrl Pts',(1.43280434074884,-0.715642824759468,3.21015486538856));
#2437=CARTESIAN_POINT('Ctrl Pts',(1.38240453530669,0.808721603681464,3.28913937884969));
#2438=CARTESIAN_POINT('Ctrl Pts',(0.0783223155803859,1.59966826135457,3.36812389231085));
#2439=CARTESIAN_POINT('Ctrl Pts',(-1.29678926435258,0.939899215530367,3.44710840577198));
#2440=CARTESIAN_POINT('Ctrl Pts',(-1.49586166455894,-0.572250654866764,
3.52609291923313));
#2441=CARTESIAN_POINT('Ctrl Pts',(-0.33835904264856,-1.56543479256886,3.60507743269428));
#2442=CARTESIAN_POINT('Ctrl Pts',(1.12599643647677,-1.13894905790591,3.68406194615541));
#2443=CARTESIAN_POINT('Ctrl Pts',(1.56920224854706,0.320432886304906,3.76304645961657));
#2444=CARTESIAN_POINT('Ctrl Pts',(0.58932153767641,1.48921894190104,3.84203097307771));
#2445=CARTESIAN_POINT('Ctrl Pts',(-0.925006239372206,1.30745416299521,3.92101548653886));
#2446=CARTESIAN_POINT('Ctrl Pts',(-1.60045941363425,-0.0600216355154893,
4.));
#2447=CARTESIAN_POINT('Ctrl Pts',(-0.824479400052348,-1.37306469315578,
4.07898451346114));
#2448=CARTESIAN_POINT('Ctrl Pts',(0.699208899010579,-1.44089550100889,4.1579690269223));
#2449=CARTESIAN_POINT('Ctrl Pts',(1.58879489408232,-0.201999297758837,4.23695354038343));
#2450=CARTESIAN_POINT('Ctrl Pts',(1.03752608348618,1.22008711371441,4.31593805384458));
#2451=CARTESIAN_POINT('Ctrl Pts',(-0.454659928289069,1.53569439168736,4.39492256730573));
#2452=CARTESIAN_POINT('Ctrl Pts',(-1.53452151260772,0.458602950316103,4.47390708076687));
#2453=CARTESIAN_POINT('Ctrl Pts',(-1.22274802785513,-1.03438882260943,4.55289159422802));
#2454=CARTESIAN_POINT('Ctrl Pts',(0.19791772941575,-1.58930846140976,4.63187610768916));
#2455=CARTESIAN_POINT('Ctrl Pts',(1.43909478858872,-0.70290767976046,4.71086062115031));
#2456=CARTESIAN_POINT('Ctrl Pts',(1.3751778920399,0.820950027173276,4.78984513461146));
#2457=CARTESIAN_POINT('Ctrl Pts',(0.0641322829515629,1.60029970737546,4.86882964807259));
#2458=CARTESIAN_POINT('Ctrl Pts',(-1.30507388693531,0.928361943260088,4.94781416153374));
#2459=CARTESIAN_POINT('Ctrl Pts',(-1.49072780118691,-0.585495388676121,
5.02679867499489));
#2460=CARTESIAN_POINT('Ctrl Pts',(-0.324462277582244,-1.56837225166999,
5.10578318845603));
#2461=CARTESIAN_POINT('Ctrl Pts',(1.13605287222514,-1.12892154017037,5.18476770191718));
#2462=CARTESIAN_POINT('Ctrl Pts',(1.56629919207696,0.334343425303288,5.26375221537832));
#2463=CARTESIAN_POINT('Ctrl Pts',(0.576090072317977,1.49437470931764,5.34273672883947));
#2464=CARTESIAN_POINT('Ctrl Pts',(-0.936563544041792,1.29922228826698,5.42172124230061));
#2465=CARTESIAN_POINT('Ctrl Pts',(-1.59986738984603,-0.0742571704614794,
5.50070575576175));
#2466=CARTESIAN_POINT('Ctrl Pts',(-0.812263574033094,-1.38023920354016,
5.5796902692229));
#2467=CARTESIAN_POINT('Ctrl Pts',(0.711948552430607,-1.4347965653948,5.65867478268405));
#2468=CARTESIAN_POINT('Ctrl Pts',(1.59054613382048,-0.187598810853015,5.73765929614518));
#2469=CARTESIAN_POINT('Ctrl Pts',(1.02662190236657,1.22866442392059,5.81664380960634));
#2470=CARTESIAN_POINT('Ctrl Pts',(-0.468175769769068,1.53271493922556,5.89562832306747));
#2471=CARTESIAN_POINT('Ctrl Pts',(-1.53872882029264,0.442706441637101,5.97461283652863));
#2472=CARTESIAN_POINT('Ctrl Pts',(-1.32152092774431,-0.545529918879805,
6.02726917883606));
#2473=CARTESIAN_POINT('Ctrl Pts',(-1.02845629995662,-0.885794229410709,
6.05359734998977));
#2474=CARTESIAN_POINT('Ctrl Pts',(-0.32658506353109,1.22159831625555,-0.160792049969311));
#2475=CARTESIAN_POINT('Ctrl Pts',(-0.730750324460445,1.1135477928869,-0.134463878815596));
#2476=CARTESIAN_POINT('Ctrl Pts',(-1.41666083337728,0.466969022853181,-0.0818075365081658));
#2477=CARTESIAN_POINT('Ctrl Pts',(-1.16487059402727,-0.933899402415617,
-0.00282302304702091));
#2478=CARTESIAN_POINT('Ctrl Pts',(0.145196597568679,-1.48452464933565,0.0761614904141246));
#2479=CARTESIAN_POINT('Ctrl Pts',(1.32263288853286,-0.690511526041324,0.155146003875269));
#2480=CARTESIAN_POINT('Ctrl Pts',(1.30109122246791,0.73057753779574,0.234130517336415));
#2481=CARTESIAN_POINT('Ctrl Pts',(0.0993471773883282,1.48866459262701,0.313115030797559));
#2482=CARTESIAN_POINT('Ctrl Pts',(-1.19235566493314,0.896941197245663,0.392099544258705));
#2483=CARTESIAN_POINT('Ctrl Pts',(-1.40280107291498,-0.508330048158737,
0.47108405771985));
#2484=CARTESIAN_POINT('Ctrl Pts',(-0.341028630389004,-1.45253844491237,
0.550068571180994));
#2485=CARTESIAN_POINT('Ctrl Pts',(1.02999762556807,-1.07949562037728,0.62905308464214));
#2486=CARTESIAN_POINT('Ctrl Pts',(1.46694468030723,0.272544171029269,0.708037598103284));
#2487=CARTESIAN_POINT('Ctrl Pts',(0.573535550858382,1.37740806761255,0.78702211156443));
#2488=CARTESIAN_POINT('Ctrl Pts',(-0.840001643885344,1.23312581374392,0.866006625025574));
#2489=CARTESIAN_POINT('Ctrl Pts',(-1.49175519452416,-0.0294628214678663,
0.94499113848672));
#2490=CARTESIAN_POINT('Ctrl Pts',(-0.790657012009955,-1.26533066033983,
1.02397565194786));
#2491=CARTESIAN_POINT('Ctrl Pts',(0.627476002420585,-1.35368940057918,1.10296016540901));
#2492=CARTESIAN_POINT('Ctrl Pts',(1.4765604495752,-0.214406675150484,1.18194467887015));
#2493=CARTESIAN_POINT('Ctrl Pts',(0.986573745866554,1.11931811867343,1.2609291923313));
#2494=CARTESIAN_POINT('Ctrl Pts',(-0.398122168024353,1.43794982091731,1.33991370579244));
#2495=CARTESIAN_POINT('Ctrl Pts',(-1.42176695471108,0.452525847101824,1.41889821925359));
#2496=CARTESIAN_POINT('Ctrl Pts',(-1.15603210865054,-0.943287156200789,
1.49788273271474));
#2497=CARTESIAN_POINT('Ctrl Pts',(0.158091306365987,-1.48364687675029,1.57686724617588));
#2498=CARTESIAN_POINT('Ctrl Pts',(1.32884403717477,-0.67850897904731,1.65585175963703));
#2499=CARTESIAN_POINT('Ctrl Pts',(1.29448758204161,0.741958764066959,1.73483627309817));
#2500=CARTESIAN_POINT('Ctrl Pts',(0.0861793104540426,1.48955497953321,1.81382078655932));
#2501=CARTESIAN_POINT('Ctrl Pts',(-1.20028371554002,0.886295611915122,1.89280530002046));
#2502=CARTESIAN_POINT('Ctrl Pts',(-1.39822702939824,-0.520732257085138,
1.97178981348161));
#2503=CARTESIAN_POINT('Ctrl Pts',(-0.32813874114653,-1.45551567366343,2.05077432694275));
#2504=CARTESIAN_POINT('Ctrl Pts',(1.03953376276226,-1.07031325583291,2.12975884040389));
#2505=CARTESIAN_POINT('Ctrl Pts',(1.46446833127069,0.285540568453698,2.20874335386504));
#2506=CARTESIAN_POINT('Ctrl Pts',(0.561298031586883,1.38244183578184,2.28772786732618));
#2507=CARTESIAN_POINT('Ctrl Pts',(-0.850905227278477,1.22562686154606,2.36671238078733));
#2508=CARTESIAN_POINT('Ctrl Pts',(-1.491435005316,-0.0426911521639757,2.44569689424847));
#2509=CARTESIAN_POINT('Ctrl Pts',(-0.779404233635496,-1.27229318561144,
2.52468140770962));
#2510=CARTESIAN_POINT('Ctrl Pts',(0.639456815561242,-1.34807117415582,2.60366592117077));
#2511=CARTESIAN_POINT('Ctrl Pts',(1.47840384980063,-0.201303170498881,2.68265043463191));
#2512=CARTESIAN_POINT('Ctrl Pts',(0.976608098287164,1.12802372843794,2.76163494809306));
#2513=CARTESIAN_POINT('Ctrl Pts',(-0.410859225621058,1.43436243895348,2.8406194615542));
#2514=CARTESIAN_POINT('Ctrl Pts',(-1.42572433885037,0.439898873797404,2.91960397501534));
#2515=CARTESIAN_POINT('Ctrl Pts',(-1.14762094280232,-0.953502533399896,
2.99858848847649));
#2516=CARTESIAN_POINT('Ctrl Pts',(0.171243068181441,-1.48218646639312,3.07757300193764));
#2517=CARTESIAN_POINT('Ctrl Pts',(1.33480925015489,-0.66669721407786,3.15655751539878));
#2518=CARTESIAN_POINT('Ctrl Pts',(1.28785648445136,0.7534099714061,3.23554202885993));
#2519=CARTESIAN_POINT('Ctrl Pts',(0.0729655462068253,1.49026069485475,3.31452654232107));
#2520=CARTESIAN_POINT('Ctrl Pts',(-1.20809677660155,0.87561583352516,3.39351105578222));
#2521=CARTESIAN_POINT('Ctrl Pts',(-1.39355383705902,-0.533112195293977,
3.47249556924336));
#2522=CARTESIAN_POINT('Ctrl Pts',(-0.315217344864272,-1.45836858683938,
3.5514800827045));
#2523=CARTESIAN_POINT('Ctrl Pts',(1.04898513796037,-1.06105187897006,3.63046459616566));
#2524=CARTESIAN_POINT('Ctrl Pts',(1.46187837177389,0.298517228437541,3.70944910962679));
#2525=CARTESIAN_POINT('Ctrl Pts',(0.549015533687492,1.38736543617426,3.78843362308795));
#2526=CARTESIAN_POINT('Ctrl Pts',(-0.861741446232434,1.21803226113024,3.86741813654908));
#2527=CARTESIAN_POINT('Ctrl Pts',(-1.49099773713691,-0.0559165212003964,
3.94640265001023));
#2528=CARTESIAN_POINT('Ctrl Pts',(-0.768090030476077,-1.27915543062044,
4.02538716347137));
#2529=CARTESIAN_POINT('Ctrl Pts',(0.651387268761451,-1.34234702433134,4.10437167693252));
#2530=CARTESIAN_POINT('Ctrl Pts',(1.48013099968106,-0.188183776043259,4.18335619039367));
#2531=CARTESIAN_POINT('Ctrl Pts',(0.966565618296856,1.13664058592231,4.26234070385481));
#2532=CARTESIAN_POINT('Ctrl Pts',(-0.423563958242774,1.43066224824803,4.34132521731596));
#2533=CARTESIAN_POINT('Ctrl Pts',(-1.42956958695417,0.427237301577638,4.42030973077709));
#2534=CARTESIAN_POINT('Ctrl Pts',(-1.13911950974176,-0.963642926956997,
4.49929424423825));
#2535=CARTESIAN_POINT('Ctrl Pts',(0.184381362116564,-1.48060944213112,4.57827875769939));
#2536=CARTESIAN_POINT('Ctrl Pts',(1.3406694696737,-0.654833075434996,4.65726327116054));
#2537=CARTESIAN_POINT('Ctrl Pts',(1.28112409957106,0.764802045206733,4.73624778462168));
#2538=CARTESIAN_POINT('Ctrl Pts',(0.059746025387218,1.49084895381356,4.81523229808282));
#2539=CARTESIAN_POINT('Ctrl Pts',(-1.21581478145607,0.864867640411871,4.89421681154398));
#2540=CARTESIAN_POINT('Ctrl Pts',(-1.3887710986745,-0.545451069976145,4.97320132500511));
#2541=CARTESIAN_POINT('Ctrl Pts',(-0.302271033892004,-1.46110514162822,
5.05218583846627));
#2542=CARTESIAN_POINT('Ctrl Pts',(1.058353774751,-1.0517101823763,5.1311703519274));
#2543=CARTESIAN_POINT('Ctrl Pts',(1.45917386668564,0.311476371288807,5.21015486538856));
#2544=CARTESIAN_POINT('Ctrl Pts',(0.536689019975012,1.39216858050011,5.28913937884969));
#2545=CARTESIAN_POINT('Ctrl Pts',(-0.872508301650918,1.21036339649823,5.36812389231084));
#2546=CARTESIAN_POINT('Ctrl Pts',(-1.49044620417017,-0.0691784322557999,
5.44710840577199));
#2547=CARTESIAN_POINT('Ctrl Pts',(-0.756709692557599,-1.28583924818998,
5.52609291923313));
#2548=CARTESIAN_POINT('Ctrl Pts',(0.663255607476794,-1.33666521876846,5.60507743269428));
#2549=CARTESIAN_POINT('Ctrl Pts',(1.48176246528684,-0.174768194737455,5.68406194615542));
#2550=CARTESIAN_POINT('Ctrl Pts',(0.956407216755296,1.1446312603494,5.76304645961657));
#2551=CARTESIAN_POINT('Ctrl Pts',(-0.436155398482063,1.42788657218865,5.84203097307772));
#2552=CARTESIAN_POINT('Ctrl Pts',(-1.43348914041752,0.412428017276608,5.92101548653886));
#2553=CARTESIAN_POINT('Ctrl Pts',(-1.23113694484235,-0.508218994909268,
5.97367182884629));
#2554=CARTESIAN_POINT('Ctrl Pts',(-0.95811615272236,-0.825211298936523,
6.));
#2555=CARTESIAN_POINT('Ctrl Pts',(-0.95811615272236,-0.825211298936523,
6.));
#2556=CARTESIAN_POINT('Ctrl Pts',(-0.995001853527418,-0.7907649564919,6.));
#2557=CARTESIAN_POINT('Ctrl Pts',(-1.02950813085892,-0.754080459696248,
6.));
#2558=CARTESIAN_POINT('Ctrl Pts',(-1.06163339355967,-0.715477607683367,
6.));
#2559=CARTESIAN_POINT('Ctrl Pts',(-1.09520023489306,-0.675142503793218,
6.));
#2560=CARTESIAN_POINT('Ctrl Pts',(-1.12616819755436,-0.632712557886435,
6.));
#2561=CARTESIAN_POINT('Ctrl Pts',(-1.15450740219719,-0.588502857529457,
6.));
#2562=CARTESIAN_POINT('Ctrl Pts',(-1.17741873963971,-0.552760733645708,
6.));
#2563=CARTESIAN_POINT('Ctrl Pts',(-1.19861142919295,-0.515854168341112,
6.));
#2564=CARTESIAN_POINT('Ctrl Pts',(-1.21805296115117,-0.477931229458826,
6.));
#2565=CARTESIAN_POINT('Ctrl Pts',(-1.22677481062075,-0.460918261289122,
6.));
#2566=CARTESIAN_POINT('Ctrl Pts',(-1.23514400611245,-0.443700550008959,
6.));
#2567=CARTESIAN_POINT('Ctrl Pts',(-1.24315649136985,-0.426290663049812,
6.));
#2568=CARTESIAN_POINT('Ctrl Pts',(-1.24679876950787,-0.41837655792269,6.));
#2569=CARTESIAN_POINT('Ctrl Pts',(-1.25036650995011,-0.410424369838984,
6.));
#2570=CARTESIAN_POINT('Ctrl Pts',(-1.25385578414459,-0.402443957532249,
6.));
#2571=CARTESIAN_POINT('Ctrl Pts',(-1.27566966995921,-0.352552836023859,
6.));
#2572=CARTESIAN_POINT('Ctrl Pts',(-1.29446244312976,-0.301469691468729,
6.));
#2573=CARTESIAN_POINT('Ctrl Pts',(-1.31020696031533,-0.249525918108637,
6.));
#2574=CARTESIAN_POINT('Ctrl Pts',(-1.32624525432886,-0.196612926271372,
6.));
#2575=CARTESIAN_POINT('Ctrl Pts',(-1.33912107474204,-0.142805964403697,
6.));
#2576=CARTESIAN_POINT('Ctrl Pts',(-1.34876492043744,-0.0884207157788387,
6.));
#2577=CARTESIAN_POINT('Ctrl Pts',(-1.35577078076003,-0.0489120521699596,
6.));
#2578=CARTESIAN_POINT('Ctrl Pts',(-1.36107016488101,-0.00909741210527646,
6.));
#2579=CARTESIAN_POINT('Ctrl Pts',(-1.36462055038333,0.0309088842045057,
6.));
#2580=CARTESIAN_POINT('Ctrl Pts',(-1.36591005328464,0.0454392035539517,
6.));
#2581=CARTESIAN_POINT('Ctrl Pts',(-1.3669687005108,0.0599948391605961,6.));
#2582=CARTESIAN_POINT('Ctrl Pts',(-1.36779397121805,0.0745703976383603,
6.));
#2583=CARTESIAN_POINT('Ctrl Pts',(-1.36834559519722,0.0843129312040226,
6.));
#2584=CARTESIAN_POINT('Ctrl Pts',(-1.3687927808983,0.0940630234563066,6.));
#2585=CARTESIAN_POINT('Ctrl Pts',(-1.36913462773712,0.103806709646492,6.));
#2586=CARTESIAN_POINT('Ctrl Pts',(-1.3711274776928,0.160609062006705,6.));
#2587=CARTESIAN_POINT('Ctrl Pts',(-1.36955103855534,0.217304027208639,6.));
#2588=CARTESIAN_POINT('Ctrl Pts',(-1.36434725340029,0.27355896401475,6.));
#2589=CARTESIAN_POINT('Ctrl Pts',(-1.36074840954108,0.312463862630342,6.));
#2590=CARTESIAN_POINT('Ctrl Pts',(-1.35541376591819,0.351158972494897,6.));
#2591=CARTESIAN_POINT('Ctrl Pts',(-1.34831025629303,0.389538858057362,6.));
#2592=CARTESIAN_POINT('Ctrl Pts',(-1.33830498372171,0.443596814838122,6.));
#2593=CARTESIAN_POINT('Ctrl Pts',(-1.32479291702473,0.497030005031557,6.));
#2594=CARTESIAN_POINT('Ctrl Pts',(-1.30800108168481,0.549635049510188,6.));
#2595=CARTESIAN_POINT('Ctrl Pts',(-1.30339625734755,0.564060928764849,6.));
#2596=CARTESIAN_POINT('Ctrl Pts',(-1.29854448749296,0.578424497539198,6.));
#2597=CARTESIAN_POINT('Ctrl Pts',(-1.29344979430407,0.592721452472922,6.));
#2598=CARTESIAN_POINT('Ctrl Pts',(-1.28886896898553,0.60557636850228,6.));
#2599=CARTESIAN_POINT('Ctrl Pts',(-1.28408996301852,0.618381584689233,6.));
#2600=CARTESIAN_POINT('Ctrl Pts',(-1.27912660843884,0.631106758195328,6.));
#2601=CARTESIAN_POINT('Ctrl Pts',(-1.25852264228066,0.683931725677912,6.));
#2602=CARTESIAN_POINT('Ctrl Pts',(-1.23471852332485,0.735461812566136,6.));
#2603=CARTESIAN_POINT('Ctrl Pts',(-1.20800040606897,0.785488665753837,6.));
#2604=CARTESIAN_POINT('Ctrl Pts',(-1.18064218613897,0.83671404360542,6.));
#2605=CARTESIAN_POINT('Ctrl Pts',(-1.15022832297996,0.886364197985649,6.));
#2606=CARTESIAN_POINT('Ctrl Pts',(-1.11701054415746,0.934209813842175,6.));
#2607=CARTESIAN_POINT('Ctrl Pts',(-1.0963792355134,0.963926360311933,6.));
#2608=CARTESIAN_POINT('Ctrl Pts',(-1.07466522327481,0.992946635394741,6.));
#2609=CARTESIAN_POINT('Ctrl Pts',(-1.05191941728027,1.0212122335735,6.));
#2610=CARTESIAN_POINT('Ctrl Pts',(-1.04061105743526,1.03526482663248,6.));
#2611=CARTESIAN_POINT('Ctrl Pts',(-1.0290475643678,1.04913083292034,6.));
#2612=CARTESIAN_POINT('Ctrl Pts',(-1.01723460948859,1.06280270666199,6.));
#2613=CARTESIAN_POINT('Ctrl Pts',(-1.00981177295808,1.0713936210342,6.));
#2614=CARTESIAN_POINT('Ctrl Pts',(-1.00229043108032,1.07990787857869,6.));
#2615=CARTESIAN_POINT('Ctrl Pts',(-0.994671918627088,1.08834354784989,6.));
#2616=CARTESIAN_POINT('Ctrl Pts',(-0.98729717440977,1.09650930245866,6.));
#2617=CARTESIAN_POINT('Ctrl Pts',(-0.979837785533091,1.10459431382511,6.));
#2618=CARTESIAN_POINT('Ctrl Pts',(-0.972295952601312,1.11259659975711,6.));
#2619=CARTESIAN_POINT('Ctrl Pts',(-0.930844831394551,1.15657844436954,6.));
#2620=CARTESIAN_POINT('Ctrl Pts',(-0.886902354213673,1.19806839167779,6.));
#2621=CARTESIAN_POINT('Ctrl Pts',(-0.8407249852468,1.23681393406111,6.));
#2622=CARTESIAN_POINT('Ctrl Pts',(-0.808814712959224,1.26358853891719,6.));
#2623=CARTESIAN_POINT('Ctrl Pts',(-0.775836114296179,1.28905228763085,6.));
#2624=CARTESIAN_POINT('Ctrl Pts',(-0.741861765386503,1.31311371993202,6.));
#2625=CARTESIAN_POINT('Ctrl Pts',(-0.728200223556789,1.32278914490453,6.));
#2626=CARTESIAN_POINT('Ctrl Pts',(-0.714375032843575,1.33223918792756,6.));
#2627=CARTESIAN_POINT('Ctrl Pts',(-0.700411685916254,1.34144420072731,6.));
#2628=CARTESIAN_POINT('Ctrl Pts',(-0.649625662129094,1.37492370971912,6.));
#2629=CARTESIAN_POINT('Ctrl Pts',(-0.596961209438232,1.40520422769967,6.));
#2630=CARTESIAN_POINT('Ctrl Pts',(-0.542657313103742,1.43202085621107,6.));
#2631=CARTESIAN_POINT('Ctrl Pts',(-0.512404013097975,1.44696069593273,6.));
#2632=CARTESIAN_POINT('Ctrl Pts',(-0.48164114827516,1.46082488862928,6.));
#2633=CARTESIAN_POINT('Ctrl Pts',(-0.450405330583404,1.47356236648374,6.));
#2634=CARTESIAN_POINT('Ctrl Pts',(-0.433546839582908,1.48043699540805,6.));
#2635=CARTESIAN_POINT('Ctrl Pts',(-0.416550527882932,1.48698334615592,6.));
#2636=CARTESIAN_POINT('Ctrl Pts',(-0.399425131517459,1.4932039284559,6.));
#2637=CARTESIAN_POINT('Ctrl Pts',(-1.26640660980434,-0.000360605943919547,
5.44341967361942));
#2638=CARTESIAN_POINT('Ctrl Pts',(-1.26647845916675,-0.0198162141323367,
5.44464925100361));
#2639=CARTESIAN_POINT('Ctrl Pts',(-1.26606847228774,-0.0392686678028727,
5.4458788283878));
#2640=CARTESIAN_POINT('Ctrl Pts',(-1.2651671351482,-0.0586982634524919,
5.44710840577199));
#2641=CARTESIAN_POINT('Ctrl Pts',(-1.24586736696598,-0.474732037567198,
5.4734365769257));
#2642=CARTESIAN_POINT('Ctrl Pts',(-1.00128852976178,-0.880285642878598,
5.49976474807942));
#2643=CARTESIAN_POINT('Ctrl Pts',(-0.642338227820613,-1.0915334406307,5.52609291923313));
#2644=CARTESIAN_POINT('Ctrl Pts',(-0.283387925879455,-1.30278123838281,
5.55242109038685));
#2645=CARTESIAN_POINT('Ctrl Pts',(0.18993384079867,-1.31972322857563,5.57874926154056));
#2646=CARTESIAN_POINT('Ctrl Pts',(0.563012533772736,-1.13454471966688,5.60507743269428));
#2647=CARTESIAN_POINT('Ctrl Pts',(0.936091226746807,-0.949366210758124,
5.63140560384799));
#2648=CARTESIAN_POINT('Ctrl Pts',(1.20892684601682,-0.562067202747787,5.65773377500171));
#2649=CARTESIAN_POINT('Ctrl Pts',(1.25778544756324,-0.148517789561479,5.68406194615542));
#2650=CARTESIAN_POINT('Ctrl Pts',(1.30664404910966,0.265031623624835,5.71039011730914));
#2651=CARTESIAN_POINT('Ctrl Pts',(1.13152563293248,0.704831441987113,5.73671828846285));
#2652=CARTESIAN_POINT('Ctrl Pts',(0.81187265563766,0.971940569808133,5.76304645961657));
#2653=CARTESIAN_POINT('Ctrl Pts',(0.492219678342844,1.23904969762915,5.78937463077028));
#2654=CARTESIAN_POINT('Ctrl Pts',(0.0280321399303893,1.3334681349089,5.815702801924));
#2655=CARTESIAN_POINT('Ctrl Pts',(-0.370283919598412,1.21143426106343,5.84203097307771));
#2656=CARTESIAN_POINT('Ctrl Pts',(-0.768599979127213,1.08940038721797,5.86835914423143));
#2657=CARTESIAN_POINT('Ctrl Pts',(-1.10104455977237,0.750914202247287,5.89468731538514));
#2658=CARTESIAN_POINT('Ctrl Pts',(-1.21667880120115,0.351509356715479,5.92101548653886));
#2659=CARTESIAN_POINT('Ctrl Pts',(-1.24947879026689,0.238217010050869,5.92848354889904));
#2660=CARTESIAN_POINT('Ctrl Pts',(-1.26483444203919,0.120023210502903,5.93595161125923));
#2661=CARTESIAN_POINT('Ctrl Pts',(-1.26377198143674,0.0015894346101688,
5.94341967361941));
#2662=CARTESIAN_POINT('Ctrl Pts',(-0.398513841857234,1.49064942821852,0.));
#2663=CARTESIAN_POINT('Ctrl Pts',(-0.456286483664694,1.46953954268776,-4.78017691774953E-18));
#2664=CARTESIAN_POINT('Ctrl Pts',(-0.51247681157227,1.44477586037601,-3.05796538720012E-16));
#2665=CARTESIAN_POINT('Ctrl Pts',(-0.566883994678313,1.41666349960566,-2.4980018054066E-16));
#2666=CARTESIAN_POINT('Ctrl Pts',(-0.620667738619409,1.38887327179134,-1.94445471511116E-16));
#2667=CARTESIAN_POINT('Ctrl Pts',(-0.672709631487183,1.35780958912142,1.89736008235938E-16));
#2668=CARTESIAN_POINT('Ctrl Pts',(-0.722783580178929,1.3237223980681,2.25514051876985E-16));
#2669=CARTESIAN_POINT('Ctrl Pts',(-0.760846923841331,1.29781127059669,2.52710468501945E-16));
#2670=CARTESIAN_POINT('Ctrl Pts',(-0.797772583323258,1.27015210542224,1.32742731444591E-16));
#2671=CARTESIAN_POINT('Ctrl Pts',(-0.833445107585459,1.24084263588141,1.35308431126191E-16));
#2672=CARTESIAN_POINT('Ctrl Pts',(-0.852389183360301,1.22527769273859,1.36670959015343E-16));
#2673=CARTESIAN_POINT('Ctrl Pts',(-0.870979594794852,1.20924718337394,-1.80863130435866E-16));
#2674=CARTESIAN_POINT('Ctrl Pts',(-0.889197160615834,1.19276493980297,-1.97758476261356E-16));
#2675=CARTESIAN_POINT('Ctrl Pts',(-0.89705926445371,1.18565174412637,-2.05049953320483E-16));
#2676=CARTESIAN_POINT('Ctrl Pts',(-0.904852106646109,1.17845408765962,-7.58574150681971E-17));
#2677=CARTESIAN_POINT('Ctrl Pts',(-0.912563250029726,1.17118365126698,-7.63278329429795E-17));
#2678=CARTESIAN_POINT('Ctrl Pts',(-0.955643300219149,1.13056571056577,-7.89559290173808E-17));
#2679=CARTESIAN_POINT('Ctrl Pts',(-0.996263274383517,1.08760170280019,-4.09650347263088E-16));
#2680=CARTESIAN_POINT('Ctrl Pts',(-1.03421635203495,1.04253177857345,-3.40005801291454E-16));
#2681=CARTESIAN_POINT('Ctrl Pts',(-1.07139371404127,0.998383029848413,-2.71784706782793E-16));
#2682=CARTESIAN_POINT('Ctrl Pts',(-1.10601252506405,0.952212629844925,-3.96812700223738E-17));
#2683=CARTESIAN_POINT('Ctrl Pts',(-1.13783542691658,0.904223201024731,2.08166817117217E-17));
#2684=CARTESIAN_POINT('Ctrl Pts',(-1.16133750455011,0.868781703987539,6.54960627723665E-17));
#2685=CARTESIAN_POINT('Ctrl Pts',(-1.18331379149908,0.832347541868265,-1.42483307468768E-16));
#2686=CARTESIAN_POINT('Ctrl Pts',(-1.20365100909933,0.794998322958978,-1.59594559789866E-16));
#2687=CARTESIAN_POINT('Ctrl Pts',(-1.21403883636527,0.775921119667281,-1.68334631165869E-16));
#2688=CARTESIAN_POINT('Ctrl Pts',(-1.22399878200649,0.756605148628907,-1.08250005948642E-16));
#2689=CARTESIAN_POINT('Ctrl Pts',(-1.23351405903275,0.737060664607103,-1.17961196366423E-16));
#2690=CARTESIAN_POINT('Ctrl Pts',(-1.23849306702623,0.726833727240557,-1.2304271890989E-16));
#2691=CARTESIAN_POINT('Ctrl Pts',(-1.24334677642277,0.71655131851933,3.91890013384307E-17));
#2692=CARTESIAN_POINT('Ctrl Pts',(-1.24807011741209,0.70622229191736,2.77555756156289E-17));
#2693=CARTESIAN_POINT('Ctrl Pts',(-1.2712383985371,0.655557774449056,-2.83260881826766E-17));
#2694=CARTESIAN_POINT('Ctrl Pts',(-1.29130025972527,0.603718825957828,1.9378221933805E-16));
#2695=CARTESIAN_POINT('Ctrl Pts',(-1.30804257074507,0.550895072869603,1.52655665885959E-16));
#2696=CARTESIAN_POINT('Ctrl Pts',(-1.31967619852062,0.514189753012076,1.2407830795807E-16));
#2697=CARTESIAN_POINT('Ctrl Pts',(-1.32970609169867,0.477008552216997,-3.81261422232024E-16));
#2698=CARTESIAN_POINT('Ctrl Pts',(-1.33804597888133,0.43941296353494,-4.16333634234434E-16));
#2699=CARTESIAN_POINT('Ctrl Pts',(-1.35000215789062,0.385515401326135,-4.37616590867609E-16));
#2700=CARTESIAN_POINT('Ctrl Pts',(-1.3584864929547,0.330765166522831,-3.75999859500154E-17));
#2701=CARTESIAN_POINT('Ctrl Pts',(-1.36355569066197,0.275478783120153,5.55111512312578E-17));
#2702=CARTESIAN_POINT('Ctrl Pts',(-1.36503879793936,0.259303513915893,8.27528989659977E-17));
#2703=CARTESIAN_POINT('Ctrl Pts',(-1.36622928529537,0.243082439893125,-1.03213001445224E-16));
#2704=CARTESIAN_POINT('Ctrl Pts',(-1.36712787684083,0.226823767752675,-1.11022302462516E-16));
#2705=CARTESIAN_POINT('Ctrl Pts',(-1.36781852417266,0.214327535632928,-1.17024443188527E-16));
#2706=CARTESIAN_POINT('Ctrl Pts',(-1.36833667834962,0.201805981848931,-9.23397302699274E-17));
#2707=CARTESIAN_POINT('Ctrl Pts',(-1.36868229051165,0.189287677040614,-8.32667268468867E-17));
#2708=CARTESIAN_POINT('Ctrl Pts',(-1.37021892814489,0.13362962912953,-4.29269470644417E-17));
#2709=CARTESIAN_POINT('Ctrl Pts',(-1.36835624040532,0.0779370007291708,
1.59205714320001E-16));
#2710=CARTESIAN_POINT('Ctrl Pts',(-1.36320215655979,0.0225280047349553,
9.71445146547012E-17));
#2711=CARTESIAN_POINT('Ctrl Pts',(-1.35805216497262,-0.0328369974217193,
3.51325905679723E-17));
#2712=CARTESIAN_POINT('Ctrl Pts',(-1.34961553863164,-0.0879199623549319,
-2.9004351525897E-16));
#2713=CARTESIAN_POINT('Ctrl Pts',(-1.33795066907009,-0.142388190580673,
-3.19189119579733E-16));
#2714=CARTESIAN_POINT('Ctrl Pts',(-1.33071809390544,-0.176160154566114,
-3.37260283844069E-16));
#2715=CARTESIAN_POINT('Ctrl Pts',(-1.32224351611599,-0.209695421731285,
-9.56425881949955E-17));
#2716=CARTESIAN_POINT('Ctrl Pts',(-1.31253248816669,-0.242908844750015,
-1.11022302462516E-16));
#2717=CARTESIAN_POINT('Ctrl Pts',(-1.30751760493846,-0.260060627127568,
-1.1896455857977E-16));
#2718=CARTESIAN_POINT('Ctrl Pts',(-1.3021728857227,-0.277126492970705,5.53125948283265E-17));
#2719=CARTESIAN_POINT('Ctrl Pts',(-1.29649849113442,-0.294094083343627,
5.55111512312578E-17));
#2720=CARTESIAN_POINT('Ctrl Pts',(-1.29235659609195,-0.30647918934127,5.56560829536042E-17));
#2721=CARTESIAN_POINT('Ctrl Pts',(-1.28803837942359,-0.318813295442766,
-9.49348812820658E-17));
#2722=CARTESIAN_POINT('Ctrl Pts',(-1.28355134771844,-0.331072070593109,
-1.11022302462516E-16));
#2723=CARTESIAN_POINT('Ctrl Pts',(-1.26511557576679,-0.381439439920746,
-1.77120348489759E-16));
#2724=CARTESIAN_POINT('Ctrl Pts',(-1.2438085277687,-0.43061428947766,-2.85892446646212E-16));
#2725=CARTESIAN_POINT('Ctrl Pts',(-1.21967457594114,-0.478282252762071,
-2.77555756156289E-16));
#2726=CARTESIAN_POINT('Ctrl Pts',(-1.2035827802513,-0.510065821885111,-2.71997100820778E-16));
#2727=CARTESIAN_POINT('Ctrl Pts',(-1.18623334339298,-0.541178923396185,
-1.84438261191273E-16));
#2728=CARTESIAN_POINT('Ctrl Pts',(-1.16763049213803,-0.571519007772643,
-1.38777878078145E-16));
#2729=CARTESIAN_POINT('Ctrl Pts',(-1.15898284034197,-0.585622785820159,
-1.17552363310235E-16));
#2730=CARTESIAN_POINT('Ctrl Pts',(-1.15006164565388,-0.599562931839761,
2.08563753806418E-17));
#2731=CARTESIAN_POINT('Ctrl Pts',(-1.14088307125651,-0.613305262990991,
0.));
#2732=CARTESIAN_POINT('Ctrl Pts',(-1.11242391953594,-0.655914830696738,
-6.46674228046407E-17));
#2733=CARTESIAN_POINT('Ctrl Pts',(-1.08146837988501,-0.696668453671088,
-3.1361016343153E-16));
#2734=CARTESIAN_POINT('Ctrl Pts',(-1.04804027028946,-0.735264573794056,
-5.55111512312578E-16));
#2735=CARTESIAN_POINT('Ctrl Pts',(-1.03017161643937,-0.755895734777372,
-6.84203586608619E-16));
#2736=CARTESIAN_POINT('Ctrl Pts',(-1.01159592641318,-0.775909780940931,
-8.60412292140564E-17));
#2737=CARTESIAN_POINT('Ctrl Pts',(-0.99231343905071,-0.795255486639586,
2.77555756156289E-17));
#2738=CARTESIAN_POINT('Ctrl Pts',(-0.981724005541879,-0.805879637991351,
9.04177747566853E-17));
#2739=CARTESIAN_POINT('Ctrl Pts',(-0.97092136092418,-0.816302148287935,
-8.41067027066864E-17));
#2740=CARTESIAN_POINT('Ctrl Pts',(-0.959912670346268,-0.826520002525102,
-8.32667268468867E-17));
#2741=CARTESIAN_POINT('Origin',(5.55111512312578E-16,0.,6.));
#2742=CARTESIAN_POINT('',(-3.,1.73205080756888,6.));
#2743=CARTESIAN_POINT('',(-3.,-1.73205080756888,6.));
#2744=CARTESIAN_POINT('',(-3.,1.73205080756888,6.));
#2745=CARTESIAN_POINT('',(-1.11022302462516E-15,-3.46410161513776,6.));
#2746=CARTESIAN_POINT('',(-3.,-1.73205080756888,6.));
#2747=CARTESIAN_POINT('',(3.,-1.73205080756888,6.));
#2748=CARTESIAN_POINT('',(-1.15377761183014E-15,-3.46410161513776,6.));
#2749=CARTESIAN_POINT('',(3.,1.73205080756888,6.));
#2750=CARTESIAN_POINT('',(3.,-1.73205080756888,6.));
#2751=CARTESIAN_POINT('',(2.4980018054066E-15,3.46410161513776,6.));
#2752=CARTESIAN_POINT('',(3.,1.73205080756888,6.));
#2753=CARTESIAN_POINT('',(2.35922392732846E-15,3.46410161513776,6.));
#2754=CARTESIAN_POINT('Origin',(0.,0.,0.));
#2755=CARTESIAN_POINT('Origin',(2.35922392732846E-15,3.46410161513776,0.));
#2756=CARTESIAN_POINT('',(2.35922392732846E-15,3.46410161513776,0.));
#2757=CARTESIAN_POINT('',(-3.,1.73205080756888,0.));
#2758=CARTESIAN_POINT('',(2.35922392732846E-15,3.46410161513776,0.));
#2759=CARTESIAN_POINT('',(-3.,1.73205080756888,0.));
#2760=CARTESIAN_POINT('',(2.35922392732846E-15,3.46410161513776,0.));
#2761=CARTESIAN_POINT('Origin',(3.,1.73205080756888,0.));
#2762=CARTESIAN_POINT('',(3.,1.73205080756888,0.));
#2763=CARTESIAN_POINT('',(3.,1.73205080756888,0.));
#2764=CARTESIAN_POINT('',(3.,1.73205080756888,0.));
#2765=CARTESIAN_POINT('Origin',(3.,-1.73205080756888,0.));
#2766=CARTESIAN_POINT('',(3.,-1.73205080756888,0.));
#2767=CARTESIAN_POINT('',(3.,-1.73205080756888,0.));
#2768=CARTESIAN_POINT('',(3.,-1.73205080756888,0.));
#2769=CARTESIAN_POINT('Origin',(-1.15377761183014E-15,-3.46410161513776,
0.));
#2770=CARTESIAN_POINT('',(-1.15377761183014E-15,-3.46410161513776,0.));
#2771=CARTESIAN_POINT('',(-1.15377761183014E-15,-3.46410161513776,0.));
#2772=CARTESIAN_POINT('',(-1.15377761183014E-15,-3.46410161513776,0.));
#2773=CARTESIAN_POINT('Origin',(-3.,-1.73205080756888,0.));
#2774=CARTESIAN_POINT('',(-3.,-1.73205080756888,0.));
#2775=CARTESIAN_POINT('',(-3.,-1.73205080756888,0.));
#2776=CARTESIAN_POINT('',(-3.,-1.73205080756888,0.));
#2777=CARTESIAN_POINT('Origin',(-3.,1.73205080756888,0.));
#2778=CARTESIAN_POINT('',(-3.,1.73205080756888,0.));
#2779=CARTESIAN_POINT('Origin',(5.55111512312578E-16,0.,0.));
#2780=UNCERTAINTY_MEASURE_WITH_UNIT(LENGTH_MEASURE(0.01),#2784,
'DISTANCE_ACCURACY_VALUE',
'Maximum model space distance between geometric entities at asserted c
onnectivities');
#2781=UNCERTAINTY_MEASURE_WITH_UNIT(LENGTH_MEASURE(0.01),#2784,
'DISTANCE_ACCURACY_VALUE',
'Maximum model space distance between geometric entities at asserted c
onnectivities');
#2782=(
GEOMETRIC_REPRESENTATION_CONTEXT(3)
GLOBAL_UNCERTAINTY_ASSIGNED_CONTEXT((#2780))
GLOBAL_UNIT_ASSIGNED_CONTEXT((#2784,#2786,#2787))
REPRESENTATION_CONTEXT('','3D')
);
#2783=(
GEOMETRIC_REPRESENTATION_CONTEXT(3)
GLOBAL_UNCERTAINTY_ASSIGNED_CONTEXT((#2781))
GLOBAL_UNIT_ASSIGNED_CONTEXT((#2784,#2786,#2787))
REPRESENTATION_CONTEXT('','3D')
);
#2784=(
LENGTH_UNIT()
NAMED_UNIT(*)
SI_UNIT(.MILLI.,.METRE.)
);
#2785=(
LENGTH_UNIT()
NAMED_UNIT(*)
SI_UNIT($,.METRE.)
);
#2786=(
NAMED_UNIT(*)
PLANE_ANGLE_UNIT()
SI_UNIT($,.RADIAN.)
);
#2787=(
NAMED_UNIT(*)
SI_UNIT($,.STERADIAN.)
SOLID_ANGLE_UNIT()
);
#2788=SHAPE_DEFINITION_REPRESENTATION(#2789,#2790);
#2789=PRODUCT_DEFINITION_SHAPE('',$,#2792);
#2790=SHAPE_REPRESENTATION('',(#694),#2782);
#2791=PRODUCT_DEFINITION_CONTEXT('part definition',#2796,'design');
#2792=PRODUCT_DEFINITION('\X2\01111EE1\X0\ m\X2\1EA1\X0\ch',
'\X2\01111EE1\X0\ m\X2\1EA1\X0\ch v5',#2793,#2791);
#2793=PRODUCT_DEFINITION_FORMATION('',$,#2798);
#2794=PRODUCT_RELATED_PRODUCT_CATEGORY('\X2\01111EE1\X0\ m\X2\1EA1\X0\c
h v5','\X2\01111EE1\X0\ m\X2\1EA1\X0\ch v5',(#2798));
#2795=APPLICATION_PROTOCOL_DEFINITION('international standard',
'automotive_design',2009,#2796);
#2796=APPLICATION_CONTEXT(
'Core Data for Automotive Mechanical Design Process');
#2797=PRODUCT_CONTEXT('part definition',#2796,'mechanical');
#2798=PRODUCT('\X2\01111EE1\X0\ m\X2\1EA1\X0\ch','\X2\01111EE1\X0\ m\X2\1EA1\X0\c
h v5',$,(#2797));
#2799=PRESENTATION_STYLE_ASSIGNMENT((#2801));
#2800=PRESENTATION_STYLE_ASSIGNMENT((#2802));
#2801=SURFACE_STYLE_USAGE(.BOTH.,#2803);
#2802=SURFACE_STYLE_USAGE(.BOTH.,#2804);
#2803=SURFACE_SIDE_STYLE('',(#2805));
#2804=SURFACE_SIDE_STYLE('',(#2806));
#2805=SURFACE_STYLE_FILL_AREA(#2807);
#2806=SURFACE_STYLE_FILL_AREA(#2808);
#2807=FILL_AREA_STYLE('Steel - Satin',(#2809));
#2808=FILL_AREA_STYLE('ABS (White)',(#2810));
#2809=FILL_AREA_STYLE_COLOUR('Steel - Satin',#2811);
#2810=FILL_AREA_STYLE_COLOUR('ABS (White)',#2812);
#2811=COLOUR_RGB('Steel - Satin',0.627450980392157,0.627450980392157,0.627450980392157);
#2812=COLOUR_RGB('ABS (White)',0.964705882352941,0.964705882352941,0.952941176470588);
ENDSEC;
END-ISO-10303-21;
