ISO-10303-21;
HEADER;
/* Generated by software containing ST-Developer
 * from STEP Tools, Inc. (www.steptools.com) 
 */

FILE_DESCRIPTION(
/* description */ (''),
/* implementation_level */ '2;1');

FILE_NAME(
/* name */ 'Motor Shaft.step',
/* time_stamp */ '2025-04-08T23:33:28+07:00',
/* author */ (''),
/* organization */ (''),
/* preprocessor_version */ 'ST-DEVELOPER v20.1',
/* originating_system */ 'Autodesk Translation Framework v14.4.0.0',
/* authorisation */ '');

FILE_SCHEMA (('AUTOMOTIVE_DESIGN { 1 0 10303 214 3 1 1 }'));
ENDSEC;

DATA;
#10=MECHANICAL_DESIGN_GEOMETRIC_PRESENTATION_REPRESENTATION('',(#13),#4379);
#11=SHAPE_REPRESENTATION_RELATIONSHIP('SRR','None',#4385,#12);
#12=ADVANCED_BREP_SHAPE_REPRESENTATION('',(#14),#4378);
#13=STYLED_ITEM('',(#4395),#14);
#14=MANIFOLD_SOLID_BREP('Body4',#2129);
#15=B_SPLINE_SURFACE_WITH_KNOTS('',3,1,((#3277,#3278),(#3279,#3280),(#3281,
#3282),(#3283,#3284),(#3285,#3286),(#3287,#3288),(#3289,#3290)),
 .UNSPECIFIED.,.F.,.F.,.F.,(4,3,4),(2,2),(-0.983084817936211,-0.234809000427497,
0.),(0.,0.5),.UNSPECIFIED.);
#16=B_SPLINE_SURFACE_WITH_KNOTS('',3,1,((#3300,#3301),(#3302,#3303),(#3304,
#3305),(#3306,#3307),(#3308,#3309),(#3310,#3311),(#3312,#3313)),
 .UNSPECIFIED.,.F.,.F.,.F.,(4,3,4),(2,2),(-1.0345266668245,-1.,-0.983084817936211),
(0.,0.5),.UNSPECIFIED.);
#17=B_SPLINE_SURFACE_WITH_KNOTS('',3,1,((#3327,#3328),(#3329,#3330),(#3331,
#3332),(#3333,#3334),(#3335,#3336),(#3337,#3338),(#3339,#3340)),
 .UNSPECIFIED.,.F.,.F.,.F.,(4,3,4),(2,2),(0.983084817936215,1.,1.03452666682451),
(0.,0.5),.UNSPECIFIED.);
#18=B_SPLINE_SURFACE_WITH_KNOTS('',3,1,((#3350,#3351),(#3352,#3353),(#3354,
#3355),(#3356,#3357),(#3358,#3359),(#3360,#3361),(#3362,#3363)),
 .UNSPECIFIED.,.F.,.F.,.F.,(4,3,4),(2,2),(0.189320952836378,0.234809000499492,
0.983084817936215),(0.,0.5),.UNSPECIFIED.);
#19=B_SPLINE_SURFACE_WITH_KNOTS('',3,1,((#3373,#3374),(#3375,#3376),(#3377,
#3378),(#3379,#3380)),.UNSPECIFIED.,.F.,.F.,.F.,(4,4),(2,2),(0.,0.189320952836246),
(0.,0.5),.UNSPECIFIED.);
#20=B_SPLINE_SURFACE_WITH_KNOTS('',3,1,((#3407,#3408),(#3409,#3410),(#3411,
#3412),(#3413,#3414),(#3415,#3416),(#3417,#3418),(#3419,#3420)),
 .UNSPECIFIED.,.F.,.F.,.F.,(4,3,4),(2,2),(-0.831245354456841,-0.234809000421226,
0.),(0.,0.5),.UNSPECIFIED.);
#21=B_SPLINE_SURFACE_WITH_KNOTS('',3,1,((#3430,#3431),(#3432,#3433),(#3434,
#3435),(#3436,#3437)),.UNSPECIFIED.,.F.,.F.,.F.,(4,4),(2,2),(-0.983084817936228,
-0.831245354456841),(0.,0.5),.UNSPECIFIED.);
#22=B_SPLINE_SURFACE_WITH_KNOTS('',3,1,((#3444,#3445),(#3446,#3447),(#3448,
#3449),(#3450,#3451),(#3452,#3453),(#3454,#3455),(#3456,#3457)),
 .UNSPECIFIED.,.F.,.F.,.F.,(4,3,4),(2,2),(-1.03452666682449,-1.,-0.983084817936229),
(0.,0.5),.UNSPECIFIED.);
#23=B_SPLINE_SURFACE_WITH_KNOTS('',3,1,((#3471,#3472),(#3473,#3474),(#3475,
#3476),(#3477,#3478),(#3479,#3480),(#3481,#3482),(#3483,#3484)),
 .UNSPECIFIED.,.F.,.F.,.F.,(4,3,4),(2,2),(0.983084817936202,1.,1.0345266668245),
(0.,0.5),.UNSPECIFIED.);
#24=B_SPLINE_SURFACE_WITH_KNOTS('',3,1,((#3494,#3495),(#3496,#3497),(#3498,
#3499),(#3500,#3501),(#3502,#3503),(#3504,#3505),(#3506,#3507)),
 .UNSPECIFIED.,.F.,.F.,.F.,(4,3,4),(2,2),(0.,0.234809000446105,0.983084817936201),
(0.,0.5),.UNSPECIFIED.);
#25=B_SPLINE_SURFACE_WITH_KNOTS('',3,1,((#3537,#3538),(#3539,#3540),(#3541,
#3542),(#3543,#3544),(#3545,#3546),(#3547,#3548),(#3549,#3550)),
 .UNSPECIFIED.,.F.,.F.,.F.,(4,3,4),(2,2),(-0.983084817936187,-0.234809000445304,
0.),(0.,0.5),.UNSPECIFIED.);
#26=B_SPLINE_SURFACE_WITH_KNOTS('',3,1,((#3560,#3561),(#3562,#3563),(#3564,
#3565),(#3566,#3567),(#3568,#3569),(#3570,#3571),(#3572,#3573)),
 .UNSPECIFIED.,.F.,.F.,.F.,(4,3,4),(2,2),(-1.03452666682451,-1.,-0.983084817936188),
(0.,0.5),.UNSPECIFIED.);
#27=B_SPLINE_SURFACE_WITH_KNOTS('',3,1,((#3587,#3588),(#3589,#3590),(#3591,
#3592),(#3593,#3594),(#3595,#3596),(#3597,#3598),(#3599,#3600)),
 .UNSPECIFIED.,.F.,.F.,.F.,(4,3,4),(2,2),(0.98308481793623,1.,1.03452666682451),
(0.,0.5),.UNSPECIFIED.);
#28=B_SPLINE_SURFACE_WITH_KNOTS('',3,1,((#3610,#3611),(#3612,#3613),(#3614,
#3615),(#3616,#3617),(#3618,#3619),(#3620,#3621),(#3622,#3623)),
 .UNSPECIFIED.,.F.,.F.,.F.,(4,3,4),(2,2),(0.,0.234809000458255,0.983084817936229),
(0.,0.5),.UNSPECIFIED.);
#29=B_SPLINE_SURFACE_WITH_KNOTS('',3,1,((#3653,#3654),(#3655,#3656),(#3657,
#3658),(#3659,#3660),(#3661,#3662),(#3663,#3664),(#3665,#3666)),
 .UNSPECIFIED.,.F.,.F.,.F.,(4,3,4),(2,2),(-0.983084817936205,-0.234809000435974,
0.),(0.,0.5),.UNSPECIFIED.);
#30=B_SPLINE_SURFACE_WITH_KNOTS('',3,1,((#3676,#3677),(#3678,#3679),(#3680,
#3681),(#3682,#3683),(#3684,#3685),(#3686,#3687),(#3688,#3689)),
 .UNSPECIFIED.,.F.,.F.,.F.,(4,3,4),(2,2),(-1.03452666682451,-1.,-0.983084817936205),
(0.,0.5),.UNSPECIFIED.);
#31=B_SPLINE_SURFACE_WITH_KNOTS('',3,1,((#3703,#3704),(#3705,#3706),(#3707,
#3708),(#3709,#3710),(#3711,#3712),(#3713,#3714),(#3715,#3716)),
 .UNSPECIFIED.,.F.,.F.,.F.,(4,3,4),(2,2),(0.983084817936244,1.,1.03452666682451),
(0.,0.5),.UNSPECIFIED.);
#32=B_SPLINE_SURFACE_WITH_KNOTS('',3,1,((#3726,#3727),(#3728,#3729),(#3730,
#3731),(#3732,#3733),(#3734,#3735),(#3736,#3737),(#3738,#3739)),
 .UNSPECIFIED.,.F.,.F.,.F.,(4,3,4),(2,2),(0.,0.234809000447271,0.983084817936243),
(0.,0.5),.UNSPECIFIED.);
#33=B_SPLINE_SURFACE_WITH_KNOTS('',3,1,((#3769,#3770),(#3771,#3772),(#3773,
#3774),(#3775,#3776),(#3777,#3778),(#3779,#3780),(#3781,#3782)),
 .UNSPECIFIED.,.F.,.F.,.F.,(4,3,4),(2,2),(-0.983084817936255,-0.234809000458829,
0.),(0.,0.5),.UNSPECIFIED.);
#34=B_SPLINE_SURFACE_WITH_KNOTS('',3,1,((#3792,#3793),(#3794,#3795),(#3796,
#3797),(#3798,#3799),(#3800,#3801),(#3802,#3803),(#3804,#3805)),
 .UNSPECIFIED.,.F.,.F.,.F.,(4,3,4),(2,2),(-1.03452666682451,-1.,-0.983084817936256),
(0.,0.5),.UNSPECIFIED.);
#35=B_SPLINE_SURFACE_WITH_KNOTS('',3,1,((#3819,#3820),(#3821,#3822),(#3823,
#3824),(#3825,#3826),(#3827,#3828),(#3829,#3830),(#3831,#3832)),
 .UNSPECIFIED.,.F.,.F.,.F.,(4,3,4),(2,2),(0.983084817936206,1.,1.03452666682451),
(0.,0.5),.UNSPECIFIED.);
#36=B_SPLINE_SURFACE_WITH_KNOTS('',3,1,((#3842,#3843),(#3844,#3845),(#3846,
#3847),(#3848,#3849),(#3850,#3851),(#3852,#3853),(#3854,#3855)),
 .UNSPECIFIED.,.F.,.F.,.F.,(4,3,4),(2,2),(0.,0.234809000466849,0.983084817936206),
(0.,0.5),.UNSPECIFIED.);
#37=B_SPLINE_SURFACE_WITH_KNOTS('',3,1,((#3885,#3886),(#3887,#3888),(#3889,
#3890),(#3891,#3892),(#3893,#3894),(#3895,#3896),(#3897,#3898)),
 .UNSPECIFIED.,.F.,.F.,.F.,(4,3,4),(2,2),(-0.983084817936201,-0.234809000442387,
0.),(0.,0.5),.UNSPECIFIED.);
#38=B_SPLINE_SURFACE_WITH_KNOTS('',3,1,((#3908,#3909),(#3910,#3911),(#3912,
#3913),(#3914,#3915),(#3916,#3917),(#3918,#3919),(#3920,#3921)),
 .UNSPECIFIED.,.F.,.F.,.F.,(4,3,4),(2,2),(-1.03452666682451,-1.,-0.983084817936202),
(0.,0.5),.UNSPECIFIED.);
#39=B_SPLINE_SURFACE_WITH_KNOTS('',3,1,((#3935,#3936),(#3937,#3938),(#3939,
#3940),(#3941,#3942),(#3943,#3944),(#3945,#3946),(#3947,#3948)),
 .UNSPECIFIED.,.F.,.F.,.F.,(4,3,4),(2,2),(0.983084817936216,1.,1.0345266668245),
(0.,0.5),.UNSPECIFIED.);
#40=B_SPLINE_SURFACE_WITH_KNOTS('',3,1,((#3958,#3959),(#3960,#3961),(#3962,
#3963),(#3964,#3965),(#3966,#3967),(#3968,#3969),(#3970,#3971)),
 .UNSPECIFIED.,.F.,.F.,.F.,(4,3,4),(2,2),(0.,0.234809000444012,0.983084817936215),
(0.,0.5),.UNSPECIFIED.);
#41=B_SPLINE_SURFACE_WITH_KNOTS('',3,1,((#4001,#4002),(#4003,#4004),(#4005,
#4006),(#4007,#4008),(#4009,#4010),(#4011,#4012),(#4013,#4014)),
 .UNSPECIFIED.,.F.,.F.,.F.,(4,3,4),(2,2),(-0.983084817936202,-0.234809000442386,
0.),(0.,0.5),.UNSPECIFIED.);
#42=B_SPLINE_SURFACE_WITH_KNOTS('',3,1,((#4024,#4025),(#4026,#4027),(#4028,
#4029),(#4030,#4031),(#4032,#4033),(#4034,#4035),(#4036,#4037)),
 .UNSPECIFIED.,.F.,.F.,.F.,(4,3,4),(2,2),(-1.03452666682451,-1.,-0.983084817936202),
(0.,0.5),.UNSPECIFIED.);
#43=B_SPLINE_SURFACE_WITH_KNOTS('',3,1,((#4051,#4052),(#4053,#4054),(#4055,
#4056),(#4057,#4058),(#4059,#4060),(#4061,#4062),(#4063,#4064)),
 .UNSPECIFIED.,.F.,.F.,.F.,(4,3,4),(2,2),(0.98308481793625,1.,1.03452666682449),
(0.,0.5),.UNSPECIFIED.);
#44=B_SPLINE_SURFACE_WITH_KNOTS('',3,1,((#4074,#4075),(#4076,#4077),(#4078,
#4079),(#4080,#4081),(#4082,#4083),(#4084,#4085),(#4086,#4087)),
 .UNSPECIFIED.,.F.,.F.,.F.,(4,3,4),(2,2),(0.,0.234809000521038,0.983084817936249),
(0.,0.5),.UNSPECIFIED.);
#45=B_SPLINE_SURFACE_WITH_KNOTS('',3,1,((#4117,#4118),(#4119,#4120),(#4121,
#4122),(#4123,#4124),(#4125,#4126),(#4127,#4128),(#4129,#4130)),
 .UNSPECIFIED.,.F.,.F.,.F.,(4,3,4),(2,2),(-0.614564469319466,-0.23480900048655,
0.),(0.,0.5),.UNSPECIFIED.);
#46=B_SPLINE_SURFACE_WITH_KNOTS('',3,1,((#4140,#4141),(#4142,#4143),(#4144,
#4145),(#4146,#4147)),.UNSPECIFIED.,.F.,.F.,.F.,(4,4),(2,2),(-0.983084817936193,
-0.614564469319466),(0.,0.5),.UNSPECIFIED.);
#47=B_SPLINE_SURFACE_WITH_KNOTS('',3,1,((#4154,#4155),(#4156,#4157),(#4158,
#4159),(#4160,#4161),(#4162,#4163),(#4164,#4165),(#4166,#4167)),
 .UNSPECIFIED.,.F.,.F.,.F.,(4,3,4),(2,2),(-1.03452666682451,-1.,-0.983084817936193),
(0.,0.5),.UNSPECIFIED.);
#48=B_SPLINE_SURFACE_WITH_KNOTS('',3,1,((#4181,#4182),(#4183,#4184),(#4185,
#4186),(#4187,#4188),(#4189,#4190),(#4191,#4192),(#4193,#4194)),
 .UNSPECIFIED.,.F.,.F.,.F.,(4,3,4),(2,2),(0.983084817936252,1.,1.03452666682451),
(0.,0.5),.UNSPECIFIED.);
#49=B_SPLINE_SURFACE_WITH_KNOTS('',3,1,((#4204,#4205),(#4206,#4207),(#4208,
#4209),(#4210,#4211),(#4212,#4213),(#4214,#4215),(#4216,#4217)),
 .UNSPECIFIED.,.F.,.F.,.F.,(4,3,4),(2,2),(0.119850403721298,0.234809000425114,
0.983084817936251),(0.,0.5),.UNSPECIFIED.);
#50=B_SPLINE_SURFACE_WITH_KNOTS('',3,1,((#4227,#4228),(#4229,#4230),(#4231,
#4232),(#4233,#4234)),.UNSPECIFIED.,.F.,.F.,.F.,(4,4),(2,2),(0.,0.119850403721217),
(0.,0.5),.UNSPECIFIED.);
#51=B_SPLINE_SURFACE_WITH_KNOTS('',3,1,((#4261,#4262),(#4263,#4264),(#4265,
#4266),(#4267,#4268),(#4269,#4270),(#4271,#4272),(#4273,#4274)),
 .UNSPECIFIED.,.F.,.F.,.F.,(4,3,4),(2,2),(-0.983084817936085,-0.234809000442177,
0.),(0.,0.5),.UNSPECIFIED.);
#52=B_SPLINE_SURFACE_WITH_KNOTS('',3,1,((#4284,#4285),(#4286,#4287),(#4288,
#4289),(#4290,#4291),(#4292,#4293),(#4294,#4295),(#4296,#4297)),
 .UNSPECIFIED.,.F.,.F.,.F.,(4,3,4),(2,2),(-1.03452666682451,-1.,-0.983084817936085),
(0.,0.5),.UNSPECIFIED.);
#53=B_SPLINE_SURFACE_WITH_KNOTS('',3,1,((#4311,#4312),(#4313,#4314),(#4315,
#4316),(#4317,#4318),(#4319,#4320),(#4321,#4322),(#4323,#4324)),
 .UNSPECIFIED.,.F.,.F.,.F.,(4,3,4),(2,2),(0.983084817936223,1.,1.03452666682451),
(0.,0.5),.UNSPECIFIED.);
#54=B_SPLINE_SURFACE_WITH_KNOTS('',3,1,((#4334,#4335),(#4336,#4337),(#4338,
#4339),(#4340,#4341),(#4342,#4343),(#4344,#4345),(#4346,#4347)),
 .UNSPECIFIED.,.F.,.F.,.F.,(4,3,4),(2,2),(0.,0.234809000444122,0.983084817936223),
(0.,0.5),.UNSPECIFIED.);
#55=B_SPLINE_CURVE_WITH_KNOTS('',3,(#2857,#2858,#2859,#2860,#2861,#2862,
#2863),.UNSPECIFIED.,.F.,.F.,(4,3,4),(0.983084817936202,1.,1.03452666682451),
 .UNSPECIFIED.);
#56=B_SPLINE_CURVE_WITH_KNOTS('',3,(#2867,#2868,#2869,#2870,#2871,#2872,
#2873),.UNSPECIFIED.,.F.,.F.,(4,3,4),(0.98308481793625,1.,1.03452666682449),
 .UNSPECIFIED.);
#57=B_SPLINE_CURVE_WITH_KNOTS('',3,(#2875,#2876,#2877,#2878,#2879,#2880,
#2881),.UNSPECIFIED.,.F.,.F.,(4,3,4),(0.,0.234809000521038,0.98308481793625),
 .UNSPECIFIED.);
#58=B_SPLINE_CURVE_WITH_KNOTS('',3,(#2893,#2894,#2895,#2896,#2897,#2898,
#2899),.UNSPECIFIED.,.F.,.F.,(4,3,4),(0.,0.23480900048655,0.614564469319466),
 .UNSPECIFIED.);
#59=B_SPLINE_CURVE_WITH_KNOTS('',3,(#2901,#2902,#2903,#2904),
 .UNSPECIFIED.,.F.,.F.,(4,4),(0.614564469319466,0.983084817936193),
 .UNSPECIFIED.);
#60=B_SPLINE_CURVE_WITH_KNOTS('',3,(#2906,#2907,#2908,#2909,#2910,#2911,
#2912),.UNSPECIFIED.,.F.,.F.,(4,3,4),(0.983084817936193,1.,1.03452666682451),
 .UNSPECIFIED.);
#61=B_SPLINE_CURVE_WITH_KNOTS('',3,(#2916,#2917,#2918,#2919,#2920,#2921,
#2922),.UNSPECIFIED.,.F.,.F.,(4,3,4),(0.983084817936252,1.,1.03452666682451),
 .UNSPECIFIED.);
#62=B_SPLINE_CURVE_WITH_KNOTS('',3,(#2924,#2925,#2926,#2927,#2928,#2929,
#2930),.UNSPECIFIED.,.F.,.F.,(4,3,4),(0.119850403721217,0.234809000425114,
0.983084817936252),.UNSPECIFIED.);
#63=B_SPLINE_CURVE_WITH_KNOTS('',3,(#2932,#2933,#2934,#2935),
 .UNSPECIFIED.,.F.,.F.,(4,4),(0.,0.119850403721217),.UNSPECIFIED.);
#64=B_SPLINE_CURVE_WITH_KNOTS('',3,(#2947,#2948,#2949,#2950,#2951,#2952,
#2953),.UNSPECIFIED.,.F.,.F.,(4,3,4),(0.,0.234809000442177,0.983084817936085),
 .UNSPECIFIED.);
#65=B_SPLINE_CURVE_WITH_KNOTS('',3,(#2955,#2956,#2957,#2958,#2959,#2960,
#2961),.UNSPECIFIED.,.F.,.F.,(4,3,4),(0.983084817936085,1.,1.03452666682451),
 .UNSPECIFIED.);
#66=B_SPLINE_CURVE_WITH_KNOTS('',3,(#2965,#2966,#2967,#2968,#2969,#2970,
#2971),.UNSPECIFIED.,.F.,.F.,(4,3,4),(0.983084817936223,1.,1.03452666682451),
 .UNSPECIFIED.);
#67=B_SPLINE_CURVE_WITH_KNOTS('',3,(#2973,#2974,#2975,#2976,#2977,#2978,
#2979),.UNSPECIFIED.,.F.,.F.,(4,3,4),(0.,0.234809000444122,0.983084817936223),
 .UNSPECIFIED.);
#68=B_SPLINE_CURVE_WITH_KNOTS('',3,(#2991,#2992,#2993,#2994,#2995,#2996,
#2997),.UNSPECIFIED.,.F.,.F.,(4,3,4),(0.,0.234809000427497,0.983084817936211),
 .UNSPECIFIED.);
#69=B_SPLINE_CURVE_WITH_KNOTS('',3,(#2999,#3000,#3001,#3002,#3003,#3004,
#3005),.UNSPECIFIED.,.F.,.F.,(4,3,4),(0.983084817936211,1.,1.0345266668245),
 .UNSPECIFIED.);
#70=B_SPLINE_CURVE_WITH_KNOTS('',3,(#3009,#3010,#3011,#3012,#3013,#3014,
#3015),.UNSPECIFIED.,.F.,.F.,(4,3,4),(0.983084817936215,1.,1.03452666682451),
 .UNSPECIFIED.);
#71=B_SPLINE_CURVE_WITH_KNOTS('',3,(#3017,#3018,#3019,#3020,#3021,#3022,
#3023),.UNSPECIFIED.,.F.,.F.,(4,3,4),(0.189320952836246,0.234809000499492,
0.983084817936215),.UNSPECIFIED.);
#72=B_SPLINE_CURVE_WITH_KNOTS('',3,(#3025,#3026,#3027,#3028),
 .UNSPECIFIED.,.F.,.F.,(4,4),(0.,0.189320952836246),.UNSPECIFIED.);
#73=B_SPLINE_CURVE_WITH_KNOTS('',3,(#3040,#3041,#3042,#3043,#3044,#3045,
#3046),.UNSPECIFIED.,.F.,.F.,(4,3,4),(0.,0.234809000421226,0.831245354456841),
 .UNSPECIFIED.);
#74=B_SPLINE_CURVE_WITH_KNOTS('',3,(#3048,#3049,#3050,#3051),
 .UNSPECIFIED.,.F.,.F.,(4,4),(0.831245354456841,0.983084817936229),
 .UNSPECIFIED.);
#75=B_SPLINE_CURVE_WITH_KNOTS('',3,(#3053,#3054,#3055,#3056,#3057,#3058,
#3059),.UNSPECIFIED.,.F.,.F.,(4,3,4),(0.983084817936229,1.,1.03452666682449),
 .UNSPECIFIED.);
#76=B_SPLINE_CURVE_WITH_KNOTS('',3,(#3063,#3064,#3065,#3066,#3067,#3068,
#3069),.UNSPECIFIED.,.F.,.F.,(4,3,4),(0.983084817936202,1.,1.0345266668245),
 .UNSPECIFIED.);
#77=B_SPLINE_CURVE_WITH_KNOTS('',3,(#3071,#3072,#3073,#3074,#3075,#3076,
#3077),.UNSPECIFIED.,.F.,.F.,(4,3,4),(0.,0.234809000446105,0.983084817936202),
 .UNSPECIFIED.);
#78=B_SPLINE_CURVE_WITH_KNOTS('',3,(#3089,#3090,#3091,#3092,#3093,#3094,
#3095),.UNSPECIFIED.,.F.,.F.,(4,3,4),(0.,0.234809000445304,0.983084817936188),
 .UNSPECIFIED.);
#79=B_SPLINE_CURVE_WITH_KNOTS('',3,(#3097,#3098,#3099,#3100,#3101,#3102,
#3103),.UNSPECIFIED.,.F.,.F.,(4,3,4),(0.983084817936188,1.,1.03452666682451),
 .UNSPECIFIED.);
#80=B_SPLINE_CURVE_WITH_KNOTS('',3,(#3107,#3108,#3109,#3110,#3111,#3112,
#3113),.UNSPECIFIED.,.F.,.F.,(4,3,4),(0.98308481793623,1.,1.03452666682451),
 .UNSPECIFIED.);
#81=B_SPLINE_CURVE_WITH_KNOTS('',3,(#3115,#3116,#3117,#3118,#3119,#3120,
#3121),.UNSPECIFIED.,.F.,.F.,(4,3,4),(0.,0.234809000458255,0.98308481793623),
 .UNSPECIFIED.);
#82=B_SPLINE_CURVE_WITH_KNOTS('',3,(#3133,#3134,#3135,#3136,#3137,#3138,
#3139),.UNSPECIFIED.,.F.,.F.,(4,3,4),(0.,0.234809000435974,0.983084817936205),
 .UNSPECIFIED.);
#83=B_SPLINE_CURVE_WITH_KNOTS('',3,(#3141,#3142,#3143,#3144,#3145,#3146,
#3147),.UNSPECIFIED.,.F.,.F.,(4,3,4),(0.983084817936205,1.,1.03452666682451),
 .UNSPECIFIED.);
#84=B_SPLINE_CURVE_WITH_KNOTS('',3,(#3151,#3152,#3153,#3154,#3155,#3156,
#3157),.UNSPECIFIED.,.F.,.F.,(4,3,4),(0.983084817936244,1.,1.03452666682451),
 .UNSPECIFIED.);
#85=B_SPLINE_CURVE_WITH_KNOTS('',3,(#3159,#3160,#3161,#3162,#3163,#3164,
#3165),.UNSPECIFIED.,.F.,.F.,(4,3,4),(0.,0.234809000447271,0.983084817936244),
 .UNSPECIFIED.);
#86=B_SPLINE_CURVE_WITH_KNOTS('',3,(#3177,#3178,#3179,#3180,#3181,#3182,
#3183),.UNSPECIFIED.,.F.,.F.,(4,3,4),(0.,0.234809000458829,0.983084817936256),
 .UNSPECIFIED.);
#87=B_SPLINE_CURVE_WITH_KNOTS('',3,(#3185,#3186,#3187,#3188,#3189,#3190,
#3191),.UNSPECIFIED.,.F.,.F.,(4,3,4),(0.983084817936256,1.,1.03452666682451),
 .UNSPECIFIED.);
#88=B_SPLINE_CURVE_WITH_KNOTS('',3,(#3195,#3196,#3197,#3198,#3199,#3200,
#3201),.UNSPECIFIED.,.F.,.F.,(4,3,4),(0.983084817936206,1.,1.03452666682451),
 .UNSPECIFIED.);
#89=B_SPLINE_CURVE_WITH_KNOTS('',3,(#3203,#3204,#3205,#3206,#3207,#3208,
#3209),.UNSPECIFIED.,.F.,.F.,(4,3,4),(0.,0.234809000466849,0.983084817936206),
 .UNSPECIFIED.);
#90=B_SPLINE_CURVE_WITH_KNOTS('',3,(#3221,#3222,#3223,#3224,#3225,#3226,
#3227),.UNSPECIFIED.,.F.,.F.,(4,3,4),(0.,0.234809000442387,0.983084817936202),
 .UNSPECIFIED.);
#91=B_SPLINE_CURVE_WITH_KNOTS('',3,(#3229,#3230,#3231,#3232,#3233,#3234,
#3235),.UNSPECIFIED.,.F.,.F.,(4,3,4),(0.983084817936202,1.,1.03452666682451),
 .UNSPECIFIED.);
#92=B_SPLINE_CURVE_WITH_KNOTS('',3,(#3239,#3240,#3241,#3242,#3243,#3244,
#3245),.UNSPECIFIED.,.F.,.F.,(4,3,4),(0.983084817936216,1.,1.0345266668245),
 .UNSPECIFIED.);
#93=B_SPLINE_CURVE_WITH_KNOTS('',3,(#3247,#3248,#3249,#3250,#3251,#3252,
#3253),.UNSPECIFIED.,.F.,.F.,(4,3,4),(0.,0.234809000444012,0.983084817936216),
 .UNSPECIFIED.);
#94=B_SPLINE_CURVE_WITH_KNOTS('',3,(#3264,#3265,#3266,#3267,#3268,#3269,
#3270),.UNSPECIFIED.,.F.,.F.,(4,3,4),(0.,0.234809000442386,0.983084817936202),
 .UNSPECIFIED.);
#95=B_SPLINE_CURVE_WITH_KNOTS('',3,(#3292,#3293,#3294,#3295,#3296,#3297,
#3298),.UNSPECIFIED.,.F.,.F.,(4,3,4),(-0.983084817936211,-0.234809000427497,
0.),.UNSPECIFIED.);
#96=B_SPLINE_CURVE_WITH_KNOTS('',3,(#3315,#3316,#3317,#3318,#3319,#3320,
#3321),.UNSPECIFIED.,.F.,.F.,(4,3,4),(-1.0345266668245,-1.,-0.983084817936211),
 .UNSPECIFIED.);
#97=B_SPLINE_CURVE_WITH_KNOTS('',3,(#3342,#3343,#3344,#3345,#3346,#3347,
#3348),.UNSPECIFIED.,.F.,.F.,(4,3,4),(0.983084817936215,1.,1.03452666682451),
 .UNSPECIFIED.);
#98=B_SPLINE_CURVE_WITH_KNOTS('',3,(#3365,#3366,#3367,#3368,#3369,#3370,
#3371),.UNSPECIFIED.,.F.,.F.,(4,3,4),(0.189320952836378,0.234809000499492,
0.983084817936215),.UNSPECIFIED.);
#99=B_SPLINE_CURVE_WITH_KNOTS('',3,(#3382,#3383,#3384,#3385),
 .UNSPECIFIED.,.F.,.F.,(4,4),(0.,0.189320952836246),.UNSPECIFIED.);
#100=B_SPLINE_CURVE_WITH_KNOTS('',3,(#3422,#3423,#3424,#3425,#3426,#3427,
#3428),.UNSPECIFIED.,.F.,.F.,(4,3,4),(-0.831245354456841,-0.234809000421226,
0.),.UNSPECIFIED.);
#101=B_SPLINE_CURVE_WITH_KNOTS('',3,(#3439,#3440,#3441,#3442),
 .UNSPECIFIED.,.F.,.F.,(4,4),(-0.983084817936228,-0.831245354456841),
 .UNSPECIFIED.);
#102=B_SPLINE_CURVE_WITH_KNOTS('',3,(#3459,#3460,#3461,#3462,#3463,#3464,
#3465),.UNSPECIFIED.,.F.,.F.,(4,3,4),(-1.03452666682449,-1.,-0.983084817936229),
 .UNSPECIFIED.);
#103=B_SPLINE_CURVE_WITH_KNOTS('',3,(#3486,#3487,#3488,#3489,#3490,#3491,
#3492),.UNSPECIFIED.,.F.,.F.,(4,3,4),(0.983084817936202,1.,1.0345266668245),
 .UNSPECIFIED.);
#104=B_SPLINE_CURVE_WITH_KNOTS('',3,(#3509,#3510,#3511,#3512,#3513,#3514,
#3515),.UNSPECIFIED.,.F.,.F.,(4,3,4),(0.,0.234809000446105,0.983084817936201),
 .UNSPECIFIED.);
#105=B_SPLINE_CURVE_WITH_KNOTS('',3,(#3552,#3553,#3554,#3555,#3556,#3557,
#3558),.UNSPECIFIED.,.F.,.F.,(4,3,4),(-0.983084817936187,-0.234809000445304,
0.),.UNSPECIFIED.);
#106=B_SPLINE_CURVE_WITH_KNOTS('',3,(#3575,#3576,#3577,#3578,#3579,#3580,
#3581),.UNSPECIFIED.,.F.,.F.,(4,3,4),(-1.03452666682451,-1.,-0.983084817936188),
 .UNSPECIFIED.);
#107=B_SPLINE_CURVE_WITH_KNOTS('',3,(#3602,#3603,#3604,#3605,#3606,#3607,
#3608),.UNSPECIFIED.,.F.,.F.,(4,3,4),(0.98308481793623,1.,1.03452666682451),
 .UNSPECIFIED.);
#108=B_SPLINE_CURVE_WITH_KNOTS('',3,(#3625,#3626,#3627,#3628,#3629,#3630,
#3631),.UNSPECIFIED.,.F.,.F.,(4,3,4),(0.,0.234809000458255,0.983084817936229),
 .UNSPECIFIED.);
#109=B_SPLINE_CURVE_WITH_KNOTS('',3,(#3668,#3669,#3670,#3671,#3672,#3673,
#3674),.UNSPECIFIED.,.F.,.F.,(4,3,4),(-0.983084817936205,-0.234809000435974,
0.),.UNSPECIFIED.);
#110=B_SPLINE_CURVE_WITH_KNOTS('',3,(#3691,#3692,#3693,#3694,#3695,#3696,
#3697),.UNSPECIFIED.,.F.,.F.,(4,3,4),(-1.03452666682451,-1.,-0.983084817936205),
 .UNSPECIFIED.);
#111=B_SPLINE_CURVE_WITH_KNOTS('',3,(#3718,#3719,#3720,#3721,#3722,#3723,
#3724),.UNSPECIFIED.,.F.,.F.,(4,3,4),(0.983084817936244,1.,1.03452666682451),
 .UNSPECIFIED.);
#112=B_SPLINE_CURVE_WITH_KNOTS('',3,(#3741,#3742,#3743,#3744,#3745,#3746,
#3747),.UNSPECIFIED.,.F.,.F.,(4,3,4),(0.,0.234809000447271,0.983084817936243),
 .UNSPECIFIED.);
#113=B_SPLINE_CURVE_WITH_KNOTS('',3,(#3784,#3785,#3786,#3787,#3788,#3789,
#3790),.UNSPECIFIED.,.F.,.F.,(4,3,4),(-0.983084817936255,-0.234809000458829,
0.),.UNSPECIFIED.);
#114=B_SPLINE_CURVE_WITH_KNOTS('',3,(#3807,#3808,#3809,#3810,#3811,#3812,
#3813),.UNSPECIFIED.,.F.,.F.,(4,3,4),(-1.03452666682451,-1.,-0.983084817936256),
 .UNSPECIFIED.);
#115=B_SPLINE_CURVE_WITH_KNOTS('',3,(#3834,#3835,#3836,#3837,#3838,#3839,
#3840),.UNSPECIFIED.,.F.,.F.,(4,3,4),(0.983084817936206,1.,1.03452666682451),
 .UNSPECIFIED.);
#116=B_SPLINE_CURVE_WITH_KNOTS('',3,(#3857,#3858,#3859,#3860,#3861,#3862,
#3863),.UNSPECIFIED.,.F.,.F.,(4,3,4),(0.,0.234809000466849,0.983084817936206),
 .UNSPECIFIED.);
#117=B_SPLINE_CURVE_WITH_KNOTS('',3,(#3900,#3901,#3902,#3903,#3904,#3905,
#3906),.UNSPECIFIED.,.F.,.F.,(4,3,4),(-0.983084817936201,-0.234809000442387,
0.),.UNSPECIFIED.);
#118=B_SPLINE_CURVE_WITH_KNOTS('',3,(#3923,#3924,#3925,#3926,#3927,#3928,
#3929),.UNSPECIFIED.,.F.,.F.,(4,3,4),(-1.03452666682451,-1.,-0.983084817936202),
 .UNSPECIFIED.);
#119=B_SPLINE_CURVE_WITH_KNOTS('',3,(#3950,#3951,#3952,#3953,#3954,#3955,
#3956),.UNSPECIFIED.,.F.,.F.,(4,3,4),(0.983084817936216,1.,1.0345266668245),
 .UNSPECIFIED.);
#120=B_SPLINE_CURVE_WITH_KNOTS('',3,(#3973,#3974,#3975,#3976,#3977,#3978,
#3979),.UNSPECIFIED.,.F.,.F.,(4,3,4),(0.,0.234809000444012,0.983084817936215),
 .UNSPECIFIED.);
#121=B_SPLINE_CURVE_WITH_KNOTS('',3,(#4016,#4017,#4018,#4019,#4020,#4021,
#4022),.UNSPECIFIED.,.F.,.F.,(4,3,4),(-0.983084817936202,-0.234809000442386,
0.),.UNSPECIFIED.);
#122=B_SPLINE_CURVE_WITH_KNOTS('',3,(#4039,#4040,#4041,#4042,#4043,#4044,
#4045),.UNSPECIFIED.,.F.,.F.,(4,3,4),(-1.03452666682451,-1.,-0.983084817936202),
 .UNSPECIFIED.);
#123=B_SPLINE_CURVE_WITH_KNOTS('',3,(#4066,#4067,#4068,#4069,#4070,#4071,
#4072),.UNSPECIFIED.,.F.,.F.,(4,3,4),(0.98308481793625,1.,1.03452666682449),
 .UNSPECIFIED.);
#124=B_SPLINE_CURVE_WITH_KNOTS('',3,(#4089,#4090,#4091,#4092,#4093,#4094,
#4095),.UNSPECIFIED.,.F.,.F.,(4,3,4),(0.,0.234809000521038,0.983084817936249),
 .UNSPECIFIED.);
#125=B_SPLINE_CURVE_WITH_KNOTS('',3,(#4132,#4133,#4134,#4135,#4136,#4137,
#4138),.UNSPECIFIED.,.F.,.F.,(4,3,4),(-0.614564469319466,-0.23480900048655,
0.),.UNSPECIFIED.);
#126=B_SPLINE_CURVE_WITH_KNOTS('',3,(#4149,#4150,#4151,#4152),
 .UNSPECIFIED.,.F.,.F.,(4,4),(-0.983084817936193,-0.614564469319466),
 .UNSPECIFIED.);
#127=B_SPLINE_CURVE_WITH_KNOTS('',3,(#4169,#4170,#4171,#4172,#4173,#4174,
#4175),.UNSPECIFIED.,.F.,.F.,(4,3,4),(-1.03452666682451,-1.,-0.983084817936193),
 .UNSPECIFIED.);
#128=B_SPLINE_CURVE_WITH_KNOTS('',3,(#4196,#4197,#4198,#4199,#4200,#4201,
#4202),.UNSPECIFIED.,.F.,.F.,(4,3,4),(0.983084817936252,1.,1.03452666682451),
 .UNSPECIFIED.);
#129=B_SPLINE_CURVE_WITH_KNOTS('',3,(#4219,#4220,#4221,#4222,#4223,#4224,
#4225),.UNSPECIFIED.,.F.,.F.,(4,3,4),(0.119850403721298,0.234809000425114,
0.983084817936251),.UNSPECIFIED.);
#130=B_SPLINE_CURVE_WITH_KNOTS('',3,(#4236,#4237,#4238,#4239),
 .UNSPECIFIED.,.F.,.F.,(4,4),(0.,0.119850403721217),.UNSPECIFIED.);
#131=B_SPLINE_CURVE_WITH_KNOTS('',3,(#4276,#4277,#4278,#4279,#4280,#4281,
#4282),.UNSPECIFIED.,.F.,.F.,(4,3,4),(-0.983084817936085,-0.234809000442177,
0.),.UNSPECIFIED.);
#132=B_SPLINE_CURVE_WITH_KNOTS('',3,(#4299,#4300,#4301,#4302,#4303,#4304,
#4305),.UNSPECIFIED.,.F.,.F.,(4,3,4),(-1.03452666682451,-1.,-0.983084817936085),
 .UNSPECIFIED.);
#133=B_SPLINE_CURVE_WITH_KNOTS('',3,(#4326,#4327,#4328,#4329,#4330,#4331,
#4332),.UNSPECIFIED.,.F.,.F.,(4,3,4),(0.983084817936223,1.,1.03452666682451),
 .UNSPECIFIED.);
#134=B_SPLINE_CURVE_WITH_KNOTS('',3,(#4349,#4350,#4351,#4352,#4353,#4354,
#4355),.UNSPECIFIED.,.F.,.F.,(4,3,4),(0.,0.234809000444122,0.983084817936223),
 .UNSPECIFIED.);
#135=(
BOUNDED_SURFACE()
B_SPLINE_SURFACE(5,1,((#2836,#2837),(#2838,#2839),(#2840,#2841),(#2842,
#2843),(#2844,#2845),(#2846,#2847)),.UNSPECIFIED.,.F.,.F.,.F.)
B_SPLINE_SURFACE_WITH_KNOTS((6,6),(2,2),(0.996919308078866,1.),(0.,2.),
 .UNSPECIFIED.)
GEOMETRIC_REPRESENTATION_ITEM()
RATIONAL_B_SPLINE_SURFACE(((1.,1.),(1.,1.),(1.,1.),(1.,1.),(1.,1.),(1.,
1.)))
REPRESENTATION_ITEM('')
SURFACE()
);
#136=FACE_BOUND('',#638,.T.);
#137=FACE_BOUND('',#639,.T.);
#138=FACE_BOUND('',#642,.T.);
#139=FACE_BOUND('',#647,.T.);
#140=FACE_BOUND('',#655,.T.);
#141=FACE_BOUND('',#656,.T.);
#142=FACE_BOUND('',#753,.T.);
#143=(
BOUNDED_CURVE()
B_SPLINE_CURVE(5,(#2775,#2776,#2777,#2778,#2779,#2780),.UNSPECIFIED.,.F.,
 .F.)
B_SPLINE_CURVE_WITH_KNOTS((6,6),(0.996919308078866,1.),.UNSPECIFIED.)
CURVE()
GEOMETRIC_REPRESENTATION_ITEM()
RATIONAL_B_SPLINE_CURVE((1.,1.,1.,1.,1.,1.))
REPRESENTATION_ITEM('')
);
#144=(
BOUNDED_CURVE()
B_SPLINE_CURVE(5,(#2848,#2849,#2850,#2851,#2852,#2853),.UNSPECIFIED.,.F.,
 .F.)
B_SPLINE_CURVE_WITH_KNOTS((6,6),(0.996919308078204,1.),.UNSPECIFIED.)
CURVE()
GEOMETRIC_REPRESENTATION_ITEM()
RATIONAL_B_SPLINE_CURVE((1.,1.,1.,1.,1.,1.))
REPRESENTATION_ITEM('')
);
#145=PLANE('',#2138);
#146=PLANE('',#2145);
#147=PLANE('',#2146);
#148=PLANE('',#2147);
#149=PLANE('',#2148);
#150=PLANE('',#2149);
#151=PLANE('',#2150);
#152=PLANE('',#2151);
#153=PLANE('',#2152);
#154=PLANE('',#2157);
#155=PLANE('',#2194);
#156=PLANE('',#2197);
#157=PLANE('',#2204);
#158=PLANE('',#2207);
#159=PLANE('',#2214);
#160=PLANE('',#2217);
#161=PLANE('',#2224);
#162=PLANE('',#2227);
#163=PLANE('',#2234);
#164=PLANE('',#2237);
#165=PLANE('',#2244);
#166=PLANE('',#2247);
#167=PLANE('',#2254);
#168=PLANE('',#2257);
#169=PLANE('',#2264);
#170=PLANE('',#2267);
#171=PLANE('',#2274);
#172=PLANE('',#2277);
#173=PLANE('',#2286);
#174=LINE('',#2766,#328);
#175=LINE('',#2786,#329);
#176=LINE('',#2791,#330);
#177=LINE('',#2793,#331);
#178=LINE('',#2795,#332);
#179=LINE('',#2797,#333);
#180=LINE('',#2799,#334);
#181=LINE('',#2800,#335);
#182=LINE('',#2803,#336);
#183=LINE('',#2805,#337);
#184=LINE('',#2806,#338);
#185=LINE('',#2809,#339);
#186=LINE('',#2810,#340);
#187=LINE('',#2813,#341);
#188=LINE('',#2814,#342);
#189=LINE('',#2818,#343);
#190=LINE('',#2819,#344);
#191=LINE('',#2822,#345);
#192=LINE('',#2823,#346);
#193=LINE('',#2825,#347);
#194=LINE('',#2828,#348);
#195=LINE('',#2830,#349);
#196=LINE('',#2834,#350);
#197=LINE('',#2883,#351);
#198=LINE('',#2891,#352);
#199=LINE('',#2937,#353);
#200=LINE('',#2945,#354);
#201=LINE('',#2981,#355);
#202=LINE('',#2989,#356);
#203=LINE('',#3030,#357);
#204=LINE('',#3038,#358);
#205=LINE('',#3079,#359);
#206=LINE('',#3087,#360);
#207=LINE('',#3123,#361);
#208=LINE('',#3131,#362);
#209=LINE('',#3167,#363);
#210=LINE('',#3175,#364);
#211=LINE('',#3211,#365);
#212=LINE('',#3219,#366);
#213=LINE('',#3255,#367);
#214=LINE('',#3263,#368);
#215=LINE('',#3273,#369);
#216=LINE('',#3275,#370);
#217=LINE('',#3276,#371);
#218=LINE('',#3299,#372);
#219=LINE('',#3322,#373);
#220=LINE('',#3326,#374);
#221=LINE('',#3349,#375);
#222=LINE('',#3372,#376);
#223=LINE('',#3386,#377);
#224=LINE('',#3389,#378);
#225=LINE('',#3390,#379);
#226=LINE('',#3394,#380);
#227=LINE('',#3398,#381);
#228=LINE('',#3402,#382);
#229=LINE('',#3405,#383);
#230=LINE('',#3406,#384);
#231=LINE('',#3429,#385);
#232=LINE('',#3443,#386);
#233=LINE('',#3466,#387);
#234=LINE('',#3470,#388);
#235=LINE('',#3493,#389);
#236=LINE('',#3516,#390);
#237=LINE('',#3519,#391);
#238=LINE('',#3520,#392);
#239=LINE('',#3524,#393);
#240=LINE('',#3528,#394);
#241=LINE('',#3532,#395);
#242=LINE('',#3535,#396);
#243=LINE('',#3536,#397);
#244=LINE('',#3559,#398);
#245=LINE('',#3582,#399);
#246=LINE('',#3586,#400);
#247=LINE('',#3609,#401);
#248=LINE('',#3632,#402);
#249=LINE('',#3635,#403);
#250=LINE('',#3636,#404);
#251=LINE('',#3640,#405);
#252=LINE('',#3644,#406);
#253=LINE('',#3648,#407);
#254=LINE('',#3651,#408);
#255=LINE('',#3652,#409);
#256=LINE('',#3675,#410);
#257=LINE('',#3698,#411);
#258=LINE('',#3702,#412);
#259=LINE('',#3725,#413);
#260=LINE('',#3748,#414);
#261=LINE('',#3751,#415);
#262=LINE('',#3752,#416);
#263=LINE('',#3756,#417);
#264=LINE('',#3760,#418);
#265=LINE('',#3764,#419);
#266=LINE('',#3767,#420);
#267=LINE('',#3768,#421);
#268=LINE('',#3791,#422);
#269=LINE('',#3814,#423);
#270=LINE('',#3818,#424);
#271=LINE('',#3841,#425);
#272=LINE('',#3864,#426);
#273=LINE('',#3867,#427);
#274=LINE('',#3868,#428);
#275=LINE('',#3872,#429);
#276=LINE('',#3876,#430);
#277=LINE('',#3880,#431);
#278=LINE('',#3883,#432);
#279=LINE('',#3884,#433);
#280=LINE('',#3907,#434);
#281=LINE('',#3930,#435);
#282=LINE('',#3934,#436);
#283=LINE('',#3957,#437);
#284=LINE('',#3980,#438);
#285=LINE('',#3983,#439);
#286=LINE('',#3984,#440);
#287=LINE('',#3988,#441);
#288=LINE('',#3992,#442);
#289=LINE('',#3996,#443);
#290=LINE('',#3999,#444);
#291=LINE('',#4000,#445);
#292=LINE('',#4023,#446);
#293=LINE('',#4046,#447);
#294=LINE('',#4050,#448);
#295=LINE('',#4073,#449);
#296=LINE('',#4096,#450);
#297=LINE('',#4099,#451);
#298=LINE('',#4100,#452);
#299=LINE('',#4104,#453);
#300=LINE('',#4108,#454);
#301=LINE('',#4112,#455);
#302=LINE('',#4115,#456);
#303=LINE('',#4116,#457);
#304=LINE('',#4139,#458);
#305=LINE('',#4153,#459);
#306=LINE('',#4176,#460);
#307=LINE('',#4180,#461);
#308=LINE('',#4203,#462);
#309=LINE('',#4226,#463);
#310=LINE('',#4240,#464);
#311=LINE('',#4243,#465);
#312=LINE('',#4244,#466);
#313=LINE('',#4248,#467);
#314=LINE('',#4252,#468);
#315=LINE('',#4256,#469);
#316=LINE('',#4259,#470);
#317=LINE('',#4260,#471);
#318=LINE('',#4283,#472);
#319=LINE('',#4306,#473);
#320=LINE('',#4310,#474);
#321=LINE('',#4333,#475);
#322=LINE('',#4356,#476);
#323=LINE('',#4359,#477);
#324=LINE('',#4360,#478);
#325=LINE('',#4364,#479);
#326=LINE('',#4368,#480);
#327=LINE('',#4374,#481);
#328=VECTOR('',#2301,4.9);
#329=VECTOR('',#2316,1.75);
#330=VECTOR('',#2321,10.);
#331=VECTOR('',#2322,10.);
#332=VECTOR('',#2323,10.);
#333=VECTOR('',#2324,10.);
#334=VECTOR('',#2325,10.);
#335=VECTOR('',#2326,10.);
#336=VECTOR('',#2329,10.);
#337=VECTOR('',#2330,10.);
#338=VECTOR('',#2331,10.);
#339=VECTOR('',#2334,10.);
#340=VECTOR('',#2335,10.);
#341=VECTOR('',#2338,10.);
#342=VECTOR('',#2339,10.);
#343=VECTOR('',#2344,10.);
#344=VECTOR('',#2345,10.);
#345=VECTOR('',#2348,10.);
#346=VECTOR('',#2349,10.);
#347=VECTOR('',#2352,10.);
#348=VECTOR('',#2355,10.);
#349=VECTOR('',#2356,10.);
#350=VECTOR('',#2361,10.);
#351=VECTOR('',#2368,10.);
#352=VECTOR('',#2375,10.);
#353=VECTOR('',#2378,10.);
#354=VECTOR('',#2385,10.);
#355=VECTOR('',#2388,10.);
#356=VECTOR('',#2395,10.);
#357=VECTOR('',#2398,10.);
#358=VECTOR('',#2405,10.);
#359=VECTOR('',#2408,10.);
#360=VECTOR('',#2415,10.);
#361=VECTOR('',#2418,10.);
#362=VECTOR('',#2425,10.);
#363=VECTOR('',#2428,10.);
#364=VECTOR('',#2435,10.);
#365=VECTOR('',#2438,10.);
#366=VECTOR('',#2445,10.);
#367=VECTOR('',#2448,10.);
#368=VECTOR('',#2455,10.);
#369=VECTOR('',#2458,10.);
#370=VECTOR('',#2459,10.);
#371=VECTOR('',#2460,10.);
#372=VECTOR('',#2461,10.);
#373=VECTOR('',#2462,10.);
#374=VECTOR('',#2467,10.);
#375=VECTOR('',#2468,10.);
#376=VECTOR('',#2469,10.);
#377=VECTOR('',#2470,10.);
#378=VECTOR('',#2473,10.);
#379=VECTOR('',#2474,10.);
#380=VECTOR('',#2479,10.);
#381=VECTOR('',#2484,10.);
#382=VECTOR('',#2489,10.);
#383=VECTOR('',#2492,10.);
#384=VECTOR('',#2493,10.);
#385=VECTOR('',#2494,10.);
#386=VECTOR('',#2495,10.);
#387=VECTOR('',#2496,10.);
#388=VECTOR('',#2501,10.);
#389=VECTOR('',#2502,10.);
#390=VECTOR('',#2503,10.);
#391=VECTOR('',#2506,10.);
#392=VECTOR('',#2507,10.);
#393=VECTOR('',#2512,10.);
#394=VECTOR('',#2517,10.);
#395=VECTOR('',#2522,10.);
#396=VECTOR('',#2525,10.);
#397=VECTOR('',#2526,10.);
#398=VECTOR('',#2527,10.);
#399=VECTOR('',#2528,10.);
#400=VECTOR('',#2533,10.);
#401=VECTOR('',#2534,10.);
#402=VECTOR('',#2535,10.);
#403=VECTOR('',#2538,10.);
#404=VECTOR('',#2539,10.);
#405=VECTOR('',#2544,10.);
#406=VECTOR('',#2549,10.);
#407=VECTOR('',#2554,10.);
#408=VECTOR('',#2557,10.);
#409=VECTOR('',#2558,10.);
#410=VECTOR('',#2559,10.);
#411=VECTOR('',#2560,10.);
#412=VECTOR('',#2565,10.);
#413=VECTOR('',#2566,10.);
#414=VECTOR('',#2567,10.);
#415=VECTOR('',#2570,10.);
#416=VECTOR('',#2571,10.);
#417=VECTOR('',#2576,10.);
#418=VECTOR('',#2581,10.);
#419=VECTOR('',#2586,10.);
#420=VECTOR('',#2589,10.);
#421=VECTOR('',#2590,10.);
#422=VECTOR('',#2591,10.);
#423=VECTOR('',#2592,10.);
#424=VECTOR('',#2597,10.);
#425=VECTOR('',#2598,10.);
#426=VECTOR('',#2599,10.);
#427=VECTOR('',#2602,10.);
#428=VECTOR('',#2603,10.);
#429=VECTOR('',#2608,10.);
#430=VECTOR('',#2613,10.);
#431=VECTOR('',#2618,10.);
#432=VECTOR('',#2621,10.);
#433=VECTOR('',#2622,10.);
#434=VECTOR('',#2623,10.);
#435=VECTOR('',#2624,10.);
#436=VECTOR('',#2629,10.);
#437=VECTOR('',#2630,10.);
#438=VECTOR('',#2631,10.);
#439=VECTOR('',#2634,10.);
#440=VECTOR('',#2635,10.);
#441=VECTOR('',#2640,10.);
#442=VECTOR('',#2645,10.);
#443=VECTOR('',#2650,10.);
#444=VECTOR('',#2653,10.);
#445=VECTOR('',#2654,10.);
#446=VECTOR('',#2655,10.);
#447=VECTOR('',#2656,10.);
#448=VECTOR('',#2661,10.);
#449=VECTOR('',#2662,10.);
#450=VECTOR('',#2663,10.);
#451=VECTOR('',#2666,10.);
#452=VECTOR('',#2667,10.);
#453=VECTOR('',#2672,10.);
#454=VECTOR('',#2677,10.);
#455=VECTOR('',#2682,10.);
#456=VECTOR('',#2685,10.);
#457=VECTOR('',#2686,10.);
#458=VECTOR('',#2687,10.);
#459=VECTOR('',#2688,10.);
#460=VECTOR('',#2689,10.);
#461=VECTOR('',#2694,10.);
#462=VECTOR('',#2695,10.);
#463=VECTOR('',#2696,10.);
#464=VECTOR('',#2697,10.);
#465=VECTOR('',#2700,10.);
#466=VECTOR('',#2701,10.);
#467=VECTOR('',#2706,10.);
#468=VECTOR('',#2711,10.);
#469=VECTOR('',#2716,10.);
#470=VECTOR('',#2719,10.);
#471=VECTOR('',#2720,10.);
#472=VECTOR('',#2721,10.);
#473=VECTOR('',#2722,10.);
#474=VECTOR('',#2727,10.);
#475=VECTOR('',#2728,10.);
#476=VECTOR('',#2729,10.);
#477=VECTOR('',#2732,10.);
#478=VECTOR('',#2733,10.);
#479=VECTOR('',#2738,10.);
#480=VECTOR('',#2743,10.);
#481=VECTOR('',#2752,8.75);
#482=CYLINDRICAL_SURFACE('',#2136,4.9);
#483=CYLINDRICAL_SURFACE('',#2142,1.75);
#484=CYLINDRICAL_SURFACE('',#2153,6.93);
#485=CYLINDRICAL_SURFACE('',#2155,10.);
#486=CYLINDRICAL_SURFACE('',#2195,7.08);
#487=CYLINDRICAL_SURFACE('',#2198,0.549999999999999);
#488=CYLINDRICAL_SURFACE('',#2200,4.2572);
#489=CYLINDRICAL_SURFACE('',#2202,0.55);
#490=CYLINDRICAL_SURFACE('',#2205,7.08);
#491=CYLINDRICAL_SURFACE('',#2208,0.549999999999999);
#492=CYLINDRICAL_SURFACE('',#2210,4.2572);
#493=CYLINDRICAL_SURFACE('',#2212,0.55);
#494=CYLINDRICAL_SURFACE('',#2215,7.08000000000001);
#495=CYLINDRICAL_SURFACE('',#2218,0.549999999999998);
#496=CYLINDRICAL_SURFACE('',#2220,4.2572);
#497=CYLINDRICAL_SURFACE('',#2222,0.55);
#498=CYLINDRICAL_SURFACE('',#2225,7.08);
#499=CYLINDRICAL_SURFACE('',#2228,0.549999999999998);
#500=CYLINDRICAL_SURFACE('',#2230,4.2572);
#501=CYLINDRICAL_SURFACE('',#2232,0.55);
#502=CYLINDRICAL_SURFACE('',#2235,7.08000000000001);
#503=CYLINDRICAL_SURFACE('',#2238,0.549999999999999);
#504=CYLINDRICAL_SURFACE('',#2240,4.2572);
#505=CYLINDRICAL_SURFACE('',#2242,0.55);
#506=CYLINDRICAL_SURFACE('',#2245,7.08);
#507=CYLINDRICAL_SURFACE('',#2248,0.549999999999999);
#508=CYLINDRICAL_SURFACE('',#2250,4.2572);
#509=CYLINDRICAL_SURFACE('',#2252,0.55);
#510=CYLINDRICAL_SURFACE('',#2255,7.08);
#511=CYLINDRICAL_SURFACE('',#2258,0.549999999999999);
#512=CYLINDRICAL_SURFACE('',#2260,4.2572);
#513=CYLINDRICAL_SURFACE('',#2262,0.55);
#514=CYLINDRICAL_SURFACE('',#2265,7.08000000000001);
#515=CYLINDRICAL_SURFACE('',#2268,0.55);
#516=CYLINDRICAL_SURFACE('',#2270,4.2572);
#517=CYLINDRICAL_SURFACE('',#2272,0.55);
#518=CYLINDRICAL_SURFACE('',#2275,7.08);
#519=CYLINDRICAL_SURFACE('',#2278,0.549999999999999);
#520=CYLINDRICAL_SURFACE('',#2280,4.2572);
#521=CYLINDRICAL_SURFACE('',#2282,0.55);
#522=CYLINDRICAL_SURFACE('',#2284,8.75);
#523=FACE_OUTER_BOUND('',#635,.T.);
#524=FACE_OUTER_BOUND('',#636,.T.);
#525=FACE_OUTER_BOUND('',#637,.T.);
#526=FACE_OUTER_BOUND('',#640,.T.);
#527=FACE_OUTER_BOUND('',#641,.T.);
#528=FACE_OUTER_BOUND('',#643,.T.);
#529=FACE_OUTER_BOUND('',#644,.T.);
#530=FACE_OUTER_BOUND('',#645,.T.);
#531=FACE_OUTER_BOUND('',#646,.T.);
#532=FACE_OUTER_BOUND('',#648,.T.);
#533=FACE_OUTER_BOUND('',#649,.T.);
#534=FACE_OUTER_BOUND('',#650,.T.);
#535=FACE_OUTER_BOUND('',#651,.T.);
#536=FACE_OUTER_BOUND('',#652,.T.);
#537=FACE_OUTER_BOUND('',#653,.T.);
#538=FACE_OUTER_BOUND('',#654,.T.);
#539=FACE_OUTER_BOUND('',#657,.T.);
#540=FACE_OUTER_BOUND('',#658,.T.);
#541=FACE_OUTER_BOUND('',#659,.T.);
#542=FACE_OUTER_BOUND('',#660,.T.);
#543=FACE_OUTER_BOUND('',#661,.T.);
#544=FACE_OUTER_BOUND('',#662,.T.);
#545=FACE_OUTER_BOUND('',#663,.T.);
#546=FACE_OUTER_BOUND('',#664,.T.);
#547=FACE_OUTER_BOUND('',#665,.T.);
#548=FACE_OUTER_BOUND('',#666,.T.);
#549=FACE_OUTER_BOUND('',#667,.T.);
#550=FACE_OUTER_BOUND('',#668,.T.);
#551=FACE_OUTER_BOUND('',#669,.T.);
#552=FACE_OUTER_BOUND('',#670,.T.);
#553=FACE_OUTER_BOUND('',#671,.T.);
#554=FACE_OUTER_BOUND('',#672,.T.);
#555=FACE_OUTER_BOUND('',#673,.T.);
#556=FACE_OUTER_BOUND('',#674,.T.);
#557=FACE_OUTER_BOUND('',#675,.T.);
#558=FACE_OUTER_BOUND('',#676,.T.);
#559=FACE_OUTER_BOUND('',#677,.T.);
#560=FACE_OUTER_BOUND('',#678,.T.);
#561=FACE_OUTER_BOUND('',#679,.T.);
#562=FACE_OUTER_BOUND('',#680,.T.);
#563=FACE_OUTER_BOUND('',#681,.T.);
#564=FACE_OUTER_BOUND('',#682,.T.);
#565=FACE_OUTER_BOUND('',#683,.T.);
#566=FACE_OUTER_BOUND('',#684,.T.);
#567=FACE_OUTER_BOUND('',#685,.T.);
#568=FACE_OUTER_BOUND('',#686,.T.);
#569=FACE_OUTER_BOUND('',#687,.T.);
#570=FACE_OUTER_BOUND('',#688,.T.);
#571=FACE_OUTER_BOUND('',#689,.T.);
#572=FACE_OUTER_BOUND('',#690,.T.);
#573=FACE_OUTER_BOUND('',#691,.T.);
#574=FACE_OUTER_BOUND('',#692,.T.);
#575=FACE_OUTER_BOUND('',#693,.T.);
#576=FACE_OUTER_BOUND('',#694,.T.);
#577=FACE_OUTER_BOUND('',#695,.T.);
#578=FACE_OUTER_BOUND('',#696,.T.);
#579=FACE_OUTER_BOUND('',#697,.T.);
#580=FACE_OUTER_BOUND('',#698,.T.);
#581=FACE_OUTER_BOUND('',#699,.T.);
#582=FACE_OUTER_BOUND('',#700,.T.);
#583=FACE_OUTER_BOUND('',#701,.T.);
#584=FACE_OUTER_BOUND('',#702,.T.);
#585=FACE_OUTER_BOUND('',#703,.T.);
#586=FACE_OUTER_BOUND('',#704,.T.);
#587=FACE_OUTER_BOUND('',#705,.T.);
#588=FACE_OUTER_BOUND('',#706,.T.);
#589=FACE_OUTER_BOUND('',#707,.T.);
#590=FACE_OUTER_BOUND('',#708,.T.);
#591=FACE_OUTER_BOUND('',#709,.T.);
#592=FACE_OUTER_BOUND('',#710,.T.);
#593=FACE_OUTER_BOUND('',#711,.T.);
#594=FACE_OUTER_BOUND('',#712,.T.);
#595=FACE_OUTER_BOUND('',#713,.T.);
#596=FACE_OUTER_BOUND('',#714,.T.);
#597=FACE_OUTER_BOUND('',#715,.T.);
#598=FACE_OUTER_BOUND('',#716,.T.);
#599=FACE_OUTER_BOUND('',#717,.T.);
#600=FACE_OUTER_BOUND('',#718,.T.);
#601=FACE_OUTER_BOUND('',#719,.T.);
#602=FACE_OUTER_BOUND('',#720,.T.);
#603=FACE_OUTER_BOUND('',#721,.T.);
#604=FACE_OUTER_BOUND('',#722,.T.);
#605=FACE_OUTER_BOUND('',#723,.T.);
#606=FACE_OUTER_BOUND('',#724,.T.);
#607=FACE_OUTER_BOUND('',#725,.T.);
#608=FACE_OUTER_BOUND('',#726,.T.);
#609=FACE_OUTER_BOUND('',#727,.T.);
#610=FACE_OUTER_BOUND('',#728,.T.);
#611=FACE_OUTER_BOUND('',#729,.T.);
#612=FACE_OUTER_BOUND('',#730,.T.);
#613=FACE_OUTER_BOUND('',#731,.T.);
#614=FACE_OUTER_BOUND('',#732,.T.);
#615=FACE_OUTER_BOUND('',#733,.T.);
#616=FACE_OUTER_BOUND('',#734,.T.);
#617=FACE_OUTER_BOUND('',#735,.T.);
#618=FACE_OUTER_BOUND('',#736,.T.);
#619=FACE_OUTER_BOUND('',#737,.T.);
#620=FACE_OUTER_BOUND('',#738,.T.);
#621=FACE_OUTER_BOUND('',#739,.T.);
#622=FACE_OUTER_BOUND('',#740,.T.);
#623=FACE_OUTER_BOUND('',#741,.T.);
#624=FACE_OUTER_BOUND('',#742,.T.);
#625=FACE_OUTER_BOUND('',#743,.T.);
#626=FACE_OUTER_BOUND('',#744,.T.);
#627=FACE_OUTER_BOUND('',#745,.T.);
#628=FACE_OUTER_BOUND('',#746,.T.);
#629=FACE_OUTER_BOUND('',#747,.T.);
#630=FACE_OUTER_BOUND('',#748,.T.);
#631=FACE_OUTER_BOUND('',#749,.T.);
#632=FACE_OUTER_BOUND('',#750,.T.);
#633=FACE_OUTER_BOUND('',#751,.T.);
#634=FACE_OUTER_BOUND('',#752,.T.);
#635=EDGE_LOOP('',(#1374,#1375,#1376,#1377,#1378));
#636=EDGE_LOOP('',(#1379,#1380,#1381,#1382,#1383));
#637=EDGE_LOOP('',(#1384));
#638=EDGE_LOOP('',(#1385,#1386,#1387));
#639=EDGE_LOOP('',(#1388));
#640=EDGE_LOOP('',(#1389,#1390,#1391,#1392));
#641=EDGE_LOOP('',(#1393,#1394,#1395,#1396,#1397,#1398));
#642=EDGE_LOOP('',(#1399));
#643=EDGE_LOOP('',(#1400,#1401,#1402,#1403));
#644=EDGE_LOOP('',(#1404,#1405,#1406,#1407));
#645=EDGE_LOOP('',(#1408,#1409,#1410,#1411));
#646=EDGE_LOOP('',(#1412));
#647=EDGE_LOOP('',(#1413));
#648=EDGE_LOOP('',(#1414,#1415,#1416,#1417));
#649=EDGE_LOOP('',(#1418,#1419,#1420,#1421));
#650=EDGE_LOOP('',(#1422,#1423,#1424,#1425));
#651=EDGE_LOOP('',(#1426,#1427,#1428,#1429));
#652=EDGE_LOOP('',(#1430,#1431,#1432,#1433));
#653=EDGE_LOOP('',(#1434,#1435,#1436,#1437));
#654=EDGE_LOOP('',(#1438,#1439,#1440,#1441,#1442,#1443,#1444,#1445,#1446,
#1447,#1448,#1449,#1450,#1451,#1452,#1453,#1454,#1455,#1456,#1457,#1458,
#1459,#1460,#1461,#1462,#1463,#1464,#1465,#1466,#1467,#1468,#1469,#1470,
#1471,#1472,#1473,#1474,#1475,#1476,#1477,#1478,#1479,#1480,#1481,#1482,
#1483,#1484,#1485,#1486,#1487,#1488,#1489,#1490,#1491,#1492,#1493,#1494,
#1495,#1496,#1497,#1498,#1499,#1500,#1501,#1502,#1503,#1504,#1505,#1506,
#1507,#1508,#1509,#1510,#1511,#1512,#1513,#1514,#1515,#1516,#1517,#1518,
#1519,#1520,#1521,#1522,#1523,#1524,#1525,#1526,#1527,#1528,#1529,#1530,
#1531));
#655=EDGE_LOOP('',(#1532,#1533,#1534,#1535,#1536,#1537));
#656=EDGE_LOOP('',(#1538,#1539,#1540));
#657=EDGE_LOOP('',(#1541,#1542,#1543,#1544));
#658=EDGE_LOOP('',(#1545,#1546,#1547,#1548));
#659=EDGE_LOOP('',(#1549,#1550,#1551,#1552));
#660=EDGE_LOOP('',(#1553,#1554,#1555,#1556));
#661=EDGE_LOOP('',(#1557,#1558,#1559,#1560));
#662=EDGE_LOOP('',(#1561,#1562,#1563,#1564));
#663=EDGE_LOOP('',(#1565,#1566,#1567,#1568));
#664=EDGE_LOOP('',(#1569,#1570,#1571,#1572));
#665=EDGE_LOOP('',(#1573,#1574,#1575,#1576));
#666=EDGE_LOOP('',(#1577,#1578,#1579,#1580));
#667=EDGE_LOOP('',(#1581,#1582,#1583,#1584));
#668=EDGE_LOOP('',(#1585,#1586,#1587,#1588));
#669=EDGE_LOOP('',(#1589,#1590,#1591,#1592));
#670=EDGE_LOOP('',(#1593,#1594,#1595,#1596));
#671=EDGE_LOOP('',(#1597,#1598,#1599,#1600));
#672=EDGE_LOOP('',(#1601,#1602,#1603,#1604));
#673=EDGE_LOOP('',(#1605,#1606,#1607,#1608));
#674=EDGE_LOOP('',(#1609,#1610,#1611,#1612));
#675=EDGE_LOOP('',(#1613,#1614,#1615,#1616));
#676=EDGE_LOOP('',(#1617,#1618,#1619,#1620));
#677=EDGE_LOOP('',(#1621,#1622,#1623,#1624));
#678=EDGE_LOOP('',(#1625,#1626,#1627,#1628));
#679=EDGE_LOOP('',(#1629,#1630,#1631,#1632));
#680=EDGE_LOOP('',(#1633,#1634,#1635,#1636));
#681=EDGE_LOOP('',(#1637,#1638,#1639,#1640));
#682=EDGE_LOOP('',(#1641,#1642,#1643,#1644));
#683=EDGE_LOOP('',(#1645,#1646,#1647,#1648));
#684=EDGE_LOOP('',(#1649,#1650,#1651,#1652));
#685=EDGE_LOOP('',(#1653,#1654,#1655,#1656));
#686=EDGE_LOOP('',(#1657,#1658,#1659,#1660));
#687=EDGE_LOOP('',(#1661,#1662,#1663,#1664));
#688=EDGE_LOOP('',(#1665,#1666,#1667,#1668));
#689=EDGE_LOOP('',(#1669,#1670,#1671,#1672));
#690=EDGE_LOOP('',(#1673,#1674,#1675,#1676));
#691=EDGE_LOOP('',(#1677,#1678,#1679,#1680));
#692=EDGE_LOOP('',(#1681,#1682,#1683,#1684));
#693=EDGE_LOOP('',(#1685,#1686,#1687,#1688));
#694=EDGE_LOOP('',(#1689,#1690,#1691,#1692));
#695=EDGE_LOOP('',(#1693,#1694,#1695,#1696));
#696=EDGE_LOOP('',(#1697,#1698,#1699,#1700));
#697=EDGE_LOOP('',(#1701,#1702,#1703,#1704));
#698=EDGE_LOOP('',(#1705,#1706,#1707,#1708));
#699=EDGE_LOOP('',(#1709,#1710,#1711,#1712));
#700=EDGE_LOOP('',(#1713,#1714,#1715,#1716));
#701=EDGE_LOOP('',(#1717,#1718,#1719,#1720));
#702=EDGE_LOOP('',(#1721,#1722,#1723,#1724));
#703=EDGE_LOOP('',(#1725,#1726,#1727,#1728));
#704=EDGE_LOOP('',(#1729,#1730,#1731,#1732));
#705=EDGE_LOOP('',(#1733,#1734,#1735,#1736));
#706=EDGE_LOOP('',(#1737,#1738,#1739,#1740));
#707=EDGE_LOOP('',(#1741,#1742,#1743,#1744));
#708=EDGE_LOOP('',(#1745,#1746,#1747,#1748));
#709=EDGE_LOOP('',(#1749,#1750,#1751,#1752));
#710=EDGE_LOOP('',(#1753,#1754,#1755,#1756));
#711=EDGE_LOOP('',(#1757,#1758,#1759,#1760));
#712=EDGE_LOOP('',(#1761,#1762,#1763,#1764));
#713=EDGE_LOOP('',(#1765,#1766,#1767,#1768));
#714=EDGE_LOOP('',(#1769,#1770,#1771,#1772));
#715=EDGE_LOOP('',(#1773,#1774,#1775,#1776));
#716=EDGE_LOOP('',(#1777,#1778,#1779,#1780));
#717=EDGE_LOOP('',(#1781,#1782,#1783,#1784));
#718=EDGE_LOOP('',(#1785,#1786,#1787,#1788));
#719=EDGE_LOOP('',(#1789,#1790,#1791,#1792));
#720=EDGE_LOOP('',(#1793,#1794,#1795,#1796));
#721=EDGE_LOOP('',(#1797,#1798,#1799,#1800));
#722=EDGE_LOOP('',(#1801,#1802,#1803,#1804));
#723=EDGE_LOOP('',(#1805,#1806,#1807,#1808));
#724=EDGE_LOOP('',(#1809,#1810,#1811,#1812));
#725=EDGE_LOOP('',(#1813,#1814,#1815,#1816));
#726=EDGE_LOOP('',(#1817,#1818,#1819,#1820));
#727=EDGE_LOOP('',(#1821,#1822,#1823,#1824));
#728=EDGE_LOOP('',(#1825,#1826,#1827,#1828));
#729=EDGE_LOOP('',(#1829,#1830,#1831,#1832));
#730=EDGE_LOOP('',(#1833,#1834,#1835,#1836));
#731=EDGE_LOOP('',(#1837,#1838,#1839,#1840));
#732=EDGE_LOOP('',(#1841,#1842,#1843,#1844));
#733=EDGE_LOOP('',(#1845,#1846,#1847,#1848));
#734=EDGE_LOOP('',(#1849,#1850,#1851,#1852));
#735=EDGE_LOOP('',(#1853,#1854,#1855,#1856));
#736=EDGE_LOOP('',(#1857,#1858,#1859,#1860));
#737=EDGE_LOOP('',(#1861,#1862,#1863,#1864));
#738=EDGE_LOOP('',(#1865,#1866,#1867,#1868));
#739=EDGE_LOOP('',(#1869,#1870,#1871,#1872));
#740=EDGE_LOOP('',(#1873,#1874,#1875,#1876));
#741=EDGE_LOOP('',(#1877,#1878,#1879,#1880));
#742=EDGE_LOOP('',(#1881,#1882,#1883,#1884));
#743=EDGE_LOOP('',(#1885,#1886,#1887,#1888));
#744=EDGE_LOOP('',(#1889,#1890,#1891,#1892));
#745=EDGE_LOOP('',(#1893,#1894,#1895,#1896));
#746=EDGE_LOOP('',(#1897,#1898,#1899,#1900));
#747=EDGE_LOOP('',(#1901,#1902,#1903,#1904));
#748=EDGE_LOOP('',(#1905,#1906,#1907,#1908));
#749=EDGE_LOOP('',(#1909,#1910,#1911,#1912));
#750=EDGE_LOOP('',(#1913,#1914,#1915,#1916));
#751=EDGE_LOOP('',(#1917,#1918,#1919,#1920));
#752=EDGE_LOOP('',(#1921));
#753=EDGE_LOOP('',(#1922,#1923,#1924,#1925,#1926,#1927,#1928,#1929,#1930,
#1931,#1932,#1933,#1934,#1935,#1936,#1937,#1938,#1939,#1940,#1941,#1942,
#1943,#1944,#1945,#1946,#1947,#1948,#1949,#1950,#1951,#1952,#1953,#1954,
#1955,#1956,#1957,#1958,#1959,#1960,#1961,#1962,#1963,#1964,#1965,#1966,
#1967,#1968,#1969,#1970,#1971,#1972,#1973,#1974,#1975,#1976,#1977,#1978,
#1979,#1980,#1981,#1982,#1983,#1984,#1985,#1986,#1987,#1988,#1989,#1990,
#1991,#1992,#1993,#1994,#1995,#1996,#1997,#1998,#1999,#2000,#2001,#2002,
#2003,#2004,#2005,#2006,#2007,#2008,#2009,#2010,#2011,#2012,#2013,#2014,
#2015));
#754=CIRCLE('',#2132,5.9);
#755=CIRCLE('',#2133,1.);
#756=CIRCLE('',#2134,4.9);
#757=CIRCLE('',#2135,4.9);
#758=CIRCLE('',#2137,4.9);
#759=CIRCLE('',#2139,8.75);
#760=CIRCLE('',#2140,10.);
#761=CIRCLE('',#2141,6.93);
#762=CIRCLE('',#2143,1.75);
#763=CIRCLE('',#2144,1.75);
#764=CIRCLE('',#2154,6.93);
#765=CIRCLE('',#2156,10.);
#766=CIRCLE('',#2158,7.08);
#767=CIRCLE('',#2159,0.549999999999999);
#768=CIRCLE('',#2160,4.2572);
#769=CIRCLE('',#2161,0.55);
#770=CIRCLE('',#2162,7.08000000000001);
#771=CIRCLE('',#2163,0.55);
#772=CIRCLE('',#2164,4.2572);
#773=CIRCLE('',#2165,0.55);
#774=CIRCLE('',#2166,7.08);
#775=CIRCLE('',#2167,0.549999999999999);
#776=CIRCLE('',#2168,4.2572);
#777=CIRCLE('',#2169,0.55);
#778=CIRCLE('',#2170,7.08);
#779=CIRCLE('',#2171,0.549999999999999);
#780=CIRCLE('',#2172,4.2572);
#781=CIRCLE('',#2173,0.55);
#782=CIRCLE('',#2174,7.08);
#783=CIRCLE('',#2175,0.549999999999999);
#784=CIRCLE('',#2176,4.2572);
#785=CIRCLE('',#2177,0.55);
#786=CIRCLE('',#2178,7.08000000000001);
#787=CIRCLE('',#2179,0.549999999999998);
#788=CIRCLE('',#2180,4.2572);
#789=CIRCLE('',#2181,0.55);
#790=CIRCLE('',#2182,7.08);
#791=CIRCLE('',#2183,0.549999999999998);
#792=CIRCLE('',#2184,4.2572);
#793=CIRCLE('',#2185,0.55);
#794=CIRCLE('',#2186,7.08000000000001);
#795=CIRCLE('',#2187,0.549999999999999);
#796=CIRCLE('',#2188,4.2572);
#797=CIRCLE('',#2189,0.55);
#798=CIRCLE('',#2190,7.08);
#799=CIRCLE('',#2191,0.549999999999999);
#800=CIRCLE('',#2192,4.2572);
#801=CIRCLE('',#2193,0.55);
#802=CIRCLE('',#2196,7.08);
#803=CIRCLE('',#2199,0.549999999999999);
#804=CIRCLE('',#2201,4.2572);
#805=CIRCLE('',#2203,0.55);
#806=CIRCLE('',#2206,7.08);
#807=CIRCLE('',#2209,0.549999999999999);
#808=CIRCLE('',#2211,4.2572);
#809=CIRCLE('',#2213,0.55);
#810=CIRCLE('',#2216,7.08000000000001);
#811=CIRCLE('',#2219,0.549999999999998);
#812=CIRCLE('',#2221,4.2572);
#813=CIRCLE('',#2223,0.55);
#814=CIRCLE('',#2226,7.08);
#815=CIRCLE('',#2229,0.549999999999998);
#816=CIRCLE('',#2231,4.2572);
#817=CIRCLE('',#2233,0.55);
#818=CIRCLE('',#2236,7.08000000000001);
#819=CIRCLE('',#2239,0.549999999999999);
#820=CIRCLE('',#2241,4.2572);
#821=CIRCLE('',#2243,0.55);
#822=CIRCLE('',#2246,7.08);
#823=CIRCLE('',#2249,0.549999999999999);
#824=CIRCLE('',#2251,4.2572);
#825=CIRCLE('',#2253,0.55);
#826=CIRCLE('',#2256,7.08);
#827=CIRCLE('',#2259,0.549999999999999);
#828=CIRCLE('',#2261,4.2572);
#829=CIRCLE('',#2263,0.55);
#830=CIRCLE('',#2266,7.08000000000001);
#831=CIRCLE('',#2269,0.55);
#832=CIRCLE('',#2271,4.2572);
#833=CIRCLE('',#2273,0.55);
#834=CIRCLE('',#2276,7.08);
#835=CIRCLE('',#2279,0.549999999999999);
#836=CIRCLE('',#2281,4.2572);
#837=CIRCLE('',#2283,0.55);
#838=CIRCLE('',#2285,8.75);
#839=VERTEX_POINT('',#2757);
#840=VERTEX_POINT('',#2759);
#841=VERTEX_POINT('',#2761);
#842=VERTEX_POINT('',#2765);
#843=VERTEX_POINT('',#2769);
#844=VERTEX_POINT('',#2771);
#845=VERTEX_POINT('',#2772);
#846=VERTEX_POINT('',#2774);
#847=VERTEX_POINT('',#2783);
#848=VERTEX_POINT('',#2785);
#849=VERTEX_POINT('',#2789);
#850=VERTEX_POINT('',#2790);
#851=VERTEX_POINT('',#2792);
#852=VERTEX_POINT('',#2794);
#853=VERTEX_POINT('',#2796);
#854=VERTEX_POINT('',#2798);
#855=VERTEX_POINT('',#2802);
#856=VERTEX_POINT('',#2804);
#857=VERTEX_POINT('',#2808);
#858=VERTEX_POINT('',#2812);
#859=VERTEX_POINT('',#2817);
#860=VERTEX_POINT('',#2821);
#861=VERTEX_POINT('',#2827);
#862=VERTEX_POINT('',#2829);
#863=VERTEX_POINT('',#2833);
#864=VERTEX_POINT('',#2855);
#865=VERTEX_POINT('',#2856);
#866=VERTEX_POINT('',#2864);
#867=VERTEX_POINT('',#2866);
#868=VERTEX_POINT('',#2874);
#869=VERTEX_POINT('',#2882);
#870=VERTEX_POINT('',#2884);
#871=VERTEX_POINT('',#2886);
#872=VERTEX_POINT('',#2888);
#873=VERTEX_POINT('',#2890);
#874=VERTEX_POINT('',#2892);
#875=VERTEX_POINT('',#2900);
#876=VERTEX_POINT('',#2905);
#877=VERTEX_POINT('',#2913);
#878=VERTEX_POINT('',#2915);
#879=VERTEX_POINT('',#2923);
#880=VERTEX_POINT('',#2931);
#881=VERTEX_POINT('',#2936);
#882=VERTEX_POINT('',#2938);
#883=VERTEX_POINT('',#2940);
#884=VERTEX_POINT('',#2942);
#885=VERTEX_POINT('',#2944);
#886=VERTEX_POINT('',#2946);
#887=VERTEX_POINT('',#2954);
#888=VERTEX_POINT('',#2962);
#889=VERTEX_POINT('',#2964);
#890=VERTEX_POINT('',#2972);
#891=VERTEX_POINT('',#2980);
#892=VERTEX_POINT('',#2982);
#893=VERTEX_POINT('',#2984);
#894=VERTEX_POINT('',#2986);
#895=VERTEX_POINT('',#2988);
#896=VERTEX_POINT('',#2990);
#897=VERTEX_POINT('',#2998);
#898=VERTEX_POINT('',#3006);
#899=VERTEX_POINT('',#3008);
#900=VERTEX_POINT('',#3016);
#901=VERTEX_POINT('',#3024);
#902=VERTEX_POINT('',#3029);
#903=VERTEX_POINT('',#3031);
#904=VERTEX_POINT('',#3033);
#905=VERTEX_POINT('',#3035);
#906=VERTEX_POINT('',#3037);
#907=VERTEX_POINT('',#3039);
#908=VERTEX_POINT('',#3047);
#909=VERTEX_POINT('',#3052);
#910=VERTEX_POINT('',#3060);
#911=VERTEX_POINT('',#3062);
#912=VERTEX_POINT('',#3070);
#913=VERTEX_POINT('',#3078);
#914=VERTEX_POINT('',#3080);
#915=VERTEX_POINT('',#3082);
#916=VERTEX_POINT('',#3084);
#917=VERTEX_POINT('',#3086);
#918=VERTEX_POINT('',#3088);
#919=VERTEX_POINT('',#3096);
#920=VERTEX_POINT('',#3104);
#921=VERTEX_POINT('',#3106);
#922=VERTEX_POINT('',#3114);
#923=VERTEX_POINT('',#3122);
#924=VERTEX_POINT('',#3124);
#925=VERTEX_POINT('',#3126);
#926=VERTEX_POINT('',#3128);
#927=VERTEX_POINT('',#3130);
#928=VERTEX_POINT('',#3132);
#929=VERTEX_POINT('',#3140);
#930=VERTEX_POINT('',#3148);
#931=VERTEX_POINT('',#3150);
#932=VERTEX_POINT('',#3158);
#933=VERTEX_POINT('',#3166);
#934=VERTEX_POINT('',#3168);
#935=VERTEX_POINT('',#3170);
#936=VERTEX_POINT('',#3172);
#937=VERTEX_POINT('',#3174);
#938=VERTEX_POINT('',#3176);
#939=VERTEX_POINT('',#3184);
#940=VERTEX_POINT('',#3192);
#941=VERTEX_POINT('',#3194);
#942=VERTEX_POINT('',#3202);
#943=VERTEX_POINT('',#3210);
#944=VERTEX_POINT('',#3212);
#945=VERTEX_POINT('',#3214);
#946=VERTEX_POINT('',#3216);
#947=VERTEX_POINT('',#3218);
#948=VERTEX_POINT('',#3220);
#949=VERTEX_POINT('',#3228);
#950=VERTEX_POINT('',#3236);
#951=VERTEX_POINT('',#3238);
#952=VERTEX_POINT('',#3246);
#953=VERTEX_POINT('',#3254);
#954=VERTEX_POINT('',#3256);
#955=VERTEX_POINT('',#3258);
#956=VERTEX_POINT('',#3260);
#957=VERTEX_POINT('',#3262);
#958=VERTEX_POINT('',#3272);
#959=VERTEX_POINT('',#3274);
#960=VERTEX_POINT('',#3291);
#961=VERTEX_POINT('',#3314);
#962=VERTEX_POINT('',#3324);
#963=VERTEX_POINT('',#3341);
#964=VERTEX_POINT('',#3364);
#965=VERTEX_POINT('',#3381);
#966=VERTEX_POINT('',#3388);
#967=VERTEX_POINT('',#3392);
#968=VERTEX_POINT('',#3396);
#969=VERTEX_POINT('',#3400);
#970=VERTEX_POINT('',#3404);
#971=VERTEX_POINT('',#3421);
#972=VERTEX_POINT('',#3438);
#973=VERTEX_POINT('',#3458);
#974=VERTEX_POINT('',#3468);
#975=VERTEX_POINT('',#3485);
#976=VERTEX_POINT('',#3508);
#977=VERTEX_POINT('',#3518);
#978=VERTEX_POINT('',#3522);
#979=VERTEX_POINT('',#3526);
#980=VERTEX_POINT('',#3530);
#981=VERTEX_POINT('',#3534);
#982=VERTEX_POINT('',#3551);
#983=VERTEX_POINT('',#3574);
#984=VERTEX_POINT('',#3584);
#985=VERTEX_POINT('',#3601);
#986=VERTEX_POINT('',#3624);
#987=VERTEX_POINT('',#3634);
#988=VERTEX_POINT('',#3638);
#989=VERTEX_POINT('',#3642);
#990=VERTEX_POINT('',#3646);
#991=VERTEX_POINT('',#3650);
#992=VERTEX_POINT('',#3667);
#993=VERTEX_POINT('',#3690);
#994=VERTEX_POINT('',#3700);
#995=VERTEX_POINT('',#3717);
#996=VERTEX_POINT('',#3740);
#997=VERTEX_POINT('',#3750);
#998=VERTEX_POINT('',#3754);
#999=VERTEX_POINT('',#3758);
#1000=VERTEX_POINT('',#3762);
#1001=VERTEX_POINT('',#3766);
#1002=VERTEX_POINT('',#3783);
#1003=VERTEX_POINT('',#3806);
#1004=VERTEX_POINT('',#3816);
#1005=VERTEX_POINT('',#3833);
#1006=VERTEX_POINT('',#3856);
#1007=VERTEX_POINT('',#3866);
#1008=VERTEX_POINT('',#3870);
#1009=VERTEX_POINT('',#3874);
#1010=VERTEX_POINT('',#3878);
#1011=VERTEX_POINT('',#3882);
#1012=VERTEX_POINT('',#3899);
#1013=VERTEX_POINT('',#3922);
#1014=VERTEX_POINT('',#3932);
#1015=VERTEX_POINT('',#3949);
#1016=VERTEX_POINT('',#3972);
#1017=VERTEX_POINT('',#3982);
#1018=VERTEX_POINT('',#3986);
#1019=VERTEX_POINT('',#3990);
#1020=VERTEX_POINT('',#3994);
#1021=VERTEX_POINT('',#3998);
#1022=VERTEX_POINT('',#4015);
#1023=VERTEX_POINT('',#4038);
#1024=VERTEX_POINT('',#4048);
#1025=VERTEX_POINT('',#4065);
#1026=VERTEX_POINT('',#4088);
#1027=VERTEX_POINT('',#4098);
#1028=VERTEX_POINT('',#4102);
#1029=VERTEX_POINT('',#4106);
#1030=VERTEX_POINT('',#4110);
#1031=VERTEX_POINT('',#4114);
#1032=VERTEX_POINT('',#4131);
#1033=VERTEX_POINT('',#4148);
#1034=VERTEX_POINT('',#4168);
#1035=VERTEX_POINT('',#4178);
#1036=VERTEX_POINT('',#4195);
#1037=VERTEX_POINT('',#4218);
#1038=VERTEX_POINT('',#4235);
#1039=VERTEX_POINT('',#4242);
#1040=VERTEX_POINT('',#4246);
#1041=VERTEX_POINT('',#4250);
#1042=VERTEX_POINT('',#4254);
#1043=VERTEX_POINT('',#4258);
#1044=VERTEX_POINT('',#4275);
#1045=VERTEX_POINT('',#4298);
#1046=VERTEX_POINT('',#4308);
#1047=VERTEX_POINT('',#4325);
#1048=VERTEX_POINT('',#4348);
#1049=VERTEX_POINT('',#4358);
#1050=VERTEX_POINT('',#4362);
#1051=VERTEX_POINT('',#4366);
#1052=VERTEX_POINT('',#4372);
#1053=EDGE_CURVE('',#839,#839,#754,.T.);
#1054=EDGE_CURVE('',#839,#840,#755,.T.);
#1055=EDGE_CURVE('',#840,#841,#756,.T.);
#1056=EDGE_CURVE('',#841,#840,#757,.T.);
#1057=EDGE_CURVE('',#841,#842,#174,.T.);
#1058=EDGE_CURVE('',#842,#842,#758,.T.);
#1059=EDGE_CURVE('',#843,#843,#759,.T.);
#1060=EDGE_CURVE('',#844,#845,#760,.T.);
#1061=EDGE_CURVE('',#845,#846,#143,.T.);
#1062=EDGE_CURVE('',#846,#844,#761,.T.);
#1063=EDGE_CURVE('',#847,#847,#762,.T.);
#1064=EDGE_CURVE('',#847,#848,#175,.T.);
#1065=EDGE_CURVE('',#848,#848,#763,.T.);
#1066=EDGE_CURVE('',#849,#850,#176,.T.);
#1067=EDGE_CURVE('',#851,#849,#177,.T.);
#1068=EDGE_CURVE('',#852,#851,#178,.T.);
#1069=EDGE_CURVE('',#853,#852,#179,.T.);
#1070=EDGE_CURVE('',#854,#853,#180,.T.);
#1071=EDGE_CURVE('',#850,#854,#181,.T.);
#1072=EDGE_CURVE('',#855,#853,#182,.T.);
#1073=EDGE_CURVE('',#856,#855,#183,.T.);
#1074=EDGE_CURVE('',#856,#854,#184,.T.);
#1075=EDGE_CURVE('',#857,#852,#185,.T.);
#1076=EDGE_CURVE('',#855,#857,#186,.T.);
#1077=EDGE_CURVE('',#858,#851,#187,.T.);
#1078=EDGE_CURVE('',#857,#858,#188,.T.);
#1079=EDGE_CURVE('',#859,#856,#189,.T.);
#1080=EDGE_CURVE('',#859,#850,#190,.T.);
#1081=EDGE_CURVE('',#860,#849,#191,.T.);
#1082=EDGE_CURVE('',#858,#860,#192,.T.);
#1083=EDGE_CURVE('',#860,#859,#193,.T.);
#1084=EDGE_CURVE('',#861,#844,#194,.T.);
#1085=EDGE_CURVE('',#862,#846,#195,.T.);
#1086=EDGE_CURVE('',#862,#861,#764,.T.);
#1087=EDGE_CURVE('',#863,#845,#196,.T.);
#1088=EDGE_CURVE('',#863,#861,#765,.T.);
#1089=EDGE_CURVE('',#863,#862,#144,.T.);
#1090=EDGE_CURVE('',#864,#865,#55,.T.);
#1091=EDGE_CURVE('',#865,#866,#766,.T.);
#1092=EDGE_CURVE('',#867,#866,#56,.T.);
#1093=EDGE_CURVE('',#868,#867,#57,.T.);
#1094=EDGE_CURVE('',#868,#869,#197,.T.);
#1095=EDGE_CURVE('',#870,#869,#767,.T.);
#1096=EDGE_CURVE('',#870,#871,#768,.T.);
#1097=EDGE_CURVE('',#872,#871,#769,.T.);
#1098=EDGE_CURVE('',#872,#873,#198,.T.);
#1099=EDGE_CURVE('',#873,#874,#58,.T.);
#1100=EDGE_CURVE('',#874,#875,#59,.T.);
#1101=EDGE_CURVE('',#875,#876,#60,.T.);
#1102=EDGE_CURVE('',#876,#877,#770,.T.);
#1103=EDGE_CURVE('',#878,#877,#61,.T.);
#1104=EDGE_CURVE('',#879,#878,#62,.T.);
#1105=EDGE_CURVE('',#880,#879,#63,.T.);
#1106=EDGE_CURVE('',#880,#881,#199,.T.);
#1107=EDGE_CURVE('',#882,#881,#771,.T.);
#1108=EDGE_CURVE('',#882,#883,#772,.T.);
#1109=EDGE_CURVE('',#884,#883,#773,.T.);
#1110=EDGE_CURVE('',#884,#885,#200,.T.);
#1111=EDGE_CURVE('',#885,#886,#64,.T.);
#1112=EDGE_CURVE('',#886,#887,#65,.T.);
#1113=EDGE_CURVE('',#887,#888,#774,.T.);
#1114=EDGE_CURVE('',#889,#888,#66,.T.);
#1115=EDGE_CURVE('',#890,#889,#67,.T.);
#1116=EDGE_CURVE('',#890,#891,#201,.T.);
#1117=EDGE_CURVE('',#892,#891,#775,.T.);
#1118=EDGE_CURVE('',#892,#893,#776,.T.);
#1119=EDGE_CURVE('',#894,#893,#777,.T.);
#1120=EDGE_CURVE('',#894,#895,#202,.T.);
#1121=EDGE_CURVE('',#895,#896,#68,.T.);
#1122=EDGE_CURVE('',#896,#897,#69,.T.);
#1123=EDGE_CURVE('',#897,#898,#778,.T.);
#1124=EDGE_CURVE('',#899,#898,#70,.T.);
#1125=EDGE_CURVE('',#900,#899,#71,.T.);
#1126=EDGE_CURVE('',#901,#900,#72,.T.);
#1127=EDGE_CURVE('',#901,#902,#203,.T.);
#1128=EDGE_CURVE('',#903,#902,#779,.T.);
#1129=EDGE_CURVE('',#903,#904,#780,.T.);
#1130=EDGE_CURVE('',#905,#904,#781,.T.);
#1131=EDGE_CURVE('',#905,#906,#204,.T.);
#1132=EDGE_CURVE('',#906,#907,#73,.T.);
#1133=EDGE_CURVE('',#907,#908,#74,.T.);
#1134=EDGE_CURVE('',#908,#909,#75,.T.);
#1135=EDGE_CURVE('',#909,#910,#782,.T.);
#1136=EDGE_CURVE('',#911,#910,#76,.T.);
#1137=EDGE_CURVE('',#912,#911,#77,.T.);
#1138=EDGE_CURVE('',#912,#913,#205,.T.);
#1139=EDGE_CURVE('',#914,#913,#783,.T.);
#1140=EDGE_CURVE('',#914,#915,#784,.T.);
#1141=EDGE_CURVE('',#916,#915,#785,.T.);
#1142=EDGE_CURVE('',#916,#917,#206,.T.);
#1143=EDGE_CURVE('',#917,#918,#78,.T.);
#1144=EDGE_CURVE('',#918,#919,#79,.T.);
#1145=EDGE_CURVE('',#919,#920,#786,.T.);
#1146=EDGE_CURVE('',#921,#920,#80,.T.);
#1147=EDGE_CURVE('',#922,#921,#81,.T.);
#1148=EDGE_CURVE('',#922,#923,#207,.T.);
#1149=EDGE_CURVE('',#924,#923,#787,.T.);
#1150=EDGE_CURVE('',#924,#925,#788,.T.);
#1151=EDGE_CURVE('',#926,#925,#789,.T.);
#1152=EDGE_CURVE('',#926,#927,#208,.T.);
#1153=EDGE_CURVE('',#927,#928,#82,.T.);
#1154=EDGE_CURVE('',#928,#929,#83,.T.);
#1155=EDGE_CURVE('',#929,#930,#790,.T.);
#1156=EDGE_CURVE('',#931,#930,#84,.T.);
#1157=EDGE_CURVE('',#932,#931,#85,.T.);
#1158=EDGE_CURVE('',#932,#933,#209,.T.);
#1159=EDGE_CURVE('',#934,#933,#791,.T.);
#1160=EDGE_CURVE('',#934,#935,#792,.T.);
#1161=EDGE_CURVE('',#936,#935,#793,.T.);
#1162=EDGE_CURVE('',#936,#937,#210,.T.);
#1163=EDGE_CURVE('',#937,#938,#86,.T.);
#1164=EDGE_CURVE('',#938,#939,#87,.T.);
#1165=EDGE_CURVE('',#939,#940,#794,.T.);
#1166=EDGE_CURVE('',#941,#940,#88,.T.);
#1167=EDGE_CURVE('',#942,#941,#89,.T.);
#1168=EDGE_CURVE('',#942,#943,#211,.T.);
#1169=EDGE_CURVE('',#944,#943,#795,.T.);
#1170=EDGE_CURVE('',#944,#945,#796,.T.);
#1171=EDGE_CURVE('',#946,#945,#797,.T.);
#1172=EDGE_CURVE('',#946,#947,#212,.T.);
#1173=EDGE_CURVE('',#947,#948,#90,.T.);
#1174=EDGE_CURVE('',#948,#949,#91,.T.);
#1175=EDGE_CURVE('',#949,#950,#798,.T.);
#1176=EDGE_CURVE('',#951,#950,#92,.T.);
#1177=EDGE_CURVE('',#952,#951,#93,.T.);
#1178=EDGE_CURVE('',#952,#953,#213,.T.);
#1179=EDGE_CURVE('',#954,#953,#799,.T.);
#1180=EDGE_CURVE('',#954,#955,#800,.T.);
#1181=EDGE_CURVE('',#956,#955,#801,.T.);
#1182=EDGE_CURVE('',#956,#957,#214,.T.);
#1183=EDGE_CURVE('',#957,#864,#94,.T.);
#1184=EDGE_CURVE('',#894,#958,#215,.T.);
#1185=EDGE_CURVE('',#959,#958,#216,.T.);
#1186=EDGE_CURVE('',#895,#959,#217,.T.);
#1187=EDGE_CURVE('',#960,#959,#95,.T.);
#1188=EDGE_CURVE('',#896,#960,#218,.T.);
#1189=EDGE_CURVE('',#961,#960,#96,.T.);
#1190=EDGE_CURVE('',#897,#961,#219,.T.);
#1191=EDGE_CURVE('',#962,#961,#802,.T.);
#1192=EDGE_CURVE('',#898,#962,#220,.T.);
#1193=EDGE_CURVE('',#963,#962,#97,.T.);
#1194=EDGE_CURVE('',#899,#963,#221,.T.);
#1195=EDGE_CURVE('',#964,#963,#98,.T.);
#1196=EDGE_CURVE('',#900,#964,#222,.T.);
#1197=EDGE_CURVE('',#965,#964,#99,.T.);
#1198=EDGE_CURVE('',#901,#965,#223,.T.);
#1199=EDGE_CURVE('',#966,#965,#224,.T.);
#1200=EDGE_CURVE('',#902,#966,#225,.T.);
#1201=EDGE_CURVE('',#967,#966,#803,.T.);
#1202=EDGE_CURVE('',#903,#967,#226,.T.);
#1203=EDGE_CURVE('',#968,#967,#804,.T.);
#1204=EDGE_CURVE('',#904,#968,#227,.T.);
#1205=EDGE_CURVE('',#969,#968,#805,.T.);
#1206=EDGE_CURVE('',#905,#969,#228,.T.);
#1207=EDGE_CURVE('',#970,#969,#229,.T.);
#1208=EDGE_CURVE('',#906,#970,#230,.T.);
#1209=EDGE_CURVE('',#971,#970,#100,.T.);
#1210=EDGE_CURVE('',#907,#971,#231,.T.);
#1211=EDGE_CURVE('',#972,#971,#101,.T.);
#1212=EDGE_CURVE('',#908,#972,#232,.T.);
#1213=EDGE_CURVE('',#973,#972,#102,.T.);
#1214=EDGE_CURVE('',#909,#973,#233,.T.);
#1215=EDGE_CURVE('',#974,#973,#806,.T.);
#1216=EDGE_CURVE('',#910,#974,#234,.T.);
#1217=EDGE_CURVE('',#975,#974,#103,.T.);
#1218=EDGE_CURVE('',#911,#975,#235,.T.);
#1219=EDGE_CURVE('',#976,#975,#104,.T.);
#1220=EDGE_CURVE('',#912,#976,#236,.T.);
#1221=EDGE_CURVE('',#977,#976,#237,.T.);
#1222=EDGE_CURVE('',#913,#977,#238,.T.);
#1223=EDGE_CURVE('',#978,#977,#807,.T.);
#1224=EDGE_CURVE('',#914,#978,#239,.T.);
#1225=EDGE_CURVE('',#979,#978,#808,.T.);
#1226=EDGE_CURVE('',#915,#979,#240,.T.);
#1227=EDGE_CURVE('',#980,#979,#809,.T.);
#1228=EDGE_CURVE('',#916,#980,#241,.T.);
#1229=EDGE_CURVE('',#981,#980,#242,.T.);
#1230=EDGE_CURVE('',#917,#981,#243,.T.);
#1231=EDGE_CURVE('',#982,#981,#105,.T.);
#1232=EDGE_CURVE('',#918,#982,#244,.T.);
#1233=EDGE_CURVE('',#983,#982,#106,.T.);
#1234=EDGE_CURVE('',#919,#983,#245,.T.);
#1235=EDGE_CURVE('',#984,#983,#810,.T.);
#1236=EDGE_CURVE('',#920,#984,#246,.T.);
#1237=EDGE_CURVE('',#985,#984,#107,.T.);
#1238=EDGE_CURVE('',#921,#985,#247,.T.);
#1239=EDGE_CURVE('',#986,#985,#108,.T.);
#1240=EDGE_CURVE('',#922,#986,#248,.T.);
#1241=EDGE_CURVE('',#987,#986,#249,.T.);
#1242=EDGE_CURVE('',#923,#987,#250,.T.);
#1243=EDGE_CURVE('',#988,#987,#811,.T.);
#1244=EDGE_CURVE('',#924,#988,#251,.T.);
#1245=EDGE_CURVE('',#989,#988,#812,.T.);
#1246=EDGE_CURVE('',#925,#989,#252,.T.);
#1247=EDGE_CURVE('',#990,#989,#813,.T.);
#1248=EDGE_CURVE('',#926,#990,#253,.T.);
#1249=EDGE_CURVE('',#991,#990,#254,.T.);
#1250=EDGE_CURVE('',#927,#991,#255,.T.);
#1251=EDGE_CURVE('',#992,#991,#109,.T.);
#1252=EDGE_CURVE('',#928,#992,#256,.T.);
#1253=EDGE_CURVE('',#993,#992,#110,.T.);
#1254=EDGE_CURVE('',#929,#993,#257,.T.);
#1255=EDGE_CURVE('',#994,#993,#814,.T.);
#1256=EDGE_CURVE('',#930,#994,#258,.T.);
#1257=EDGE_CURVE('',#995,#994,#111,.T.);
#1258=EDGE_CURVE('',#931,#995,#259,.T.);
#1259=EDGE_CURVE('',#996,#995,#112,.T.);
#1260=EDGE_CURVE('',#932,#996,#260,.T.);
#1261=EDGE_CURVE('',#997,#996,#261,.T.);
#1262=EDGE_CURVE('',#933,#997,#262,.T.);
#1263=EDGE_CURVE('',#998,#997,#815,.T.);
#1264=EDGE_CURVE('',#934,#998,#263,.T.);
#1265=EDGE_CURVE('',#999,#998,#816,.T.);
#1266=EDGE_CURVE('',#935,#999,#264,.T.);
#1267=EDGE_CURVE('',#1000,#999,#817,.T.);
#1268=EDGE_CURVE('',#936,#1000,#265,.T.);
#1269=EDGE_CURVE('',#1001,#1000,#266,.T.);
#1270=EDGE_CURVE('',#937,#1001,#267,.T.);
#1271=EDGE_CURVE('',#1002,#1001,#113,.T.);
#1272=EDGE_CURVE('',#938,#1002,#268,.T.);
#1273=EDGE_CURVE('',#1003,#1002,#114,.T.);
#1274=EDGE_CURVE('',#939,#1003,#269,.T.);
#1275=EDGE_CURVE('',#1004,#1003,#818,.T.);
#1276=EDGE_CURVE('',#940,#1004,#270,.T.);
#1277=EDGE_CURVE('',#1005,#1004,#115,.T.);
#1278=EDGE_CURVE('',#941,#1005,#271,.T.);
#1279=EDGE_CURVE('',#1006,#1005,#116,.T.);
#1280=EDGE_CURVE('',#942,#1006,#272,.T.);
#1281=EDGE_CURVE('',#1007,#1006,#273,.T.);
#1282=EDGE_CURVE('',#943,#1007,#274,.T.);
#1283=EDGE_CURVE('',#1008,#1007,#819,.T.);
#1284=EDGE_CURVE('',#944,#1008,#275,.T.);
#1285=EDGE_CURVE('',#1009,#1008,#820,.T.);
#1286=EDGE_CURVE('',#945,#1009,#276,.T.);
#1287=EDGE_CURVE('',#1010,#1009,#821,.T.);
#1288=EDGE_CURVE('',#946,#1010,#277,.T.);
#1289=EDGE_CURVE('',#1011,#1010,#278,.T.);
#1290=EDGE_CURVE('',#947,#1011,#279,.T.);
#1291=EDGE_CURVE('',#1012,#1011,#117,.T.);
#1292=EDGE_CURVE('',#948,#1012,#280,.T.);
#1293=EDGE_CURVE('',#1013,#1012,#118,.T.);
#1294=EDGE_CURVE('',#949,#1013,#281,.T.);
#1295=EDGE_CURVE('',#1014,#1013,#822,.T.);
#1296=EDGE_CURVE('',#950,#1014,#282,.T.);
#1297=EDGE_CURVE('',#1015,#1014,#119,.T.);
#1298=EDGE_CURVE('',#951,#1015,#283,.T.);
#1299=EDGE_CURVE('',#1016,#1015,#120,.T.);
#1300=EDGE_CURVE('',#952,#1016,#284,.T.);
#1301=EDGE_CURVE('',#1017,#1016,#285,.T.);
#1302=EDGE_CURVE('',#953,#1017,#286,.T.);
#1303=EDGE_CURVE('',#1018,#1017,#823,.T.);
#1304=EDGE_CURVE('',#954,#1018,#287,.T.);
#1305=EDGE_CURVE('',#1019,#1018,#824,.T.);
#1306=EDGE_CURVE('',#955,#1019,#288,.T.);
#1307=EDGE_CURVE('',#1020,#1019,#825,.T.);
#1308=EDGE_CURVE('',#956,#1020,#289,.T.);
#1309=EDGE_CURVE('',#1021,#1020,#290,.T.);
#1310=EDGE_CURVE('',#957,#1021,#291,.T.);
#1311=EDGE_CURVE('',#1022,#1021,#121,.T.);
#1312=EDGE_CURVE('',#864,#1022,#292,.T.);
#1313=EDGE_CURVE('',#1023,#1022,#122,.T.);
#1314=EDGE_CURVE('',#865,#1023,#293,.T.);
#1315=EDGE_CURVE('',#1024,#1023,#826,.T.);
#1316=EDGE_CURVE('',#866,#1024,#294,.T.);
#1317=EDGE_CURVE('',#1025,#1024,#123,.T.);
#1318=EDGE_CURVE('',#867,#1025,#295,.T.);
#1319=EDGE_CURVE('',#1026,#1025,#124,.T.);
#1320=EDGE_CURVE('',#868,#1026,#296,.T.);
#1321=EDGE_CURVE('',#1027,#1026,#297,.T.);
#1322=EDGE_CURVE('',#869,#1027,#298,.T.);
#1323=EDGE_CURVE('',#1028,#1027,#827,.T.);
#1324=EDGE_CURVE('',#870,#1028,#299,.T.);
#1325=EDGE_CURVE('',#1029,#1028,#828,.T.);
#1326=EDGE_CURVE('',#871,#1029,#300,.T.);
#1327=EDGE_CURVE('',#1030,#1029,#829,.T.);
#1328=EDGE_CURVE('',#872,#1030,#301,.T.);
#1329=EDGE_CURVE('',#1031,#1030,#302,.T.);
#1330=EDGE_CURVE('',#873,#1031,#303,.T.);
#1331=EDGE_CURVE('',#1032,#1031,#125,.T.);
#1332=EDGE_CURVE('',#874,#1032,#304,.T.);
#1333=EDGE_CURVE('',#1033,#1032,#126,.T.);
#1334=EDGE_CURVE('',#875,#1033,#305,.T.);
#1335=EDGE_CURVE('',#1034,#1033,#127,.T.);
#1336=EDGE_CURVE('',#876,#1034,#306,.T.);
#1337=EDGE_CURVE('',#1035,#1034,#830,.T.);
#1338=EDGE_CURVE('',#877,#1035,#307,.T.);
#1339=EDGE_CURVE('',#1036,#1035,#128,.T.);
#1340=EDGE_CURVE('',#878,#1036,#308,.T.);
#1341=EDGE_CURVE('',#1037,#1036,#129,.T.);
#1342=EDGE_CURVE('',#879,#1037,#309,.T.);
#1343=EDGE_CURVE('',#1038,#1037,#130,.T.);
#1344=EDGE_CURVE('',#880,#1038,#310,.T.);
#1345=EDGE_CURVE('',#1039,#1038,#311,.T.);
#1346=EDGE_CURVE('',#881,#1039,#312,.T.);
#1347=EDGE_CURVE('',#1040,#1039,#831,.T.);
#1348=EDGE_CURVE('',#882,#1040,#313,.T.);
#1349=EDGE_CURVE('',#1041,#1040,#832,.T.);
#1350=EDGE_CURVE('',#883,#1041,#314,.T.);
#1351=EDGE_CURVE('',#1042,#1041,#833,.T.);
#1352=EDGE_CURVE('',#884,#1042,#315,.T.);
#1353=EDGE_CURVE('',#1043,#1042,#316,.T.);
#1354=EDGE_CURVE('',#885,#1043,#317,.T.);
#1355=EDGE_CURVE('',#1044,#1043,#131,.T.);
#1356=EDGE_CURVE('',#886,#1044,#318,.T.);
#1357=EDGE_CURVE('',#1045,#1044,#132,.T.);
#1358=EDGE_CURVE('',#887,#1045,#319,.T.);
#1359=EDGE_CURVE('',#1046,#1045,#834,.T.);
#1360=EDGE_CURVE('',#888,#1046,#320,.T.);
#1361=EDGE_CURVE('',#1047,#1046,#133,.T.);
#1362=EDGE_CURVE('',#889,#1047,#321,.T.);
#1363=EDGE_CURVE('',#1048,#1047,#134,.T.);
#1364=EDGE_CURVE('',#890,#1048,#322,.T.);
#1365=EDGE_CURVE('',#1049,#1048,#323,.T.);
#1366=EDGE_CURVE('',#891,#1049,#324,.T.);
#1367=EDGE_CURVE('',#1050,#1049,#835,.T.);
#1368=EDGE_CURVE('',#892,#1050,#325,.T.);
#1369=EDGE_CURVE('',#1051,#1050,#836,.T.);
#1370=EDGE_CURVE('',#893,#1051,#326,.T.);
#1371=EDGE_CURVE('',#958,#1051,#837,.T.);
#1372=EDGE_CURVE('',#1052,#1052,#838,.T.);
#1373=EDGE_CURVE('',#1052,#843,#327,.T.);
#1374=ORIENTED_EDGE('',*,*,#1053,.T.);
#1375=ORIENTED_EDGE('',*,*,#1054,.T.);
#1376=ORIENTED_EDGE('',*,*,#1055,.T.);
#1377=ORIENTED_EDGE('',*,*,#1056,.T.);
#1378=ORIENTED_EDGE('',*,*,#1054,.F.);
#1379=ORIENTED_EDGE('',*,*,#1056,.F.);
#1380=ORIENTED_EDGE('',*,*,#1057,.T.);
#1381=ORIENTED_EDGE('',*,*,#1058,.T.);
#1382=ORIENTED_EDGE('',*,*,#1057,.F.);
#1383=ORIENTED_EDGE('',*,*,#1055,.F.);
#1384=ORIENTED_EDGE('',*,*,#1059,.T.);
#1385=ORIENTED_EDGE('',*,*,#1060,.T.);
#1386=ORIENTED_EDGE('',*,*,#1061,.T.);
#1387=ORIENTED_EDGE('',*,*,#1062,.T.);
#1388=ORIENTED_EDGE('',*,*,#1053,.F.);
#1389=ORIENTED_EDGE('',*,*,#1063,.F.);
#1390=ORIENTED_EDGE('',*,*,#1064,.T.);
#1391=ORIENTED_EDGE('',*,*,#1065,.F.);
#1392=ORIENTED_EDGE('',*,*,#1064,.F.);
#1393=ORIENTED_EDGE('',*,*,#1066,.F.);
#1394=ORIENTED_EDGE('',*,*,#1067,.F.);
#1395=ORIENTED_EDGE('',*,*,#1068,.F.);
#1396=ORIENTED_EDGE('',*,*,#1069,.F.);
#1397=ORIENTED_EDGE('',*,*,#1070,.F.);
#1398=ORIENTED_EDGE('',*,*,#1071,.F.);
#1399=ORIENTED_EDGE('',*,*,#1063,.T.);
#1400=ORIENTED_EDGE('',*,*,#1070,.T.);
#1401=ORIENTED_EDGE('',*,*,#1072,.F.);
#1402=ORIENTED_EDGE('',*,*,#1073,.F.);
#1403=ORIENTED_EDGE('',*,*,#1074,.T.);
#1404=ORIENTED_EDGE('',*,*,#1069,.T.);
#1405=ORIENTED_EDGE('',*,*,#1075,.F.);
#1406=ORIENTED_EDGE('',*,*,#1076,.F.);
#1407=ORIENTED_EDGE('',*,*,#1072,.T.);
#1408=ORIENTED_EDGE('',*,*,#1068,.T.);
#1409=ORIENTED_EDGE('',*,*,#1077,.F.);
#1410=ORIENTED_EDGE('',*,*,#1078,.F.);
#1411=ORIENTED_EDGE('',*,*,#1075,.T.);
#1412=ORIENTED_EDGE('',*,*,#1058,.F.);
#1413=ORIENTED_EDGE('',*,*,#1065,.T.);
#1414=ORIENTED_EDGE('',*,*,#1071,.T.);
#1415=ORIENTED_EDGE('',*,*,#1074,.F.);
#1416=ORIENTED_EDGE('',*,*,#1079,.F.);
#1417=ORIENTED_EDGE('',*,*,#1080,.T.);
#1418=ORIENTED_EDGE('',*,*,#1067,.T.);
#1419=ORIENTED_EDGE('',*,*,#1081,.F.);
#1420=ORIENTED_EDGE('',*,*,#1082,.F.);
#1421=ORIENTED_EDGE('',*,*,#1077,.T.);
#1422=ORIENTED_EDGE('',*,*,#1066,.T.);
#1423=ORIENTED_EDGE('',*,*,#1080,.F.);
#1424=ORIENTED_EDGE('',*,*,#1083,.F.);
#1425=ORIENTED_EDGE('',*,*,#1081,.T.);
#1426=ORIENTED_EDGE('',*,*,#1084,.T.);
#1427=ORIENTED_EDGE('',*,*,#1062,.F.);
#1428=ORIENTED_EDGE('',*,*,#1085,.F.);
#1429=ORIENTED_EDGE('',*,*,#1086,.T.);
#1430=ORIENTED_EDGE('',*,*,#1087,.T.);
#1431=ORIENTED_EDGE('',*,*,#1060,.F.);
#1432=ORIENTED_EDGE('',*,*,#1084,.F.);
#1433=ORIENTED_EDGE('',*,*,#1088,.F.);
#1434=ORIENTED_EDGE('',*,*,#1085,.T.);
#1435=ORIENTED_EDGE('',*,*,#1061,.F.);
#1436=ORIENTED_EDGE('',*,*,#1087,.F.);
#1437=ORIENTED_EDGE('',*,*,#1089,.T.);
#1438=ORIENTED_EDGE('',*,*,#1090,.T.);
#1439=ORIENTED_EDGE('',*,*,#1091,.T.);
#1440=ORIENTED_EDGE('',*,*,#1092,.F.);
#1441=ORIENTED_EDGE('',*,*,#1093,.F.);
#1442=ORIENTED_EDGE('',*,*,#1094,.T.);
#1443=ORIENTED_EDGE('',*,*,#1095,.F.);
#1444=ORIENTED_EDGE('',*,*,#1096,.T.);
#1445=ORIENTED_EDGE('',*,*,#1097,.F.);
#1446=ORIENTED_EDGE('',*,*,#1098,.T.);
#1447=ORIENTED_EDGE('',*,*,#1099,.T.);
#1448=ORIENTED_EDGE('',*,*,#1100,.T.);
#1449=ORIENTED_EDGE('',*,*,#1101,.T.);
#1450=ORIENTED_EDGE('',*,*,#1102,.T.);
#1451=ORIENTED_EDGE('',*,*,#1103,.F.);
#1452=ORIENTED_EDGE('',*,*,#1104,.F.);
#1453=ORIENTED_EDGE('',*,*,#1105,.F.);
#1454=ORIENTED_EDGE('',*,*,#1106,.T.);
#1455=ORIENTED_EDGE('',*,*,#1107,.F.);
#1456=ORIENTED_EDGE('',*,*,#1108,.T.);
#1457=ORIENTED_EDGE('',*,*,#1109,.F.);
#1458=ORIENTED_EDGE('',*,*,#1110,.T.);
#1459=ORIENTED_EDGE('',*,*,#1111,.T.);
#1460=ORIENTED_EDGE('',*,*,#1112,.T.);
#1461=ORIENTED_EDGE('',*,*,#1113,.T.);
#1462=ORIENTED_EDGE('',*,*,#1114,.F.);
#1463=ORIENTED_EDGE('',*,*,#1115,.F.);
#1464=ORIENTED_EDGE('',*,*,#1116,.T.);
#1465=ORIENTED_EDGE('',*,*,#1117,.F.);
#1466=ORIENTED_EDGE('',*,*,#1118,.T.);
#1467=ORIENTED_EDGE('',*,*,#1119,.F.);
#1468=ORIENTED_EDGE('',*,*,#1120,.T.);
#1469=ORIENTED_EDGE('',*,*,#1121,.T.);
#1470=ORIENTED_EDGE('',*,*,#1122,.T.);
#1471=ORIENTED_EDGE('',*,*,#1123,.T.);
#1472=ORIENTED_EDGE('',*,*,#1124,.F.);
#1473=ORIENTED_EDGE('',*,*,#1125,.F.);
#1474=ORIENTED_EDGE('',*,*,#1126,.F.);
#1475=ORIENTED_EDGE('',*,*,#1127,.T.);
#1476=ORIENTED_EDGE('',*,*,#1128,.F.);
#1477=ORIENTED_EDGE('',*,*,#1129,.T.);
#1478=ORIENTED_EDGE('',*,*,#1130,.F.);
#1479=ORIENTED_EDGE('',*,*,#1131,.T.);
#1480=ORIENTED_EDGE('',*,*,#1132,.T.);
#1481=ORIENTED_EDGE('',*,*,#1133,.T.);
#1482=ORIENTED_EDGE('',*,*,#1134,.T.);
#1483=ORIENTED_EDGE('',*,*,#1135,.T.);
#1484=ORIENTED_EDGE('',*,*,#1136,.F.);
#1485=ORIENTED_EDGE('',*,*,#1137,.F.);
#1486=ORIENTED_EDGE('',*,*,#1138,.T.);
#1487=ORIENTED_EDGE('',*,*,#1139,.F.);
#1488=ORIENTED_EDGE('',*,*,#1140,.T.);
#1489=ORIENTED_EDGE('',*,*,#1141,.F.);
#1490=ORIENTED_EDGE('',*,*,#1142,.T.);
#1491=ORIENTED_EDGE('',*,*,#1143,.T.);
#1492=ORIENTED_EDGE('',*,*,#1144,.T.);
#1493=ORIENTED_EDGE('',*,*,#1145,.T.);
#1494=ORIENTED_EDGE('',*,*,#1146,.F.);
#1495=ORIENTED_EDGE('',*,*,#1147,.F.);
#1496=ORIENTED_EDGE('',*,*,#1148,.T.);
#1497=ORIENTED_EDGE('',*,*,#1149,.F.);
#1498=ORIENTED_EDGE('',*,*,#1150,.T.);
#1499=ORIENTED_EDGE('',*,*,#1151,.F.);
#1500=ORIENTED_EDGE('',*,*,#1152,.T.);
#1501=ORIENTED_EDGE('',*,*,#1153,.T.);
#1502=ORIENTED_EDGE('',*,*,#1154,.T.);
#1503=ORIENTED_EDGE('',*,*,#1155,.T.);
#1504=ORIENTED_EDGE('',*,*,#1156,.F.);
#1505=ORIENTED_EDGE('',*,*,#1157,.F.);
#1506=ORIENTED_EDGE('',*,*,#1158,.T.);
#1507=ORIENTED_EDGE('',*,*,#1159,.F.);
#1508=ORIENTED_EDGE('',*,*,#1160,.T.);
#1509=ORIENTED_EDGE('',*,*,#1161,.F.);
#1510=ORIENTED_EDGE('',*,*,#1162,.T.);
#1511=ORIENTED_EDGE('',*,*,#1163,.T.);
#1512=ORIENTED_EDGE('',*,*,#1164,.T.);
#1513=ORIENTED_EDGE('',*,*,#1165,.T.);
#1514=ORIENTED_EDGE('',*,*,#1166,.F.);
#1515=ORIENTED_EDGE('',*,*,#1167,.F.);
#1516=ORIENTED_EDGE('',*,*,#1168,.T.);
#1517=ORIENTED_EDGE('',*,*,#1169,.F.);
#1518=ORIENTED_EDGE('',*,*,#1170,.T.);
#1519=ORIENTED_EDGE('',*,*,#1171,.F.);
#1520=ORIENTED_EDGE('',*,*,#1172,.T.);
#1521=ORIENTED_EDGE('',*,*,#1173,.T.);
#1522=ORIENTED_EDGE('',*,*,#1174,.T.);
#1523=ORIENTED_EDGE('',*,*,#1175,.T.);
#1524=ORIENTED_EDGE('',*,*,#1176,.F.);
#1525=ORIENTED_EDGE('',*,*,#1177,.F.);
#1526=ORIENTED_EDGE('',*,*,#1178,.T.);
#1527=ORIENTED_EDGE('',*,*,#1179,.F.);
#1528=ORIENTED_EDGE('',*,*,#1180,.T.);
#1529=ORIENTED_EDGE('',*,*,#1181,.F.);
#1530=ORIENTED_EDGE('',*,*,#1182,.T.);
#1531=ORIENTED_EDGE('',*,*,#1183,.T.);
#1532=ORIENTED_EDGE('',*,*,#1083,.T.);
#1533=ORIENTED_EDGE('',*,*,#1079,.T.);
#1534=ORIENTED_EDGE('',*,*,#1073,.T.);
#1535=ORIENTED_EDGE('',*,*,#1076,.T.);
#1536=ORIENTED_EDGE('',*,*,#1078,.T.);
#1537=ORIENTED_EDGE('',*,*,#1082,.T.);
#1538=ORIENTED_EDGE('',*,*,#1088,.T.);
#1539=ORIENTED_EDGE('',*,*,#1086,.F.);
#1540=ORIENTED_EDGE('',*,*,#1089,.F.);
#1541=ORIENTED_EDGE('',*,*,#1120,.F.);
#1542=ORIENTED_EDGE('',*,*,#1184,.T.);
#1543=ORIENTED_EDGE('',*,*,#1185,.F.);
#1544=ORIENTED_EDGE('',*,*,#1186,.F.);
#1545=ORIENTED_EDGE('',*,*,#1121,.F.);
#1546=ORIENTED_EDGE('',*,*,#1186,.T.);
#1547=ORIENTED_EDGE('',*,*,#1187,.F.);
#1548=ORIENTED_EDGE('',*,*,#1188,.F.);
#1549=ORIENTED_EDGE('',*,*,#1122,.F.);
#1550=ORIENTED_EDGE('',*,*,#1188,.T.);
#1551=ORIENTED_EDGE('',*,*,#1189,.F.);
#1552=ORIENTED_EDGE('',*,*,#1190,.F.);
#1553=ORIENTED_EDGE('',*,*,#1123,.F.);
#1554=ORIENTED_EDGE('',*,*,#1190,.T.);
#1555=ORIENTED_EDGE('',*,*,#1191,.F.);
#1556=ORIENTED_EDGE('',*,*,#1192,.F.);
#1557=ORIENTED_EDGE('',*,*,#1124,.T.);
#1558=ORIENTED_EDGE('',*,*,#1192,.T.);
#1559=ORIENTED_EDGE('',*,*,#1193,.F.);
#1560=ORIENTED_EDGE('',*,*,#1194,.F.);
#1561=ORIENTED_EDGE('',*,*,#1125,.T.);
#1562=ORIENTED_EDGE('',*,*,#1194,.T.);
#1563=ORIENTED_EDGE('',*,*,#1195,.F.);
#1564=ORIENTED_EDGE('',*,*,#1196,.F.);
#1565=ORIENTED_EDGE('',*,*,#1126,.T.);
#1566=ORIENTED_EDGE('',*,*,#1196,.T.);
#1567=ORIENTED_EDGE('',*,*,#1197,.F.);
#1568=ORIENTED_EDGE('',*,*,#1198,.F.);
#1569=ORIENTED_EDGE('',*,*,#1127,.F.);
#1570=ORIENTED_EDGE('',*,*,#1198,.T.);
#1571=ORIENTED_EDGE('',*,*,#1199,.F.);
#1572=ORIENTED_EDGE('',*,*,#1200,.F.);
#1573=ORIENTED_EDGE('',*,*,#1128,.T.);
#1574=ORIENTED_EDGE('',*,*,#1200,.T.);
#1575=ORIENTED_EDGE('',*,*,#1201,.F.);
#1576=ORIENTED_EDGE('',*,*,#1202,.F.);
#1577=ORIENTED_EDGE('',*,*,#1129,.F.);
#1578=ORIENTED_EDGE('',*,*,#1202,.T.);
#1579=ORIENTED_EDGE('',*,*,#1203,.F.);
#1580=ORIENTED_EDGE('',*,*,#1204,.F.);
#1581=ORIENTED_EDGE('',*,*,#1130,.T.);
#1582=ORIENTED_EDGE('',*,*,#1204,.T.);
#1583=ORIENTED_EDGE('',*,*,#1205,.F.);
#1584=ORIENTED_EDGE('',*,*,#1206,.F.);
#1585=ORIENTED_EDGE('',*,*,#1131,.F.);
#1586=ORIENTED_EDGE('',*,*,#1206,.T.);
#1587=ORIENTED_EDGE('',*,*,#1207,.F.);
#1588=ORIENTED_EDGE('',*,*,#1208,.F.);
#1589=ORIENTED_EDGE('',*,*,#1132,.F.);
#1590=ORIENTED_EDGE('',*,*,#1208,.T.);
#1591=ORIENTED_EDGE('',*,*,#1209,.F.);
#1592=ORIENTED_EDGE('',*,*,#1210,.F.);
#1593=ORIENTED_EDGE('',*,*,#1133,.F.);
#1594=ORIENTED_EDGE('',*,*,#1210,.T.);
#1595=ORIENTED_EDGE('',*,*,#1211,.F.);
#1596=ORIENTED_EDGE('',*,*,#1212,.F.);
#1597=ORIENTED_EDGE('',*,*,#1134,.F.);
#1598=ORIENTED_EDGE('',*,*,#1212,.T.);
#1599=ORIENTED_EDGE('',*,*,#1213,.F.);
#1600=ORIENTED_EDGE('',*,*,#1214,.F.);
#1601=ORIENTED_EDGE('',*,*,#1135,.F.);
#1602=ORIENTED_EDGE('',*,*,#1214,.T.);
#1603=ORIENTED_EDGE('',*,*,#1215,.F.);
#1604=ORIENTED_EDGE('',*,*,#1216,.F.);
#1605=ORIENTED_EDGE('',*,*,#1136,.T.);
#1606=ORIENTED_EDGE('',*,*,#1216,.T.);
#1607=ORIENTED_EDGE('',*,*,#1217,.F.);
#1608=ORIENTED_EDGE('',*,*,#1218,.F.);
#1609=ORIENTED_EDGE('',*,*,#1137,.T.);
#1610=ORIENTED_EDGE('',*,*,#1218,.T.);
#1611=ORIENTED_EDGE('',*,*,#1219,.F.);
#1612=ORIENTED_EDGE('',*,*,#1220,.F.);
#1613=ORIENTED_EDGE('',*,*,#1138,.F.);
#1614=ORIENTED_EDGE('',*,*,#1220,.T.);
#1615=ORIENTED_EDGE('',*,*,#1221,.F.);
#1616=ORIENTED_EDGE('',*,*,#1222,.F.);
#1617=ORIENTED_EDGE('',*,*,#1139,.T.);
#1618=ORIENTED_EDGE('',*,*,#1222,.T.);
#1619=ORIENTED_EDGE('',*,*,#1223,.F.);
#1620=ORIENTED_EDGE('',*,*,#1224,.F.);
#1621=ORIENTED_EDGE('',*,*,#1140,.F.);
#1622=ORIENTED_EDGE('',*,*,#1224,.T.);
#1623=ORIENTED_EDGE('',*,*,#1225,.F.);
#1624=ORIENTED_EDGE('',*,*,#1226,.F.);
#1625=ORIENTED_EDGE('',*,*,#1141,.T.);
#1626=ORIENTED_EDGE('',*,*,#1226,.T.);
#1627=ORIENTED_EDGE('',*,*,#1227,.F.);
#1628=ORIENTED_EDGE('',*,*,#1228,.F.);
#1629=ORIENTED_EDGE('',*,*,#1142,.F.);
#1630=ORIENTED_EDGE('',*,*,#1228,.T.);
#1631=ORIENTED_EDGE('',*,*,#1229,.F.);
#1632=ORIENTED_EDGE('',*,*,#1230,.F.);
#1633=ORIENTED_EDGE('',*,*,#1143,.F.);
#1634=ORIENTED_EDGE('',*,*,#1230,.T.);
#1635=ORIENTED_EDGE('',*,*,#1231,.F.);
#1636=ORIENTED_EDGE('',*,*,#1232,.F.);
#1637=ORIENTED_EDGE('',*,*,#1144,.F.);
#1638=ORIENTED_EDGE('',*,*,#1232,.T.);
#1639=ORIENTED_EDGE('',*,*,#1233,.F.);
#1640=ORIENTED_EDGE('',*,*,#1234,.F.);
#1641=ORIENTED_EDGE('',*,*,#1145,.F.);
#1642=ORIENTED_EDGE('',*,*,#1234,.T.);
#1643=ORIENTED_EDGE('',*,*,#1235,.F.);
#1644=ORIENTED_EDGE('',*,*,#1236,.F.);
#1645=ORIENTED_EDGE('',*,*,#1146,.T.);
#1646=ORIENTED_EDGE('',*,*,#1236,.T.);
#1647=ORIENTED_EDGE('',*,*,#1237,.F.);
#1648=ORIENTED_EDGE('',*,*,#1238,.F.);
#1649=ORIENTED_EDGE('',*,*,#1147,.T.);
#1650=ORIENTED_EDGE('',*,*,#1238,.T.);
#1651=ORIENTED_EDGE('',*,*,#1239,.F.);
#1652=ORIENTED_EDGE('',*,*,#1240,.F.);
#1653=ORIENTED_EDGE('',*,*,#1148,.F.);
#1654=ORIENTED_EDGE('',*,*,#1240,.T.);
#1655=ORIENTED_EDGE('',*,*,#1241,.F.);
#1656=ORIENTED_EDGE('',*,*,#1242,.F.);
#1657=ORIENTED_EDGE('',*,*,#1149,.T.);
#1658=ORIENTED_EDGE('',*,*,#1242,.T.);
#1659=ORIENTED_EDGE('',*,*,#1243,.F.);
#1660=ORIENTED_EDGE('',*,*,#1244,.F.);
#1661=ORIENTED_EDGE('',*,*,#1150,.F.);
#1662=ORIENTED_EDGE('',*,*,#1244,.T.);
#1663=ORIENTED_EDGE('',*,*,#1245,.F.);
#1664=ORIENTED_EDGE('',*,*,#1246,.F.);
#1665=ORIENTED_EDGE('',*,*,#1151,.T.);
#1666=ORIENTED_EDGE('',*,*,#1246,.T.);
#1667=ORIENTED_EDGE('',*,*,#1247,.F.);
#1668=ORIENTED_EDGE('',*,*,#1248,.F.);
#1669=ORIENTED_EDGE('',*,*,#1152,.F.);
#1670=ORIENTED_EDGE('',*,*,#1248,.T.);
#1671=ORIENTED_EDGE('',*,*,#1249,.F.);
#1672=ORIENTED_EDGE('',*,*,#1250,.F.);
#1673=ORIENTED_EDGE('',*,*,#1153,.F.);
#1674=ORIENTED_EDGE('',*,*,#1250,.T.);
#1675=ORIENTED_EDGE('',*,*,#1251,.F.);
#1676=ORIENTED_EDGE('',*,*,#1252,.F.);
#1677=ORIENTED_EDGE('',*,*,#1154,.F.);
#1678=ORIENTED_EDGE('',*,*,#1252,.T.);
#1679=ORIENTED_EDGE('',*,*,#1253,.F.);
#1680=ORIENTED_EDGE('',*,*,#1254,.F.);
#1681=ORIENTED_EDGE('',*,*,#1155,.F.);
#1682=ORIENTED_EDGE('',*,*,#1254,.T.);
#1683=ORIENTED_EDGE('',*,*,#1255,.F.);
#1684=ORIENTED_EDGE('',*,*,#1256,.F.);
#1685=ORIENTED_EDGE('',*,*,#1156,.T.);
#1686=ORIENTED_EDGE('',*,*,#1256,.T.);
#1687=ORIENTED_EDGE('',*,*,#1257,.F.);
#1688=ORIENTED_EDGE('',*,*,#1258,.F.);
#1689=ORIENTED_EDGE('',*,*,#1157,.T.);
#1690=ORIENTED_EDGE('',*,*,#1258,.T.);
#1691=ORIENTED_EDGE('',*,*,#1259,.F.);
#1692=ORIENTED_EDGE('',*,*,#1260,.F.);
#1693=ORIENTED_EDGE('',*,*,#1158,.F.);
#1694=ORIENTED_EDGE('',*,*,#1260,.T.);
#1695=ORIENTED_EDGE('',*,*,#1261,.F.);
#1696=ORIENTED_EDGE('',*,*,#1262,.F.);
#1697=ORIENTED_EDGE('',*,*,#1159,.T.);
#1698=ORIENTED_EDGE('',*,*,#1262,.T.);
#1699=ORIENTED_EDGE('',*,*,#1263,.F.);
#1700=ORIENTED_EDGE('',*,*,#1264,.F.);
#1701=ORIENTED_EDGE('',*,*,#1160,.F.);
#1702=ORIENTED_EDGE('',*,*,#1264,.T.);
#1703=ORIENTED_EDGE('',*,*,#1265,.F.);
#1704=ORIENTED_EDGE('',*,*,#1266,.F.);
#1705=ORIENTED_EDGE('',*,*,#1161,.T.);
#1706=ORIENTED_EDGE('',*,*,#1266,.T.);
#1707=ORIENTED_EDGE('',*,*,#1267,.F.);
#1708=ORIENTED_EDGE('',*,*,#1268,.F.);
#1709=ORIENTED_EDGE('',*,*,#1162,.F.);
#1710=ORIENTED_EDGE('',*,*,#1268,.T.);
#1711=ORIENTED_EDGE('',*,*,#1269,.F.);
#1712=ORIENTED_EDGE('',*,*,#1270,.F.);
#1713=ORIENTED_EDGE('',*,*,#1163,.F.);
#1714=ORIENTED_EDGE('',*,*,#1270,.T.);
#1715=ORIENTED_EDGE('',*,*,#1271,.F.);
#1716=ORIENTED_EDGE('',*,*,#1272,.F.);
#1717=ORIENTED_EDGE('',*,*,#1164,.F.);
#1718=ORIENTED_EDGE('',*,*,#1272,.T.);
#1719=ORIENTED_EDGE('',*,*,#1273,.F.);
#1720=ORIENTED_EDGE('',*,*,#1274,.F.);
#1721=ORIENTED_EDGE('',*,*,#1165,.F.);
#1722=ORIENTED_EDGE('',*,*,#1274,.T.);
#1723=ORIENTED_EDGE('',*,*,#1275,.F.);
#1724=ORIENTED_EDGE('',*,*,#1276,.F.);
#1725=ORIENTED_EDGE('',*,*,#1166,.T.);
#1726=ORIENTED_EDGE('',*,*,#1276,.T.);
#1727=ORIENTED_EDGE('',*,*,#1277,.F.);
#1728=ORIENTED_EDGE('',*,*,#1278,.F.);
#1729=ORIENTED_EDGE('',*,*,#1167,.T.);
#1730=ORIENTED_EDGE('',*,*,#1278,.T.);
#1731=ORIENTED_EDGE('',*,*,#1279,.F.);
#1732=ORIENTED_EDGE('',*,*,#1280,.F.);
#1733=ORIENTED_EDGE('',*,*,#1168,.F.);
#1734=ORIENTED_EDGE('',*,*,#1280,.T.);
#1735=ORIENTED_EDGE('',*,*,#1281,.F.);
#1736=ORIENTED_EDGE('',*,*,#1282,.F.);
#1737=ORIENTED_EDGE('',*,*,#1169,.T.);
#1738=ORIENTED_EDGE('',*,*,#1282,.T.);
#1739=ORIENTED_EDGE('',*,*,#1283,.F.);
#1740=ORIENTED_EDGE('',*,*,#1284,.F.);
#1741=ORIENTED_EDGE('',*,*,#1170,.F.);
#1742=ORIENTED_EDGE('',*,*,#1284,.T.);
#1743=ORIENTED_EDGE('',*,*,#1285,.F.);
#1744=ORIENTED_EDGE('',*,*,#1286,.F.);
#1745=ORIENTED_EDGE('',*,*,#1171,.T.);
#1746=ORIENTED_EDGE('',*,*,#1286,.T.);
#1747=ORIENTED_EDGE('',*,*,#1287,.F.);
#1748=ORIENTED_EDGE('',*,*,#1288,.F.);
#1749=ORIENTED_EDGE('',*,*,#1172,.F.);
#1750=ORIENTED_EDGE('',*,*,#1288,.T.);
#1751=ORIENTED_EDGE('',*,*,#1289,.F.);
#1752=ORIENTED_EDGE('',*,*,#1290,.F.);
#1753=ORIENTED_EDGE('',*,*,#1173,.F.);
#1754=ORIENTED_EDGE('',*,*,#1290,.T.);
#1755=ORIENTED_EDGE('',*,*,#1291,.F.);
#1756=ORIENTED_EDGE('',*,*,#1292,.F.);
#1757=ORIENTED_EDGE('',*,*,#1174,.F.);
#1758=ORIENTED_EDGE('',*,*,#1292,.T.);
#1759=ORIENTED_EDGE('',*,*,#1293,.F.);
#1760=ORIENTED_EDGE('',*,*,#1294,.F.);
#1761=ORIENTED_EDGE('',*,*,#1175,.F.);
#1762=ORIENTED_EDGE('',*,*,#1294,.T.);
#1763=ORIENTED_EDGE('',*,*,#1295,.F.);
#1764=ORIENTED_EDGE('',*,*,#1296,.F.);
#1765=ORIENTED_EDGE('',*,*,#1176,.T.);
#1766=ORIENTED_EDGE('',*,*,#1296,.T.);
#1767=ORIENTED_EDGE('',*,*,#1297,.F.);
#1768=ORIENTED_EDGE('',*,*,#1298,.F.);
#1769=ORIENTED_EDGE('',*,*,#1177,.T.);
#1770=ORIENTED_EDGE('',*,*,#1298,.T.);
#1771=ORIENTED_EDGE('',*,*,#1299,.F.);
#1772=ORIENTED_EDGE('',*,*,#1300,.F.);
#1773=ORIENTED_EDGE('',*,*,#1178,.F.);
#1774=ORIENTED_EDGE('',*,*,#1300,.T.);
#1775=ORIENTED_EDGE('',*,*,#1301,.F.);
#1776=ORIENTED_EDGE('',*,*,#1302,.F.);
#1777=ORIENTED_EDGE('',*,*,#1179,.T.);
#1778=ORIENTED_EDGE('',*,*,#1302,.T.);
#1779=ORIENTED_EDGE('',*,*,#1303,.F.);
#1780=ORIENTED_EDGE('',*,*,#1304,.F.);
#1781=ORIENTED_EDGE('',*,*,#1180,.F.);
#1782=ORIENTED_EDGE('',*,*,#1304,.T.);
#1783=ORIENTED_EDGE('',*,*,#1305,.F.);
#1784=ORIENTED_EDGE('',*,*,#1306,.F.);
#1785=ORIENTED_EDGE('',*,*,#1181,.T.);
#1786=ORIENTED_EDGE('',*,*,#1306,.T.);
#1787=ORIENTED_EDGE('',*,*,#1307,.F.);
#1788=ORIENTED_EDGE('',*,*,#1308,.F.);
#1789=ORIENTED_EDGE('',*,*,#1182,.F.);
#1790=ORIENTED_EDGE('',*,*,#1308,.T.);
#1791=ORIENTED_EDGE('',*,*,#1309,.F.);
#1792=ORIENTED_EDGE('',*,*,#1310,.F.);
#1793=ORIENTED_EDGE('',*,*,#1183,.F.);
#1794=ORIENTED_EDGE('',*,*,#1310,.T.);
#1795=ORIENTED_EDGE('',*,*,#1311,.F.);
#1796=ORIENTED_EDGE('',*,*,#1312,.F.);
#1797=ORIENTED_EDGE('',*,*,#1090,.F.);
#1798=ORIENTED_EDGE('',*,*,#1312,.T.);
#1799=ORIENTED_EDGE('',*,*,#1313,.F.);
#1800=ORIENTED_EDGE('',*,*,#1314,.F.);
#1801=ORIENTED_EDGE('',*,*,#1091,.F.);
#1802=ORIENTED_EDGE('',*,*,#1314,.T.);
#1803=ORIENTED_EDGE('',*,*,#1315,.F.);
#1804=ORIENTED_EDGE('',*,*,#1316,.F.);
#1805=ORIENTED_EDGE('',*,*,#1092,.T.);
#1806=ORIENTED_EDGE('',*,*,#1316,.T.);
#1807=ORIENTED_EDGE('',*,*,#1317,.F.);
#1808=ORIENTED_EDGE('',*,*,#1318,.F.);
#1809=ORIENTED_EDGE('',*,*,#1093,.T.);
#1810=ORIENTED_EDGE('',*,*,#1318,.T.);
#1811=ORIENTED_EDGE('',*,*,#1319,.F.);
#1812=ORIENTED_EDGE('',*,*,#1320,.F.);
#1813=ORIENTED_EDGE('',*,*,#1094,.F.);
#1814=ORIENTED_EDGE('',*,*,#1320,.T.);
#1815=ORIENTED_EDGE('',*,*,#1321,.F.);
#1816=ORIENTED_EDGE('',*,*,#1322,.F.);
#1817=ORIENTED_EDGE('',*,*,#1095,.T.);
#1818=ORIENTED_EDGE('',*,*,#1322,.T.);
#1819=ORIENTED_EDGE('',*,*,#1323,.F.);
#1820=ORIENTED_EDGE('',*,*,#1324,.F.);
#1821=ORIENTED_EDGE('',*,*,#1096,.F.);
#1822=ORIENTED_EDGE('',*,*,#1324,.T.);
#1823=ORIENTED_EDGE('',*,*,#1325,.F.);
#1824=ORIENTED_EDGE('',*,*,#1326,.F.);
#1825=ORIENTED_EDGE('',*,*,#1097,.T.);
#1826=ORIENTED_EDGE('',*,*,#1326,.T.);
#1827=ORIENTED_EDGE('',*,*,#1327,.F.);
#1828=ORIENTED_EDGE('',*,*,#1328,.F.);
#1829=ORIENTED_EDGE('',*,*,#1098,.F.);
#1830=ORIENTED_EDGE('',*,*,#1328,.T.);
#1831=ORIENTED_EDGE('',*,*,#1329,.F.);
#1832=ORIENTED_EDGE('',*,*,#1330,.F.);
#1833=ORIENTED_EDGE('',*,*,#1099,.F.);
#1834=ORIENTED_EDGE('',*,*,#1330,.T.);
#1835=ORIENTED_EDGE('',*,*,#1331,.F.);
#1836=ORIENTED_EDGE('',*,*,#1332,.F.);
#1837=ORIENTED_EDGE('',*,*,#1100,.F.);
#1838=ORIENTED_EDGE('',*,*,#1332,.T.);
#1839=ORIENTED_EDGE('',*,*,#1333,.F.);
#1840=ORIENTED_EDGE('',*,*,#1334,.F.);
#1841=ORIENTED_EDGE('',*,*,#1101,.F.);
#1842=ORIENTED_EDGE('',*,*,#1334,.T.);
#1843=ORIENTED_EDGE('',*,*,#1335,.F.);
#1844=ORIENTED_EDGE('',*,*,#1336,.F.);
#1845=ORIENTED_EDGE('',*,*,#1102,.F.);
#1846=ORIENTED_EDGE('',*,*,#1336,.T.);
#1847=ORIENTED_EDGE('',*,*,#1337,.F.);
#1848=ORIENTED_EDGE('',*,*,#1338,.F.);
#1849=ORIENTED_EDGE('',*,*,#1103,.T.);
#1850=ORIENTED_EDGE('',*,*,#1338,.T.);
#1851=ORIENTED_EDGE('',*,*,#1339,.F.);
#1852=ORIENTED_EDGE('',*,*,#1340,.F.);
#1853=ORIENTED_EDGE('',*,*,#1104,.T.);
#1854=ORIENTED_EDGE('',*,*,#1340,.T.);
#1855=ORIENTED_EDGE('',*,*,#1341,.F.);
#1856=ORIENTED_EDGE('',*,*,#1342,.F.);
#1857=ORIENTED_EDGE('',*,*,#1105,.T.);
#1858=ORIENTED_EDGE('',*,*,#1342,.T.);
#1859=ORIENTED_EDGE('',*,*,#1343,.F.);
#1860=ORIENTED_EDGE('',*,*,#1344,.F.);
#1861=ORIENTED_EDGE('',*,*,#1106,.F.);
#1862=ORIENTED_EDGE('',*,*,#1344,.T.);
#1863=ORIENTED_EDGE('',*,*,#1345,.F.);
#1864=ORIENTED_EDGE('',*,*,#1346,.F.);
#1865=ORIENTED_EDGE('',*,*,#1107,.T.);
#1866=ORIENTED_EDGE('',*,*,#1346,.T.);
#1867=ORIENTED_EDGE('',*,*,#1347,.F.);
#1868=ORIENTED_EDGE('',*,*,#1348,.F.);
#1869=ORIENTED_EDGE('',*,*,#1108,.F.);
#1870=ORIENTED_EDGE('',*,*,#1348,.T.);
#1871=ORIENTED_EDGE('',*,*,#1349,.F.);
#1872=ORIENTED_EDGE('',*,*,#1350,.F.);
#1873=ORIENTED_EDGE('',*,*,#1109,.T.);
#1874=ORIENTED_EDGE('',*,*,#1350,.T.);
#1875=ORIENTED_EDGE('',*,*,#1351,.F.);
#1876=ORIENTED_EDGE('',*,*,#1352,.F.);
#1877=ORIENTED_EDGE('',*,*,#1110,.F.);
#1878=ORIENTED_EDGE('',*,*,#1352,.T.);
#1879=ORIENTED_EDGE('',*,*,#1353,.F.);
#1880=ORIENTED_EDGE('',*,*,#1354,.F.);
#1881=ORIENTED_EDGE('',*,*,#1111,.F.);
#1882=ORIENTED_EDGE('',*,*,#1354,.T.);
#1883=ORIENTED_EDGE('',*,*,#1355,.F.);
#1884=ORIENTED_EDGE('',*,*,#1356,.F.);
#1885=ORIENTED_EDGE('',*,*,#1112,.F.);
#1886=ORIENTED_EDGE('',*,*,#1356,.T.);
#1887=ORIENTED_EDGE('',*,*,#1357,.F.);
#1888=ORIENTED_EDGE('',*,*,#1358,.F.);
#1889=ORIENTED_EDGE('',*,*,#1113,.F.);
#1890=ORIENTED_EDGE('',*,*,#1358,.T.);
#1891=ORIENTED_EDGE('',*,*,#1359,.F.);
#1892=ORIENTED_EDGE('',*,*,#1360,.F.);
#1893=ORIENTED_EDGE('',*,*,#1114,.T.);
#1894=ORIENTED_EDGE('',*,*,#1360,.T.);
#1895=ORIENTED_EDGE('',*,*,#1361,.F.);
#1896=ORIENTED_EDGE('',*,*,#1362,.F.);
#1897=ORIENTED_EDGE('',*,*,#1115,.T.);
#1898=ORIENTED_EDGE('',*,*,#1362,.T.);
#1899=ORIENTED_EDGE('',*,*,#1363,.F.);
#1900=ORIENTED_EDGE('',*,*,#1364,.F.);
#1901=ORIENTED_EDGE('',*,*,#1116,.F.);
#1902=ORIENTED_EDGE('',*,*,#1364,.T.);
#1903=ORIENTED_EDGE('',*,*,#1365,.F.);
#1904=ORIENTED_EDGE('',*,*,#1366,.F.);
#1905=ORIENTED_EDGE('',*,*,#1117,.T.);
#1906=ORIENTED_EDGE('',*,*,#1366,.T.);
#1907=ORIENTED_EDGE('',*,*,#1367,.F.);
#1908=ORIENTED_EDGE('',*,*,#1368,.F.);
#1909=ORIENTED_EDGE('',*,*,#1118,.F.);
#1910=ORIENTED_EDGE('',*,*,#1368,.T.);
#1911=ORIENTED_EDGE('',*,*,#1369,.F.);
#1912=ORIENTED_EDGE('',*,*,#1370,.F.);
#1913=ORIENTED_EDGE('',*,*,#1119,.T.);
#1914=ORIENTED_EDGE('',*,*,#1370,.T.);
#1915=ORIENTED_EDGE('',*,*,#1371,.F.);
#1916=ORIENTED_EDGE('',*,*,#1184,.F.);
#1917=ORIENTED_EDGE('',*,*,#1372,.F.);
#1918=ORIENTED_EDGE('',*,*,#1373,.T.);
#1919=ORIENTED_EDGE('',*,*,#1059,.F.);
#1920=ORIENTED_EDGE('',*,*,#1373,.F.);
#1921=ORIENTED_EDGE('',*,*,#1372,.T.);
#1922=ORIENTED_EDGE('',*,*,#1371,.T.);
#1923=ORIENTED_EDGE('',*,*,#1369,.T.);
#1924=ORIENTED_EDGE('',*,*,#1367,.T.);
#1925=ORIENTED_EDGE('',*,*,#1365,.T.);
#1926=ORIENTED_EDGE('',*,*,#1363,.T.);
#1927=ORIENTED_EDGE('',*,*,#1361,.T.);
#1928=ORIENTED_EDGE('',*,*,#1359,.T.);
#1929=ORIENTED_EDGE('',*,*,#1357,.T.);
#1930=ORIENTED_EDGE('',*,*,#1355,.T.);
#1931=ORIENTED_EDGE('',*,*,#1353,.T.);
#1932=ORIENTED_EDGE('',*,*,#1351,.T.);
#1933=ORIENTED_EDGE('',*,*,#1349,.T.);
#1934=ORIENTED_EDGE('',*,*,#1347,.T.);
#1935=ORIENTED_EDGE('',*,*,#1345,.T.);
#1936=ORIENTED_EDGE('',*,*,#1343,.T.);
#1937=ORIENTED_EDGE('',*,*,#1341,.T.);
#1938=ORIENTED_EDGE('',*,*,#1339,.T.);
#1939=ORIENTED_EDGE('',*,*,#1337,.T.);
#1940=ORIENTED_EDGE('',*,*,#1335,.T.);
#1941=ORIENTED_EDGE('',*,*,#1333,.T.);
#1942=ORIENTED_EDGE('',*,*,#1331,.T.);
#1943=ORIENTED_EDGE('',*,*,#1329,.T.);
#1944=ORIENTED_EDGE('',*,*,#1327,.T.);
#1945=ORIENTED_EDGE('',*,*,#1325,.T.);
#1946=ORIENTED_EDGE('',*,*,#1323,.T.);
#1947=ORIENTED_EDGE('',*,*,#1321,.T.);
#1948=ORIENTED_EDGE('',*,*,#1319,.T.);
#1949=ORIENTED_EDGE('',*,*,#1317,.T.);
#1950=ORIENTED_EDGE('',*,*,#1315,.T.);
#1951=ORIENTED_EDGE('',*,*,#1313,.T.);
#1952=ORIENTED_EDGE('',*,*,#1311,.T.);
#1953=ORIENTED_EDGE('',*,*,#1309,.T.);
#1954=ORIENTED_EDGE('',*,*,#1307,.T.);
#1955=ORIENTED_EDGE('',*,*,#1305,.T.);
#1956=ORIENTED_EDGE('',*,*,#1303,.T.);
#1957=ORIENTED_EDGE('',*,*,#1301,.T.);
#1958=ORIENTED_EDGE('',*,*,#1299,.T.);
#1959=ORIENTED_EDGE('',*,*,#1297,.T.);
#1960=ORIENTED_EDGE('',*,*,#1295,.T.);
#1961=ORIENTED_EDGE('',*,*,#1293,.T.);
#1962=ORIENTED_EDGE('',*,*,#1291,.T.);
#1963=ORIENTED_EDGE('',*,*,#1289,.T.);
#1964=ORIENTED_EDGE('',*,*,#1287,.T.);
#1965=ORIENTED_EDGE('',*,*,#1285,.T.);
#1966=ORIENTED_EDGE('',*,*,#1283,.T.);
#1967=ORIENTED_EDGE('',*,*,#1281,.T.);
#1968=ORIENTED_EDGE('',*,*,#1279,.T.);
#1969=ORIENTED_EDGE('',*,*,#1277,.T.);
#1970=ORIENTED_EDGE('',*,*,#1275,.T.);
#1971=ORIENTED_EDGE('',*,*,#1273,.T.);
#1972=ORIENTED_EDGE('',*,*,#1271,.T.);
#1973=ORIENTED_EDGE('',*,*,#1269,.T.);
#1974=ORIENTED_EDGE('',*,*,#1267,.T.);
#1975=ORIENTED_EDGE('',*,*,#1265,.T.);
#1976=ORIENTED_EDGE('',*,*,#1263,.T.);
#1977=ORIENTED_EDGE('',*,*,#1261,.T.);
#1978=ORIENTED_EDGE('',*,*,#1259,.T.);
#1979=ORIENTED_EDGE('',*,*,#1257,.T.);
#1980=ORIENTED_EDGE('',*,*,#1255,.T.);
#1981=ORIENTED_EDGE('',*,*,#1253,.T.);
#1982=ORIENTED_EDGE('',*,*,#1251,.T.);
#1983=ORIENTED_EDGE('',*,*,#1249,.T.);
#1984=ORIENTED_EDGE('',*,*,#1247,.T.);
#1985=ORIENTED_EDGE('',*,*,#1245,.T.);
#1986=ORIENTED_EDGE('',*,*,#1243,.T.);
#1987=ORIENTED_EDGE('',*,*,#1241,.T.);
#1988=ORIENTED_EDGE('',*,*,#1239,.T.);
#1989=ORIENTED_EDGE('',*,*,#1237,.T.);
#1990=ORIENTED_EDGE('',*,*,#1235,.T.);
#1991=ORIENTED_EDGE('',*,*,#1233,.T.);
#1992=ORIENTED_EDGE('',*,*,#1231,.T.);
#1993=ORIENTED_EDGE('',*,*,#1229,.T.);
#1994=ORIENTED_EDGE('',*,*,#1227,.T.);
#1995=ORIENTED_EDGE('',*,*,#1225,.T.);
#1996=ORIENTED_EDGE('',*,*,#1223,.T.);
#1997=ORIENTED_EDGE('',*,*,#1221,.T.);
#1998=ORIENTED_EDGE('',*,*,#1219,.T.);
#1999=ORIENTED_EDGE('',*,*,#1217,.T.);
#2000=ORIENTED_EDGE('',*,*,#1215,.T.);
#2001=ORIENTED_EDGE('',*,*,#1213,.T.);
#2002=ORIENTED_EDGE('',*,*,#1211,.T.);
#2003=ORIENTED_EDGE('',*,*,#1209,.T.);
#2004=ORIENTED_EDGE('',*,*,#1207,.T.);
#2005=ORIENTED_EDGE('',*,*,#1205,.T.);
#2006=ORIENTED_EDGE('',*,*,#1203,.T.);
#2007=ORIENTED_EDGE('',*,*,#1201,.T.);
#2008=ORIENTED_EDGE('',*,*,#1199,.T.);
#2009=ORIENTED_EDGE('',*,*,#1197,.T.);
#2010=ORIENTED_EDGE('',*,*,#1195,.T.);
#2011=ORIENTED_EDGE('',*,*,#1193,.T.);
#2012=ORIENTED_EDGE('',*,*,#1191,.T.);
#2013=ORIENTED_EDGE('',*,*,#1189,.T.);
#2014=ORIENTED_EDGE('',*,*,#1187,.T.);
#2015=ORIENTED_EDGE('',*,*,#1185,.T.);
#2016=TOROIDAL_SURFACE('',#2131,5.9,1.);
#2017=ADVANCED_FACE('',(#523),#2016,.T.);
#2018=ADVANCED_FACE('',(#524),#482,.F.);
#2019=ADVANCED_FACE('',(#525,#136,#137),#145,.F.);
#2020=ADVANCED_FACE('',(#526),#483,.F.);
#2021=ADVANCED_FACE('',(#527,#138),#146,.T.);
#2022=ADVANCED_FACE('',(#528),#147,.T.);
#2023=ADVANCED_FACE('',(#529),#148,.T.);
#2024=ADVANCED_FACE('',(#530),#149,.T.);
#2025=ADVANCED_FACE('',(#531,#139),#150,.F.);
#2026=ADVANCED_FACE('',(#532),#151,.T.);
#2027=ADVANCED_FACE('',(#533),#152,.T.);
#2028=ADVANCED_FACE('',(#534),#153,.T.);
#2029=ADVANCED_FACE('',(#535),#484,.F.);
#2030=ADVANCED_FACE('',(#536),#485,.T.);
#2031=ADVANCED_FACE('',(#537),#135,.T.);
#2032=ADVANCED_FACE('',(#538,#140,#141),#154,.T.);
#2033=ADVANCED_FACE('',(#539),#155,.T.);
#2034=ADVANCED_FACE('',(#540),#15,.T.);
#2035=ADVANCED_FACE('',(#541),#16,.T.);
#2036=ADVANCED_FACE('',(#542),#486,.F.);
#2037=ADVANCED_FACE('',(#543),#17,.T.);
#2038=ADVANCED_FACE('',(#544),#18,.T.);
#2039=ADVANCED_FACE('',(#545),#19,.T.);
#2040=ADVANCED_FACE('',(#546),#156,.T.);
#2041=ADVANCED_FACE('',(#547),#487,.T.);
#2042=ADVANCED_FACE('',(#548),#488,.F.);
#2043=ADVANCED_FACE('',(#549),#489,.T.);
#2044=ADVANCED_FACE('',(#550),#157,.T.);
#2045=ADVANCED_FACE('',(#551),#20,.T.);
#2046=ADVANCED_FACE('',(#552),#21,.T.);
#2047=ADVANCED_FACE('',(#553),#22,.T.);
#2048=ADVANCED_FACE('',(#554),#490,.F.);
#2049=ADVANCED_FACE('',(#555),#23,.T.);
#2050=ADVANCED_FACE('',(#556),#24,.T.);
#2051=ADVANCED_FACE('',(#557),#158,.T.);
#2052=ADVANCED_FACE('',(#558),#491,.T.);
#2053=ADVANCED_FACE('',(#559),#492,.F.);
#2054=ADVANCED_FACE('',(#560),#493,.T.);
#2055=ADVANCED_FACE('',(#561),#159,.T.);
#2056=ADVANCED_FACE('',(#562),#25,.T.);
#2057=ADVANCED_FACE('',(#563),#26,.T.);
#2058=ADVANCED_FACE('',(#564),#494,.F.);
#2059=ADVANCED_FACE('',(#565),#27,.T.);
#2060=ADVANCED_FACE('',(#566),#28,.T.);
#2061=ADVANCED_FACE('',(#567),#160,.T.);
#2062=ADVANCED_FACE('',(#568),#495,.T.);
#2063=ADVANCED_FACE('',(#569),#496,.F.);
#2064=ADVANCED_FACE('',(#570),#497,.T.);
#2065=ADVANCED_FACE('',(#571),#161,.T.);
#2066=ADVANCED_FACE('',(#572),#29,.T.);
#2067=ADVANCED_FACE('',(#573),#30,.T.);
#2068=ADVANCED_FACE('',(#574),#498,.F.);
#2069=ADVANCED_FACE('',(#575),#31,.T.);
#2070=ADVANCED_FACE('',(#576),#32,.T.);
#2071=ADVANCED_FACE('',(#577),#162,.T.);
#2072=ADVANCED_FACE('',(#578),#499,.T.);
#2073=ADVANCED_FACE('',(#579),#500,.F.);
#2074=ADVANCED_FACE('',(#580),#501,.T.);
#2075=ADVANCED_FACE('',(#581),#163,.T.);
#2076=ADVANCED_FACE('',(#582),#33,.T.);
#2077=ADVANCED_FACE('',(#583),#34,.T.);
#2078=ADVANCED_FACE('',(#584),#502,.F.);
#2079=ADVANCED_FACE('',(#585),#35,.T.);
#2080=ADVANCED_FACE('',(#586),#36,.T.);
#2081=ADVANCED_FACE('',(#587),#164,.T.);
#2082=ADVANCED_FACE('',(#588),#503,.T.);
#2083=ADVANCED_FACE('',(#589),#504,.F.);
#2084=ADVANCED_FACE('',(#590),#505,.T.);
#2085=ADVANCED_FACE('',(#591),#165,.T.);
#2086=ADVANCED_FACE('',(#592),#37,.T.);
#2087=ADVANCED_FACE('',(#593),#38,.T.);
#2088=ADVANCED_FACE('',(#594),#506,.F.);
#2089=ADVANCED_FACE('',(#595),#39,.T.);
#2090=ADVANCED_FACE('',(#596),#40,.T.);
#2091=ADVANCED_FACE('',(#597),#166,.T.);
#2092=ADVANCED_FACE('',(#598),#507,.T.);
#2093=ADVANCED_FACE('',(#599),#508,.F.);
#2094=ADVANCED_FACE('',(#600),#509,.T.);
#2095=ADVANCED_FACE('',(#601),#167,.T.);
#2096=ADVANCED_FACE('',(#602),#41,.T.);
#2097=ADVANCED_FACE('',(#603),#42,.T.);
#2098=ADVANCED_FACE('',(#604),#510,.F.);
#2099=ADVANCED_FACE('',(#605),#43,.T.);
#2100=ADVANCED_FACE('',(#606),#44,.T.);
#2101=ADVANCED_FACE('',(#607),#168,.T.);
#2102=ADVANCED_FACE('',(#608),#511,.T.);
#2103=ADVANCED_FACE('',(#609),#512,.F.);
#2104=ADVANCED_FACE('',(#610),#513,.T.);
#2105=ADVANCED_FACE('',(#611),#169,.T.);
#2106=ADVANCED_FACE('',(#612),#45,.T.);
#2107=ADVANCED_FACE('',(#613),#46,.T.);
#2108=ADVANCED_FACE('',(#614),#47,.T.);
#2109=ADVANCED_FACE('',(#615),#514,.F.);
#2110=ADVANCED_FACE('',(#616),#48,.T.);
#2111=ADVANCED_FACE('',(#617),#49,.T.);
#2112=ADVANCED_FACE('',(#618),#50,.T.);
#2113=ADVANCED_FACE('',(#619),#170,.T.);
#2114=ADVANCED_FACE('',(#620),#515,.T.);
#2115=ADVANCED_FACE('',(#621),#516,.F.);
#2116=ADVANCED_FACE('',(#622),#517,.T.);
#2117=ADVANCED_FACE('',(#623),#171,.T.);
#2118=ADVANCED_FACE('',(#624),#51,.T.);
#2119=ADVANCED_FACE('',(#625),#52,.T.);
#2120=ADVANCED_FACE('',(#626),#518,.F.);
#2121=ADVANCED_FACE('',(#627),#53,.T.);
#2122=ADVANCED_FACE('',(#628),#54,.T.);
#2123=ADVANCED_FACE('',(#629),#172,.T.);
#2124=ADVANCED_FACE('',(#630),#519,.T.);
#2125=ADVANCED_FACE('',(#631),#520,.F.);
#2126=ADVANCED_FACE('',(#632),#521,.T.);
#2127=ADVANCED_FACE('',(#633),#522,.T.);
#2128=ADVANCED_FACE('',(#634,#142),#173,.T.);
#2129=CLOSED_SHELL('',(#2017,#2018,#2019,#2020,#2021,#2022,#2023,#2024,
#2025,#2026,#2027,#2028,#2029,#2030,#2031,#2032,#2033,#2034,#2035,#2036,
#2037,#2038,#2039,#2040,#2041,#2042,#2043,#2044,#2045,#2046,#2047,#2048,
#2049,#2050,#2051,#2052,#2053,#2054,#2055,#2056,#2057,#2058,#2059,#2060,
#2061,#2062,#2063,#2064,#2065,#2066,#2067,#2068,#2069,#2070,#2071,#2072,
#2073,#2074,#2075,#2076,#2077,#2078,#2079,#2080,#2081,#2082,#2083,#2084,
#2085,#2086,#2087,#2088,#2089,#2090,#2091,#2092,#2093,#2094,#2095,#2096,
#2097,#2098,#2099,#2100,#2101,#2102,#2103,#2104,#2105,#2106,#2107,#2108,
#2109,#2110,#2111,#2112,#2113,#2114,#2115,#2116,#2117,#2118,#2119,#2120,
#2121,#2122,#2123,#2124,#2125,#2126,#2127,#2128));
#2130=AXIS2_PLACEMENT_3D('',#2755,#2287,#2288);
#2131=AXIS2_PLACEMENT_3D('',#2756,#2289,#2290);
#2132=AXIS2_PLACEMENT_3D('',#2758,#2291,#2292);
#2133=AXIS2_PLACEMENT_3D('',#2760,#2293,#2294);
#2134=AXIS2_PLACEMENT_3D('',#2762,#2295,#2296);
#2135=AXIS2_PLACEMENT_3D('',#2763,#2297,#2298);
#2136=AXIS2_PLACEMENT_3D('',#2764,#2299,#2300);
#2137=AXIS2_PLACEMENT_3D('',#2767,#2302,#2303);
#2138=AXIS2_PLACEMENT_3D('',#2768,#2304,#2305);
#2139=AXIS2_PLACEMENT_3D('',#2770,#2306,#2307);
#2140=AXIS2_PLACEMENT_3D('',#2773,#2308,#2309);
#2141=AXIS2_PLACEMENT_3D('',#2781,#2310,#2311);
#2142=AXIS2_PLACEMENT_3D('',#2782,#2312,#2313);
#2143=AXIS2_PLACEMENT_3D('',#2784,#2314,#2315);
#2144=AXIS2_PLACEMENT_3D('',#2787,#2317,#2318);
#2145=AXIS2_PLACEMENT_3D('',#2788,#2319,#2320);
#2146=AXIS2_PLACEMENT_3D('',#2801,#2327,#2328);
#2147=AXIS2_PLACEMENT_3D('',#2807,#2332,#2333);
#2148=AXIS2_PLACEMENT_3D('',#2811,#2336,#2337);
#2149=AXIS2_PLACEMENT_3D('',#2815,#2340,#2341);
#2150=AXIS2_PLACEMENT_3D('',#2816,#2342,#2343);
#2151=AXIS2_PLACEMENT_3D('',#2820,#2346,#2347);
#2152=AXIS2_PLACEMENT_3D('',#2824,#2350,#2351);
#2153=AXIS2_PLACEMENT_3D('',#2826,#2353,#2354);
#2154=AXIS2_PLACEMENT_3D('',#2831,#2357,#2358);
#2155=AXIS2_PLACEMENT_3D('',#2832,#2359,#2360);
#2156=AXIS2_PLACEMENT_3D('',#2835,#2362,#2363);
#2157=AXIS2_PLACEMENT_3D('',#2854,#2364,#2365);
#2158=AXIS2_PLACEMENT_3D('',#2865,#2366,#2367);
#2159=AXIS2_PLACEMENT_3D('',#2885,#2369,#2370);
#2160=AXIS2_PLACEMENT_3D('',#2887,#2371,#2372);
#2161=AXIS2_PLACEMENT_3D('',#2889,#2373,#2374);
#2162=AXIS2_PLACEMENT_3D('',#2914,#2376,#2377);
#2163=AXIS2_PLACEMENT_3D('',#2939,#2379,#2380);
#2164=AXIS2_PLACEMENT_3D('',#2941,#2381,#2382);
#2165=AXIS2_PLACEMENT_3D('',#2943,#2383,#2384);
#2166=AXIS2_PLACEMENT_3D('',#2963,#2386,#2387);
#2167=AXIS2_PLACEMENT_3D('',#2983,#2389,#2390);
#2168=AXIS2_PLACEMENT_3D('',#2985,#2391,#2392);
#2169=AXIS2_PLACEMENT_3D('',#2987,#2393,#2394);
#2170=AXIS2_PLACEMENT_3D('',#3007,#2396,#2397);
#2171=AXIS2_PLACEMENT_3D('',#3032,#2399,#2400);
#2172=AXIS2_PLACEMENT_3D('',#3034,#2401,#2402);
#2173=AXIS2_PLACEMENT_3D('',#3036,#2403,#2404);
#2174=AXIS2_PLACEMENT_3D('',#3061,#2406,#2407);
#2175=AXIS2_PLACEMENT_3D('',#3081,#2409,#2410);
#2176=AXIS2_PLACEMENT_3D('',#3083,#2411,#2412);
#2177=AXIS2_PLACEMENT_3D('',#3085,#2413,#2414);
#2178=AXIS2_PLACEMENT_3D('',#3105,#2416,#2417);
#2179=AXIS2_PLACEMENT_3D('',#3125,#2419,#2420);
#2180=AXIS2_PLACEMENT_3D('',#3127,#2421,#2422);
#2181=AXIS2_PLACEMENT_3D('',#3129,#2423,#2424);
#2182=AXIS2_PLACEMENT_3D('',#3149,#2426,#2427);
#2183=AXIS2_PLACEMENT_3D('',#3169,#2429,#2430);
#2184=AXIS2_PLACEMENT_3D('',#3171,#2431,#2432);
#2185=AXIS2_PLACEMENT_3D('',#3173,#2433,#2434);
#2186=AXIS2_PLACEMENT_3D('',#3193,#2436,#2437);
#2187=AXIS2_PLACEMENT_3D('',#3213,#2439,#2440);
#2188=AXIS2_PLACEMENT_3D('',#3215,#2441,#2442);
#2189=AXIS2_PLACEMENT_3D('',#3217,#2443,#2444);
#2190=AXIS2_PLACEMENT_3D('',#3237,#2446,#2447);
#2191=AXIS2_PLACEMENT_3D('',#3257,#2449,#2450);
#2192=AXIS2_PLACEMENT_3D('',#3259,#2451,#2452);
#2193=AXIS2_PLACEMENT_3D('',#3261,#2453,#2454);
#2194=AXIS2_PLACEMENT_3D('',#3271,#2456,#2457);
#2195=AXIS2_PLACEMENT_3D('',#3323,#2463,#2464);
#2196=AXIS2_PLACEMENT_3D('',#3325,#2465,#2466);
#2197=AXIS2_PLACEMENT_3D('',#3387,#2471,#2472);
#2198=AXIS2_PLACEMENT_3D('',#3391,#2475,#2476);
#2199=AXIS2_PLACEMENT_3D('',#3393,#2477,#2478);
#2200=AXIS2_PLACEMENT_3D('',#3395,#2480,#2481);
#2201=AXIS2_PLACEMENT_3D('',#3397,#2482,#2483);
#2202=AXIS2_PLACEMENT_3D('',#3399,#2485,#2486);
#2203=AXIS2_PLACEMENT_3D('',#3401,#2487,#2488);
#2204=AXIS2_PLACEMENT_3D('',#3403,#2490,#2491);
#2205=AXIS2_PLACEMENT_3D('',#3467,#2497,#2498);
#2206=AXIS2_PLACEMENT_3D('',#3469,#2499,#2500);
#2207=AXIS2_PLACEMENT_3D('',#3517,#2504,#2505);
#2208=AXIS2_PLACEMENT_3D('',#3521,#2508,#2509);
#2209=AXIS2_PLACEMENT_3D('',#3523,#2510,#2511);
#2210=AXIS2_PLACEMENT_3D('',#3525,#2513,#2514);
#2211=AXIS2_PLACEMENT_3D('',#3527,#2515,#2516);
#2212=AXIS2_PLACEMENT_3D('',#3529,#2518,#2519);
#2213=AXIS2_PLACEMENT_3D('',#3531,#2520,#2521);
#2214=AXIS2_PLACEMENT_3D('',#3533,#2523,#2524);
#2215=AXIS2_PLACEMENT_3D('',#3583,#2529,#2530);
#2216=AXIS2_PLACEMENT_3D('',#3585,#2531,#2532);
#2217=AXIS2_PLACEMENT_3D('',#3633,#2536,#2537);
#2218=AXIS2_PLACEMENT_3D('',#3637,#2540,#2541);
#2219=AXIS2_PLACEMENT_3D('',#3639,#2542,#2543);
#2220=AXIS2_PLACEMENT_3D('',#3641,#2545,#2546);
#2221=AXIS2_PLACEMENT_3D('',#3643,#2547,#2548);
#2222=AXIS2_PLACEMENT_3D('',#3645,#2550,#2551);
#2223=AXIS2_PLACEMENT_3D('',#3647,#2552,#2553);
#2224=AXIS2_PLACEMENT_3D('',#3649,#2555,#2556);
#2225=AXIS2_PLACEMENT_3D('',#3699,#2561,#2562);
#2226=AXIS2_PLACEMENT_3D('',#3701,#2563,#2564);
#2227=AXIS2_PLACEMENT_3D('',#3749,#2568,#2569);
#2228=AXIS2_PLACEMENT_3D('',#3753,#2572,#2573);
#2229=AXIS2_PLACEMENT_3D('',#3755,#2574,#2575);
#2230=AXIS2_PLACEMENT_3D('',#3757,#2577,#2578);
#2231=AXIS2_PLACEMENT_3D('',#3759,#2579,#2580);
#2232=AXIS2_PLACEMENT_3D('',#3761,#2582,#2583);
#2233=AXIS2_PLACEMENT_3D('',#3763,#2584,#2585);
#2234=AXIS2_PLACEMENT_3D('',#3765,#2587,#2588);
#2235=AXIS2_PLACEMENT_3D('',#3815,#2593,#2594);
#2236=AXIS2_PLACEMENT_3D('',#3817,#2595,#2596);
#2237=AXIS2_PLACEMENT_3D('',#3865,#2600,#2601);
#2238=AXIS2_PLACEMENT_3D('',#3869,#2604,#2605);
#2239=AXIS2_PLACEMENT_3D('',#3871,#2606,#2607);
#2240=AXIS2_PLACEMENT_3D('',#3873,#2609,#2610);
#2241=AXIS2_PLACEMENT_3D('',#3875,#2611,#2612);
#2242=AXIS2_PLACEMENT_3D('',#3877,#2614,#2615);
#2243=AXIS2_PLACEMENT_3D('',#3879,#2616,#2617);
#2244=AXIS2_PLACEMENT_3D('',#3881,#2619,#2620);
#2245=AXIS2_PLACEMENT_3D('',#3931,#2625,#2626);
#2246=AXIS2_PLACEMENT_3D('',#3933,#2627,#2628);
#2247=AXIS2_PLACEMENT_3D('',#3981,#2632,#2633);
#2248=AXIS2_PLACEMENT_3D('',#3985,#2636,#2637);
#2249=AXIS2_PLACEMENT_3D('',#3987,#2638,#2639);
#2250=AXIS2_PLACEMENT_3D('',#3989,#2641,#2642);
#2251=AXIS2_PLACEMENT_3D('',#3991,#2643,#2644);
#2252=AXIS2_PLACEMENT_3D('',#3993,#2646,#2647);
#2253=AXIS2_PLACEMENT_3D('',#3995,#2648,#2649);
#2254=AXIS2_PLACEMENT_3D('',#3997,#2651,#2652);
#2255=AXIS2_PLACEMENT_3D('',#4047,#2657,#2658);
#2256=AXIS2_PLACEMENT_3D('',#4049,#2659,#2660);
#2257=AXIS2_PLACEMENT_3D('',#4097,#2664,#2665);
#2258=AXIS2_PLACEMENT_3D('',#4101,#2668,#2669);
#2259=AXIS2_PLACEMENT_3D('',#4103,#2670,#2671);
#2260=AXIS2_PLACEMENT_3D('',#4105,#2673,#2674);
#2261=AXIS2_PLACEMENT_3D('',#4107,#2675,#2676);
#2262=AXIS2_PLACEMENT_3D('',#4109,#2678,#2679);
#2263=AXIS2_PLACEMENT_3D('',#4111,#2680,#2681);
#2264=AXIS2_PLACEMENT_3D('',#4113,#2683,#2684);
#2265=AXIS2_PLACEMENT_3D('',#4177,#2690,#2691);
#2266=AXIS2_PLACEMENT_3D('',#4179,#2692,#2693);
#2267=AXIS2_PLACEMENT_3D('',#4241,#2698,#2699);
#2268=AXIS2_PLACEMENT_3D('',#4245,#2702,#2703);
#2269=AXIS2_PLACEMENT_3D('',#4247,#2704,#2705);
#2270=AXIS2_PLACEMENT_3D('',#4249,#2707,#2708);
#2271=AXIS2_PLACEMENT_3D('',#4251,#2709,#2710);
#2272=AXIS2_PLACEMENT_3D('',#4253,#2712,#2713);
#2273=AXIS2_PLACEMENT_3D('',#4255,#2714,#2715);
#2274=AXIS2_PLACEMENT_3D('',#4257,#2717,#2718);
#2275=AXIS2_PLACEMENT_3D('',#4307,#2723,#2724);
#2276=AXIS2_PLACEMENT_3D('',#4309,#2725,#2726);
#2277=AXIS2_PLACEMENT_3D('',#4357,#2730,#2731);
#2278=AXIS2_PLACEMENT_3D('',#4361,#2734,#2735);
#2279=AXIS2_PLACEMENT_3D('',#4363,#2736,#2737);
#2280=AXIS2_PLACEMENT_3D('',#4365,#2739,#2740);
#2281=AXIS2_PLACEMENT_3D('',#4367,#2741,#2742);
#2282=AXIS2_PLACEMENT_3D('',#4369,#2744,#2745);
#2283=AXIS2_PLACEMENT_3D('',#4370,#2746,#2747);
#2284=AXIS2_PLACEMENT_3D('',#4371,#2748,#2749);
#2285=AXIS2_PLACEMENT_3D('',#4373,#2750,#2751);
#2286=AXIS2_PLACEMENT_3D('',#4375,#2753,#2754);
#2287=DIRECTION('axis',(0.,0.,1.));
#2288=DIRECTION('refdir',(1.,0.,0.));
#2289=DIRECTION('center_axis',(0.,-1.,0.));
#2290=DIRECTION('ref_axis',(0.,0.,-1.));
#2291=DIRECTION('center_axis',(0.,1.,0.));
#2292=DIRECTION('ref_axis',(-0.356109867699169,0.,-0.934444092563745));
#2293=DIRECTION('center_axis',(-1.,0.,-1.22464679914735E-16));
#2294=DIRECTION('ref_axis',(-1.22464679914735E-16,0.,1.));
#2295=DIRECTION('center_axis',(0.,-1.,0.));
#2296=DIRECTION('ref_axis',(-0.356109867699169,0.,-0.934444092563745));
#2297=DIRECTION('center_axis',(0.,-1.,0.));
#2298=DIRECTION('ref_axis',(-0.356109867699169,0.,-0.934444092563745));
#2299=DIRECTION('center_axis',(0.,1.,0.));
#2300=DIRECTION('ref_axis',(1.,0.,0.));
#2301=DIRECTION('',(0.,-1.,0.));
#2302=DIRECTION('center_axis',(0.,-1.,0.));
#2303=DIRECTION('ref_axis',(1.,0.,0.));
#2304=DIRECTION('center_axis',(0.,-1.,0.));
#2305=DIRECTION('ref_axis',(1.,0.,0.));
#2306=DIRECTION('center_axis',(0.,1.,0.));
#2307=DIRECTION('ref_axis',(1.,0.,0.));
#2308=DIRECTION('center_axis',(0.,1.,0.));
#2309=DIRECTION('ref_axis',(1.,0.,0.));
#2310=DIRECTION('center_axis',(0.,-1.,0.));
#2311=DIRECTION('ref_axis',(-0.920835871879847,0.,0.389950377688345));
#2312=DIRECTION('center_axis',(0.,1.,0.));
#2313=DIRECTION('ref_axis',(1.,0.,0.));
#2314=DIRECTION('center_axis',(0.,1.,0.));
#2315=DIRECTION('ref_axis',(1.,0.,0.));
#2316=DIRECTION('',(0.,1.,0.));
#2317=DIRECTION('center_axis',(0.,-1.,0.));
#2318=DIRECTION('ref_axis',(1.,0.,0.));
#2319=DIRECTION('center_axis',(0.,-1.,0.));
#2320=DIRECTION('ref_axis',(1.,0.,0.));
#2321=DIRECTION('',(1.71693096998532E-16,0.,-1.));
#2322=DIRECTION('',(0.866025403784439,0.,-0.5));
#2323=DIRECTION('',(0.866025403784438,0.,0.500000000000001));
#2324=DIRECTION('',(-1.71693096998533E-16,0.,1.));
#2325=DIRECTION('',(-0.866025403784439,0.,0.5));
#2326=DIRECTION('',(-0.866025403784439,0.,-0.5));
#2327=DIRECTION('center_axis',(0.5,0.,0.866025403784439));
#2328=DIRECTION('ref_axis',(0.866025403784439,0.,-0.5));
#2329=DIRECTION('',(0.,1.,0.));
#2330=DIRECTION('',(-0.866025403784439,0.,0.5));
#2331=DIRECTION('',(0.,1.,0.));
#2332=DIRECTION('center_axis',(1.,0.,1.71693096998533E-16));
#2333=DIRECTION('ref_axis',(1.71693096998533E-16,0.,-1.));
#2334=DIRECTION('',(0.,1.,0.));
#2335=DIRECTION('',(-1.71693096998533E-16,0.,1.));
#2336=DIRECTION('center_axis',(0.500000000000001,0.,-0.866025403784438));
#2337=DIRECTION('ref_axis',(-0.866025403784438,0.,-0.500000000000001));
#2338=DIRECTION('',(0.,1.,0.));
#2339=DIRECTION('',(0.866025403784438,0.,0.500000000000001));
#2340=DIRECTION('center_axis',(0.,-1.,0.));
#2341=DIRECTION('ref_axis',(1.,0.,0.));
#2342=DIRECTION('center_axis',(-0.5,0.,0.866025403784439));
#2343=DIRECTION('ref_axis',(0.866025403784439,0.,0.5));
#2344=DIRECTION('',(-0.866025403784439,0.,-0.5));
#2345=DIRECTION('',(0.,1.,0.));
#2346=DIRECTION('center_axis',(-0.5,0.,-0.866025403784439));
#2347=DIRECTION('ref_axis',(-0.866025403784439,0.,0.5));
#2348=DIRECTION('',(0.,1.,0.));
#2349=DIRECTION('',(0.866025403784439,0.,-0.5));
#2350=DIRECTION('center_axis',(-1.,0.,-1.71693096998532E-16));
#2351=DIRECTION('ref_axis',(-1.71693096998532E-16,0.,1.));
#2352=DIRECTION('',(1.71693096998532E-16,0.,-1.));
#2353=DIRECTION('center_axis',(0.,1.,0.));
#2354=DIRECTION('ref_axis',(-0.920835871879847,0.,0.389950377688345));
#2355=DIRECTION('',(0.,1.,0.));
#2356=DIRECTION('',(0.,1.,0.));
#2357=DIRECTION('center_axis',(0.,-1.,0.));
#2358=DIRECTION('ref_axis',(-0.920835871879847,0.,0.389950377688345));
#2359=DIRECTION('center_axis',(0.,1.,0.));
#2360=DIRECTION('ref_axis',(1.,0.,0.));
#2361=DIRECTION('',(0.,1.,0.));
#2362=DIRECTION('center_axis',(0.,-1.,0.));
#2363=DIRECTION('ref_axis',(1.,0.,0.));
#2364=DIRECTION('center_axis',(0.,-1.,0.));
#2365=DIRECTION('ref_axis',(1.,0.,0.));
#2366=DIRECTION('center_axis',(0.,-1.,0.));
#2367=DIRECTION('ref_axis',(0.99811011256861,0.,-0.0614508192644913));
#2368=DIRECTION('',(-0.982392253009139,0.,-0.186830032991562));
#2369=DIRECTION('center_axis',(0.,-1.,0.));
#2370=DIRECTION('ref_axis',(-0.944162548937001,0.,-0.329480016366373));
#2371=DIRECTION('center_axis',(0.,-1.,0.));
#2372=DIRECTION('ref_axis',(0.944162548937001,0.,0.329480016366372));
#2373=DIRECTION('center_axis',(0.,-1.,0.));
#2374=DIRECTION('ref_axis',(-0.488349459505397,0.,0.872648156705087));
#2375=DIRECTION('',(0.872648156705087,0.,0.488349459505398));
#2376=DIRECTION('center_axis',(0.,-1.,0.));
#2377=DIRECTION('ref_axis',(0.804096530582343,0.,0.594498754839267));
#2378=DIRECTION('',(-0.632464096056483,0.,-0.774589676667238));
#2379=DIRECTION('center_axis',(0.,-1.,0.));
#2380=DIRECTION('ref_axis',(-0.511484801854617,0.,-0.859292323642975));
#2381=DIRECTION('center_axis',(0.,-1.,0.));
#2382=DIRECTION('ref_axis',(0.511484801854618,0.,0.859292323642975));
#2383=DIRECTION('center_axis',(0.,-1.,0.));
#2384=DIRECTION('ref_axis',(-0.935024812500093,0.,0.354582289474766));
#2385=DIRECTION('',(0.354582289474762,0.,0.935024812500094));
#2386=DIRECTION('center_axis',(0.,-1.,0.));
#2387=DIRECTION('ref_axis',(0.233837245399099,0.,0.972275754436035));
#2388=DIRECTION('',(0.013401040496468,0.,-0.999910202024968));
#2389=DIRECTION('center_axis',(0.,-1.,0.));
#2390=DIRECTION('ref_axis',(0.160522368535919,0.,-0.987032202716618));
#2391=DIRECTION('center_axis',(0.,-1.,0.));
#2392=DIRECTION('ref_axis',(-0.160522368535919,0.,0.987032202716618));
#2393=DIRECTION('center_axis',(0.,-1.,0.));
#2394=DIRECTION('ref_axis',(-0.944191664082725,0.,-0.329396571743993));
#2395=DIRECTION('',(-0.329396571743994,0.,0.944191664082724));
#2396=DIRECTION('center_axis',(0.,-1.,0.));
#2397=DIRECTION('ref_axis',(-0.44583708571789,0.,0.895114122890807));
#2398=DIRECTION('',(0.652995681265143,0.,-0.757361631091166));
#2399=DIRECTION('center_axis',(0.,-1.,0.));
#2400=DIRECTION('ref_axis',(0.757419338681092,0.,-0.652928744498125));
#2401=DIRECTION('center_axis',(0.,-1.,0.));
#2402=DIRECTION('ref_axis',(-0.757419338681092,0.,0.652928744498125));
#2403=DIRECTION('center_axis',(0.,-1.,0.));
#2404=DIRECTION('ref_axis',(-0.51156074251957,0.,-0.859247116208618));
#2405=DIRECTION('',(-0.859247116208618,0.,0.51156074251957));
#2406=DIRECTION('center_axis',(0.,-1.,0.));
#2407=DIRECTION('ref_axis',(-0.916899289500195,0.,0.399118645159605));
#2408=DIRECTION('',(0.987046385531244,0.,-0.160435135832856));
#2409=DIRECTION('center_axis',(0.,-1.,0.));
#2410=DIRECTION('ref_axis',(0.999911382479085,0.,-0.0133126702342637));
#2411=DIRECTION('center_axis',(0.,-1.,0.));
#2412=DIRECTION('ref_axis',(-0.999911382479085,0.,0.0133126702342608));
#2413=DIRECTION('center_axis',(0.,-1.,0.));
#2414=DIRECTION('ref_axis',(0.160435135832855,0.,-0.987046385531244));
#2415=DIRECTION('',(-0.987046385531244,0.,-0.160435135832856));
#2416=DIRECTION('center_axis',(0.,-1.,0.));
#2417=DIRECTION('ref_axis',(-0.958934125524837,0.,-0.283628882351423));
#2418=DIRECTION('',(0.859247116208619,0.,0.511560742519568));
#2419=DIRECTION('center_axis',(0.,-1.,0.));
#2420=DIRECTION('ref_axis',(0.774533777637944,0.,0.632532550386062));
#2421=DIRECTION('center_axis',(0.,-1.,0.));
#2422=DIRECTION('ref_axis',(-0.774533777637944,0.,-0.632532550386062));
#2423=DIRECTION('center_axis',(0.,-1.,0.));
#2424=DIRECTION('ref_axis',(0.757361631091164,0.,-0.652995681265146));
#2425=DIRECTION('',(-0.652995681265146,0.,-0.757361631091164));
#2426=DIRECTION('center_axis',(0.,-1.,0.));
#2427=DIRECTION('ref_axis',(-0.552273026850721,0.,-0.833663303626316));
#2428=DIRECTION('',(0.329396571743993,0.,0.944191664082724));
#2429=DIRECTION('center_axis',(0.,-1.,0.));
#2430=DIRECTION('ref_axis',(0.18674321025591,0.,0.982408760864497));
#2431=DIRECTION('center_axis',(0.,-1.,0.));
#2432=DIRECTION('ref_axis',(-0.186743210255909,0.,-0.982408760864497));
#2433=DIRECTION('center_axis',(0.,-1.,0.));
#2434=DIRECTION('ref_axis',(0.999910202024968,0.,-0.0134010404964687));
#2435=DIRECTION('',(-0.0134010404964681,0.,-0.999910202024968));
#2436=DIRECTION('center_axis',(0.,-1.,0.));
#2437=DIRECTION('ref_axis',(0.112802758917852,0.,-0.993617399998873));
#2438=DIRECTION('',(-0.354582289474761,0.,0.935024812500095));
#2439=DIRECTION('center_axis',(0.,-1.,0.));
#2440=DIRECTION('ref_axis',(-0.488426580624467,0.,0.872604993877236));
#2441=DIRECTION('center_axis',(0.,-1.,0.));
#2442=DIRECTION('ref_axis',(0.488426580624467,0.,-0.872604993877236));
#2443=DIRECTION('center_axis',(0.,-1.,0.));
#2444=DIRECTION('ref_axis',(0.774589676667238,0.,0.632464096056482));
#2445=DIRECTION('',(0.632464096056482,0.,-0.774589676667239));
#2446=DIRECTION('center_axis',(0.,-1.,0.));
#2447=DIRECTION('ref_axis',(0.725096880125739,0.,-0.688646872084612));
#2448=DIRECTION('',(-0.872648156705086,0.,0.488349459505398));
#2449=DIRECTION('center_axis',(0.,-1.,0.));
#2450=DIRECTION('ref_axis',(-0.935056146173862,0.,0.354499652330556));
#2451=DIRECTION('center_axis',(0.,-1.,0.));
#2452=DIRECTION('ref_axis',(0.935056146173862,0.,-0.354499652330556));
#2453=DIRECTION('center_axis',(0.,-1.,0.));
#2454=DIRECTION('ref_axis',(0.18683003299156,0.,0.982392253009139));
#2455=DIRECTION('',(0.982392253009139,0.,-0.186830032991561));
#2456=DIRECTION('center_axis',(-0.944191664082724,0.,-0.329396571743994));
#2457=DIRECTION('ref_axis',(0.329396571743994,0.,-0.944191664082724));
#2458=DIRECTION('',(0.,-1.,0.));
#2459=DIRECTION('',(0.329396571743994,0.,-0.944191664082724));
#2460=DIRECTION('',(0.,-1.,0.));
#2461=DIRECTION('',(0.,-1.,0.));
#2462=DIRECTION('',(0.,-1.,0.));
#2463=DIRECTION('center_axis',(0.,-1.,0.));
#2464=DIRECTION('ref_axis',(-0.44583708571789,0.,0.895114122890807));
#2465=DIRECTION('center_axis',(0.,1.,0.));
#2466=DIRECTION('ref_axis',(-0.44583708571789,0.,0.895114122890807));
#2467=DIRECTION('',(0.,-1.,0.));
#2468=DIRECTION('',(0.,-1.,0.));
#2469=DIRECTION('',(0.,-1.,0.));
#2470=DIRECTION('',(0.,-1.,0.));
#2471=DIRECTION('center_axis',(0.757361631091166,0.,0.652995681265143));
#2472=DIRECTION('ref_axis',(-0.652995681265143,0.,0.757361631091166));
#2473=DIRECTION('',(-0.652995681265143,0.,0.757361631091166));
#2474=DIRECTION('',(0.,-1.,0.));
#2475=DIRECTION('center_axis',(0.,-1.,0.));
#2476=DIRECTION('ref_axis',(0.757419338681092,0.,-0.652928744498125));
#2477=DIRECTION('center_axis',(0.,-1.,0.));
#2478=DIRECTION('ref_axis',(0.757419338681092,0.,-0.652928744498125));
#2479=DIRECTION('',(0.,-1.,0.));
#2480=DIRECTION('center_axis',(0.,-1.,0.));
#2481=DIRECTION('ref_axis',(-0.757419338681092,0.,0.652928744498125));
#2482=DIRECTION('center_axis',(0.,1.,0.));
#2483=DIRECTION('ref_axis',(-0.757419338681092,0.,0.652928744498125));
#2484=DIRECTION('',(0.,-1.,0.));
#2485=DIRECTION('center_axis',(0.,-1.,0.));
#2486=DIRECTION('ref_axis',(-0.51156074251957,0.,-0.859247116208618));
#2487=DIRECTION('center_axis',(0.,-1.,0.));
#2488=DIRECTION('ref_axis',(-0.51156074251957,0.,-0.859247116208618));
#2489=DIRECTION('',(0.,-1.,0.));
#2490=DIRECTION('center_axis',(-0.51156074251957,0.,-0.859247116208618));
#2491=DIRECTION('ref_axis',(0.859247116208618,0.,-0.51156074251957));
#2492=DIRECTION('',(0.859247116208618,0.,-0.51156074251957));
#2493=DIRECTION('',(0.,-1.,0.));
#2494=DIRECTION('',(0.,-1.,0.));
#2495=DIRECTION('',(0.,-1.,0.));
#2496=DIRECTION('',(0.,-1.,0.));
#2497=DIRECTION('center_axis',(0.,-1.,0.));
#2498=DIRECTION('ref_axis',(-0.916899289500195,0.,0.399118645159605));
#2499=DIRECTION('center_axis',(0.,1.,0.));
#2500=DIRECTION('ref_axis',(-0.916899289500195,0.,0.399118645159605));
#2501=DIRECTION('',(0.,-1.,0.));
#2502=DIRECTION('',(0.,-1.,0.));
#2503=DIRECTION('',(0.,-1.,0.));
#2504=DIRECTION('center_axis',(0.160435135832856,0.,0.987046385531244));
#2505=DIRECTION('ref_axis',(-0.987046385531244,0.,0.160435135832856));
#2506=DIRECTION('',(-0.987046385531244,0.,0.160435135832856));
#2507=DIRECTION('',(0.,-1.,0.));
#2508=DIRECTION('center_axis',(0.,-1.,0.));
#2509=DIRECTION('ref_axis',(0.999911382479085,0.,-0.0133126702342637));
#2510=DIRECTION('center_axis',(0.,-1.,0.));
#2511=DIRECTION('ref_axis',(0.999911382479085,0.,-0.0133126702342637));
#2512=DIRECTION('',(0.,-1.,0.));
#2513=DIRECTION('center_axis',(0.,-1.,0.));
#2514=DIRECTION('ref_axis',(-0.999911382479085,0.,0.0133126702342608));
#2515=DIRECTION('center_axis',(0.,1.,0.));
#2516=DIRECTION('ref_axis',(-0.999911382479085,0.,0.0133126702342608));
#2517=DIRECTION('',(0.,-1.,0.));
#2518=DIRECTION('center_axis',(0.,-1.,0.));
#2519=DIRECTION('ref_axis',(0.160435135832855,0.,-0.987046385531244));
#2520=DIRECTION('center_axis',(0.,-1.,0.));
#2521=DIRECTION('ref_axis',(0.160435135832855,0.,-0.987046385531244));
#2522=DIRECTION('',(0.,-1.,0.));
#2523=DIRECTION('center_axis',(0.160435135832856,0.,-0.987046385531244));
#2524=DIRECTION('ref_axis',(0.987046385531244,0.,0.160435135832856));
#2525=DIRECTION('',(0.987046385531244,0.,0.160435135832856));
#2526=DIRECTION('',(0.,-1.,0.));
#2527=DIRECTION('',(0.,-1.,0.));
#2528=DIRECTION('',(0.,-1.,0.));
#2529=DIRECTION('center_axis',(0.,-1.,0.));
#2530=DIRECTION('ref_axis',(-0.958934125524837,0.,-0.283628882351423));
#2531=DIRECTION('center_axis',(0.,1.,0.));
#2532=DIRECTION('ref_axis',(-0.958934125524837,0.,-0.283628882351423));
#2533=DIRECTION('',(0.,-1.,0.));
#2534=DIRECTION('',(0.,-1.,0.));
#2535=DIRECTION('',(0.,-1.,0.));
#2536=DIRECTION('center_axis',(-0.511560742519568,0.,0.859247116208619));
#2537=DIRECTION('ref_axis',(-0.859247116208619,0.,-0.511560742519568));
#2538=DIRECTION('',(-0.859247116208619,0.,-0.511560742519568));
#2539=DIRECTION('',(0.,-1.,0.));
#2540=DIRECTION('center_axis',(0.,-1.,0.));
#2541=DIRECTION('ref_axis',(0.774533777637944,0.,0.632532550386062));
#2542=DIRECTION('center_axis',(0.,-1.,0.));
#2543=DIRECTION('ref_axis',(0.774533777637944,0.,0.632532550386062));
#2544=DIRECTION('',(0.,-1.,0.));
#2545=DIRECTION('center_axis',(0.,-1.,0.));
#2546=DIRECTION('ref_axis',(-0.774533777637944,0.,-0.632532550386062));
#2547=DIRECTION('center_axis',(0.,1.,0.));
#2548=DIRECTION('ref_axis',(-0.774533777637944,0.,-0.632532550386062));
#2549=DIRECTION('',(0.,-1.,0.));
#2550=DIRECTION('center_axis',(0.,-1.,0.));
#2551=DIRECTION('ref_axis',(0.757361631091164,0.,-0.652995681265146));
#2552=DIRECTION('center_axis',(0.,-1.,0.));
#2553=DIRECTION('ref_axis',(0.757361631091164,0.,-0.652995681265146));
#2554=DIRECTION('',(0.,-1.,0.));
#2555=DIRECTION('center_axis',(0.757361631091164,0.,-0.652995681265146));
#2556=DIRECTION('ref_axis',(0.652995681265146,0.,0.757361631091164));
#2557=DIRECTION('',(0.652995681265146,0.,0.757361631091164));
#2558=DIRECTION('',(0.,-1.,0.));
#2559=DIRECTION('',(0.,-1.,0.));
#2560=DIRECTION('',(0.,-1.,0.));
#2561=DIRECTION('center_axis',(0.,-1.,0.));
#2562=DIRECTION('ref_axis',(-0.552273026850721,0.,-0.833663303626316));
#2563=DIRECTION('center_axis',(0.,1.,0.));
#2564=DIRECTION('ref_axis',(-0.552273026850721,0.,-0.833663303626316));
#2565=DIRECTION('',(0.,-1.,0.));
#2566=DIRECTION('',(0.,-1.,0.));
#2567=DIRECTION('',(0.,-1.,0.));
#2568=DIRECTION('center_axis',(-0.944191664082724,0.,0.329396571743993));
#2569=DIRECTION('ref_axis',(-0.329396571743993,0.,-0.944191664082724));
#2570=DIRECTION('',(-0.329396571743993,0.,-0.944191664082724));
#2571=DIRECTION('',(0.,-1.,0.));
#2572=DIRECTION('center_axis',(0.,-1.,0.));
#2573=DIRECTION('ref_axis',(0.18674321025591,0.,0.982408760864497));
#2574=DIRECTION('center_axis',(0.,-1.,0.));
#2575=DIRECTION('ref_axis',(0.18674321025591,0.,0.982408760864497));
#2576=DIRECTION('',(0.,-1.,0.));
#2577=DIRECTION('center_axis',(0.,-1.,0.));
#2578=DIRECTION('ref_axis',(-0.186743210255909,0.,-0.982408760864497));
#2579=DIRECTION('center_axis',(0.,1.,0.));
#2580=DIRECTION('ref_axis',(-0.186743210255909,0.,-0.982408760864497));
#2581=DIRECTION('',(0.,-1.,0.));
#2582=DIRECTION('center_axis',(0.,-1.,0.));
#2583=DIRECTION('ref_axis',(0.999910202024968,0.,-0.0134010404964687));
#2584=DIRECTION('center_axis',(0.,-1.,0.));
#2585=DIRECTION('ref_axis',(0.999910202024968,0.,-0.0134010404964687));
#2586=DIRECTION('',(0.,-1.,0.));
#2587=DIRECTION('center_axis',(0.999910202024968,0.,-0.0134010404964681));
#2588=DIRECTION('ref_axis',(0.0134010404964681,0.,0.999910202024968));
#2589=DIRECTION('',(0.0134010404964681,0.,0.999910202024968));
#2590=DIRECTION('',(0.,-1.,0.));
#2591=DIRECTION('',(0.,-1.,0.));
#2592=DIRECTION('',(0.,-1.,0.));
#2593=DIRECTION('center_axis',(0.,-1.,0.));
#2594=DIRECTION('ref_axis',(0.112802758917852,0.,-0.993617399998873));
#2595=DIRECTION('center_axis',(0.,1.,0.));
#2596=DIRECTION('ref_axis',(0.112802758917852,0.,-0.993617399998873));
#2597=DIRECTION('',(0.,-1.,0.));
#2598=DIRECTION('',(0.,-1.,0.));
#2599=DIRECTION('',(0.,-1.,0.));
#2600=DIRECTION('center_axis',(-0.935024812500095,0.,-0.354582289474761));
#2601=DIRECTION('ref_axis',(0.354582289474761,0.,-0.935024812500095));
#2602=DIRECTION('',(0.354582289474761,0.,-0.935024812500095));
#2603=DIRECTION('',(0.,-1.,0.));
#2604=DIRECTION('center_axis',(0.,-1.,0.));
#2605=DIRECTION('ref_axis',(-0.488426580624467,0.,0.872604993877236));
#2606=DIRECTION('center_axis',(0.,-1.,0.));
#2607=DIRECTION('ref_axis',(-0.488426580624467,0.,0.872604993877236));
#2608=DIRECTION('',(0.,-1.,0.));
#2609=DIRECTION('center_axis',(0.,-1.,0.));
#2610=DIRECTION('ref_axis',(0.488426580624467,0.,-0.872604993877236));
#2611=DIRECTION('center_axis',(0.,1.,0.));
#2612=DIRECTION('ref_axis',(0.488426580624467,0.,-0.872604993877236));
#2613=DIRECTION('',(0.,-1.,0.));
#2614=DIRECTION('center_axis',(0.,-1.,0.));
#2615=DIRECTION('ref_axis',(0.774589676667238,0.,0.632464096056482));
#2616=DIRECTION('center_axis',(0.,-1.,0.));
#2617=DIRECTION('ref_axis',(0.774589676667238,0.,0.632464096056482));
#2618=DIRECTION('',(0.,-1.,0.));
#2619=DIRECTION('center_axis',(0.774589676667239,0.,0.632464096056482));
#2620=DIRECTION('ref_axis',(-0.632464096056482,0.,0.774589676667239));
#2621=DIRECTION('',(-0.632464096056482,0.,0.774589676667239));
#2622=DIRECTION('',(0.,-1.,0.));
#2623=DIRECTION('',(0.,-1.,0.));
#2624=DIRECTION('',(0.,-1.,0.));
#2625=DIRECTION('center_axis',(0.,-1.,0.));
#2626=DIRECTION('ref_axis',(0.725096880125739,0.,-0.688646872084612));
#2627=DIRECTION('center_axis',(0.,1.,0.));
#2628=DIRECTION('ref_axis',(0.725096880125739,0.,-0.688646872084612));
#2629=DIRECTION('',(0.,-1.,0.));
#2630=DIRECTION('',(0.,-1.,0.));
#2631=DIRECTION('',(0.,-1.,0.));
#2632=DIRECTION('center_axis',(-0.488349459505398,0.,-0.872648156705087));
#2633=DIRECTION('ref_axis',(0.872648156705086,0.,-0.488349459505398));
#2634=DIRECTION('',(0.872648156705086,0.,-0.488349459505398));
#2635=DIRECTION('',(0.,-1.,0.));
#2636=DIRECTION('center_axis',(0.,-1.,0.));
#2637=DIRECTION('ref_axis',(-0.935056146173862,0.,0.354499652330556));
#2638=DIRECTION('center_axis',(0.,-1.,0.));
#2639=DIRECTION('ref_axis',(-0.935056146173862,0.,0.354499652330556));
#2640=DIRECTION('',(0.,-1.,0.));
#2641=DIRECTION('center_axis',(0.,-1.,0.));
#2642=DIRECTION('ref_axis',(0.935056146173862,0.,-0.354499652330556));
#2643=DIRECTION('center_axis',(0.,1.,0.));
#2644=DIRECTION('ref_axis',(0.935056146173862,0.,-0.354499652330556));
#2645=DIRECTION('',(0.,-1.,0.));
#2646=DIRECTION('center_axis',(0.,-1.,0.));
#2647=DIRECTION('ref_axis',(0.18683003299156,0.,0.982392253009139));
#2648=DIRECTION('center_axis',(0.,-1.,0.));
#2649=DIRECTION('ref_axis',(0.18683003299156,0.,0.982392253009139));
#2650=DIRECTION('',(0.,-1.,0.));
#2651=DIRECTION('center_axis',(0.186830032991561,0.,0.982392253009139));
#2652=DIRECTION('ref_axis',(-0.982392253009139,0.,0.186830032991561));
#2653=DIRECTION('',(-0.982392253009139,0.,0.186830032991561));
#2654=DIRECTION('',(0.,-1.,0.));
#2655=DIRECTION('',(0.,-1.,0.));
#2656=DIRECTION('',(0.,-1.,0.));
#2657=DIRECTION('center_axis',(0.,-1.,0.));
#2658=DIRECTION('ref_axis',(0.99811011256861,0.,-0.0614508192644913));
#2659=DIRECTION('center_axis',(0.,1.,0.));
#2660=DIRECTION('ref_axis',(0.99811011256861,0.,-0.0614508192644913));
#2661=DIRECTION('',(0.,-1.,0.));
#2662=DIRECTION('',(0.,-1.,0.));
#2663=DIRECTION('',(0.,-1.,0.));
#2664=DIRECTION('center_axis',(0.186830032991562,0.,-0.982392253009139));
#2665=DIRECTION('ref_axis',(0.982392253009139,0.,0.186830032991562));
#2666=DIRECTION('',(0.982392253009139,0.,0.186830032991562));
#2667=DIRECTION('',(0.,-1.,0.));
#2668=DIRECTION('center_axis',(0.,-1.,0.));
#2669=DIRECTION('ref_axis',(-0.944162548937001,0.,-0.329480016366373));
#2670=DIRECTION('center_axis',(0.,-1.,0.));
#2671=DIRECTION('ref_axis',(-0.944162548937001,0.,-0.329480016366373));
#2672=DIRECTION('',(0.,-1.,0.));
#2673=DIRECTION('center_axis',(0.,-1.,0.));
#2674=DIRECTION('ref_axis',(0.944162548937001,0.,0.329480016366372));
#2675=DIRECTION('center_axis',(0.,1.,0.));
#2676=DIRECTION('ref_axis',(0.944162548937001,0.,0.329480016366372));
#2677=DIRECTION('',(0.,-1.,0.));
#2678=DIRECTION('center_axis',(0.,-1.,0.));
#2679=DIRECTION('ref_axis',(-0.488349459505397,0.,0.872648156705087));
#2680=DIRECTION('center_axis',(0.,-1.,0.));
#2681=DIRECTION('ref_axis',(-0.488349459505397,0.,0.872648156705087));
#2682=DIRECTION('',(0.,-1.,0.));
#2683=DIRECTION('center_axis',(-0.488349459505398,0.,0.872648156705087));
#2684=DIRECTION('ref_axis',(-0.872648156705087,0.,-0.488349459505398));
#2685=DIRECTION('',(-0.872648156705087,0.,-0.488349459505398));
#2686=DIRECTION('',(0.,-1.,0.));
#2687=DIRECTION('',(0.,-1.,0.));
#2688=DIRECTION('',(0.,-1.,0.));
#2689=DIRECTION('',(0.,-1.,0.));
#2690=DIRECTION('center_axis',(0.,-1.,0.));
#2691=DIRECTION('ref_axis',(0.804096530582343,0.,0.594498754839267));
#2692=DIRECTION('center_axis',(0.,1.,0.));
#2693=DIRECTION('ref_axis',(0.804096530582343,0.,0.594498754839267));
#2694=DIRECTION('',(0.,-1.,0.));
#2695=DIRECTION('',(0.,-1.,0.));
#2696=DIRECTION('',(0.,-1.,0.));
#2697=DIRECTION('',(0.,-1.,0.));
#2698=DIRECTION('center_axis',(0.774589676667238,0.,-0.632464096056483));
#2699=DIRECTION('ref_axis',(0.632464096056483,0.,0.774589676667238));
#2700=DIRECTION('',(0.632464096056483,0.,0.774589676667238));
#2701=DIRECTION('',(0.,-1.,0.));
#2702=DIRECTION('center_axis',(0.,-1.,0.));
#2703=DIRECTION('ref_axis',(-0.511484801854617,0.,-0.859292323642975));
#2704=DIRECTION('center_axis',(0.,-1.,0.));
#2705=DIRECTION('ref_axis',(-0.511484801854617,0.,-0.859292323642975));
#2706=DIRECTION('',(0.,-1.,0.));
#2707=DIRECTION('center_axis',(0.,-1.,0.));
#2708=DIRECTION('ref_axis',(0.511484801854618,0.,0.859292323642975));
#2709=DIRECTION('center_axis',(0.,1.,0.));
#2710=DIRECTION('ref_axis',(0.511484801854618,0.,0.859292323642975));
#2711=DIRECTION('',(0.,-1.,0.));
#2712=DIRECTION('center_axis',(0.,-1.,0.));
#2713=DIRECTION('ref_axis',(-0.935024812500093,0.,0.354582289474766));
#2714=DIRECTION('center_axis',(0.,-1.,0.));
#2715=DIRECTION('ref_axis',(-0.935024812500093,0.,0.354582289474766));
#2716=DIRECTION('',(0.,-1.,0.));
#2717=DIRECTION('center_axis',(-0.935024812500094,0.,0.354582289474762));
#2718=DIRECTION('ref_axis',(-0.354582289474762,0.,-0.935024812500094));
#2719=DIRECTION('',(-0.354582289474762,0.,-0.935024812500094));
#2720=DIRECTION('',(0.,-1.,0.));
#2721=DIRECTION('',(0.,-1.,0.));
#2722=DIRECTION('',(0.,-1.,0.));
#2723=DIRECTION('center_axis',(0.,-1.,0.));
#2724=DIRECTION('ref_axis',(0.233837245399099,0.,0.972275754436035));
#2725=DIRECTION('center_axis',(0.,1.,0.));
#2726=DIRECTION('ref_axis',(0.233837245399099,0.,0.972275754436035));
#2727=DIRECTION('',(0.,-1.,0.));
#2728=DIRECTION('',(0.,-1.,0.));
#2729=DIRECTION('',(0.,-1.,0.));
#2730=DIRECTION('center_axis',(0.999910202024968,0.,0.013401040496468));
#2731=DIRECTION('ref_axis',(-0.013401040496468,0.,0.999910202024968));
#2732=DIRECTION('',(-0.013401040496468,0.,0.999910202024968));
#2733=DIRECTION('',(0.,-1.,0.));
#2734=DIRECTION('center_axis',(0.,-1.,0.));
#2735=DIRECTION('ref_axis',(0.160522368535919,0.,-0.987032202716618));
#2736=DIRECTION('center_axis',(0.,-1.,0.));
#2737=DIRECTION('ref_axis',(0.160522368535919,0.,-0.987032202716618));
#2738=DIRECTION('',(0.,-1.,0.));
#2739=DIRECTION('center_axis',(0.,-1.,0.));
#2740=DIRECTION('ref_axis',(-0.160522368535919,0.,0.987032202716618));
#2741=DIRECTION('center_axis',(0.,1.,0.));
#2742=DIRECTION('ref_axis',(-0.160522368535919,0.,0.987032202716618));
#2743=DIRECTION('',(0.,-1.,0.));
#2744=DIRECTION('center_axis',(0.,-1.,0.));
#2745=DIRECTION('ref_axis',(-0.944191664082725,0.,-0.329396571743993));
#2746=DIRECTION('center_axis',(0.,-1.,0.));
#2747=DIRECTION('ref_axis',(-0.944191664082725,0.,-0.329396571743993));
#2748=DIRECTION('center_axis',(0.,-1.,0.));
#2749=DIRECTION('ref_axis',(1.,0.,0.));
#2750=DIRECTION('center_axis',(0.,-1.,0.));
#2751=DIRECTION('ref_axis',(1.,0.,0.));
#2752=DIRECTION('',(0.,1.,0.));
#2753=DIRECTION('center_axis',(0.,-1.,0.));
#2754=DIRECTION('ref_axis',(1.,0.,0.));
#2755=CARTESIAN_POINT('',(0.,0.,0.));
#2756=CARTESIAN_POINT('Origin',(0.,18.,5.));
#2757=CARTESIAN_POINT('',(-7.22541611496938E-16,19.,10.9));
#2758=CARTESIAN_POINT('Origin',(0.,19.,5.));
#2759=CARTESIAN_POINT('',(-6.00076931582203E-16,18.,9.9));
#2760=CARTESIAN_POINT('Origin',(-7.22541611496939E-16,18.,10.9));
#2761=CARTESIAN_POINT('',(-4.9,18.,5.));
#2762=CARTESIAN_POINT('Origin',(0.,18.,5.));
#2763=CARTESIAN_POINT('Origin',(0.,18.,5.));
#2764=CARTESIAN_POINT('Origin',(0.,-1.,5.));
#2765=CARTESIAN_POINT('',(-4.9,4.,5.));
#2766=CARTESIAN_POINT('',(-4.9,-1.,5.));
#2767=CARTESIAN_POINT('Origin',(0.,4.,5.));
#2768=CARTESIAN_POINT('Origin',(0.,19.,1.875));
#2769=CARTESIAN_POINT('',(-8.75,19.,5.));
#2770=CARTESIAN_POINT('Origin',(0.,19.,5.));
#2771=CARTESIAN_POINT('',(-6.38344262916962,19.,7.69751));
#2772=CARTESIAN_POINT('',(-6.37542304420907,19.,7.70415349064178));
#2773=CARTESIAN_POINT('Origin',(0.,19.,0.));
#2774=CARTESIAN_POINT('',(-6.38139259212734,19.,7.70235611738023));
#2775=CARTESIAN_POINT('Ctrl Pts',(-6.37542304421035,19.,7.70415349064139));
#2776=CARTESIAN_POINT('Ctrl Pts',(-6.3766168748515,19.,7.70379495370265));
#2777=CARTESIAN_POINT('Ctrl Pts',(-6.37781074496439,19.,7.70343594790181));
#2778=CARTESIAN_POINT('Ctrl Pts',(-6.37900465454815,19.,7.70307647324598));
#2779=CARTESIAN_POINT('Ctrl Pts',(-6.38019860360247,19.,7.70271652973879));
#2780=CARTESIAN_POINT('Ctrl Pts',(-6.38139259212734,19.,7.70235611738023));
#2781=CARTESIAN_POINT('Origin',(0.,19.,5.));
#2782=CARTESIAN_POINT('Origin',(0.,-1.,5.));
#2783=CARTESIAN_POINT('',(-1.75,1.5,5.));
#2784=CARTESIAN_POINT('Origin',(0.,1.5,5.));
#2785=CARTESIAN_POINT('',(-1.75,4.,5.));
#2786=CARTESIAN_POINT('',(-1.75,-1.,5.));
#2787=CARTESIAN_POINT('Origin',(0.,4.,5.));
#2788=CARTESIAN_POINT('Origin',(0.,1.5,5.));
#2789=CARTESIAN_POINT('',(2.8,1.5,6.61658075373095));
#2790=CARTESIAN_POINT('',(2.8,1.5,3.38341924626905));
#2791=CARTESIAN_POINT('',(2.8,1.5,4.19170962313452));
#2792=CARTESIAN_POINT('',(-1.55057333805206E-15,1.5,8.23316150746191));
#2793=CARTESIAN_POINT('',(2.1,1.5,7.02072594216369));
#2794=CARTESIAN_POINT('',(-2.8,1.5,6.61658075373095));
#2795=CARTESIAN_POINT('',(-0.700000000000002,1.5,7.82901631902917));
#2796=CARTESIAN_POINT('',(-2.8,1.5,3.38341924626905));
#2797=CARTESIAN_POINT('',(-2.8,1.5,5.80829037686548));
#2798=CARTESIAN_POINT('',(1.62794557270617E-16,1.5,1.7668384925381));
#2799=CARTESIAN_POINT('',(-2.1,1.5,2.97927405783631));
#2800=CARTESIAN_POINT('',(0.7,1.5,2.17098368097083));
#2801=CARTESIAN_POINT('Origin',(-2.8,-1.,3.38341924626905));
#2802=CARTESIAN_POINT('',(-2.8,-1.,3.38341924626905));
#2803=CARTESIAN_POINT('',(-2.8,-1.,3.38341924626905));
#2804=CARTESIAN_POINT('',(1.62794557270617E-16,-1.,1.7668384925381));
#2805=CARTESIAN_POINT('',(-2.8,-1.,3.38341924626905));
#2806=CARTESIAN_POINT('',(1.62794557270617E-16,-1.,1.7668384925381));
#2807=CARTESIAN_POINT('Origin',(-2.8,-1.,6.61658075373095));
#2808=CARTESIAN_POINT('',(-2.8,-1.,6.61658075373095));
#2809=CARTESIAN_POINT('',(-2.8,-1.,6.61658075373095));
#2810=CARTESIAN_POINT('',(-2.8,-1.,6.61658075373095));
#2811=CARTESIAN_POINT('Origin',(-1.55057333805206E-15,-1.,8.23316150746191));
#2812=CARTESIAN_POINT('',(-1.55057333805206E-15,-1.,8.23316150746191));
#2813=CARTESIAN_POINT('',(-1.55057333805206E-15,-1.,8.23316150746191));
#2814=CARTESIAN_POINT('',(-1.55057333805206E-15,-1.,8.23316150746191));
#2815=CARTESIAN_POINT('Origin',(0.,4.,5.));
#2816=CARTESIAN_POINT('Origin',(1.62794557270617E-16,-1.,1.7668384925381));
#2817=CARTESIAN_POINT('',(2.8,-1.,3.38341924626905));
#2818=CARTESIAN_POINT('',(1.62794557270617E-16,-1.,1.7668384925381));
#2819=CARTESIAN_POINT('',(2.8,-1.,3.38341924626905));
#2820=CARTESIAN_POINT('Origin',(2.8,-1.,6.61658075373095));
#2821=CARTESIAN_POINT('',(2.8,-1.,6.61658075373095));
#2822=CARTESIAN_POINT('',(2.8,-1.,6.61658075373095));
#2823=CARTESIAN_POINT('',(2.8,-1.,6.61658075373095));
#2824=CARTESIAN_POINT('Origin',(2.8,-1.,3.38341924626905));
#2825=CARTESIAN_POINT('',(2.8,-1.,3.38341924626905));
#2826=CARTESIAN_POINT('Origin',(0.,-1.,5.));
#2827=CARTESIAN_POINT('',(-6.38344262916962,-1.,7.69751));
#2828=CARTESIAN_POINT('',(-6.38344262916962,-1.,7.69751));
#2829=CARTESIAN_POINT('',(-6.38139259212734,-1.,7.70235611738023));
#2830=CARTESIAN_POINT('',(-6.38139259212734,-1.,7.70235611738023));
#2831=CARTESIAN_POINT('Origin',(0.,-1.,5.));
#2832=CARTESIAN_POINT('Origin',(0.,-1.,0.));
#2833=CARTESIAN_POINT('',(-6.37542304420907,-1.,7.70415349064178));
#2834=CARTESIAN_POINT('',(-6.37542304420907,-1.,7.70415349064178));
#2835=CARTESIAN_POINT('Origin',(0.,-1.,0.));
#2836=CARTESIAN_POINT('Ctrl Pts',(-6.37542304421035,-1.,7.70415349064139));
#2837=CARTESIAN_POINT('Ctrl Pts',(-6.37542304421035,19.,7.70415349064139));
#2838=CARTESIAN_POINT('Ctrl Pts',(-6.3766168748515,-1.,7.70379495370265));
#2839=CARTESIAN_POINT('Ctrl Pts',(-6.3766168748515,19.,7.70379495370265));
#2840=CARTESIAN_POINT('Ctrl Pts',(-6.37781074496439,-1.,7.70343594790181));
#2841=CARTESIAN_POINT('Ctrl Pts',(-6.37781074496439,19.,7.70343594790181));
#2842=CARTESIAN_POINT('Ctrl Pts',(-6.37900465454815,-1.,7.70307647324598));
#2843=CARTESIAN_POINT('Ctrl Pts',(-6.37900465454815,19.,7.70307647324598));
#2844=CARTESIAN_POINT('Ctrl Pts',(-6.38019860360247,-1.,7.70271652973879));
#2845=CARTESIAN_POINT('Ctrl Pts',(-6.38019860360247,19.,7.70271652973879));
#2846=CARTESIAN_POINT('Ctrl Pts',(-6.38139259212734,-1.,7.70235611738023));
#2847=CARTESIAN_POINT('Ctrl Pts',(-6.38139259212734,19.,7.70235611738023));
#2848=CARTESIAN_POINT('Ctrl Pts',(-6.37542304420907,-1.,7.70415349064178));
#2849=CARTESIAN_POINT('Ctrl Pts',(-6.37661687485047,-1.,7.70379495370296));
#2850=CARTESIAN_POINT('Ctrl Pts',(-6.37781074496362,-1.,7.70343594790204));
#2851=CARTESIAN_POINT('Ctrl Pts',(-6.37900465454764,-1.,7.70307647324613));
#2852=CARTESIAN_POINT('Ctrl Pts',(-6.38019860360222,-1.,7.70271652973887));
#2853=CARTESIAN_POINT('Ctrl Pts',(-6.38139259212734,-1.,7.70235611738023));
#2854=CARTESIAN_POINT('Origin',(0.,-1.,1.875));
#2855=CARTESIAN_POINT('',(6.98226237462284,-1.,4.50199183548233));
#2856=CARTESIAN_POINT('',(7.06661959698577,-1.,4.5649281996074));
#2857=CARTESIAN_POINT('Ctrl Pts',(6.98226237462284,-1.,4.50199183548233));
#2858=CARTESIAN_POINT('Ctrl Pts',(6.99174249364095,-1.,4.50897396676861));
#2859=CARTESIAN_POINT('Ctrl Pts',(7.00120663390648,-1.,4.51599884812807));
#2860=CARTESIAN_POINT('Ctrl Pts',(7.01065447025871,-1.,4.52306589545074));
#2861=CARTESIAN_POINT('Ctrl Pts',(7.02930951250106,-1.,4.5370199968363));
#2862=CARTESIAN_POINT('Ctrl Pts',(7.04796455474341,-1.,4.55097409822185));
#2863=CARTESIAN_POINT('Ctrl Pts',(7.06661959698577,-1.,4.5649281996074));
#2864=CARTESIAN_POINT('',(7.06661959698576,-1.,5.43507180039259));
#2865=CARTESIAN_POINT('Origin',(0.,-1.,5.));
#2866=CARTESIAN_POINT('',(6.98226237462284,-1.,5.49800816451769));
#2867=CARTESIAN_POINT('Ctrl Pts',(6.98226237462284,-1.,5.49800816451769));
#2868=CARTESIAN_POINT('Ctrl Pts',(6.99174249364095,-1.,5.4910260332314));
#2869=CARTESIAN_POINT('Ctrl Pts',(7.00120663390648,-1.,5.48400115187193));
#2870=CARTESIAN_POINT('Ctrl Pts',(7.01065447025873,-1.,5.47693410454924));
#2871=CARTESIAN_POINT('Ctrl Pts',(7.02930951250107,-1.,5.46298000316369));
#2872=CARTESIAN_POINT('Ctrl Pts',(7.04796455474341,-1.,5.44902590177814));
#2873=CARTESIAN_POINT('Ctrl Pts',(7.06661959698575,-1.,5.43507180039259));
#2874=CARTESIAN_POINT('',(5.20471557094584,-1.,6.15066556912618));
#2875=CARTESIAN_POINT('Ctrl Pts',(5.20471557094584,-1.,6.15066556912618));
#2876=CARTESIAN_POINT('Ctrl Pts',(5.38894789466171,-1.,6.18570262383881));
#2877=CARTESIAN_POINT('Ctrl Pts',(5.51609952897955,-1.,6.15162561980929));
#2878=CARTESIAN_POINT('Ctrl Pts',(5.65848972789784,-1.,6.12307378796414));
#2879=CARTESIAN_POINT('Ctrl Pts',(6.11225062399241,-1.,6.03208645244795));
#2880=CARTESIAN_POINT('Ctrl Pts',(6.56289096137204,-1.,5.80687625567129));
#2881=CARTESIAN_POINT('Ctrl Pts',(6.98226237462284,-1.,5.49800816451769));
#2882=CARTESIAN_POINT('',(4.64153472339531,-1.,6.0435605955214));
#2883=CARTESIAN_POINT('',(5.20471557094584,-1.,6.15066556912618));
#2884=CARTESIAN_POINT('',(4.0194888033346,-1.,6.40266232567492));
#2885=CARTESIAN_POINT('Origin',(4.53877820524995,-1.,6.58387633467643));
#2886=CARTESIAN_POINT('',(3.98072102549138,-1.,6.5091759199016));
#2887=CARTESIAN_POINT('Origin',(0.,-1.,5.));
#2888=CARTESIAN_POINT('',(4.22640970315902,-1.,7.18410721487125));
#2889=CARTESIAN_POINT('Origin',(4.49500190588699,-1.,6.70415072868345));
#2890=CARTESIAN_POINT('',(4.72667701186511,-1.,7.46406571582916));
#2891=CARTESIAN_POINT('',(4.22640970315902,-1.,7.18410721487125));
#2892=CARTESIAN_POINT('',(5.42965477597919,-1.,8.39755017928957));
#2893=CARTESIAN_POINT('Ctrl Pts',(4.72667701186511,-1.,7.46406571582916));
#2894=CARTESIAN_POINT('Ctrl Pts',(4.89032854431511,-1.,7.55564802973785));
#2895=CARTESIAN_POINT('Ctrl Pts',(4.96582807124838,-1.,7.66348402438762));
#2896=CARTESIAN_POINT('Ctrl Pts',(5.05655252812906,-1.,7.77688265209882));
#2897=CARTESIAN_POINT('Ctrl Pts',(5.20328075654424,-1.,7.96028170810708));
#2898=CARTESIAN_POINT('Ctrl Pts',(5.32717151264769,-1.,8.16964700220753));
#2899=CARTESIAN_POINT('Ctrl Pts',(5.42965477597919,-1.,8.39755017928957));
#2900=CARTESIAN_POINT('',(5.66883677015324,-1.,9.10661535493143));
#2901=CARTESIAN_POINT('Ctrl Pts',(5.42965477597919,-1.,8.39755017928957));
#2902=CARTESIAN_POINT('Ctrl Pts',(5.52910605721122,-1.,8.61871080806801));
#2903=CARTESIAN_POINT('Ctrl Pts',(5.60839779561622,-1.,8.85732865380647));
#2904=CARTESIAN_POINT('Ctrl Pts',(5.66883677015324,-1.,9.10661535493143));
#2905=CARTESIAN_POINT('',(5.69300343652299,-1.,9.20905118426201));
#2906=CARTESIAN_POINT('Ctrl Pts',(5.66883677015324,-1.,9.10661535493143));
#2907=CARTESIAN_POINT('Ctrl Pts',(5.67161093516714,-1.,9.1180576808476));
#2908=CARTESIAN_POINT('Ctrl Pts',(5.67434538052907,-1.,9.12952248427561));
#2909=CARTESIAN_POINT('Ctrl Pts',(5.67704023261011,-1.,9.14100910875196));
#2910=CARTESIAN_POINT('Ctrl Pts',(5.68236130058107,-1.,9.16368980058865));
#2911=CARTESIAN_POINT('Ctrl Pts',(5.68768236855203,-1.,9.18637049242533));
#2912=CARTESIAN_POINT('Ctrl Pts',(5.69300343652299,-1.,9.20905118426201));
#2913=CARTESIAN_POINT('',(5.13368591129025,-1.,9.87561985435904));
#2914=CARTESIAN_POINT('Origin',(0.,-1.,5.));
#2915=CARTESIAN_POINT('',(5.02860981480384,-1.,9.86960812904473));
#2916=CARTESIAN_POINT('Ctrl Pts',(5.02860981480384,-1.,9.86960812904473));
#2917=CARTESIAN_POINT('Ctrl Pts',(5.0403600347778,-1.,9.87035320921494));
#2918=CARTESIAN_POINT('Ctrl Pts',(5.0521254935345,-1.,9.87105526998497));
#2919=CARTESIAN_POINT('Ctrl Pts',(5.06390556652772,-1.,9.87171454979974));
#2920=CARTESIAN_POINT('Ctrl Pts',(5.08716568144857,-1.,9.87301631798617));
#2921=CARTESIAN_POINT('Ctrl Pts',(5.11042579636941,-1.,9.87431808617261));
#2922=CARTESIAN_POINT('Ctrl Pts',(5.13368591129026,-1.,9.87561985435905));
#2923=CARTESIAN_POINT('',(3.43056309964949,-1.,9.39314839759935));
#2924=CARTESIAN_POINT('Ctrl Pts',(3.43056309964949,-1.,9.39314839759935));
#2925=CARTESIAN_POINT('Ctrl Pts',(3.48992823338018,-1.,9.43269028653743));
#2926=CARTESIAN_POINT('Ctrl Pts',(3.55036908739215,-1.,9.46342974192375));
#2927=CARTESIAN_POINT('Ctrl Pts',(3.61275669667872,-1.,9.49753152102844));
#2928=CARTESIAN_POINT('Ctrl Pts',(4.01884324157384,-1.,9.71950306008502));
#2929=CARTESIAN_POINT('Ctrl Pts',(4.50881609199231,-1.,9.83664806563105));
#2930=CARTESIAN_POINT('Ctrl Pts',(5.02860981480384,-1.,9.86960812904473));
#2931=CARTESIAN_POINT('',(3.24740987041067,-1.,9.22698764606404));
#2932=CARTESIAN_POINT('Ctrl Pts',(3.24740987041067,-1.,9.22698764606404));
#2933=CARTESIAN_POINT('Ctrl Pts',(3.3079497480132,-1.,9.30113187734928));
#2934=CARTESIAN_POINT('Ctrl Pts',(3.36867181488622,-1.,9.35192389165539));
#2935=CARTESIAN_POINT('Ctrl Pts',(3.43056309964949,-1.,9.39314839759935));
#2936=CARTESIAN_POINT('',(2.8848340616425,-1.,8.78293480538544));
#2937=CARTESIAN_POINT('',(3.24740987041067,-1.,9.22698764606404));
#2938=CARTESIAN_POINT('',(2.17749309845548,-1.,8.65817928021287));
#2939=CARTESIAN_POINT('Origin',(2.45880973947552,-1.,9.13079005821651));
#2940=CARTESIAN_POINT('',(2.07932963903449,-1.,8.71485397993417));
#2941=CARTESIAN_POINT('Origin',(0.,-1.,5.));
#2942=CARTESIAN_POINT('',(1.83370061150288,-1.,9.38980698577777));
#2943=CARTESIAN_POINT('Origin',(2.34796425837794,-1.,9.19478672656665));
#2944=CARTESIAN_POINT('',(2.0369737477691,-1.,9.92583326730799));
#2945=CARTESIAN_POINT('',(1.83370061150288,-1.,9.38980698577777));
#2946=CARTESIAN_POINT('',(1.702899438826,-1.,11.7897079098623));
#2947=CARTESIAN_POINT('Ctrl Pts',(2.0369737477691,-1.,9.92583326730799));
#2948=CARTESIAN_POINT('Ctrl Pts',(2.10347011815099,-1.,10.101182567298));
#2949=CARTESIAN_POINT('Ctrl Pts',(2.09199046998617,-1.,10.2323198921972));
#2950=CARTESIAN_POINT('Ctrl Pts',(2.08859820319179,-1.,10.377504837562));
#2951=CARTESIAN_POINT('Ctrl Pts',(2.07778792247879,-1.,10.8401718710916));
#2952=CARTESIAN_POINT('Ctrl Pts',(1.93425204799702,-1.,11.3230733094887));
#2953=CARTESIAN_POINT('Ctrl Pts',(1.702899438826,-1.,11.7897079098623));
#2954=CARTESIAN_POINT('',(1.65556769742562,-1.,11.8837123414071));
#2955=CARTESIAN_POINT('Ctrl Pts',(1.702899438826,-1.,11.7897079098623));
#2956=CARTESIAN_POINT('Ctrl Pts',(1.69766958719429,-1.,11.8002564389449));
#2957=CARTESIAN_POINT('Ctrl Pts',(1.6923948602778,-1.,11.8107966555003));
#2958=CARTESIAN_POINT('Ctrl Pts',(1.687075776849,-1.,11.8213281378783));
#2959=CARTESIAN_POINT('Ctrl Pts',(1.67657308370787,-1.,11.8421228723879));
#2960=CARTESIAN_POINT('Ctrl Pts',(1.66607039056675,-1.,11.8629176068975));
#2961=CARTESIAN_POINT('Ctrl Pts',(1.65556769742562,-1.,11.8837123414071));
#2962=CARTESIAN_POINT('',(0.798643533138387,-1.,12.034811191992));
#2963=CARTESIAN_POINT('Origin',(0.,-1.,5.));
#2964=CARTESIAN_POINT('',(0.722014835865241,-1.,11.9626643303258));
#2965=CARTESIAN_POINT('Ctrl Pts',(0.722014835865241,-1.,11.9626643303258));
#2966=CARTESIAN_POINT('Ctrl Pts',(0.73053709828008,-1.,11.9707879906602));
#2967=CARTESIAN_POINT('Ctrl Pts',(0.739098686617169,-1.,11.9788884915229));
#2968=CARTESIAN_POINT('Ctrl Pts',(0.747698969176905,-1.,11.9869656141227));
#2969=CARTESIAN_POINT('Ctrl Pts',(0.764680490497401,-1.,12.0029141400791));
#2970=CARTESIAN_POINT('Ctrl Pts',(0.781662011817897,-1.,12.0188626660356));
#2971=CARTESIAN_POINT('Ctrl Pts',(0.798643533138394,-1.,12.034811191992));
#2972=CARTESIAN_POINT('',(-0.229394999430221,-1.,10.3254552256737));
#2973=CARTESIAN_POINT('Ctrl Pts',(-0.229394999430221,-1.,10.3254552256737));
#2974=CARTESIAN_POINT('Ctrl Pts',(-0.23190815527251,-1.,10.5129727670646));
#2975=CARTESIAN_POINT('Ctrl Pts',(-0.176269207944918,-1.,10.6322752726714));
#2976=CARTESIAN_POINT('Ctrl Pts',(-0.123425344047294,-1.,10.7675442709063));
#2977=CARTESIAN_POINT('Ctrl Pts',(0.0449744420880134,-1.,11.1986117344365));
#2978=CARTESIAN_POINT('Ctrl Pts',(0.345016063324577,-1.,11.6032984922966));
#2979=CARTESIAN_POINT('Ctrl Pts',(0.722014835865241,-1.,11.9626643303258));
#2980=CARTESIAN_POINT('',(-0.221712518912136,-1.,9.75223177717238));
#2981=CARTESIAN_POINT('',(-0.229394999430221,-1.,10.3254552256737));
#2982=CARTESIAN_POINT('',(-0.683375827331114,-1.,9.20199349340519));
#2983=CARTESIAN_POINT('Origin',(-0.771663130025869,-1.,9.74486120489933));
#2984=CARTESIAN_POINT('',(-0.795003194701419,-1.,9.18231057675235));
#2985=CARTESIAN_POINT('Origin',(0.,-1.,5.));
#2986=CARTESIAN_POINT('',(-1.41701737558771,-1.,9.54146728076862));
#2987=CARTESIAN_POINT('Origin',(-0.897711960342211,-1.,9.72263539522781));
#2988=CARTESIAN_POINT('',(-1.60585217134959,-1.,10.0827486884746));
#2989=CARTESIAN_POINT('',(-1.41701737558771,-1.,9.54146728076862));
#2990=CARTESIAN_POINT('',(-3.05984346554705,-1.,11.2958206745705));
#2991=CARTESIAN_POINT('Ctrl Pts',(-1.60585217134959,-1.,10.0827486884746));
#2992=CARTESIAN_POINT('Ctrl Pts',(-1.66762535372766,-1.,10.2598170882956));
#2993=CARTESIAN_POINT('Ctrl Pts',(-1.76071272201921,-1.,10.3528951317133));
#2994=CARTESIAN_POINT('Ctrl Pts',(-1.85663443313292,-1.,10.4619327452646));
#2995=CARTESIAN_POINT('Ctrl Pts',(-2.16231222516714,-1.,10.809407540825));
#2996=CARTESIAN_POINT('Ctrl Pts',(-2.58267014550589,-1.,11.0870684226254));
#2997=CARTESIAN_POINT('Ctrl Pts',(-3.05984346554705,-1.,11.2958206745705));
#2998=CARTESIAN_POINT('',(-3.15652656688266,-1.,11.3374079900669));
#2999=CARTESIAN_POINT('Ctrl Pts',(-3.05984346554705,-1.,11.2958206745705));
#3000=CARTESIAN_POINT('Ctrl Pts',(-3.07063022812259,-1.,11.3005396328279));
#3001=CARTESIAN_POINT('Ctrl Pts',(-3.08144602397122,-1.,11.3052233780431));
#3002=CARTESIAN_POINT('Ctrl Pts',(-3.09229018465853,-1.,11.3098719206736));
#3003=CARTESIAN_POINT('Ctrl Pts',(-3.11370231206657,-1.,11.3190506104714));
#3004=CARTESIAN_POINT('Ctrl Pts',(-3.13511443947461,-1.,11.3282293002691));
#3005=CARTESIAN_POINT('Ctrl Pts',(-3.15652656688266,-1.,11.3374079900669));
#3006=CARTESIAN_POINT('',(-3.91009303010312,-1.,10.9023361896743));
#3007=CARTESIAN_POINT('Origin',(0.,-1.,5.));
#3008=CARTESIAN_POINT('',(-3.9224189090758,-1.,10.7978125100528));
#3009=CARTESIAN_POINT('Ctrl Pts',(-3.9224189090758,-1.,10.7978125100528));
#3010=CARTESIAN_POINT('Ctrl Pts',(-3.92111226551837,-1.,10.8095135995965));
#3011=CARTESIAN_POINT('Ctrl Pts',(-3.91976060993526,-1.,10.8212222261712));
#3012=CARTESIAN_POINT('Ctrl Pts',(-3.9183642856002,-1.,10.8329378161243));
#3013=CARTESIAN_POINT('Ctrl Pts',(-3.9156072004345,-1.,10.8560706073077));
#3014=CARTESIAN_POINT('Ctrl Pts',(-3.91285011526881,-1.,10.879203398491));
#3015=CARTESIAN_POINT('Ctrl Pts',(-3.91009303010311,-1.,10.9023361896743));
#3016=CARTESIAN_POINT('',(-3.77551288105361,-1.,9.25988674255783));
#3017=CARTESIAN_POINT('Ctrl Pts',(-3.77551288105361,-1.,9.25988674255783));
#3018=CARTESIAN_POINT('Ctrl Pts',(-3.78431672409727,-1.,9.28594189959199));
#3019=CARTESIAN_POINT('Ctrl Pts',(-3.79285325135413,-1.,9.31220463307814));
#3020=CARTESIAN_POINT('Ctrl Pts',(-3.80185529463749,-1.,9.33885895739287));
#3021=CARTESIAN_POINT('Ctrl Pts',(-3.94993839871632,-1.,9.77732108842303));
#3022=CARTESIAN_POINT('Ctrl Pts',(-3.98022081580927,-1.,10.2801921669663));
#3023=CARTESIAN_POINT('Ctrl Pts',(-3.9224189090758,-1.,10.7978125100528));
#3024=CARTESIAN_POINT('',(-3.59886339959627,-1.,8.93208311934844));
#3025=CARTESIAN_POINT('Ctrl Pts',(-3.59886339959627,-1.,8.93208311934844));
#3026=CARTESIAN_POINT('Ctrl Pts',(-3.69759931374518,-1.,9.04659963933861));
#3027=CARTESIAN_POINT('Ctrl Pts',(-3.73887134466619,-1.,9.15144535170011));
#3028=CARTESIAN_POINT('Ctrl Pts',(-3.77551288105361,-1.,9.25988674255783));
#3029=CARTESIAN_POINT('',(-3.22451734780761,-1.,8.49790668524722));
#3030=CARTESIAN_POINT('',(-3.59886339959627,-1.,8.93208311934844));
#3031=CARTESIAN_POINT('',(-3.22448560863315,-1.,7.77964825107742));
#3032=CARTESIAN_POINT('Origin',(-3.64106624490775,-1.,8.13875906055139));
#3033=CARTESIAN_POINT('',(-3.29734519816025,-1.,7.69281757350355));
#3034=CARTESIAN_POINT('Origin',(0.,-1.,5.));
#3035=CARTESIAN_POINT('',(-4.00469718424689,-1.,7.56812456230114));
#3036=CARTESIAN_POINT('Origin',(-3.72333877586112,-1.,8.04071047621588));
#3037=CARTESIAN_POINT('',(-4.49728201243486,-1.,7.86138950984451));
#3038=CARTESIAN_POINT('',(-4.00469718424689,-1.,7.56812456230114));
#3039=CARTESIAN_POINT('',(-6.08691413003397,-1.,7.93407060553364));
#3040=CARTESIAN_POINT('Ctrl Pts',(-4.49728201243486,-1.,7.86138950984451));
#3041=CARTESIAN_POINT('Ctrl Pts',(-4.65842038899847,-1.,7.95732473733417));
#3042=CARTESIAN_POINT('Ctrl Pts',(-4.78955886324071,-1.,7.96879124831435));
#3043=CARTESIAN_POINT('Ctrl Pts',(-4.9331271839906,-1.,7.99066161886253));
#3044=CARTESIAN_POINT('Ctrl Pts',(-5.29780386005271,-1.,8.04621436193356));
#3045=CARTESIAN_POINT('Ctrl Pts',(-5.68978390234293,-1.,8.02095496087344));
#3046=CARTESIAN_POINT('Ctrl Pts',(-6.08691413003397,-1.,7.93407060553364));
#3047=CARTESIAN_POINT('',(-6.39085160601848,-1.,7.85604897539433));
#3048=CARTESIAN_POINT('Ctrl Pts',(-6.08691413003397,-1.,7.93407060553364));
#3049=CARTESIAN_POINT('Ctrl Pts',(-6.18801467545856,-1.,7.91195177623981));
#3050=CARTESIAN_POINT('Ctrl Pts',(-6.28944900369658,-1.,7.88583904206359));
#3051=CARTESIAN_POINT('Ctrl Pts',(-6.39085160601848,-1.,7.85604897539433));
#3052=CARTESIAN_POINT('',(-6.49164696966137,-1.,7.82576000773));
#3053=CARTESIAN_POINT('Ctrl Pts',(-6.39085160601848,-1.,7.85604897539433));
#3054=CARTESIAN_POINT('Ctrl Pts',(-6.40214803344723,-1.,7.85273030981257));
#3055=CARTESIAN_POINT('Ctrl Pts',(-6.41344406714626,-1.,7.84936600724724));
#3056=CARTESIAN_POINT('Ctrl Pts',(-6.42473920178705,-1.,7.84595650537069));
#3057=CARTESIAN_POINT('Ctrl Pts',(-6.44704179107849,-1.,7.83922433949046));
#3058=CARTESIAN_POINT('Ctrl Pts',(-6.46934438036993,-1.,7.83249217361023));
#3059=CARTESIAN_POINT('Ctrl Pts',(-6.49164696966137,-1.,7.82576000773));
#3060=CARTESIAN_POINT('',(-6.78925360871584,-1.,7.00809248704808));
#3061=CARTESIAN_POINT('Origin',(0.,-1.,5.));
#3062=CARTESIAN_POINT('',(-6.73150925362986,-1.,6.92009978081753));
#3063=CARTESIAN_POINT('Ctrl Pts',(-6.73150925362986,-1.,6.92009978081753));
#3064=CARTESIAN_POINT('Ctrl Pts',(-6.7380296219721,-1.,6.92990322972992));
#3065=CARTESIAN_POINT('Ctrl Pts',(-6.74452035381229,-1.,6.93974138551538));
#3066=CARTESIAN_POINT('Ctrl Pts',(-6.75098134337669,-1.,6.94961358807855));
#3067=CARTESIAN_POINT('Ctrl Pts',(-6.7637387651564,-1.,6.96910655440173));
#3068=CARTESIAN_POINT('Ctrl Pts',(-6.77649618693612,-1.,6.9885995207249));
#3069=CARTESIAN_POINT('Ctrl Pts',(-6.78925360871584,-1.,7.00809248704808));
#3070=CARTESIAN_POINT('',(-5.28438361817979,-1.,5.69884562124396));
#3071=CARTESIAN_POINT('Ctrl Pts',(-5.28438361817979,-1.,5.69884562124396));
#3072=CARTESIAN_POINT('Ctrl Pts',(-5.46948875170062,-1.,5.72893272522926));
#3073=CARTESIAN_POINT('Ctrl Pts',(-5.5773171823656,-1.,5.80444305461706));
#3074=CARTESIAN_POINT('Ctrl Pts',(-5.7013548999045,-1.,5.87997331652215));
#3075=CARTESIAN_POINT('Ctrl Pts',(-6.09663116407959,-1.,6.12066881100871));
#3076=CARTESIAN_POINT('Ctrl Pts',(-6.4430681400066,-1.,6.4864252438557));
#3077=CARTESIAN_POINT('Ctrl Pts',(-6.73150925362986,-1.,6.92009978081753));
#3078=CARTESIAN_POINT('',(-4.71853467314539,-1.,5.60687218039233));
#3079=CARTESIAN_POINT('',(-5.28438361817977,-1.,5.69884562124395));
#3080=CARTESIAN_POINT('',(-4.25682273748996,-1.,5.0566746997213));
#3081=CARTESIAN_POINT('Origin',(-4.80677399785345,-1.,5.06399666835014));
#3082=CARTESIAN_POINT('',(-4.25682273748996,-1.,4.94332530027874));
#3083=CARTESIAN_POINT('Origin',(0.,-1.,5.));
#3084=CARTESIAN_POINT('',(-4.71853467314538,-1.,4.39312781960767));
#3085=CARTESIAN_POINT('Origin',(-4.80677399785345,-1.,4.93600333164986));
#3086=CARTESIAN_POINT('',(-5.28438361817978,-1.,4.30115437875605));
#3087=CARTESIAN_POINT('',(-4.71853467314538,-1.,4.39312781960767));
#3088=CARTESIAN_POINT('',(-6.73150925362986,-1.,3.07990021918246));
#3089=CARTESIAN_POINT('Ctrl Pts',(-5.28438361817978,-1.,4.30115437875605));
#3090=CARTESIAN_POINT('Ctrl Pts',(-5.46948875170035,-1.,4.2710672747708));
#3091=CARTESIAN_POINT('Ctrl Pts',(-5.57731718236607,-1.,4.1955569453826));
#3092=CARTESIAN_POINT('Ctrl Pts',(-5.70135489990327,-1.,4.1200266834786));
#3093=CARTESIAN_POINT('Ctrl Pts',(-6.09663116407471,-1.,3.87933118899444));
#3094=CARTESIAN_POINT('Ctrl Pts',(-6.44306814000652,-1.,3.51357475614413));
#3095=CARTESIAN_POINT('Ctrl Pts',(-6.73150925362986,-1.,3.07990021918246));
#3096=CARTESIAN_POINT('',(-6.78925360871584,-1.,2.99190751295193));
#3097=CARTESIAN_POINT('Ctrl Pts',(-6.73150925362986,-1.,3.07990021918246));
#3098=CARTESIAN_POINT('Ctrl Pts',(-6.7380296219721,-1.,3.07009677027007));
#3099=CARTESIAN_POINT('Ctrl Pts',(-6.74452035381229,-1.,3.06025861448462));
#3100=CARTESIAN_POINT('Ctrl Pts',(-6.75098134337668,-1.,3.05038641192146));
#3101=CARTESIAN_POINT('Ctrl Pts',(-6.7637387651564,-1.,3.03089344559829));
#3102=CARTESIAN_POINT('Ctrl Pts',(-6.77649618693612,-1.,3.01140047927511));
#3103=CARTESIAN_POINT('Ctrl Pts',(-6.78925360871584,-1.,2.99190751295193));
#3104=CARTESIAN_POINT('',(-6.49164696966138,-1.,2.17423999226999));
#3105=CARTESIAN_POINT('Origin',(0.,-1.,5.));
#3106=CARTESIAN_POINT('',(-6.39085160601848,-1.,2.14395102460567));
#3107=CARTESIAN_POINT('Ctrl Pts',(-6.39085160601848,-1.,2.14395102460567));
#3108=CARTESIAN_POINT('Ctrl Pts',(-6.40214803344723,-1.,2.14726969018743));
#3109=CARTESIAN_POINT('Ctrl Pts',(-6.41344406714624,-1.,2.15063399275275));
#3110=CARTESIAN_POINT('Ctrl Pts',(-6.42473920178703,-1.,2.15404349462931));
#3111=CARTESIAN_POINT('Ctrl Pts',(-6.44704179107848,-1.,2.16077566050954));
#3112=CARTESIAN_POINT('Ctrl Pts',(-6.46934438036993,-1.,2.16750782638976));
#3113=CARTESIAN_POINT('Ctrl Pts',(-6.49164696966138,-1.,2.17423999226999));
#3114=CARTESIAN_POINT('',(-4.49728201243487,-1.,2.13861049015548));
#3115=CARTESIAN_POINT('Ctrl Pts',(-4.49728201243487,-1.,2.13861049015548));
#3116=CARTESIAN_POINT('Ctrl Pts',(-4.65842038902342,-1.,2.042675262651));
#3117=CARTESIAN_POINT('Ctrl Pts',(-4.78955886328434,-1.,2.03120875167499));
#3118=CARTESIAN_POINT('Ctrl Pts',(-4.93312718405852,-1.,2.00933838112712));
#3119=CARTESIAN_POINT('Ctrl Pts',(-5.39064245128244,-1.,1.93964314215283));
#3120=CARTESIAN_POINT('Ctrl Pts',(-5.89113227477175,-1.,1.99714342940712));
#3121=CARTESIAN_POINT('Ctrl Pts',(-6.39085160601848,-1.,2.14395102460567));
#3122=CARTESIAN_POINT('',(-4.00469718424689,-1.,2.43187543769886));
#3123=CARTESIAN_POINT('',(-4.49728201243488,-1.,2.13861049015548));
#3124=CARTESIAN_POINT('',(-3.29734519816026,-1.,2.30718242649645));
#3125=CARTESIAN_POINT('Origin',(-3.72333877586112,-1.,1.95928952378412));
#3126=CARTESIAN_POINT('',(-3.22448560863315,-1.,2.22035174892259));
#3127=CARTESIAN_POINT('Origin',(0.,-1.,5.));
#3128=CARTESIAN_POINT('',(-3.2245173478076,-1.,1.50209331475278));
#3129=CARTESIAN_POINT('Origin',(-3.64106624490774,-1.,1.86124093944861));
#3130=CARTESIAN_POINT('',(-3.59886339959627,-1.,1.06791688065155));
#3131=CARTESIAN_POINT('',(-3.2245173478076,-1.,1.50209331475278));
#3132=CARTESIAN_POINT('',(-3.92241890907579,-1.,-0.797812510052799));
#3133=CARTESIAN_POINT('Ctrl Pts',(-3.59886339959627,-1.,1.06791688065155));
#3134=CARTESIAN_POINT('Ctrl Pts',(-3.72132254086456,-1.,0.925885535523361));
#3135=CARTESIAN_POINT('Ctrl Pts',(-3.75538680685228,-1.,0.798730488098916));
#3136=CARTESIAN_POINT('Ctrl Pts',(-3.80185529459978,-1.,0.661141042718764));
#3137=CARTESIAN_POINT('Ctrl Pts',(-3.94993839870864,-1.,0.222678911667237));
#3138=CARTESIAN_POINT('Ctrl Pts',(-3.980220815814,-1.,-0.280192166922585));
#3139=CARTESIAN_POINT('Ctrl Pts',(-3.92241890907579,-1.,-0.797812510052799));
#3140=CARTESIAN_POINT('',(-3.91009303010311,-1.,-0.902336189674324));
#3141=CARTESIAN_POINT('Ctrl Pts',(-3.92241890907579,-1.,-0.797812510052799));
#3142=CARTESIAN_POINT('Ctrl Pts',(-3.92111226551836,-1.,-0.80951359959652));
#3143=CARTESIAN_POINT('Ctrl Pts',(-3.91976060993526,-1.,-0.821222226171183));
#3144=CARTESIAN_POINT('Ctrl Pts',(-3.91836428560019,-1.,-0.832937816124352));
#3145=CARTESIAN_POINT('Ctrl Pts',(-3.9156072004345,-1.,-0.856070607307675));
#3146=CARTESIAN_POINT('Ctrl Pts',(-3.9128501152688,-1.,-0.879203398490999));
#3147=CARTESIAN_POINT('Ctrl Pts',(-3.91009303010311,-1.,-0.902336189674324));
#3148=CARTESIAN_POINT('',(-3.15652656688266,-1.,-1.33740799006692));
#3149=CARTESIAN_POINT('Origin',(0.,-1.,5.));
#3150=CARTESIAN_POINT('',(-3.05984346554705,-1.,-1.29582067457048));
#3151=CARTESIAN_POINT('Ctrl Pts',(-3.05984346554705,-1.,-1.29582067457048));
#3152=CARTESIAN_POINT('Ctrl Pts',(-3.07063022812258,-1.,-1.30053963282792));
#3153=CARTESIAN_POINT('Ctrl Pts',(-3.08144602397122,-1.,-1.30522337804311));
#3154=CARTESIAN_POINT('Ctrl Pts',(-3.09229018465852,-1.,-1.30987192067361));
#3155=CARTESIAN_POINT('Ctrl Pts',(-3.11370231206657,-1.,-1.31905061047138));
#3156=CARTESIAN_POINT('Ctrl Pts',(-3.13511443947462,-1.,-1.32822930026915));
#3157=CARTESIAN_POINT('Ctrl Pts',(-3.15652656688266,-1.,-1.33740799006692));
#3158=CARTESIAN_POINT('',(-1.60585217134958,-1.,-0.0827486884746251));
#3159=CARTESIAN_POINT('Ctrl Pts',(-1.60585217134958,-1.,-0.0827486884746251));
#3160=CARTESIAN_POINT('Ctrl Pts',(-1.66762535373306,-1.,-0.259817088311134));
#3161=CARTESIAN_POINT('Ctrl Pts',(-1.76071272203325,-1.,-0.352895131732471));
#3162=CARTESIAN_POINT('Ctrl Pts',(-1.85663443315716,-1.,-0.461932745292137));
#3163=CARTESIAN_POINT('Ctrl Pts',(-2.16231222519013,-1.,-0.809407540840821));
#3164=CARTESIAN_POINT('Ctrl Pts',(-2.58267014551755,-1.,-1.08706842263053));
#3165=CARTESIAN_POINT('Ctrl Pts',(-3.05984346554705,-1.,-1.29582067457048));
#3166=CARTESIAN_POINT('',(-1.41701737558771,-1.,0.458532719231385));
#3167=CARTESIAN_POINT('',(-1.60585217134957,-1.,-0.0827486884746176));
#3168=CARTESIAN_POINT('',(-0.795003194701458,-1.,0.81768942324766));
#3169=CARTESIAN_POINT('Origin',(-0.897711960342207,-1.,0.277364604772188));
#3170=CARTESIAN_POINT('',(-0.683375827331117,-1.,0.798006506594814));
#3171=CARTESIAN_POINT('Origin',(0.,-1.,5.));
#3172=CARTESIAN_POINT('',(-0.221712518912135,-1.,0.247768222827617));
#3173=CARTESIAN_POINT('Origin',(-0.771663130025867,-1.,0.255138795100674));
#3174=CARTESIAN_POINT('',(-0.229394999430219,-1.,-0.325455225673629));
#3175=CARTESIAN_POINT('',(-0.221712518912135,-1.,0.247768222827617));
#3176=CARTESIAN_POINT('',(0.722014835865234,-1.,-1.96266433032575));
#3177=CARTESIAN_POINT('Ctrl Pts',(-0.229394999430219,-1.,-0.325455225673629));
#3178=CARTESIAN_POINT('Ctrl Pts',(-0.231908155272725,-1.,-0.512972767077425));
#3179=CARTESIAN_POINT('Ctrl Pts',(-0.17626920793994,-1.,-0.632275272688506));
#3180=CARTESIAN_POINT('Ctrl Pts',(-0.123425344037361,-1.,-0.767544270931702));
#3181=CARTESIAN_POINT('Ctrl Pts',(0.0449744420998889,-1.,-1.19861173445309));
#3182=CARTESIAN_POINT('Ctrl Pts',(0.345016063331021,-1.,-1.60329849230285));
#3183=CARTESIAN_POINT('Ctrl Pts',(0.722014835865234,-1.,-1.96266433032575));
#3184=CARTESIAN_POINT('',(0.798643533138395,-1.,-2.03481119199203));
#3185=CARTESIAN_POINT('Ctrl Pts',(0.722014835865234,-1.,-1.96266433032575));
#3186=CARTESIAN_POINT('Ctrl Pts',(0.730537098280078,-1.,-1.97078799066017));
#3187=CARTESIAN_POINT('Ctrl Pts',(0.739098686617173,-1.,-1.97888849152287));
#3188=CARTESIAN_POINT('Ctrl Pts',(0.747698969176915,-1.,-1.98696561412267));
#3189=CARTESIAN_POINT('Ctrl Pts',(0.764680490497409,-1.,-2.00291414007912));
#3190=CARTESIAN_POINT('Ctrl Pts',(0.781662011817902,-1.,-2.01886266603558));
#3191=CARTESIAN_POINT('Ctrl Pts',(0.798643533138395,-1.,-2.03481119199203));
#3192=CARTESIAN_POINT('',(1.6555676974256,-1.,-1.88371234140714));
#3193=CARTESIAN_POINT('Origin',(0.,-1.,5.));
#3194=CARTESIAN_POINT('',(1.70289943882602,-1.,-1.78970790986225));
#3195=CARTESIAN_POINT('Ctrl Pts',(1.70289943882602,-1.,-1.78970790986225));
#3196=CARTESIAN_POINT('Ctrl Pts',(1.6976695871943,-1.,-1.80025643894486));
#3197=CARTESIAN_POINT('Ctrl Pts',(1.6923948602778,-1.,-1.81079665550035));
#3198=CARTESIAN_POINT('Ctrl Pts',(1.68707577684899,-1.,-1.82132813787829));
#3199=CARTESIAN_POINT('Ctrl Pts',(1.67657308370786,-1.,-1.8421228723879));
#3200=CARTESIAN_POINT('Ctrl Pts',(1.66607039056673,-1.,-1.86291760689752));
#3201=CARTESIAN_POINT('Ctrl Pts',(1.65556769742561,-1.,-1.88371234140714));
#3202=CARTESIAN_POINT('',(2.0369737477691,-1.,0.0741667326920358));
#3203=CARTESIAN_POINT('Ctrl Pts',(2.0369737477691,-1.,0.0741667326920358));
#3204=CARTESIAN_POINT('Ctrl Pts',(2.10347011815823,-1.,-0.101182567317029));
#3205=CARTESIAN_POINT('Ctrl Pts',(2.09199046998812,-1.,-0.23231989222709));
#3206=CARTESIAN_POINT('Ctrl Pts',(2.08859820319072,-1.,-0.37750483760778));
#3207=CARTESIAN_POINT('Ctrl Pts',(2.07778792246958,-1.,-0.840171871124314));
#3208=CARTESIAN_POINT('Ctrl Pts',(1.93425204799147,-1.,-1.32307330950037));
#3209=CARTESIAN_POINT('Ctrl Pts',(1.70289943882602,-1.,-1.78970790986225));
#3210=CARTESIAN_POINT('',(1.83370061150289,-1.,0.610193014222232));
#3211=CARTESIAN_POINT('',(2.0369737477691,-1.,0.0741667326920136));
#3212=CARTESIAN_POINT('',(2.07932963903448,-1.,1.28514602006583));
#3213=CARTESIAN_POINT('Origin',(2.34796425837794,-1.,0.805213273433351));
#3214=CARTESIAN_POINT('',(2.17749309845549,-1.,1.34182071978713));
#3215=CARTESIAN_POINT('Origin',(0.,-1.,5.));
#3216=CARTESIAN_POINT('',(2.8848340616425,-1.,1.21706519461456));
#3217=CARTESIAN_POINT('Origin',(2.45880973947552,-1.,0.869209941783493));
#3218=CARTESIAN_POINT('',(3.24740987041067,-1.,0.773012353935967));
#3219=CARTESIAN_POINT('',(2.8848340616425,-1.,1.21706519461456));
#3220=CARTESIAN_POINT('',(5.02860981480385,-1.,0.130391870955282));
#3221=CARTESIAN_POINT('Ctrl Pts',(3.24740987041067,-1.,0.773012353935967));
#3222=CARTESIAN_POINT('Ctrl Pts',(3.36601863354709,-1.,0.627750157930558));
#3223=CARTESIAN_POINT('Ctrl Pts',(3.48532671237629,-1.,0.572123162418439));
#3224=CARTESIAN_POINT('Ctrl Pts',(3.61275669670685,-1.,0.502468478956187));
#3225=CARTESIAN_POINT('Ctrl Pts',(4.01884324159451,-1.,0.280496939910443));
#3226=CARTESIAN_POINT('Ctrl Pts',(4.50881609200629,-1.,0.163351934368229));
#3227=CARTESIAN_POINT('Ctrl Pts',(5.02860981480385,-1.,0.130391870955282));
#3228=CARTESIAN_POINT('',(5.13368591129023,-1.,0.124380145640944));
#3229=CARTESIAN_POINT('Ctrl Pts',(5.02860981480385,-1.,0.130391870955282));
#3230=CARTESIAN_POINT('Ctrl Pts',(5.0403600347778,-1.,0.129646790785069));
#3231=CARTESIAN_POINT('Ctrl Pts',(5.05212549353449,-1.,0.128944730015039));
#3232=CARTESIAN_POINT('Ctrl Pts',(5.06390556652769,-1.,0.12828545020027));
#3233=CARTESIAN_POINT('Ctrl Pts',(5.08716568144854,-1.,0.126983682013828));
#3234=CARTESIAN_POINT('Ctrl Pts',(5.11042579636938,-1.,0.125681913827386));
#3235=CARTESIAN_POINT('Ctrl Pts',(5.13368591129023,-1.,0.124380145640944));
#3236=CARTESIAN_POINT('',(5.69300343652299,-1.,0.790948815737986));
#3237=CARTESIAN_POINT('Origin',(0.,-1.,5.));
#3238=CARTESIAN_POINT('',(5.66883677015324,-1.,0.893384645068574));
#3239=CARTESIAN_POINT('Ctrl Pts',(5.66883677015324,-1.,0.893384645068574));
#3240=CARTESIAN_POINT('Ctrl Pts',(5.67161093516715,-1.,0.881942319152399));
#3241=CARTESIAN_POINT('Ctrl Pts',(5.67434538052907,-1.,0.87047751572439));
#3242=CARTESIAN_POINT('Ctrl Pts',(5.67704023261011,-1.,0.858990891248036));
#3243=CARTESIAN_POINT('Ctrl Pts',(5.68236130058107,-1.,0.836310199411355));
#3244=CARTESIAN_POINT('Ctrl Pts',(5.68768236855203,-1.,0.813629507574674));
#3245=CARTESIAN_POINT('Ctrl Pts',(5.69300343652299,-1.,0.790948815737992));
#3246=CARTESIAN_POINT('',(4.7266770118651,-1.,2.53593428417085));
#3247=CARTESIAN_POINT('Ctrl Pts',(4.7266770118651,-1.,2.53593428417085));
#3248=CARTESIAN_POINT('Ctrl Pts',(4.8903285442858,-1.,2.44435197027857));
#3249=CARTESIAN_POINT('Ctrl Pts',(4.96582807121301,-1.,2.33651597564934));
#3250=CARTESIAN_POINT('Ctrl Pts',(5.05655252807976,-1.,2.2231173479628));
#3251=CARTESIAN_POINT('Ctrl Pts',(5.3456680091735,-1.,1.86174512341353));
#3252=CARTESIAN_POINT('Ctrl Pts',(5.54611621143805,-1.,1.39955807829871));
#3253=CARTESIAN_POINT('Ctrl Pts',(5.66883677015324,-1.,0.893384645068574));
#3254=CARTESIAN_POINT('',(4.22640970315902,-1.,2.81589278512876));
#3255=CARTESIAN_POINT('',(4.7266770118651,-1.,2.53593428417085));
#3256=CARTESIAN_POINT('',(3.98072102549137,-1.,3.49082408009836));
#3257=CARTESIAN_POINT('Origin',(4.49500190588699,-1.,3.29584927131655));
#3258=CARTESIAN_POINT('',(4.01948880333459,-1.,3.59733767432504));
#3259=CARTESIAN_POINT('Origin',(0.,-1.,5.));
#3260=CARTESIAN_POINT('',(4.64153472339531,-1.,3.9564394044786));
#3261=CARTESIAN_POINT('Origin',(4.53877820524995,-1.,3.41612366532358));
#3262=CARTESIAN_POINT('',(5.20471557094584,-1.,3.84933443087383));
#3263=CARTESIAN_POINT('',(4.64153472339531,-1.,3.9564394044786));
#3264=CARTESIAN_POINT('Ctrl Pts',(5.20471557094584,-1.,3.84933443087383));
#3265=CARTESIAN_POINT('Ctrl Pts',(5.38894789459981,-1.,3.81429737617297));
#3266=CARTESIAN_POINT('Ctrl Pts',(5.51609952888563,-1.,3.84837438018045));
#3267=CARTESIAN_POINT('Ctrl Pts',(5.65848972775477,-1.,3.87692621200718));
#3268=CARTESIAN_POINT('Ctrl Pts',(6.11225062389239,-1.,3.96791354750469));
#3269=CARTESIAN_POINT('Ctrl Pts',(6.56289096132922,-1.,4.19312374429748));
#3270=CARTESIAN_POINT('Ctrl Pts',(6.98226237462284,-1.,4.50199183548233));
#3271=CARTESIAN_POINT('Origin',(-1.60585217134959,-1.,10.0827486884746));
#3272=CARTESIAN_POINT('',(-1.41701737558771,-6.,9.54146728076862));
#3273=CARTESIAN_POINT('',(-1.41701737558771,-1.,9.54146728076862));
#3274=CARTESIAN_POINT('',(-1.60585217134958,-6.,10.0827486884746));
#3275=CARTESIAN_POINT('',(-1.41701737558771,-6.,9.54146728076862));
#3276=CARTESIAN_POINT('',(-1.60585217134959,-1.,10.0827486884746));
#3277=CARTESIAN_POINT('Ctrl Pts',(-3.05984346554705,-1.,11.2958206745705));
#3278=CARTESIAN_POINT('Ctrl Pts',(-3.05984346554705,-6.,11.2958206745705));
#3279=CARTESIAN_POINT('Ctrl Pts',(-2.58267014550589,-1.,11.0870684226254));
#3280=CARTESIAN_POINT('Ctrl Pts',(-2.58267014550589,-6.,11.0870684226254));
#3281=CARTESIAN_POINT('Ctrl Pts',(-2.16231222516714,-1.,10.809407540825));
#3282=CARTESIAN_POINT('Ctrl Pts',(-2.16231222516714,-6.,10.809407540825));
#3283=CARTESIAN_POINT('Ctrl Pts',(-1.85663443313292,-1.,10.4619327452646));
#3284=CARTESIAN_POINT('Ctrl Pts',(-1.85663443313292,-6.,10.4619327452646));
#3285=CARTESIAN_POINT('Ctrl Pts',(-1.76071272201921,-1.,10.3528951317133));
#3286=CARTESIAN_POINT('Ctrl Pts',(-1.76071272201921,-6.,10.3528951317133));
#3287=CARTESIAN_POINT('Ctrl Pts',(-1.66762535372766,-1.,10.2598170882956));
#3288=CARTESIAN_POINT('Ctrl Pts',(-1.66762535372766,-6.,10.2598170882956));
#3289=CARTESIAN_POINT('Ctrl Pts',(-1.60585217134959,-1.,10.0827486884746));
#3290=CARTESIAN_POINT('Ctrl Pts',(-1.60585217134959,-6.,10.0827486884746));
#3291=CARTESIAN_POINT('',(-3.05984346554705,-6.,11.2958206745705));
#3292=CARTESIAN_POINT('Ctrl Pts',(-3.05984346554705,-6.,11.2958206745705));
#3293=CARTESIAN_POINT('Ctrl Pts',(-2.58267014550589,-6.,11.0870684226254));
#3294=CARTESIAN_POINT('Ctrl Pts',(-2.16231222516714,-6.,10.809407540825));
#3295=CARTESIAN_POINT('Ctrl Pts',(-1.85663443313292,-6.,10.4619327452646));
#3296=CARTESIAN_POINT('Ctrl Pts',(-1.76071272201921,-6.,10.3528951317133));
#3297=CARTESIAN_POINT('Ctrl Pts',(-1.66762535372766,-6.,10.2598170882956));
#3298=CARTESIAN_POINT('Ctrl Pts',(-1.60585217134959,-6.,10.0827486884746));
#3299=CARTESIAN_POINT('',(-3.05984346554705,-1.,11.2958206745705));
#3300=CARTESIAN_POINT('Ctrl Pts',(-3.15652656688266,-1.,11.3374079900669));
#3301=CARTESIAN_POINT('Ctrl Pts',(-3.15652656688266,-6.,11.3374079900669));
#3302=CARTESIAN_POINT('Ctrl Pts',(-3.13511443947461,-1.,11.3282293002691));
#3303=CARTESIAN_POINT('Ctrl Pts',(-3.13511443947461,-6.,11.3282293002691));
#3304=CARTESIAN_POINT('Ctrl Pts',(-3.11370231206657,-1.,11.3190506104714));
#3305=CARTESIAN_POINT('Ctrl Pts',(-3.11370231206657,-6.,11.3190506104714));
#3306=CARTESIAN_POINT('Ctrl Pts',(-3.09229018465853,-1.,11.3098719206736));
#3307=CARTESIAN_POINT('Ctrl Pts',(-3.09229018465853,-6.,11.3098719206736));
#3308=CARTESIAN_POINT('Ctrl Pts',(-3.08144602397122,-1.,11.3052233780431));
#3309=CARTESIAN_POINT('Ctrl Pts',(-3.08144602397122,-6.,11.3052233780431));
#3310=CARTESIAN_POINT('Ctrl Pts',(-3.07063022812259,-1.,11.3005396328279));
#3311=CARTESIAN_POINT('Ctrl Pts',(-3.07063022812259,-6.,11.3005396328279));
#3312=CARTESIAN_POINT('Ctrl Pts',(-3.05984346554705,-1.,11.2958206745705));
#3313=CARTESIAN_POINT('Ctrl Pts',(-3.05984346554705,-6.,11.2958206745705));
#3314=CARTESIAN_POINT('',(-3.15652656688266,-6.,11.3374079900669));
#3315=CARTESIAN_POINT('Ctrl Pts',(-3.15652656688266,-6.,11.3374079900669));
#3316=CARTESIAN_POINT('Ctrl Pts',(-3.13511443947461,-6.,11.3282293002691));
#3317=CARTESIAN_POINT('Ctrl Pts',(-3.11370231206657,-6.,11.3190506104714));
#3318=CARTESIAN_POINT('Ctrl Pts',(-3.09229018465853,-6.,11.3098719206736));
#3319=CARTESIAN_POINT('Ctrl Pts',(-3.08144602397122,-6.,11.3052233780431));
#3320=CARTESIAN_POINT('Ctrl Pts',(-3.07063022812259,-6.,11.3005396328279));
#3321=CARTESIAN_POINT('Ctrl Pts',(-3.05984346554705,-6.,11.2958206745705));
#3322=CARTESIAN_POINT('',(-3.15652656688266,-1.,11.3374079900669));
#3323=CARTESIAN_POINT('Origin',(0.,-1.,5.));
#3324=CARTESIAN_POINT('',(-3.91009303010312,-6.,10.9023361896743));
#3325=CARTESIAN_POINT('Origin',(0.,-6.,5.));
#3326=CARTESIAN_POINT('',(-3.91009303010312,-1.,10.9023361896743));
#3327=CARTESIAN_POINT('Ctrl Pts',(-3.92241890907579,-1.,10.7978125100528));
#3328=CARTESIAN_POINT('Ctrl Pts',(-3.92241890907579,-6.,10.7978125100528));
#3329=CARTESIAN_POINT('Ctrl Pts',(-3.92111226551837,-1.,10.8095135995965));
#3330=CARTESIAN_POINT('Ctrl Pts',(-3.92111226551837,-6.,10.8095135995965));
#3331=CARTESIAN_POINT('Ctrl Pts',(-3.91976060993526,-1.,10.8212222261712));
#3332=CARTESIAN_POINT('Ctrl Pts',(-3.91976060993526,-6.,10.8212222261712));
#3333=CARTESIAN_POINT('Ctrl Pts',(-3.9183642856002,-1.,10.8329378161243));
#3334=CARTESIAN_POINT('Ctrl Pts',(-3.9183642856002,-6.,10.8329378161243));
#3335=CARTESIAN_POINT('Ctrl Pts',(-3.9156072004345,-1.,10.8560706073077));
#3336=CARTESIAN_POINT('Ctrl Pts',(-3.9156072004345,-6.,10.8560706073077));
#3337=CARTESIAN_POINT('Ctrl Pts',(-3.91285011526881,-1.,10.879203398491));
#3338=CARTESIAN_POINT('Ctrl Pts',(-3.91285011526881,-6.,10.879203398491));
#3339=CARTESIAN_POINT('Ctrl Pts',(-3.91009303010311,-1.,10.9023361896743));
#3340=CARTESIAN_POINT('Ctrl Pts',(-3.91009303010311,-6.,10.9023361896743));
#3341=CARTESIAN_POINT('',(-3.9224189090758,-6.,10.7978125100528));
#3342=CARTESIAN_POINT('Ctrl Pts',(-3.92241890907579,-6.,10.7978125100528));
#3343=CARTESIAN_POINT('Ctrl Pts',(-3.92111226551837,-6.,10.8095135995965));
#3344=CARTESIAN_POINT('Ctrl Pts',(-3.91976060993526,-6.,10.8212222261712));
#3345=CARTESIAN_POINT('Ctrl Pts',(-3.9183642856002,-6.,10.8329378161243));
#3346=CARTESIAN_POINT('Ctrl Pts',(-3.9156072004345,-6.,10.8560706073077));
#3347=CARTESIAN_POINT('Ctrl Pts',(-3.91285011526881,-6.,10.879203398491));
#3348=CARTESIAN_POINT('Ctrl Pts',(-3.91009303010311,-6.,10.9023361896743));
#3349=CARTESIAN_POINT('',(-3.9224189090758,-1.,10.7978125100528));
#3350=CARTESIAN_POINT('Ctrl Pts',(-3.77551288105369,-1.,9.25988674255806));
#3351=CARTESIAN_POINT('Ctrl Pts',(-3.77551288105369,-6.,9.25988674255806));
#3352=CARTESIAN_POINT('Ctrl Pts',(-3.78431672409732,-1.,9.28594189959214));
#3353=CARTESIAN_POINT('Ctrl Pts',(-3.78431672409732,-6.,9.28594189959214));
#3354=CARTESIAN_POINT('Ctrl Pts',(-3.79285325135415,-1.,9.31220463307822));
#3355=CARTESIAN_POINT('Ctrl Pts',(-3.79285325135415,-6.,9.31220463307822));
#3356=CARTESIAN_POINT('Ctrl Pts',(-3.80185529463749,-1.,9.33885895739287));
#3357=CARTESIAN_POINT('Ctrl Pts',(-3.80185529463749,-6.,9.33885895739287));
#3358=CARTESIAN_POINT('Ctrl Pts',(-3.94993839871632,-1.,9.77732108842303));
#3359=CARTESIAN_POINT('Ctrl Pts',(-3.94993839871632,-6.,9.77732108842303));
#3360=CARTESIAN_POINT('Ctrl Pts',(-3.98022081580927,-1.,10.2801921669663));
#3361=CARTESIAN_POINT('Ctrl Pts',(-3.98022081580927,-6.,10.2801921669663));
#3362=CARTESIAN_POINT('Ctrl Pts',(-3.9224189090758,-1.,10.7978125100528));
#3363=CARTESIAN_POINT('Ctrl Pts',(-3.9224189090758,-6.,10.7978125100528));
#3364=CARTESIAN_POINT('',(-3.77551288105361,-6.,9.25988674255783));
#3365=CARTESIAN_POINT('Ctrl Pts',(-3.77551288105369,-6.,9.25988674255806));
#3366=CARTESIAN_POINT('Ctrl Pts',(-3.78431672409732,-6.,9.28594189959214));
#3367=CARTESIAN_POINT('Ctrl Pts',(-3.79285325135415,-6.,9.31220463307822));
#3368=CARTESIAN_POINT('Ctrl Pts',(-3.80185529463749,-6.,9.33885895739287));
#3369=CARTESIAN_POINT('Ctrl Pts',(-3.94993839871632,-6.,9.77732108842303));
#3370=CARTESIAN_POINT('Ctrl Pts',(-3.98022081580927,-6.,10.2801921669663));
#3371=CARTESIAN_POINT('Ctrl Pts',(-3.9224189090758,-6.,10.7978125100528));
#3372=CARTESIAN_POINT('',(-3.77551288105361,-1.,9.25988674255783));
#3373=CARTESIAN_POINT('Ctrl Pts',(-3.59886339959627,-1.,8.93208311934844));
#3374=CARTESIAN_POINT('Ctrl Pts',(-3.59886339959627,-6.,8.93208311934844));
#3375=CARTESIAN_POINT('Ctrl Pts',(-3.69759931374518,-1.,9.04659963933861));
#3376=CARTESIAN_POINT('Ctrl Pts',(-3.69759931374518,-6.,9.04659963933861));
#3377=CARTESIAN_POINT('Ctrl Pts',(-3.73887134466619,-1.,9.15144535170011));
#3378=CARTESIAN_POINT('Ctrl Pts',(-3.73887134466619,-6.,9.15144535170011));
#3379=CARTESIAN_POINT('Ctrl Pts',(-3.77551288105361,-1.,9.25988674255783));
#3380=CARTESIAN_POINT('Ctrl Pts',(-3.77551288105361,-6.,9.25988674255783));
#3381=CARTESIAN_POINT('',(-3.59886339959627,-6.,8.93208311934844));
#3382=CARTESIAN_POINT('Ctrl Pts',(-3.59886339959627,-6.,8.93208311934844));
#3383=CARTESIAN_POINT('Ctrl Pts',(-3.69759931374518,-6.,9.04659963933861));
#3384=CARTESIAN_POINT('Ctrl Pts',(-3.73887134466619,-6.,9.15144535170011));
#3385=CARTESIAN_POINT('Ctrl Pts',(-3.77551288105361,-6.,9.25988674255783));
#3386=CARTESIAN_POINT('',(-3.59886339959627,-1.,8.93208311934844));
#3387=CARTESIAN_POINT('Origin',(-3.22451734780761,-1.,8.49790668524722));
#3388=CARTESIAN_POINT('',(-3.22451734780761,-6.,8.49790668524722));
#3389=CARTESIAN_POINT('',(-3.59886339959627,-6.,8.93208311934844));
#3390=CARTESIAN_POINT('',(-3.22451734780761,-1.,8.49790668524722));
#3391=CARTESIAN_POINT('Origin',(-3.64106624490775,-1.,8.13875906055139));
#3392=CARTESIAN_POINT('',(-3.22448560863315,-6.,7.77964825107742));
#3393=CARTESIAN_POINT('Origin',(-3.64106624490775,-6.,8.13875906055139));
#3394=CARTESIAN_POINT('',(-3.22448560863315,-1.,7.77964825107742));
#3395=CARTESIAN_POINT('Origin',(0.,-1.,5.));
#3396=CARTESIAN_POINT('',(-3.29734519816025,-6.,7.69281757350355));
#3397=CARTESIAN_POINT('Origin',(0.,-6.,5.));
#3398=CARTESIAN_POINT('',(-3.29734519816025,-1.,7.69281757350355));
#3399=CARTESIAN_POINT('Origin',(-3.72333877586112,-1.,8.04071047621588));
#3400=CARTESIAN_POINT('',(-4.00469718424689,-6.,7.56812456230114));
#3401=CARTESIAN_POINT('Origin',(-3.72333877586112,-6.,8.04071047621588));
#3402=CARTESIAN_POINT('',(-4.00469718424689,-1.,7.56812456230114));
#3403=CARTESIAN_POINT('Origin',(-4.49728201243486,-1.,7.86138950984451));
#3404=CARTESIAN_POINT('',(-4.49728201243486,-6.,7.86138950984451));
#3405=CARTESIAN_POINT('',(-4.00469718424689,-6.,7.56812456230114));
#3406=CARTESIAN_POINT('',(-4.49728201243486,-1.,7.86138950984451));
#3407=CARTESIAN_POINT('Ctrl Pts',(-6.08691413003397,-1.,7.93407060553364));
#3408=CARTESIAN_POINT('Ctrl Pts',(-6.08691413003397,-6.,7.93407060553364));
#3409=CARTESIAN_POINT('Ctrl Pts',(-5.68978390234293,-1.,8.02095496087344));
#3410=CARTESIAN_POINT('Ctrl Pts',(-5.68978390234293,-6.,8.02095496087344));
#3411=CARTESIAN_POINT('Ctrl Pts',(-5.29780386005271,-1.,8.04621436193356));
#3412=CARTESIAN_POINT('Ctrl Pts',(-5.29780386005271,-6.,8.04621436193356));
#3413=CARTESIAN_POINT('Ctrl Pts',(-4.9331271839906,-1.,7.99066161886253));
#3414=CARTESIAN_POINT('Ctrl Pts',(-4.9331271839906,-6.,7.99066161886253));
#3415=CARTESIAN_POINT('Ctrl Pts',(-4.78955886324071,-1.,7.96879124831435));
#3416=CARTESIAN_POINT('Ctrl Pts',(-4.78955886324071,-6.,7.96879124831435));
#3417=CARTESIAN_POINT('Ctrl Pts',(-4.65842038899847,-1.,7.95732473733417));
#3418=CARTESIAN_POINT('Ctrl Pts',(-4.65842038899847,-6.,7.95732473733417));
#3419=CARTESIAN_POINT('Ctrl Pts',(-4.49728201243486,-1.,7.86138950984451));
#3420=CARTESIAN_POINT('Ctrl Pts',(-4.49728201243486,-6.,7.86138950984451));
#3421=CARTESIAN_POINT('',(-6.08691413003397,-6.,7.93407060553364));
#3422=CARTESIAN_POINT('Ctrl Pts',(-6.08691413003397,-6.,7.93407060553364));
#3423=CARTESIAN_POINT('Ctrl Pts',(-5.68978390234293,-6.,8.02095496087344));
#3424=CARTESIAN_POINT('Ctrl Pts',(-5.29780386005271,-6.,8.04621436193356));
#3425=CARTESIAN_POINT('Ctrl Pts',(-4.9331271839906,-6.,7.99066161886253));
#3426=CARTESIAN_POINT('Ctrl Pts',(-4.78955886324071,-6.,7.96879124831435));
#3427=CARTESIAN_POINT('Ctrl Pts',(-4.65842038899847,-6.,7.95732473733417));
#3428=CARTESIAN_POINT('Ctrl Pts',(-4.49728201243486,-6.,7.86138950984451));
#3429=CARTESIAN_POINT('',(-6.08691413003397,-1.,7.93407060553364));
#3430=CARTESIAN_POINT('Ctrl Pts',(-6.39085160601848,-1.,7.85604897539433));
#3431=CARTESIAN_POINT('Ctrl Pts',(-6.39085160601848,-6.,7.85604897539433));
#3432=CARTESIAN_POINT('Ctrl Pts',(-6.28944900369658,-1.,7.88583904206359));
#3433=CARTESIAN_POINT('Ctrl Pts',(-6.28944900369658,-6.,7.88583904206359));
#3434=CARTESIAN_POINT('Ctrl Pts',(-6.18801467545856,-1.,7.91195177623981));
#3435=CARTESIAN_POINT('Ctrl Pts',(-6.18801467545856,-6.,7.91195177623981));
#3436=CARTESIAN_POINT('Ctrl Pts',(-6.08691413003397,-1.,7.93407060553364));
#3437=CARTESIAN_POINT('Ctrl Pts',(-6.08691413003397,-6.,7.93407060553364));
#3438=CARTESIAN_POINT('',(-6.39085160601848,-6.,7.85604897539433));
#3439=CARTESIAN_POINT('Ctrl Pts',(-6.39085160601848,-6.,7.85604897539433));
#3440=CARTESIAN_POINT('Ctrl Pts',(-6.28944900369658,-6.,7.88583904206359));
#3441=CARTESIAN_POINT('Ctrl Pts',(-6.18801467545856,-6.,7.91195177623981));
#3442=CARTESIAN_POINT('Ctrl Pts',(-6.08691413003397,-6.,7.93407060553364));
#3443=CARTESIAN_POINT('',(-6.39085160601848,-1.,7.85604897539433));
#3444=CARTESIAN_POINT('Ctrl Pts',(-6.49164696966137,-1.,7.82576000773));
#3445=CARTESIAN_POINT('Ctrl Pts',(-6.49164696966137,-6.,7.82576000773));
#3446=CARTESIAN_POINT('Ctrl Pts',(-6.46934438036993,-1.,7.83249217361023));
#3447=CARTESIAN_POINT('Ctrl Pts',(-6.46934438036993,-6.,7.83249217361023));
#3448=CARTESIAN_POINT('Ctrl Pts',(-6.44704179107849,-1.,7.83922433949046));
#3449=CARTESIAN_POINT('Ctrl Pts',(-6.44704179107849,-6.,7.83922433949046));
#3450=CARTESIAN_POINT('Ctrl Pts',(-6.42473920178705,-1.,7.84595650537069));
#3451=CARTESIAN_POINT('Ctrl Pts',(-6.42473920178705,-6.,7.84595650537069));
#3452=CARTESIAN_POINT('Ctrl Pts',(-6.41344406714626,-1.,7.84936600724724));
#3453=CARTESIAN_POINT('Ctrl Pts',(-6.41344406714626,-6.,7.84936600724724));
#3454=CARTESIAN_POINT('Ctrl Pts',(-6.40214803344723,-1.,7.85273030981257));
#3455=CARTESIAN_POINT('Ctrl Pts',(-6.40214803344723,-6.,7.85273030981257));
#3456=CARTESIAN_POINT('Ctrl Pts',(-6.39085160601848,-1.,7.85604897539433));
#3457=CARTESIAN_POINT('Ctrl Pts',(-6.39085160601848,-6.,7.85604897539433));
#3458=CARTESIAN_POINT('',(-6.49164696966137,-6.,7.82576000773));
#3459=CARTESIAN_POINT('Ctrl Pts',(-6.49164696966137,-6.,7.82576000773));
#3460=CARTESIAN_POINT('Ctrl Pts',(-6.46934438036993,-6.,7.83249217361023));
#3461=CARTESIAN_POINT('Ctrl Pts',(-6.44704179107849,-6.,7.83922433949046));
#3462=CARTESIAN_POINT('Ctrl Pts',(-6.42473920178705,-6.,7.84595650537069));
#3463=CARTESIAN_POINT('Ctrl Pts',(-6.41344406714626,-6.,7.84936600724724));
#3464=CARTESIAN_POINT('Ctrl Pts',(-6.40214803344723,-6.,7.85273030981257));
#3465=CARTESIAN_POINT('Ctrl Pts',(-6.39085160601848,-6.,7.85604897539433));
#3466=CARTESIAN_POINT('',(-6.49164696966137,-1.,7.82576000773));
#3467=CARTESIAN_POINT('Origin',(0.,-1.,5.));
#3468=CARTESIAN_POINT('',(-6.78925360871584,-6.,7.00809248704808));
#3469=CARTESIAN_POINT('Origin',(0.,-6.,5.));
#3470=CARTESIAN_POINT('',(-6.78925360871584,-1.,7.00809248704808));
#3471=CARTESIAN_POINT('Ctrl Pts',(-6.73150925362986,-1.,6.92009978081753));
#3472=CARTESIAN_POINT('Ctrl Pts',(-6.73150925362986,-6.,6.92009978081753));
#3473=CARTESIAN_POINT('Ctrl Pts',(-6.7380296219721,-1.,6.92990322972992));
#3474=CARTESIAN_POINT('Ctrl Pts',(-6.7380296219721,-6.,6.92990322972992));
#3475=CARTESIAN_POINT('Ctrl Pts',(-6.74452035381229,-1.,6.93974138551538));
#3476=CARTESIAN_POINT('Ctrl Pts',(-6.74452035381229,-6.,6.93974138551538));
#3477=CARTESIAN_POINT('Ctrl Pts',(-6.75098134337669,-1.,6.94961358807855));
#3478=CARTESIAN_POINT('Ctrl Pts',(-6.75098134337669,-6.,6.94961358807855));
#3479=CARTESIAN_POINT('Ctrl Pts',(-6.7637387651564,-1.,6.96910655440173));
#3480=CARTESIAN_POINT('Ctrl Pts',(-6.7637387651564,-6.,6.96910655440173));
#3481=CARTESIAN_POINT('Ctrl Pts',(-6.77649618693612,-1.,6.9885995207249));
#3482=CARTESIAN_POINT('Ctrl Pts',(-6.77649618693612,-6.,6.9885995207249));
#3483=CARTESIAN_POINT('Ctrl Pts',(-6.78925360871584,-1.,7.00809248704808));
#3484=CARTESIAN_POINT('Ctrl Pts',(-6.78925360871584,-6.,7.00809248704808));
#3485=CARTESIAN_POINT('',(-6.73150925362986,-6.,6.92009978081753));
#3486=CARTESIAN_POINT('Ctrl Pts',(-6.73150925362986,-6.,6.92009978081753));
#3487=CARTESIAN_POINT('Ctrl Pts',(-6.7380296219721,-6.,6.92990322972992));
#3488=CARTESIAN_POINT('Ctrl Pts',(-6.74452035381229,-6.,6.93974138551538));
#3489=CARTESIAN_POINT('Ctrl Pts',(-6.75098134337669,-6.,6.94961358807855));
#3490=CARTESIAN_POINT('Ctrl Pts',(-6.7637387651564,-6.,6.96910655440173));
#3491=CARTESIAN_POINT('Ctrl Pts',(-6.77649618693612,-6.,6.9885995207249));
#3492=CARTESIAN_POINT('Ctrl Pts',(-6.78925360871584,-6.,7.00809248704808));
#3493=CARTESIAN_POINT('',(-6.73150925362986,-1.,6.92009978081753));
#3494=CARTESIAN_POINT('Ctrl Pts',(-5.28438361817979,-1.,5.69884562124396));
#3495=CARTESIAN_POINT('Ctrl Pts',(-5.28438361817979,-6.,5.69884562124396));
#3496=CARTESIAN_POINT('Ctrl Pts',(-5.46948875170062,-1.,5.72893272522926));
#3497=CARTESIAN_POINT('Ctrl Pts',(-5.46948875170062,-6.,5.72893272522926));
#3498=CARTESIAN_POINT('Ctrl Pts',(-5.5773171823656,-1.,5.80444305461706));
#3499=CARTESIAN_POINT('Ctrl Pts',(-5.5773171823656,-6.,5.80444305461706));
#3500=CARTESIAN_POINT('Ctrl Pts',(-5.7013548999045,-1.,5.87997331652215));
#3501=CARTESIAN_POINT('Ctrl Pts',(-5.7013548999045,-6.,5.87997331652215));
#3502=CARTESIAN_POINT('Ctrl Pts',(-6.09663116407959,-1.,6.12066881100871));
#3503=CARTESIAN_POINT('Ctrl Pts',(-6.09663116407959,-6.,6.12066881100871));
#3504=CARTESIAN_POINT('Ctrl Pts',(-6.4430681400066,-1.,6.48642524385569));
#3505=CARTESIAN_POINT('Ctrl Pts',(-6.4430681400066,-6.,6.48642524385569));
#3506=CARTESIAN_POINT('Ctrl Pts',(-6.73150925362986,-1.,6.92009978081753));
#3507=CARTESIAN_POINT('Ctrl Pts',(-6.73150925362986,-6.,6.92009978081753));
#3508=CARTESIAN_POINT('',(-5.28438361817979,-6.,5.69884562124396));
#3509=CARTESIAN_POINT('Ctrl Pts',(-5.28438361817979,-6.,5.69884562124396));
#3510=CARTESIAN_POINT('Ctrl Pts',(-5.46948875170062,-6.,5.72893272522926));
#3511=CARTESIAN_POINT('Ctrl Pts',(-5.5773171823656,-6.,5.80444305461706));
#3512=CARTESIAN_POINT('Ctrl Pts',(-5.7013548999045,-6.,5.87997331652215));
#3513=CARTESIAN_POINT('Ctrl Pts',(-6.09663116407959,-6.,6.12066881100871));
#3514=CARTESIAN_POINT('Ctrl Pts',(-6.4430681400066,-6.,6.48642524385569));
#3515=CARTESIAN_POINT('Ctrl Pts',(-6.73150925362986,-6.,6.92009978081753));
#3516=CARTESIAN_POINT('',(-5.28438361817979,-1.,5.69884562124396));
#3517=CARTESIAN_POINT('Origin',(-4.71853467314539,-1.,5.60687218039233));
#3518=CARTESIAN_POINT('',(-4.71853467314538,-6.,5.60687218039233));
#3519=CARTESIAN_POINT('',(-5.28438361817977,-6.,5.69884562124395));
#3520=CARTESIAN_POINT('',(-4.71853467314539,-1.,5.60687218039233));
#3521=CARTESIAN_POINT('Origin',(-4.80677399785345,-1.,5.06399666835014));
#3522=CARTESIAN_POINT('',(-4.25682273748996,-6.,5.0566746997213));
#3523=CARTESIAN_POINT('Origin',(-4.80677399785345,-6.,5.06399666835014));
#3524=CARTESIAN_POINT('',(-4.25682273748996,-1.,5.0566746997213));
#3525=CARTESIAN_POINT('Origin',(0.,-1.,5.));
#3526=CARTESIAN_POINT('',(-4.25682273748996,-6.,4.94332530027874));
#3527=CARTESIAN_POINT('Origin',(0.,-6.,5.));
#3528=CARTESIAN_POINT('',(-4.25682273748996,-1.,4.94332530027874));
#3529=CARTESIAN_POINT('Origin',(-4.80677399785345,-1.,4.93600333164986));
#3530=CARTESIAN_POINT('',(-4.71853467314538,-6.,4.39312781960767));
#3531=CARTESIAN_POINT('Origin',(-4.80677399785345,-6.,4.93600333164986));
#3532=CARTESIAN_POINT('',(-4.71853467314538,-1.,4.39312781960767));
#3533=CARTESIAN_POINT('Origin',(-5.28438361817978,-1.,4.30115437875605));
#3534=CARTESIAN_POINT('',(-5.28438361817978,-6.,4.30115437875605));
#3535=CARTESIAN_POINT('',(-4.71853467314538,-6.,4.39312781960767));
#3536=CARTESIAN_POINT('',(-5.28438361817978,-1.,4.30115437875605));
#3537=CARTESIAN_POINT('Ctrl Pts',(-6.73150925362986,-1.,3.07990021918246));
#3538=CARTESIAN_POINT('Ctrl Pts',(-6.73150925362986,-6.,3.07990021918246));
#3539=CARTESIAN_POINT('Ctrl Pts',(-6.44306814000652,-1.,3.51357475614413));
#3540=CARTESIAN_POINT('Ctrl Pts',(-6.44306814000652,-6.,3.51357475614413));
#3541=CARTESIAN_POINT('Ctrl Pts',(-6.09663116407471,-1.,3.87933118899444));
#3542=CARTESIAN_POINT('Ctrl Pts',(-6.09663116407471,-6.,3.87933118899444));
#3543=CARTESIAN_POINT('Ctrl Pts',(-5.70135489990327,-1.,4.1200266834786));
#3544=CARTESIAN_POINT('Ctrl Pts',(-5.70135489990327,-6.,4.1200266834786));
#3545=CARTESIAN_POINT('Ctrl Pts',(-5.57731718236607,-1.,4.1955569453826));
#3546=CARTESIAN_POINT('Ctrl Pts',(-5.57731718236607,-6.,4.1955569453826));
#3547=CARTESIAN_POINT('Ctrl Pts',(-5.46948875170035,-1.,4.2710672747708));
#3548=CARTESIAN_POINT('Ctrl Pts',(-5.46948875170035,-6.,4.2710672747708));
#3549=CARTESIAN_POINT('Ctrl Pts',(-5.28438361817978,-1.,4.30115437875605));
#3550=CARTESIAN_POINT('Ctrl Pts',(-5.28438361817978,-6.,4.30115437875605));
#3551=CARTESIAN_POINT('',(-6.73150925362986,-6.,3.07990021918246));
#3552=CARTESIAN_POINT('Ctrl Pts',(-6.73150925362986,-6.,3.07990021918246));
#3553=CARTESIAN_POINT('Ctrl Pts',(-6.44306814000652,-6.,3.51357475614413));
#3554=CARTESIAN_POINT('Ctrl Pts',(-6.09663116407471,-6.,3.87933118899444));
#3555=CARTESIAN_POINT('Ctrl Pts',(-5.70135489990327,-6.,4.1200266834786));
#3556=CARTESIAN_POINT('Ctrl Pts',(-5.57731718236607,-6.,4.1955569453826));
#3557=CARTESIAN_POINT('Ctrl Pts',(-5.46948875170035,-6.,4.2710672747708));
#3558=CARTESIAN_POINT('Ctrl Pts',(-5.28438361817978,-6.,4.30115437875605));
#3559=CARTESIAN_POINT('',(-6.73150925362986,-1.,3.07990021918246));
#3560=CARTESIAN_POINT('Ctrl Pts',(-6.78925360871584,-1.,2.99190751295193));
#3561=CARTESIAN_POINT('Ctrl Pts',(-6.78925360871584,-6.,2.99190751295193));
#3562=CARTESIAN_POINT('Ctrl Pts',(-6.77649618693612,-1.,3.01140047927511));
#3563=CARTESIAN_POINT('Ctrl Pts',(-6.77649618693612,-6.,3.01140047927511));
#3564=CARTESIAN_POINT('Ctrl Pts',(-6.7637387651564,-1.,3.03089344559829));
#3565=CARTESIAN_POINT('Ctrl Pts',(-6.7637387651564,-6.,3.03089344559829));
#3566=CARTESIAN_POINT('Ctrl Pts',(-6.75098134337668,-1.,3.05038641192146));
#3567=CARTESIAN_POINT('Ctrl Pts',(-6.75098134337668,-6.,3.05038641192146));
#3568=CARTESIAN_POINT('Ctrl Pts',(-6.74452035381229,-1.,3.06025861448462));
#3569=CARTESIAN_POINT('Ctrl Pts',(-6.74452035381229,-6.,3.06025861448462));
#3570=CARTESIAN_POINT('Ctrl Pts',(-6.7380296219721,-1.,3.07009677027007));
#3571=CARTESIAN_POINT('Ctrl Pts',(-6.7380296219721,-6.,3.07009677027007));
#3572=CARTESIAN_POINT('Ctrl Pts',(-6.73150925362986,-1.,3.07990021918246));
#3573=CARTESIAN_POINT('Ctrl Pts',(-6.73150925362986,-6.,3.07990021918246));
#3574=CARTESIAN_POINT('',(-6.78925360871584,-6.,2.99190751295193));
#3575=CARTESIAN_POINT('Ctrl Pts',(-6.78925360871584,-6.,2.99190751295193));
#3576=CARTESIAN_POINT('Ctrl Pts',(-6.77649618693612,-6.,3.01140047927511));
#3577=CARTESIAN_POINT('Ctrl Pts',(-6.7637387651564,-6.,3.03089344559829));
#3578=CARTESIAN_POINT('Ctrl Pts',(-6.75098134337668,-6.,3.05038641192146));
#3579=CARTESIAN_POINT('Ctrl Pts',(-6.74452035381229,-6.,3.06025861448462));
#3580=CARTESIAN_POINT('Ctrl Pts',(-6.7380296219721,-6.,3.07009677027007));
#3581=CARTESIAN_POINT('Ctrl Pts',(-6.73150925362986,-6.,3.07990021918246));
#3582=CARTESIAN_POINT('',(-6.78925360871584,-1.,2.99190751295193));
#3583=CARTESIAN_POINT('Origin',(0.,-1.,5.));
#3584=CARTESIAN_POINT('',(-6.49164696966138,-6.,2.17423999226999));
#3585=CARTESIAN_POINT('Origin',(0.,-6.,5.));
#3586=CARTESIAN_POINT('',(-6.49164696966138,-1.,2.17423999226999));
#3587=CARTESIAN_POINT('Ctrl Pts',(-6.39085160601848,-1.,2.14395102460567));
#3588=CARTESIAN_POINT('Ctrl Pts',(-6.39085160601848,-6.,2.14395102460567));
#3589=CARTESIAN_POINT('Ctrl Pts',(-6.40214803344722,-1.,2.14726969018743));
#3590=CARTESIAN_POINT('Ctrl Pts',(-6.40214803344722,-6.,2.14726969018743));
#3591=CARTESIAN_POINT('Ctrl Pts',(-6.41344406714624,-1.,2.15063399275275));
#3592=CARTESIAN_POINT('Ctrl Pts',(-6.41344406714624,-6.,2.15063399275275));
#3593=CARTESIAN_POINT('Ctrl Pts',(-6.42473920178703,-1.,2.15404349462931));
#3594=CARTESIAN_POINT('Ctrl Pts',(-6.42473920178703,-6.,2.15404349462931));
#3595=CARTESIAN_POINT('Ctrl Pts',(-6.44704179107848,-1.,2.16077566050954));
#3596=CARTESIAN_POINT('Ctrl Pts',(-6.44704179107848,-6.,2.16077566050954));
#3597=CARTESIAN_POINT('Ctrl Pts',(-6.46934438036993,-1.,2.16750782638976));
#3598=CARTESIAN_POINT('Ctrl Pts',(-6.46934438036993,-6.,2.16750782638976));
#3599=CARTESIAN_POINT('Ctrl Pts',(-6.49164696966138,-1.,2.17423999226999));
#3600=CARTESIAN_POINT('Ctrl Pts',(-6.49164696966138,-6.,2.17423999226999));
#3601=CARTESIAN_POINT('',(-6.39085160601848,-6.,2.14395102460567));
#3602=CARTESIAN_POINT('Ctrl Pts',(-6.39085160601848,-6.,2.14395102460567));
#3603=CARTESIAN_POINT('Ctrl Pts',(-6.40214803344723,-6.,2.14726969018743));
#3604=CARTESIAN_POINT('Ctrl Pts',(-6.41344406714624,-6.,2.15063399275275));
#3605=CARTESIAN_POINT('Ctrl Pts',(-6.42473920178703,-6.,2.15404349462931));
#3606=CARTESIAN_POINT('Ctrl Pts',(-6.44704179107848,-6.,2.16077566050954));
#3607=CARTESIAN_POINT('Ctrl Pts',(-6.46934438036993,-6.,2.16750782638976));
#3608=CARTESIAN_POINT('Ctrl Pts',(-6.49164696966138,-6.,2.17423999226999));
#3609=CARTESIAN_POINT('',(-6.39085160601848,-1.,2.14395102460567));
#3610=CARTESIAN_POINT('Ctrl Pts',(-4.49728201243487,-1.,2.13861049015548));
#3611=CARTESIAN_POINT('Ctrl Pts',(-4.49728201243487,-6.,2.13861049015548));
#3612=CARTESIAN_POINT('Ctrl Pts',(-4.65842038902342,-1.,2.042675262651));
#3613=CARTESIAN_POINT('Ctrl Pts',(-4.65842038902342,-6.,2.042675262651));
#3614=CARTESIAN_POINT('Ctrl Pts',(-4.78955886328434,-1.,2.03120875167499));
#3615=CARTESIAN_POINT('Ctrl Pts',(-4.78955886328434,-6.,2.03120875167499));
#3616=CARTESIAN_POINT('Ctrl Pts',(-4.93312718405852,-1.,2.00933838112712));
#3617=CARTESIAN_POINT('Ctrl Pts',(-4.93312718405852,-6.,2.00933838112712));
#3618=CARTESIAN_POINT('Ctrl Pts',(-5.39064245128244,-1.,1.93964314215283));
#3619=CARTESIAN_POINT('Ctrl Pts',(-5.39064245128244,-6.,1.93964314215283));
#3620=CARTESIAN_POINT('Ctrl Pts',(-5.89113227477175,-1.,1.99714342940712));
#3621=CARTESIAN_POINT('Ctrl Pts',(-5.89113227477175,-6.,1.99714342940712));
#3622=CARTESIAN_POINT('Ctrl Pts',(-6.39085160601848,-1.,2.14395102460567));
#3623=CARTESIAN_POINT('Ctrl Pts',(-6.39085160601848,-6.,2.14395102460567));
#3624=CARTESIAN_POINT('',(-4.49728201243487,-6.,2.13861049015548));
#3625=CARTESIAN_POINT('Ctrl Pts',(-4.49728201243487,-6.,2.13861049015548));
#3626=CARTESIAN_POINT('Ctrl Pts',(-4.65842038902342,-6.,2.042675262651));
#3627=CARTESIAN_POINT('Ctrl Pts',(-4.78955886328434,-6.,2.03120875167499));
#3628=CARTESIAN_POINT('Ctrl Pts',(-4.93312718405852,-6.,2.00933838112712));
#3629=CARTESIAN_POINT('Ctrl Pts',(-5.39064245128244,-6.,1.93964314215283));
#3630=CARTESIAN_POINT('Ctrl Pts',(-5.89113227477175,-6.,1.99714342940712));
#3631=CARTESIAN_POINT('Ctrl Pts',(-6.39085160601848,-6.,2.14395102460567));
#3632=CARTESIAN_POINT('',(-4.49728201243487,-1.,2.13861049015548));
#3633=CARTESIAN_POINT('Origin',(-4.00469718424689,-1.,2.43187543769886));
#3634=CARTESIAN_POINT('',(-4.00469718424689,-6.,2.43187543769886));
#3635=CARTESIAN_POINT('',(-4.49728201243488,-6.,2.13861049015548));
#3636=CARTESIAN_POINT('',(-4.00469718424689,-1.,2.43187543769886));
#3637=CARTESIAN_POINT('Origin',(-3.72333877586112,-1.,1.95928952378412));
#3638=CARTESIAN_POINT('',(-3.29734519816026,-6.,2.30718242649645));
#3639=CARTESIAN_POINT('Origin',(-3.72333877586112,-6.,1.95928952378412));
#3640=CARTESIAN_POINT('',(-3.29734519816026,-1.,2.30718242649645));
#3641=CARTESIAN_POINT('Origin',(0.,-1.,5.));
#3642=CARTESIAN_POINT('',(-3.22448560863315,-6.,2.22035174892259));
#3643=CARTESIAN_POINT('Origin',(0.,-6.,5.));
#3644=CARTESIAN_POINT('',(-3.22448560863315,-1.,2.22035174892259));
#3645=CARTESIAN_POINT('Origin',(-3.64106624490774,-1.,1.86124093944861));
#3646=CARTESIAN_POINT('',(-3.2245173478076,-6.,1.50209331475278));
#3647=CARTESIAN_POINT('Origin',(-3.64106624490774,-6.,1.86124093944861));
#3648=CARTESIAN_POINT('',(-3.2245173478076,-1.,1.50209331475278));
#3649=CARTESIAN_POINT('Origin',(-3.59886339959627,-1.,1.06791688065155));
#3650=CARTESIAN_POINT('',(-3.59886339959627,-6.,1.06791688065155));
#3651=CARTESIAN_POINT('',(-3.2245173478076,-6.,1.50209331475278));
#3652=CARTESIAN_POINT('',(-3.59886339959627,-1.,1.06791688065155));
#3653=CARTESIAN_POINT('Ctrl Pts',(-3.92241890907579,-1.,-0.797812510052798));
#3654=CARTESIAN_POINT('Ctrl Pts',(-3.92241890907579,-6.,-0.797812510052798));
#3655=CARTESIAN_POINT('Ctrl Pts',(-3.980220815814,-1.,-0.280192166922585));
#3656=CARTESIAN_POINT('Ctrl Pts',(-3.980220815814,-6.,-0.280192166922585));
#3657=CARTESIAN_POINT('Ctrl Pts',(-3.94993839870864,-1.,0.222678911667238));
#3658=CARTESIAN_POINT('Ctrl Pts',(-3.94993839870864,-6.,0.222678911667238));
#3659=CARTESIAN_POINT('Ctrl Pts',(-3.80185529459978,-1.,0.661141042718764));
#3660=CARTESIAN_POINT('Ctrl Pts',(-3.80185529459978,-6.,0.661141042718764));
#3661=CARTESIAN_POINT('Ctrl Pts',(-3.75538680685228,-1.,0.798730488098916));
#3662=CARTESIAN_POINT('Ctrl Pts',(-3.75538680685228,-6.,0.798730488098916));
#3663=CARTESIAN_POINT('Ctrl Pts',(-3.72132254086456,-1.,0.925885535523361));
#3664=CARTESIAN_POINT('Ctrl Pts',(-3.72132254086456,-6.,0.925885535523361));
#3665=CARTESIAN_POINT('Ctrl Pts',(-3.59886339959627,-1.,1.06791688065155));
#3666=CARTESIAN_POINT('Ctrl Pts',(-3.59886339959627,-6.,1.06791688065155));
#3667=CARTESIAN_POINT('',(-3.92241890907578,-6.,-0.797812510052799));
#3668=CARTESIAN_POINT('Ctrl Pts',(-3.92241890907579,-6.,-0.797812510052798));
#3669=CARTESIAN_POINT('Ctrl Pts',(-3.980220815814,-6.,-0.280192166922585));
#3670=CARTESIAN_POINT('Ctrl Pts',(-3.94993839870864,-6.,0.222678911667238));
#3671=CARTESIAN_POINT('Ctrl Pts',(-3.80185529459978,-6.,0.661141042718764));
#3672=CARTESIAN_POINT('Ctrl Pts',(-3.75538680685228,-6.,0.798730488098916));
#3673=CARTESIAN_POINT('Ctrl Pts',(-3.72132254086456,-6.,0.925885535523361));
#3674=CARTESIAN_POINT('Ctrl Pts',(-3.59886339959627,-6.,1.06791688065155));
#3675=CARTESIAN_POINT('',(-3.92241890907579,-1.,-0.797812510052799));
#3676=CARTESIAN_POINT('Ctrl Pts',(-3.91009303010311,-1.,-0.902336189674324));
#3677=CARTESIAN_POINT('Ctrl Pts',(-3.91009303010311,-6.,-0.902336189674324));
#3678=CARTESIAN_POINT('Ctrl Pts',(-3.9128501152688,-1.,-0.879203398490999));
#3679=CARTESIAN_POINT('Ctrl Pts',(-3.9128501152688,-6.,-0.879203398490999));
#3680=CARTESIAN_POINT('Ctrl Pts',(-3.9156072004345,-1.,-0.856070607307675));
#3681=CARTESIAN_POINT('Ctrl Pts',(-3.9156072004345,-6.,-0.856070607307675));
#3682=CARTESIAN_POINT('Ctrl Pts',(-3.91836428560019,-1.,-0.832937816124352));
#3683=CARTESIAN_POINT('Ctrl Pts',(-3.91836428560019,-6.,-0.832937816124352));
#3684=CARTESIAN_POINT('Ctrl Pts',(-3.91976060993526,-1.,-0.821222226171183));
#3685=CARTESIAN_POINT('Ctrl Pts',(-3.91976060993526,-6.,-0.821222226171183));
#3686=CARTESIAN_POINT('Ctrl Pts',(-3.92111226551836,-1.,-0.80951359959652));
#3687=CARTESIAN_POINT('Ctrl Pts',(-3.92111226551836,-6.,-0.80951359959652));
#3688=CARTESIAN_POINT('Ctrl Pts',(-3.92241890907579,-1.,-0.797812510052799));
#3689=CARTESIAN_POINT('Ctrl Pts',(-3.92241890907579,-6.,-0.797812510052799));
#3690=CARTESIAN_POINT('',(-3.91009303010311,-6.,-0.902336189674324));
#3691=CARTESIAN_POINT('Ctrl Pts',(-3.91009303010311,-6.,-0.902336189674324));
#3692=CARTESIAN_POINT('Ctrl Pts',(-3.9128501152688,-6.,-0.879203398490999));
#3693=CARTESIAN_POINT('Ctrl Pts',(-3.9156072004345,-6.,-0.856070607307675));
#3694=CARTESIAN_POINT('Ctrl Pts',(-3.91836428560019,-6.,-0.832937816124352));
#3695=CARTESIAN_POINT('Ctrl Pts',(-3.91976060993526,-6.,-0.821222226171183));
#3696=CARTESIAN_POINT('Ctrl Pts',(-3.92111226551836,-6.,-0.80951359959652));
#3697=CARTESIAN_POINT('Ctrl Pts',(-3.92241890907579,-6.,-0.797812510052799));
#3698=CARTESIAN_POINT('',(-3.91009303010311,-1.,-0.902336189674324));
#3699=CARTESIAN_POINT('Origin',(0.,-1.,5.));
#3700=CARTESIAN_POINT('',(-3.15652656688266,-6.,-1.33740799006692));
#3701=CARTESIAN_POINT('Origin',(0.,-6.,5.));
#3702=CARTESIAN_POINT('',(-3.15652656688266,-1.,-1.33740799006692));
#3703=CARTESIAN_POINT('Ctrl Pts',(-3.05984346554705,-1.,-1.29582067457048));
#3704=CARTESIAN_POINT('Ctrl Pts',(-3.05984346554705,-6.,-1.29582067457048));
#3705=CARTESIAN_POINT('Ctrl Pts',(-3.07063022812258,-1.,-1.30053963282792));
#3706=CARTESIAN_POINT('Ctrl Pts',(-3.07063022812258,-6.,-1.30053963282792));
#3707=CARTESIAN_POINT('Ctrl Pts',(-3.08144602397122,-1.,-1.30522337804311));
#3708=CARTESIAN_POINT('Ctrl Pts',(-3.08144602397122,-6.,-1.30522337804311));
#3709=CARTESIAN_POINT('Ctrl Pts',(-3.09229018465852,-1.,-1.30987192067361));
#3710=CARTESIAN_POINT('Ctrl Pts',(-3.09229018465852,-6.,-1.30987192067361));
#3711=CARTESIAN_POINT('Ctrl Pts',(-3.11370231206657,-1.,-1.31905061047138));
#3712=CARTESIAN_POINT('Ctrl Pts',(-3.11370231206657,-6.,-1.31905061047138));
#3713=CARTESIAN_POINT('Ctrl Pts',(-3.13511443947462,-1.,-1.32822930026915));
#3714=CARTESIAN_POINT('Ctrl Pts',(-3.13511443947462,-6.,-1.32822930026915));
#3715=CARTESIAN_POINT('Ctrl Pts',(-3.15652656688266,-1.,-1.33740799006692));
#3716=CARTESIAN_POINT('Ctrl Pts',(-3.15652656688266,-6.,-1.33740799006692));
#3717=CARTESIAN_POINT('',(-3.05984346554705,-6.,-1.29582067457048));
#3718=CARTESIAN_POINT('Ctrl Pts',(-3.05984346554705,-6.,-1.29582067457048));
#3719=CARTESIAN_POINT('Ctrl Pts',(-3.07063022812258,-6.,-1.30053963282792));
#3720=CARTESIAN_POINT('Ctrl Pts',(-3.08144602397122,-6.,-1.30522337804311));
#3721=CARTESIAN_POINT('Ctrl Pts',(-3.09229018465852,-6.,-1.30987192067361));
#3722=CARTESIAN_POINT('Ctrl Pts',(-3.11370231206657,-6.,-1.31905061047138));
#3723=CARTESIAN_POINT('Ctrl Pts',(-3.13511443947462,-6.,-1.32822930026915));
#3724=CARTESIAN_POINT('Ctrl Pts',(-3.15652656688266,-6.,-1.33740799006692));
#3725=CARTESIAN_POINT('',(-3.05984346554705,-1.,-1.29582067457048));
#3726=CARTESIAN_POINT('Ctrl Pts',(-1.60585217134958,-1.,-0.0827486884746251));
#3727=CARTESIAN_POINT('Ctrl Pts',(-1.60585217134958,-6.,-0.0827486884746251));
#3728=CARTESIAN_POINT('Ctrl Pts',(-1.66762535373306,-1.,-0.259817088311134));
#3729=CARTESIAN_POINT('Ctrl Pts',(-1.66762535373306,-6.,-0.259817088311134));
#3730=CARTESIAN_POINT('Ctrl Pts',(-1.76071272203325,-1.,-0.352895131732471));
#3731=CARTESIAN_POINT('Ctrl Pts',(-1.76071272203325,-6.,-0.352895131732471));
#3732=CARTESIAN_POINT('Ctrl Pts',(-1.85663443315716,-1.,-0.461932745292137));
#3733=CARTESIAN_POINT('Ctrl Pts',(-1.85663443315716,-6.,-0.461932745292137));
#3734=CARTESIAN_POINT('Ctrl Pts',(-2.16231222519013,-1.,-0.80940754084082));
#3735=CARTESIAN_POINT('Ctrl Pts',(-2.16231222519013,-6.,-0.80940754084082));
#3736=CARTESIAN_POINT('Ctrl Pts',(-2.58267014551755,-1.,-1.08706842263053));
#3737=CARTESIAN_POINT('Ctrl Pts',(-2.58267014551755,-6.,-1.08706842263053));
#3738=CARTESIAN_POINT('Ctrl Pts',(-3.05984346554704,-1.,-1.29582067457048));
#3739=CARTESIAN_POINT('Ctrl Pts',(-3.05984346554704,-6.,-1.29582067457048));
#3740=CARTESIAN_POINT('',(-1.60585217134958,-6.,-0.0827486884746254));
#3741=CARTESIAN_POINT('Ctrl Pts',(-1.60585217134958,-6.,-0.0827486884746251));
#3742=CARTESIAN_POINT('Ctrl Pts',(-1.66762535373306,-6.,-0.259817088311134));
#3743=CARTESIAN_POINT('Ctrl Pts',(-1.76071272203325,-6.,-0.352895131732471));
#3744=CARTESIAN_POINT('Ctrl Pts',(-1.85663443315716,-6.,-0.461932745292137));
#3745=CARTESIAN_POINT('Ctrl Pts',(-2.16231222519013,-6.,-0.80940754084082));
#3746=CARTESIAN_POINT('Ctrl Pts',(-2.58267014551755,-6.,-1.08706842263053));
#3747=CARTESIAN_POINT('Ctrl Pts',(-3.05984346554705,-6.,-1.29582067457048));
#3748=CARTESIAN_POINT('',(-1.60585217134958,-1.,-0.0827486884746251));
#3749=CARTESIAN_POINT('Origin',(-1.41701737558771,-1.,0.458532719231385));
#3750=CARTESIAN_POINT('',(-1.41701737558771,-6.,0.458532719231385));
#3751=CARTESIAN_POINT('',(-1.60585217134957,-6.,-0.0827486884746176));
#3752=CARTESIAN_POINT('',(-1.41701737558771,-1.,0.458532719231385));
#3753=CARTESIAN_POINT('Origin',(-0.897711960342207,-1.,0.277364604772188));
#3754=CARTESIAN_POINT('',(-0.795003194701458,-6.,0.81768942324766));
#3755=CARTESIAN_POINT('Origin',(-0.897711960342207,-6.,0.277364604772188));
#3756=CARTESIAN_POINT('',(-0.795003194701458,-1.,0.81768942324766));
#3757=CARTESIAN_POINT('Origin',(0.,-1.,5.));
#3758=CARTESIAN_POINT('',(-0.683375827331117,-6.,0.798006506594814));
#3759=CARTESIAN_POINT('Origin',(0.,-6.,5.));
#3760=CARTESIAN_POINT('',(-0.683375827331117,-1.,0.798006506594814));
#3761=CARTESIAN_POINT('Origin',(-0.771663130025867,-1.,0.255138795100674));
#3762=CARTESIAN_POINT('',(-0.221712518912135,-6.,0.247768222827617));
#3763=CARTESIAN_POINT('Origin',(-0.771663130025867,-6.,0.255138795100674));
#3764=CARTESIAN_POINT('',(-0.221712518912135,-1.,0.247768222827617));
#3765=CARTESIAN_POINT('Origin',(-0.229394999430219,-1.,-0.325455225673629));
#3766=CARTESIAN_POINT('',(-0.229394999430219,-6.,-0.325455225673629));
#3767=CARTESIAN_POINT('',(-0.221712518912135,-6.,0.247768222827617));
#3768=CARTESIAN_POINT('',(-0.229394999430219,-1.,-0.325455225673629));
#3769=CARTESIAN_POINT('Ctrl Pts',(0.722014835865234,-1.,-1.96266433032575));
#3770=CARTESIAN_POINT('Ctrl Pts',(0.722014835865234,-6.,-1.96266433032575));
#3771=CARTESIAN_POINT('Ctrl Pts',(0.345016063331021,-1.,-1.60329849230285));
#3772=CARTESIAN_POINT('Ctrl Pts',(0.345016063331021,-6.,-1.60329849230285));
#3773=CARTESIAN_POINT('Ctrl Pts',(0.0449744420998889,-1.,-1.19861173445309));
#3774=CARTESIAN_POINT('Ctrl Pts',(0.0449744420998889,-6.,-1.19861173445309));
#3775=CARTESIAN_POINT('Ctrl Pts',(-0.123425344037361,-1.,-0.767544270931702));
#3776=CARTESIAN_POINT('Ctrl Pts',(-0.123425344037361,-6.,-0.767544270931702));
#3777=CARTESIAN_POINT('Ctrl Pts',(-0.17626920793994,-1.,-0.632275272688506));
#3778=CARTESIAN_POINT('Ctrl Pts',(-0.17626920793994,-6.,-0.632275272688506));
#3779=CARTESIAN_POINT('Ctrl Pts',(-0.231908155272725,-1.,-0.512972767077425));
#3780=CARTESIAN_POINT('Ctrl Pts',(-0.231908155272725,-6.,-0.512972767077425));
#3781=CARTESIAN_POINT('Ctrl Pts',(-0.229394999430219,-1.,-0.325455225673629));
#3782=CARTESIAN_POINT('Ctrl Pts',(-0.229394999430219,-6.,-0.325455225673629));
#3783=CARTESIAN_POINT('',(0.722014835865235,-6.,-1.96266433032575));
#3784=CARTESIAN_POINT('Ctrl Pts',(0.722014835865234,-6.,-1.96266433032575));
#3785=CARTESIAN_POINT('Ctrl Pts',(0.345016063331021,-6.,-1.60329849230285));
#3786=CARTESIAN_POINT('Ctrl Pts',(0.0449744420998889,-6.,-1.19861173445309));
#3787=CARTESIAN_POINT('Ctrl Pts',(-0.123425344037361,-6.,-0.767544270931702));
#3788=CARTESIAN_POINT('Ctrl Pts',(-0.17626920793994,-6.,-0.632275272688506));
#3789=CARTESIAN_POINT('Ctrl Pts',(-0.231908155272725,-6.,-0.512972767077425));
#3790=CARTESIAN_POINT('Ctrl Pts',(-0.229394999430219,-6.,-0.325455225673629));
#3791=CARTESIAN_POINT('',(0.722014835865234,-1.,-1.96266433032575));
#3792=CARTESIAN_POINT('Ctrl Pts',(0.798643533138395,-1.,-2.03481119199203));
#3793=CARTESIAN_POINT('Ctrl Pts',(0.798643533138395,-6.,-2.03481119199203));
#3794=CARTESIAN_POINT('Ctrl Pts',(0.781662011817902,-1.,-2.01886266603558));
#3795=CARTESIAN_POINT('Ctrl Pts',(0.781662011817902,-6.,-2.01886266603558));
#3796=CARTESIAN_POINT('Ctrl Pts',(0.764680490497409,-1.,-2.00291414007912));
#3797=CARTESIAN_POINT('Ctrl Pts',(0.764680490497409,-6.,-2.00291414007912));
#3798=CARTESIAN_POINT('Ctrl Pts',(0.747698969176915,-1.,-1.98696561412267));
#3799=CARTESIAN_POINT('Ctrl Pts',(0.747698969176915,-6.,-1.98696561412267));
#3800=CARTESIAN_POINT('Ctrl Pts',(0.739098686617173,-1.,-1.97888849152287));
#3801=CARTESIAN_POINT('Ctrl Pts',(0.739098686617173,-6.,-1.97888849152287));
#3802=CARTESIAN_POINT('Ctrl Pts',(0.730537098280078,-1.,-1.97078799066017));
#3803=CARTESIAN_POINT('Ctrl Pts',(0.730537098280078,-6.,-1.97078799066017));
#3804=CARTESIAN_POINT('Ctrl Pts',(0.722014835865234,-1.,-1.96266433032575));
#3805=CARTESIAN_POINT('Ctrl Pts',(0.722014835865234,-6.,-1.96266433032575));
#3806=CARTESIAN_POINT('',(0.798643533138395,-6.,-2.03481119199203));
#3807=CARTESIAN_POINT('Ctrl Pts',(0.798643533138395,-6.,-2.03481119199203));
#3808=CARTESIAN_POINT('Ctrl Pts',(0.781662011817902,-6.,-2.01886266603558));
#3809=CARTESIAN_POINT('Ctrl Pts',(0.764680490497409,-6.,-2.00291414007912));
#3810=CARTESIAN_POINT('Ctrl Pts',(0.747698969176915,-6.,-1.98696561412267));
#3811=CARTESIAN_POINT('Ctrl Pts',(0.739098686617173,-6.,-1.97888849152287));
#3812=CARTESIAN_POINT('Ctrl Pts',(0.730537098280078,-6.,-1.97078799066017));
#3813=CARTESIAN_POINT('Ctrl Pts',(0.722014835865234,-6.,-1.96266433032575));
#3814=CARTESIAN_POINT('',(0.798643533138395,-1.,-2.03481119199203));
#3815=CARTESIAN_POINT('Origin',(0.,-1.,5.));
#3816=CARTESIAN_POINT('',(1.6555676974256,-6.,-1.88371234140714));
#3817=CARTESIAN_POINT('Origin',(0.,-6.,5.));
#3818=CARTESIAN_POINT('',(1.6555676974256,-1.,-1.88371234140714));
#3819=CARTESIAN_POINT('Ctrl Pts',(1.70289943882602,-1.,-1.78970790986225));
#3820=CARTESIAN_POINT('Ctrl Pts',(1.70289943882602,-6.,-1.78970790986225));
#3821=CARTESIAN_POINT('Ctrl Pts',(1.6976695871943,-1.,-1.80025643894486));
#3822=CARTESIAN_POINT('Ctrl Pts',(1.6976695871943,-6.,-1.80025643894486));
#3823=CARTESIAN_POINT('Ctrl Pts',(1.6923948602778,-1.,-1.81079665550035));
#3824=CARTESIAN_POINT('Ctrl Pts',(1.6923948602778,-6.,-1.81079665550035));
#3825=CARTESIAN_POINT('Ctrl Pts',(1.68707577684899,-1.,-1.82132813787829));
#3826=CARTESIAN_POINT('Ctrl Pts',(1.68707577684899,-6.,-1.82132813787829));
#3827=CARTESIAN_POINT('Ctrl Pts',(1.67657308370786,-1.,-1.8421228723879));
#3828=CARTESIAN_POINT('Ctrl Pts',(1.67657308370786,-6.,-1.8421228723879));
#3829=CARTESIAN_POINT('Ctrl Pts',(1.66607039056673,-1.,-1.86291760689752));
#3830=CARTESIAN_POINT('Ctrl Pts',(1.66607039056673,-6.,-1.86291760689752));
#3831=CARTESIAN_POINT('Ctrl Pts',(1.65556769742561,-1.,-1.88371234140714));
#3832=CARTESIAN_POINT('Ctrl Pts',(1.65556769742561,-6.,-1.88371234140714));
#3833=CARTESIAN_POINT('',(1.70289943882602,-6.,-1.78970790986225));
#3834=CARTESIAN_POINT('Ctrl Pts',(1.70289943882602,-6.,-1.78970790986225));
#3835=CARTESIAN_POINT('Ctrl Pts',(1.6976695871943,-6.,-1.80025643894486));
#3836=CARTESIAN_POINT('Ctrl Pts',(1.6923948602778,-6.,-1.81079665550035));
#3837=CARTESIAN_POINT('Ctrl Pts',(1.68707577684899,-6.,-1.82132813787829));
#3838=CARTESIAN_POINT('Ctrl Pts',(1.67657308370786,-6.,-1.8421228723879));
#3839=CARTESIAN_POINT('Ctrl Pts',(1.66607039056673,-6.,-1.86291760689752));
#3840=CARTESIAN_POINT('Ctrl Pts',(1.65556769742561,-6.,-1.88371234140714));
#3841=CARTESIAN_POINT('',(1.70289943882602,-1.,-1.78970790986225));
#3842=CARTESIAN_POINT('Ctrl Pts',(2.0369737477691,-1.,0.0741667326920358));
#3843=CARTESIAN_POINT('Ctrl Pts',(2.0369737477691,-6.,0.0741667326920358));
#3844=CARTESIAN_POINT('Ctrl Pts',(2.10347011815823,-1.,-0.101182567317029));
#3845=CARTESIAN_POINT('Ctrl Pts',(2.10347011815823,-6.,-0.101182567317029));
#3846=CARTESIAN_POINT('Ctrl Pts',(2.09199046998812,-1.,-0.23231989222709));
#3847=CARTESIAN_POINT('Ctrl Pts',(2.09199046998812,-6.,-0.23231989222709));
#3848=CARTESIAN_POINT('Ctrl Pts',(2.08859820319072,-1.,-0.37750483760778));
#3849=CARTESIAN_POINT('Ctrl Pts',(2.08859820319072,-6.,-0.37750483760778));
#3850=CARTESIAN_POINT('Ctrl Pts',(2.07778792246958,-1.,-0.840171871124314));
#3851=CARTESIAN_POINT('Ctrl Pts',(2.07778792246958,-6.,-0.840171871124314));
#3852=CARTESIAN_POINT('Ctrl Pts',(1.93425204799147,-1.,-1.32307330950037));
#3853=CARTESIAN_POINT('Ctrl Pts',(1.93425204799147,-6.,-1.32307330950037));
#3854=CARTESIAN_POINT('Ctrl Pts',(1.70289943882602,-1.,-1.78970790986225));
#3855=CARTESIAN_POINT('Ctrl Pts',(1.70289943882602,-6.,-1.78970790986225));
#3856=CARTESIAN_POINT('',(2.0369737477691,-6.,0.0741667326920359));
#3857=CARTESIAN_POINT('Ctrl Pts',(2.0369737477691,-6.,0.0741667326920358));
#3858=CARTESIAN_POINT('Ctrl Pts',(2.10347011815823,-6.,-0.101182567317029));
#3859=CARTESIAN_POINT('Ctrl Pts',(2.09199046998812,-6.,-0.23231989222709));
#3860=CARTESIAN_POINT('Ctrl Pts',(2.08859820319072,-6.,-0.37750483760778));
#3861=CARTESIAN_POINT('Ctrl Pts',(2.07778792246958,-6.,-0.840171871124314));
#3862=CARTESIAN_POINT('Ctrl Pts',(1.93425204799147,-6.,-1.32307330950037));
#3863=CARTESIAN_POINT('Ctrl Pts',(1.70289943882602,-6.,-1.78970790986225));
#3864=CARTESIAN_POINT('',(2.0369737477691,-1.,0.0741667326920358));
#3865=CARTESIAN_POINT('Origin',(1.83370061150289,-1.,0.610193014222232));
#3866=CARTESIAN_POINT('',(1.83370061150289,-6.,0.610193014222232));
#3867=CARTESIAN_POINT('',(2.0369737477691,-6.,0.0741667326920136));
#3868=CARTESIAN_POINT('',(1.83370061150289,-1.,0.610193014222232));
#3869=CARTESIAN_POINT('Origin',(2.34796425837794,-1.,0.805213273433351));
#3870=CARTESIAN_POINT('',(2.07932963903448,-6.,1.28514602006583));
#3871=CARTESIAN_POINT('Origin',(2.34796425837794,-6.,0.805213273433351));
#3872=CARTESIAN_POINT('',(2.07932963903448,-1.,1.28514602006583));
#3873=CARTESIAN_POINT('Origin',(0.,-1.,5.));
#3874=CARTESIAN_POINT('',(2.17749309845549,-6.,1.34182071978713));
#3875=CARTESIAN_POINT('Origin',(0.,-6.,5.));
#3876=CARTESIAN_POINT('',(2.17749309845549,-1.,1.34182071978713));
#3877=CARTESIAN_POINT('Origin',(2.45880973947552,-1.,0.869209941783493));
#3878=CARTESIAN_POINT('',(2.8848340616425,-6.,1.21706519461456));
#3879=CARTESIAN_POINT('Origin',(2.45880973947552,-6.,0.869209941783493));
#3880=CARTESIAN_POINT('',(2.8848340616425,-1.,1.21706519461456));
#3881=CARTESIAN_POINT('Origin',(3.24740987041067,-1.,0.773012353935967));
#3882=CARTESIAN_POINT('',(3.24740987041067,-6.,0.773012353935967));
#3883=CARTESIAN_POINT('',(2.8848340616425,-6.,1.21706519461456));
#3884=CARTESIAN_POINT('',(3.24740987041067,-1.,0.773012353935967));
#3885=CARTESIAN_POINT('Ctrl Pts',(5.02860981480385,-1.,0.130391870955282));
#3886=CARTESIAN_POINT('Ctrl Pts',(5.02860981480385,-6.,0.130391870955282));
#3887=CARTESIAN_POINT('Ctrl Pts',(4.50881609200629,-1.,0.163351934368229));
#3888=CARTESIAN_POINT('Ctrl Pts',(4.50881609200629,-6.,0.163351934368229));
#3889=CARTESIAN_POINT('Ctrl Pts',(4.01884324159451,-1.,0.280496939910443));
#3890=CARTESIAN_POINT('Ctrl Pts',(4.01884324159451,-6.,0.280496939910443));
#3891=CARTESIAN_POINT('Ctrl Pts',(3.61275669670685,-1.,0.502468478956187));
#3892=CARTESIAN_POINT('Ctrl Pts',(3.61275669670685,-6.,0.502468478956187));
#3893=CARTESIAN_POINT('Ctrl Pts',(3.48532671237629,-1.,0.572123162418439));
#3894=CARTESIAN_POINT('Ctrl Pts',(3.48532671237629,-6.,0.572123162418439));
#3895=CARTESIAN_POINT('Ctrl Pts',(3.36601863354709,-1.,0.627750157930558));
#3896=CARTESIAN_POINT('Ctrl Pts',(3.36601863354709,-6.,0.627750157930558));
#3897=CARTESIAN_POINT('Ctrl Pts',(3.24740987041067,-1.,0.773012353935967));
#3898=CARTESIAN_POINT('Ctrl Pts',(3.24740987041067,-6.,0.773012353935967));
#3899=CARTESIAN_POINT('',(5.02860981480385,-6.,0.130391870955282));
#3900=CARTESIAN_POINT('Ctrl Pts',(5.02860981480385,-6.,0.130391870955282));
#3901=CARTESIAN_POINT('Ctrl Pts',(4.50881609200629,-6.,0.163351934368229));
#3902=CARTESIAN_POINT('Ctrl Pts',(4.01884324159451,-6.,0.280496939910443));
#3903=CARTESIAN_POINT('Ctrl Pts',(3.61275669670685,-6.,0.502468478956187));
#3904=CARTESIAN_POINT('Ctrl Pts',(3.48532671237629,-6.,0.572123162418439));
#3905=CARTESIAN_POINT('Ctrl Pts',(3.36601863354709,-6.,0.627750157930558));
#3906=CARTESIAN_POINT('Ctrl Pts',(3.24740987041067,-6.,0.773012353935967));
#3907=CARTESIAN_POINT('',(5.02860981480385,-1.,0.130391870955282));
#3908=CARTESIAN_POINT('Ctrl Pts',(5.13368591129023,-1.,0.124380145640944));
#3909=CARTESIAN_POINT('Ctrl Pts',(5.13368591129023,-6.,0.124380145640944));
#3910=CARTESIAN_POINT('Ctrl Pts',(5.11042579636938,-1.,0.125681913827386));
#3911=CARTESIAN_POINT('Ctrl Pts',(5.11042579636938,-6.,0.125681913827386));
#3912=CARTESIAN_POINT('Ctrl Pts',(5.08716568144854,-1.,0.126983682013828));
#3913=CARTESIAN_POINT('Ctrl Pts',(5.08716568144854,-6.,0.126983682013828));
#3914=CARTESIAN_POINT('Ctrl Pts',(5.06390556652769,-1.,0.12828545020027));
#3915=CARTESIAN_POINT('Ctrl Pts',(5.06390556652769,-6.,0.12828545020027));
#3916=CARTESIAN_POINT('Ctrl Pts',(5.05212549353449,-1.,0.128944730015039));
#3917=CARTESIAN_POINT('Ctrl Pts',(5.05212549353449,-6.,0.128944730015039));
#3918=CARTESIAN_POINT('Ctrl Pts',(5.0403600347778,-1.,0.129646790785069));
#3919=CARTESIAN_POINT('Ctrl Pts',(5.0403600347778,-6.,0.129646790785069));
#3920=CARTESIAN_POINT('Ctrl Pts',(5.02860981480385,-1.,0.130391870955282));
#3921=CARTESIAN_POINT('Ctrl Pts',(5.02860981480385,-6.,0.130391870955282));
#3922=CARTESIAN_POINT('',(5.13368591129023,-6.,0.124380145640944));
#3923=CARTESIAN_POINT('Ctrl Pts',(5.13368591129023,-6.,0.124380145640944));
#3924=CARTESIAN_POINT('Ctrl Pts',(5.11042579636938,-6.,0.125681913827386));
#3925=CARTESIAN_POINT('Ctrl Pts',(5.08716568144854,-6.,0.126983682013828));
#3926=CARTESIAN_POINT('Ctrl Pts',(5.06390556652769,-6.,0.12828545020027));
#3927=CARTESIAN_POINT('Ctrl Pts',(5.05212549353449,-6.,0.128944730015039));
#3928=CARTESIAN_POINT('Ctrl Pts',(5.0403600347778,-6.,0.129646790785069));
#3929=CARTESIAN_POINT('Ctrl Pts',(5.02860981480385,-6.,0.130391870955282));
#3930=CARTESIAN_POINT('',(5.13368591129023,-1.,0.124380145640944));
#3931=CARTESIAN_POINT('Origin',(0.,-1.,5.));
#3932=CARTESIAN_POINT('',(5.69300343652299,-6.,0.790948815737986));
#3933=CARTESIAN_POINT('Origin',(0.,-6.,5.));
#3934=CARTESIAN_POINT('',(5.69300343652299,-1.,0.790948815737986));
#3935=CARTESIAN_POINT('Ctrl Pts',(5.66883677015324,-1.,0.893384645068574));
#3936=CARTESIAN_POINT('Ctrl Pts',(5.66883677015324,-6.,0.893384645068574));
#3937=CARTESIAN_POINT('Ctrl Pts',(5.67161093516715,-1.,0.881942319152399));
#3938=CARTESIAN_POINT('Ctrl Pts',(5.67161093516715,-6.,0.881942319152399));
#3939=CARTESIAN_POINT('Ctrl Pts',(5.67434538052907,-1.,0.87047751572439));
#3940=CARTESIAN_POINT('Ctrl Pts',(5.67434538052907,-6.,0.87047751572439));
#3941=CARTESIAN_POINT('Ctrl Pts',(5.67704023261011,-1.,0.858990891248036));
#3942=CARTESIAN_POINT('Ctrl Pts',(5.67704023261011,-6.,0.858990891248036));
#3943=CARTESIAN_POINT('Ctrl Pts',(5.68236130058107,-1.,0.836310199411355));
#3944=CARTESIAN_POINT('Ctrl Pts',(5.68236130058107,-6.,0.836310199411355));
#3945=CARTESIAN_POINT('Ctrl Pts',(5.68768236855203,-1.,0.813629507574674));
#3946=CARTESIAN_POINT('Ctrl Pts',(5.68768236855203,-6.,0.813629507574674));
#3947=CARTESIAN_POINT('Ctrl Pts',(5.69300343652299,-1.,0.790948815737992));
#3948=CARTESIAN_POINT('Ctrl Pts',(5.69300343652299,-6.,0.790948815737992));
#3949=CARTESIAN_POINT('',(5.66883677015324,-6.,0.893384645068574));
#3950=CARTESIAN_POINT('Ctrl Pts',(5.66883677015324,-6.,0.893384645068574));
#3951=CARTESIAN_POINT('Ctrl Pts',(5.67161093516715,-6.,0.881942319152399));
#3952=CARTESIAN_POINT('Ctrl Pts',(5.67434538052907,-6.,0.87047751572439));
#3953=CARTESIAN_POINT('Ctrl Pts',(5.67704023261011,-6.,0.858990891248036));
#3954=CARTESIAN_POINT('Ctrl Pts',(5.68236130058107,-6.,0.836310199411355));
#3955=CARTESIAN_POINT('Ctrl Pts',(5.68768236855203,-6.,0.813629507574674));
#3956=CARTESIAN_POINT('Ctrl Pts',(5.69300343652299,-6.,0.790948815737992));
#3957=CARTESIAN_POINT('',(5.66883677015324,-1.,0.893384645068574));
#3958=CARTESIAN_POINT('Ctrl Pts',(4.7266770118651,-1.,2.53593428417085));
#3959=CARTESIAN_POINT('Ctrl Pts',(4.7266770118651,-6.,2.53593428417085));
#3960=CARTESIAN_POINT('Ctrl Pts',(4.8903285442858,-1.,2.44435197027857));
#3961=CARTESIAN_POINT('Ctrl Pts',(4.8903285442858,-6.,2.44435197027857));
#3962=CARTESIAN_POINT('Ctrl Pts',(4.96582807121301,-1.,2.33651597564934));
#3963=CARTESIAN_POINT('Ctrl Pts',(4.96582807121301,-6.,2.33651597564934));
#3964=CARTESIAN_POINT('Ctrl Pts',(5.05655252807976,-1.,2.2231173479628));
#3965=CARTESIAN_POINT('Ctrl Pts',(5.05655252807976,-6.,2.2231173479628));
#3966=CARTESIAN_POINT('Ctrl Pts',(5.3456680091735,-1.,1.86174512341353));
#3967=CARTESIAN_POINT('Ctrl Pts',(5.3456680091735,-6.,1.86174512341353));
#3968=CARTESIAN_POINT('Ctrl Pts',(5.54611621143805,-1.,1.39955807829871));
#3969=CARTESIAN_POINT('Ctrl Pts',(5.54611621143805,-6.,1.39955807829871));
#3970=CARTESIAN_POINT('Ctrl Pts',(5.66883677015324,-1.,0.893384645068575));
#3971=CARTESIAN_POINT('Ctrl Pts',(5.66883677015324,-6.,0.893384645068575));
#3972=CARTESIAN_POINT('',(4.7266770118651,-6.,2.53593428417085));
#3973=CARTESIAN_POINT('Ctrl Pts',(4.7266770118651,-6.,2.53593428417085));
#3974=CARTESIAN_POINT('Ctrl Pts',(4.8903285442858,-6.,2.44435197027857));
#3975=CARTESIAN_POINT('Ctrl Pts',(4.96582807121301,-6.,2.33651597564934));
#3976=CARTESIAN_POINT('Ctrl Pts',(5.05655252807976,-6.,2.2231173479628));
#3977=CARTESIAN_POINT('Ctrl Pts',(5.3456680091735,-6.,1.86174512341353));
#3978=CARTESIAN_POINT('Ctrl Pts',(5.54611621143805,-6.,1.39955807829871));
#3979=CARTESIAN_POINT('Ctrl Pts',(5.66883677015324,-6.,0.893384645068575));
#3980=CARTESIAN_POINT('',(4.7266770118651,-1.,2.53593428417085));
#3981=CARTESIAN_POINT('Origin',(4.22640970315902,-1.,2.81589278512876));
#3982=CARTESIAN_POINT('',(4.22640970315902,-6.,2.81589278512876));
#3983=CARTESIAN_POINT('',(4.7266770118651,-6.,2.53593428417085));
#3984=CARTESIAN_POINT('',(4.22640970315902,-1.,2.81589278512876));
#3985=CARTESIAN_POINT('Origin',(4.49500190588699,-1.,3.29584927131655));
#3986=CARTESIAN_POINT('',(3.98072102549137,-6.,3.49082408009836));
#3987=CARTESIAN_POINT('Origin',(4.49500190588699,-6.,3.29584927131655));
#3988=CARTESIAN_POINT('',(3.98072102549137,-1.,3.49082408009836));
#3989=CARTESIAN_POINT('Origin',(0.,-1.,5.));
#3990=CARTESIAN_POINT('',(4.01948880333459,-6.,3.59733767432504));
#3991=CARTESIAN_POINT('Origin',(0.,-6.,5.));
#3992=CARTESIAN_POINT('',(4.01948880333459,-1.,3.59733767432504));
#3993=CARTESIAN_POINT('Origin',(4.53877820524995,-1.,3.41612366532358));
#3994=CARTESIAN_POINT('',(4.64153472339531,-6.,3.9564394044786));
#3995=CARTESIAN_POINT('Origin',(4.53877820524995,-6.,3.41612366532358));
#3996=CARTESIAN_POINT('',(4.64153472339531,-1.,3.9564394044786));
#3997=CARTESIAN_POINT('Origin',(5.20471557094584,-1.,3.84933443087383));
#3998=CARTESIAN_POINT('',(5.20471557094584,-6.,3.84933443087383));
#3999=CARTESIAN_POINT('',(4.64153472339531,-6.,3.9564394044786));
#4000=CARTESIAN_POINT('',(5.20471557094584,-1.,3.84933443087383));
#4001=CARTESIAN_POINT('Ctrl Pts',(6.98226237462284,-1.,4.50199183548233));
#4002=CARTESIAN_POINT('Ctrl Pts',(6.98226237462284,-6.,4.50199183548233));
#4003=CARTESIAN_POINT('Ctrl Pts',(6.56289096132922,-1.,4.19312374429748));
#4004=CARTESIAN_POINT('Ctrl Pts',(6.56289096132922,-6.,4.19312374429748));
#4005=CARTESIAN_POINT('Ctrl Pts',(6.11225062389239,-1.,3.96791354750469));
#4006=CARTESIAN_POINT('Ctrl Pts',(6.11225062389239,-6.,3.96791354750469));
#4007=CARTESIAN_POINT('Ctrl Pts',(5.65848972775477,-1.,3.87692621200718));
#4008=CARTESIAN_POINT('Ctrl Pts',(5.65848972775477,-6.,3.87692621200718));
#4009=CARTESIAN_POINT('Ctrl Pts',(5.51609952888563,-1.,3.84837438018045));
#4010=CARTESIAN_POINT('Ctrl Pts',(5.51609952888563,-6.,3.84837438018045));
#4011=CARTESIAN_POINT('Ctrl Pts',(5.38894789459981,-1.,3.81429737617297));
#4012=CARTESIAN_POINT('Ctrl Pts',(5.38894789459981,-6.,3.81429737617297));
#4013=CARTESIAN_POINT('Ctrl Pts',(5.20471557094584,-1.,3.84933443087383));
#4014=CARTESIAN_POINT('Ctrl Pts',(5.20471557094584,-6.,3.84933443087383));
#4015=CARTESIAN_POINT('',(6.98226237462284,-6.,4.50199183548233));
#4016=CARTESIAN_POINT('Ctrl Pts',(6.98226237462284,-6.,4.50199183548233));
#4017=CARTESIAN_POINT('Ctrl Pts',(6.56289096132922,-6.,4.19312374429748));
#4018=CARTESIAN_POINT('Ctrl Pts',(6.11225062389239,-6.,3.96791354750469));
#4019=CARTESIAN_POINT('Ctrl Pts',(5.65848972775477,-6.,3.87692621200718));
#4020=CARTESIAN_POINT('Ctrl Pts',(5.51609952888563,-6.,3.84837438018045));
#4021=CARTESIAN_POINT('Ctrl Pts',(5.38894789459981,-6.,3.81429737617297));
#4022=CARTESIAN_POINT('Ctrl Pts',(5.20471557094584,-6.,3.84933443087383));
#4023=CARTESIAN_POINT('',(6.98226237462284,-1.,4.50199183548233));
#4024=CARTESIAN_POINT('Ctrl Pts',(7.06661959698577,-1.,4.5649281996074));
#4025=CARTESIAN_POINT('Ctrl Pts',(7.06661959698577,-6.,4.5649281996074));
#4026=CARTESIAN_POINT('Ctrl Pts',(7.04796455474341,-1.,4.55097409822185));
#4027=CARTESIAN_POINT('Ctrl Pts',(7.04796455474341,-6.,4.55097409822185));
#4028=CARTESIAN_POINT('Ctrl Pts',(7.02930951250106,-1.,4.5370199968363));
#4029=CARTESIAN_POINT('Ctrl Pts',(7.02930951250106,-6.,4.5370199968363));
#4030=CARTESIAN_POINT('Ctrl Pts',(7.01065447025871,-1.,4.52306589545074));
#4031=CARTESIAN_POINT('Ctrl Pts',(7.01065447025871,-6.,4.52306589545074));
#4032=CARTESIAN_POINT('Ctrl Pts',(7.00120663390648,-1.,4.51599884812807));
#4033=CARTESIAN_POINT('Ctrl Pts',(7.00120663390648,-6.,4.51599884812807));
#4034=CARTESIAN_POINT('Ctrl Pts',(6.99174249364095,-1.,4.5089739667686));
#4035=CARTESIAN_POINT('Ctrl Pts',(6.99174249364095,-6.,4.5089739667686));
#4036=CARTESIAN_POINT('Ctrl Pts',(6.98226237462284,-1.,4.50199183548233));
#4037=CARTESIAN_POINT('Ctrl Pts',(6.98226237462284,-6.,4.50199183548233));
#4038=CARTESIAN_POINT('',(7.06661959698577,-6.,4.5649281996074));
#4039=CARTESIAN_POINT('Ctrl Pts',(7.06661959698577,-6.,4.5649281996074));
#4040=CARTESIAN_POINT('Ctrl Pts',(7.04796455474341,-6.,4.55097409822185));
#4041=CARTESIAN_POINT('Ctrl Pts',(7.02930951250106,-6.,4.5370199968363));
#4042=CARTESIAN_POINT('Ctrl Pts',(7.01065447025871,-6.,4.52306589545074));
#4043=CARTESIAN_POINT('Ctrl Pts',(7.00120663390648,-6.,4.51599884812807));
#4044=CARTESIAN_POINT('Ctrl Pts',(6.99174249364095,-6.,4.50897396676861));
#4045=CARTESIAN_POINT('Ctrl Pts',(6.98226237462284,-6.,4.50199183548233));
#4046=CARTESIAN_POINT('',(7.06661959698577,-1.,4.5649281996074));
#4047=CARTESIAN_POINT('Origin',(0.,-1.,5.));
#4048=CARTESIAN_POINT('',(7.06661959698576,-6.,5.43507180039259));
#4049=CARTESIAN_POINT('Origin',(0.,-6.,5.));
#4050=CARTESIAN_POINT('',(7.06661959698576,-1.,5.43507180039259));
#4051=CARTESIAN_POINT('Ctrl Pts',(6.98226237462284,-1.,5.49800816451769));
#4052=CARTESIAN_POINT('Ctrl Pts',(6.98226237462284,-6.,5.49800816451769));
#4053=CARTESIAN_POINT('Ctrl Pts',(6.99174249364095,-1.,5.4910260332314));
#4054=CARTESIAN_POINT('Ctrl Pts',(6.99174249364095,-6.,5.4910260332314));
#4055=CARTESIAN_POINT('Ctrl Pts',(7.00120663390648,-1.,5.48400115187193));
#4056=CARTESIAN_POINT('Ctrl Pts',(7.00120663390648,-6.,5.48400115187193));
#4057=CARTESIAN_POINT('Ctrl Pts',(7.01065447025873,-1.,5.47693410454924));
#4058=CARTESIAN_POINT('Ctrl Pts',(7.01065447025873,-6.,5.47693410454924));
#4059=CARTESIAN_POINT('Ctrl Pts',(7.02930951250107,-1.,5.46298000316369));
#4060=CARTESIAN_POINT('Ctrl Pts',(7.02930951250107,-6.,5.46298000316369));
#4061=CARTESIAN_POINT('Ctrl Pts',(7.04796455474341,-1.,5.44902590177814));
#4062=CARTESIAN_POINT('Ctrl Pts',(7.04796455474341,-6.,5.44902590177814));
#4063=CARTESIAN_POINT('Ctrl Pts',(7.06661959698575,-1.,5.43507180039259));
#4064=CARTESIAN_POINT('Ctrl Pts',(7.06661959698575,-6.,5.43507180039259));
#4065=CARTESIAN_POINT('',(6.98226237462284,-6.,5.49800816451769));
#4066=CARTESIAN_POINT('Ctrl Pts',(6.98226237462284,-6.,5.49800816451769));
#4067=CARTESIAN_POINT('Ctrl Pts',(6.99174249364095,-6.,5.4910260332314));
#4068=CARTESIAN_POINT('Ctrl Pts',(7.00120663390648,-6.,5.48400115187193));
#4069=CARTESIAN_POINT('Ctrl Pts',(7.01065447025873,-6.,5.47693410454924));
#4070=CARTESIAN_POINT('Ctrl Pts',(7.02930951250107,-6.,5.46298000316369));
#4071=CARTESIAN_POINT('Ctrl Pts',(7.04796455474341,-6.,5.44902590177814));
#4072=CARTESIAN_POINT('Ctrl Pts',(7.06661959698575,-6.,5.43507180039259));
#4073=CARTESIAN_POINT('',(6.98226237462284,-1.,5.49800816451769));
#4074=CARTESIAN_POINT('Ctrl Pts',(5.20471557094584,-1.,6.15066556912618));
#4075=CARTESIAN_POINT('Ctrl Pts',(5.20471557094584,-6.,6.15066556912618));
#4076=CARTESIAN_POINT('Ctrl Pts',(5.38894789466171,-1.,6.18570262383881));
#4077=CARTESIAN_POINT('Ctrl Pts',(5.38894789466171,-6.,6.18570262383881));
#4078=CARTESIAN_POINT('Ctrl Pts',(5.51609952897955,-1.,6.15162561980929));
#4079=CARTESIAN_POINT('Ctrl Pts',(5.51609952897955,-6.,6.15162561980929));
#4080=CARTESIAN_POINT('Ctrl Pts',(5.65848972789784,-1.,6.12307378796414));
#4081=CARTESIAN_POINT('Ctrl Pts',(5.65848972789784,-6.,6.12307378796414));
#4082=CARTESIAN_POINT('Ctrl Pts',(6.11225062399241,-1.,6.03208645244795));
#4083=CARTESIAN_POINT('Ctrl Pts',(6.11225062399241,-6.,6.03208645244795));
#4084=CARTESIAN_POINT('Ctrl Pts',(6.56289096137204,-1.,5.80687625567129));
#4085=CARTESIAN_POINT('Ctrl Pts',(6.56289096137204,-6.,5.80687625567129));
#4086=CARTESIAN_POINT('Ctrl Pts',(6.98226237462284,-1.,5.49800816451769));
#4087=CARTESIAN_POINT('Ctrl Pts',(6.98226237462284,-6.,5.49800816451769));
#4088=CARTESIAN_POINT('',(5.20471557094584,-6.,6.15066556912618));
#4089=CARTESIAN_POINT('Ctrl Pts',(5.20471557094584,-6.,6.15066556912618));
#4090=CARTESIAN_POINT('Ctrl Pts',(5.38894789466171,-6.,6.18570262383881));
#4091=CARTESIAN_POINT('Ctrl Pts',(5.51609952897955,-6.,6.15162561980929));
#4092=CARTESIAN_POINT('Ctrl Pts',(5.65848972789784,-6.,6.12307378796414));
#4093=CARTESIAN_POINT('Ctrl Pts',(6.11225062399241,-6.,6.03208645244795));
#4094=CARTESIAN_POINT('Ctrl Pts',(6.56289096137204,-6.,5.80687625567129));
#4095=CARTESIAN_POINT('Ctrl Pts',(6.98226237462284,-6.,5.49800816451769));
#4096=CARTESIAN_POINT('',(5.20471557094584,-1.,6.15066556912618));
#4097=CARTESIAN_POINT('Origin',(4.64153472339531,-1.,6.0435605955214));
#4098=CARTESIAN_POINT('',(4.64153472339531,-6.,6.0435605955214));
#4099=CARTESIAN_POINT('',(5.20471557094584,-6.,6.15066556912618));
#4100=CARTESIAN_POINT('',(4.64153472339531,-1.,6.0435605955214));
#4101=CARTESIAN_POINT('Origin',(4.53877820524995,-1.,6.58387633467643));
#4102=CARTESIAN_POINT('',(4.0194888033346,-6.,6.40266232567492));
#4103=CARTESIAN_POINT('Origin',(4.53877820524995,-6.,6.58387633467643));
#4104=CARTESIAN_POINT('',(4.0194888033346,-1.,6.40266232567492));
#4105=CARTESIAN_POINT('Origin',(0.,-1.,5.));
#4106=CARTESIAN_POINT('',(3.98072102549138,-6.,6.5091759199016));
#4107=CARTESIAN_POINT('Origin',(0.,-6.,5.));
#4108=CARTESIAN_POINT('',(3.98072102549138,-1.,6.5091759199016));
#4109=CARTESIAN_POINT('Origin',(4.49500190588699,-1.,6.70415072868345));
#4110=CARTESIAN_POINT('',(4.22640970315902,-6.,7.18410721487125));
#4111=CARTESIAN_POINT('Origin',(4.49500190588699,-6.,6.70415072868345));
#4112=CARTESIAN_POINT('',(4.22640970315902,-1.,7.18410721487125));
#4113=CARTESIAN_POINT('Origin',(4.72667701186511,-1.,7.46406571582916));
#4114=CARTESIAN_POINT('',(4.72667701186511,-6.,7.46406571582916));
#4115=CARTESIAN_POINT('',(4.22640970315902,-6.,7.18410721487125));
#4116=CARTESIAN_POINT('',(4.72667701186511,-1.,7.46406571582916));
#4117=CARTESIAN_POINT('Ctrl Pts',(5.42965477597919,-1.,8.39755017928957));
#4118=CARTESIAN_POINT('Ctrl Pts',(5.42965477597919,-6.,8.39755017928957));
#4119=CARTESIAN_POINT('Ctrl Pts',(5.32717151264769,-1.,8.16964700220753));
#4120=CARTESIAN_POINT('Ctrl Pts',(5.32717151264769,-6.,8.16964700220753));
#4121=CARTESIAN_POINT('Ctrl Pts',(5.20328075654424,-1.,7.96028170810708));
#4122=CARTESIAN_POINT('Ctrl Pts',(5.20328075654424,-6.,7.96028170810708));
#4123=CARTESIAN_POINT('Ctrl Pts',(5.05655252812906,-1.,7.77688265209882));
#4124=CARTESIAN_POINT('Ctrl Pts',(5.05655252812906,-6.,7.77688265209882));
#4125=CARTESIAN_POINT('Ctrl Pts',(4.96582807124838,-1.,7.66348402438762));
#4126=CARTESIAN_POINT('Ctrl Pts',(4.96582807124838,-6.,7.66348402438762));
#4127=CARTESIAN_POINT('Ctrl Pts',(4.89032854431511,-1.,7.55564802973785));
#4128=CARTESIAN_POINT('Ctrl Pts',(4.89032854431511,-6.,7.55564802973785));
#4129=CARTESIAN_POINT('Ctrl Pts',(4.72667701186511,-1.,7.46406571582916));
#4130=CARTESIAN_POINT('Ctrl Pts',(4.72667701186511,-6.,7.46406571582916));
#4131=CARTESIAN_POINT('',(5.42965477597919,-6.,8.39755017928957));
#4132=CARTESIAN_POINT('Ctrl Pts',(5.42965477597919,-6.,8.39755017928957));
#4133=CARTESIAN_POINT('Ctrl Pts',(5.32717151264769,-6.,8.16964700220753));
#4134=CARTESIAN_POINT('Ctrl Pts',(5.20328075654424,-6.,7.96028170810708));
#4135=CARTESIAN_POINT('Ctrl Pts',(5.05655252812906,-6.,7.77688265209882));
#4136=CARTESIAN_POINT('Ctrl Pts',(4.96582807124838,-6.,7.66348402438762));
#4137=CARTESIAN_POINT('Ctrl Pts',(4.89032854431511,-6.,7.55564802973785));
#4138=CARTESIAN_POINT('Ctrl Pts',(4.72667701186511,-6.,7.46406571582916));
#4139=CARTESIAN_POINT('',(5.42965477597919,-1.,8.39755017928957));
#4140=CARTESIAN_POINT('Ctrl Pts',(5.66883677015324,-1.,9.10661535493143));
#4141=CARTESIAN_POINT('Ctrl Pts',(5.66883677015324,-6.,9.10661535493143));
#4142=CARTESIAN_POINT('Ctrl Pts',(5.60839779561622,-1.,8.85732865380647));
#4143=CARTESIAN_POINT('Ctrl Pts',(5.60839779561622,-6.,8.85732865380647));
#4144=CARTESIAN_POINT('Ctrl Pts',(5.52910605721122,-1.,8.61871080806801));
#4145=CARTESIAN_POINT('Ctrl Pts',(5.52910605721122,-6.,8.61871080806801));
#4146=CARTESIAN_POINT('Ctrl Pts',(5.42965477597919,-1.,8.39755017928957));
#4147=CARTESIAN_POINT('Ctrl Pts',(5.42965477597919,-6.,8.39755017928957));
#4148=CARTESIAN_POINT('',(5.66883677015324,-6.,9.10661535493143));
#4149=CARTESIAN_POINT('Ctrl Pts',(5.66883677015324,-6.,9.10661535493143));
#4150=CARTESIAN_POINT('Ctrl Pts',(5.60839779561622,-6.,8.85732865380647));
#4151=CARTESIAN_POINT('Ctrl Pts',(5.52910605721122,-6.,8.61871080806801));
#4152=CARTESIAN_POINT('Ctrl Pts',(5.42965477597919,-6.,8.39755017928957));
#4153=CARTESIAN_POINT('',(5.66883677015324,-1.,9.10661535493143));
#4154=CARTESIAN_POINT('Ctrl Pts',(5.69300343652299,-1.,9.20905118426201));
#4155=CARTESIAN_POINT('Ctrl Pts',(5.69300343652299,-6.,9.20905118426201));
#4156=CARTESIAN_POINT('Ctrl Pts',(5.68768236855203,-1.,9.18637049242533));
#4157=CARTESIAN_POINT('Ctrl Pts',(5.68768236855203,-6.,9.18637049242533));
#4158=CARTESIAN_POINT('Ctrl Pts',(5.68236130058107,-1.,9.16368980058865));
#4159=CARTESIAN_POINT('Ctrl Pts',(5.68236130058107,-6.,9.16368980058865));
#4160=CARTESIAN_POINT('Ctrl Pts',(5.67704023261011,-1.,9.14100910875196));
#4161=CARTESIAN_POINT('Ctrl Pts',(5.67704023261011,-6.,9.14100910875196));
#4162=CARTESIAN_POINT('Ctrl Pts',(5.67434538052907,-1.,9.12952248427561));
#4163=CARTESIAN_POINT('Ctrl Pts',(5.67434538052907,-6.,9.12952248427561));
#4164=CARTESIAN_POINT('Ctrl Pts',(5.67161093516714,-1.,9.1180576808476));
#4165=CARTESIAN_POINT('Ctrl Pts',(5.67161093516714,-6.,9.1180576808476));
#4166=CARTESIAN_POINT('Ctrl Pts',(5.66883677015324,-1.,9.10661535493143));
#4167=CARTESIAN_POINT('Ctrl Pts',(5.66883677015324,-6.,9.10661535493143));
#4168=CARTESIAN_POINT('',(5.69300343652299,-6.,9.20905118426201));
#4169=CARTESIAN_POINT('Ctrl Pts',(5.69300343652299,-6.,9.20905118426201));
#4170=CARTESIAN_POINT('Ctrl Pts',(5.68768236855203,-6.,9.18637049242533));
#4171=CARTESIAN_POINT('Ctrl Pts',(5.68236130058107,-6.,9.16368980058865));
#4172=CARTESIAN_POINT('Ctrl Pts',(5.67704023261011,-6.,9.14100910875196));
#4173=CARTESIAN_POINT('Ctrl Pts',(5.67434538052907,-6.,9.12952248427561));
#4174=CARTESIAN_POINT('Ctrl Pts',(5.67161093516714,-6.,9.1180576808476));
#4175=CARTESIAN_POINT('Ctrl Pts',(5.66883677015324,-6.,9.10661535493143));
#4176=CARTESIAN_POINT('',(5.69300343652299,-1.,9.20905118426201));
#4177=CARTESIAN_POINT('Origin',(0.,-1.,5.));
#4178=CARTESIAN_POINT('',(5.13368591129025,-6.,9.87561985435904));
#4179=CARTESIAN_POINT('Origin',(0.,-6.,5.));
#4180=CARTESIAN_POINT('',(5.13368591129025,-1.,9.87561985435904));
#4181=CARTESIAN_POINT('Ctrl Pts',(5.02860981480384,-1.,9.86960812904473));
#4182=CARTESIAN_POINT('Ctrl Pts',(5.02860981480384,-6.,9.86960812904473));
#4183=CARTESIAN_POINT('Ctrl Pts',(5.0403600347778,-1.,9.87035320921494));
#4184=CARTESIAN_POINT('Ctrl Pts',(5.0403600347778,-6.,9.87035320921494));
#4185=CARTESIAN_POINT('Ctrl Pts',(5.0521254935345,-1.,9.87105526998497));
#4186=CARTESIAN_POINT('Ctrl Pts',(5.0521254935345,-6.,9.87105526998497));
#4187=CARTESIAN_POINT('Ctrl Pts',(5.06390556652772,-1.,9.87171454979974));
#4188=CARTESIAN_POINT('Ctrl Pts',(5.06390556652772,-6.,9.87171454979974));
#4189=CARTESIAN_POINT('Ctrl Pts',(5.08716568144857,-1.,9.87301631798617));
#4190=CARTESIAN_POINT('Ctrl Pts',(5.08716568144857,-6.,9.87301631798617));
#4191=CARTESIAN_POINT('Ctrl Pts',(5.11042579636941,-1.,9.87431808617261));
#4192=CARTESIAN_POINT('Ctrl Pts',(5.11042579636941,-6.,9.87431808617261));
#4193=CARTESIAN_POINT('Ctrl Pts',(5.13368591129026,-1.,9.87561985435905));
#4194=CARTESIAN_POINT('Ctrl Pts',(5.13368591129026,-6.,9.87561985435905));
#4195=CARTESIAN_POINT('',(5.02860981480384,-6.,9.86960812904473));
#4196=CARTESIAN_POINT('Ctrl Pts',(5.02860981480384,-6.,9.86960812904473));
#4197=CARTESIAN_POINT('Ctrl Pts',(5.0403600347778,-6.,9.87035320921494));
#4198=CARTESIAN_POINT('Ctrl Pts',(5.0521254935345,-6.,9.87105526998497));
#4199=CARTESIAN_POINT('Ctrl Pts',(5.06390556652772,-6.,9.87171454979974));
#4200=CARTESIAN_POINT('Ctrl Pts',(5.08716568144857,-6.,9.87301631798617));
#4201=CARTESIAN_POINT('Ctrl Pts',(5.11042579636941,-6.,9.87431808617261));
#4202=CARTESIAN_POINT('Ctrl Pts',(5.13368591129026,-6.,9.87561985435905));
#4203=CARTESIAN_POINT('',(5.02860981480384,-1.,9.86960812904473));
#4204=CARTESIAN_POINT('Ctrl Pts',(3.43056309964962,-1.,9.39314839759943));
#4205=CARTESIAN_POINT('Ctrl Pts',(3.43056309964962,-6.,9.39314839759943));
#4206=CARTESIAN_POINT('Ctrl Pts',(3.48992823338026,-1.,9.43269028653748));
#4207=CARTESIAN_POINT('Ctrl Pts',(3.48992823338026,-6.,9.43269028653748));
#4208=CARTESIAN_POINT('Ctrl Pts',(3.55036908739219,-1.,9.46342974192377));
#4209=CARTESIAN_POINT('Ctrl Pts',(3.55036908739219,-6.,9.46342974192377));
#4210=CARTESIAN_POINT('Ctrl Pts',(3.61275669667872,-1.,9.49753152102844));
#4211=CARTESIAN_POINT('Ctrl Pts',(3.61275669667872,-6.,9.49753152102844));
#4212=CARTESIAN_POINT('Ctrl Pts',(4.01884324157384,-1.,9.71950306008502));
#4213=CARTESIAN_POINT('Ctrl Pts',(4.01884324157384,-6.,9.71950306008502));
#4214=CARTESIAN_POINT('Ctrl Pts',(4.50881609199231,-1.,9.83664806563105));
#4215=CARTESIAN_POINT('Ctrl Pts',(4.50881609199231,-6.,9.83664806563105));
#4216=CARTESIAN_POINT('Ctrl Pts',(5.02860981480384,-1.,9.86960812904473));
#4217=CARTESIAN_POINT('Ctrl Pts',(5.02860981480384,-6.,9.86960812904473));
#4218=CARTESIAN_POINT('',(3.43056309964949,-6.,9.39314839759935));
#4219=CARTESIAN_POINT('Ctrl Pts',(3.43056309964962,-6.,9.39314839759943));
#4220=CARTESIAN_POINT('Ctrl Pts',(3.48992823338026,-6.,9.43269028653748));
#4221=CARTESIAN_POINT('Ctrl Pts',(3.55036908739219,-6.,9.46342974192377));
#4222=CARTESIAN_POINT('Ctrl Pts',(3.61275669667872,-6.,9.49753152102844));
#4223=CARTESIAN_POINT('Ctrl Pts',(4.01884324157384,-6.,9.71950306008502));
#4224=CARTESIAN_POINT('Ctrl Pts',(4.50881609199231,-6.,9.83664806563105));
#4225=CARTESIAN_POINT('Ctrl Pts',(5.02860981480384,-6.,9.86960812904473));
#4226=CARTESIAN_POINT('',(3.43056309964949,-1.,9.39314839759935));
#4227=CARTESIAN_POINT('Ctrl Pts',(3.24740987041067,-1.,9.22698764606404));
#4228=CARTESIAN_POINT('Ctrl Pts',(3.24740987041067,-6.,9.22698764606404));
#4229=CARTESIAN_POINT('Ctrl Pts',(3.3079497480132,-1.,9.30113187734928));
#4230=CARTESIAN_POINT('Ctrl Pts',(3.3079497480132,-6.,9.30113187734928));
#4231=CARTESIAN_POINT('Ctrl Pts',(3.36867181488622,-1.,9.35192389165539));
#4232=CARTESIAN_POINT('Ctrl Pts',(3.36867181488622,-6.,9.35192389165539));
#4233=CARTESIAN_POINT('Ctrl Pts',(3.43056309964949,-1.,9.39314839759935));
#4234=CARTESIAN_POINT('Ctrl Pts',(3.43056309964949,-6.,9.39314839759935));
#4235=CARTESIAN_POINT('',(3.24740987041067,-6.,9.22698764606404));
#4236=CARTESIAN_POINT('Ctrl Pts',(3.24740987041067,-6.,9.22698764606404));
#4237=CARTESIAN_POINT('Ctrl Pts',(3.3079497480132,-6.,9.30113187734928));
#4238=CARTESIAN_POINT('Ctrl Pts',(3.36867181488622,-6.,9.35192389165539));
#4239=CARTESIAN_POINT('Ctrl Pts',(3.43056309964949,-6.,9.39314839759935));
#4240=CARTESIAN_POINT('',(3.24740987041067,-1.,9.22698764606404));
#4241=CARTESIAN_POINT('Origin',(2.8848340616425,-1.,8.78293480538544));
#4242=CARTESIAN_POINT('',(2.8848340616425,-6.,8.78293480538544));
#4243=CARTESIAN_POINT('',(3.24740987041067,-6.,9.22698764606404));
#4244=CARTESIAN_POINT('',(2.8848340616425,-1.,8.78293480538544));
#4245=CARTESIAN_POINT('Origin',(2.45880973947552,-1.,9.13079005821651));
#4246=CARTESIAN_POINT('',(2.17749309845548,-6.,8.65817928021287));
#4247=CARTESIAN_POINT('Origin',(2.45880973947552,-6.,9.13079005821651));
#4248=CARTESIAN_POINT('',(2.17749309845548,-1.,8.65817928021287));
#4249=CARTESIAN_POINT('Origin',(0.,-1.,5.));
#4250=CARTESIAN_POINT('',(2.07932963903449,-6.,8.71485397993417));
#4251=CARTESIAN_POINT('Origin',(0.,-6.,5.));
#4252=CARTESIAN_POINT('',(2.07932963903449,-1.,8.71485397993417));
#4253=CARTESIAN_POINT('Origin',(2.34796425837794,-1.,9.19478672656665));
#4254=CARTESIAN_POINT('',(1.83370061150288,-6.,9.38980698577777));
#4255=CARTESIAN_POINT('Origin',(2.34796425837794,-6.,9.19478672656665));
#4256=CARTESIAN_POINT('',(1.83370061150288,-1.,9.38980698577777));
#4257=CARTESIAN_POINT('Origin',(2.0369737477691,-1.,9.92583326730799));
#4258=CARTESIAN_POINT('',(2.0369737477691,-6.,9.92583326730799));
#4259=CARTESIAN_POINT('',(1.83370061150288,-6.,9.38980698577777));
#4260=CARTESIAN_POINT('',(2.0369737477691,-1.,9.92583326730799));
#4261=CARTESIAN_POINT('Ctrl Pts',(1.702899438826,-1.,11.7897079098623));
#4262=CARTESIAN_POINT('Ctrl Pts',(1.702899438826,-6.,11.7897079098623));
#4263=CARTESIAN_POINT('Ctrl Pts',(1.93425204799702,-1.,11.3230733094887));
#4264=CARTESIAN_POINT('Ctrl Pts',(1.93425204799702,-6.,11.3230733094887));
#4265=CARTESIAN_POINT('Ctrl Pts',(2.07778792247879,-1.,10.8401718710916));
#4266=CARTESIAN_POINT('Ctrl Pts',(2.07778792247879,-6.,10.8401718710916));
#4267=CARTESIAN_POINT('Ctrl Pts',(2.08859820319179,-1.,10.377504837562));
#4268=CARTESIAN_POINT('Ctrl Pts',(2.08859820319179,-6.,10.377504837562));
#4269=CARTESIAN_POINT('Ctrl Pts',(2.09199046998617,-1.,10.2323198921972));
#4270=CARTESIAN_POINT('Ctrl Pts',(2.09199046998617,-6.,10.2323198921972));
#4271=CARTESIAN_POINT('Ctrl Pts',(2.10347011815099,-1.,10.101182567298));
#4272=CARTESIAN_POINT('Ctrl Pts',(2.10347011815099,-6.,10.101182567298));
#4273=CARTESIAN_POINT('Ctrl Pts',(2.0369737477691,-1.,9.92583326730799));
#4274=CARTESIAN_POINT('Ctrl Pts',(2.0369737477691,-6.,9.92583326730799));
#4275=CARTESIAN_POINT('',(1.702899438826,-6.,11.7897079098623));
#4276=CARTESIAN_POINT('Ctrl Pts',(1.702899438826,-6.,11.7897079098623));
#4277=CARTESIAN_POINT('Ctrl Pts',(1.93425204799702,-6.,11.3230733094887));
#4278=CARTESIAN_POINT('Ctrl Pts',(2.07778792247879,-6.,10.8401718710916));
#4279=CARTESIAN_POINT('Ctrl Pts',(2.08859820319179,-6.,10.377504837562));
#4280=CARTESIAN_POINT('Ctrl Pts',(2.09199046998617,-6.,10.2323198921972));
#4281=CARTESIAN_POINT('Ctrl Pts',(2.10347011815099,-6.,10.101182567298));
#4282=CARTESIAN_POINT('Ctrl Pts',(2.0369737477691,-6.,9.92583326730799));
#4283=CARTESIAN_POINT('',(1.702899438826,-1.,11.7897079098623));
#4284=CARTESIAN_POINT('Ctrl Pts',(1.65556769742562,-1.,11.8837123414071));
#4285=CARTESIAN_POINT('Ctrl Pts',(1.65556769742562,-6.,11.8837123414071));
#4286=CARTESIAN_POINT('Ctrl Pts',(1.66607039056675,-1.,11.8629176068975));
#4287=CARTESIAN_POINT('Ctrl Pts',(1.66607039056675,-6.,11.8629176068975));
#4288=CARTESIAN_POINT('Ctrl Pts',(1.67657308370787,-1.,11.8421228723879));
#4289=CARTESIAN_POINT('Ctrl Pts',(1.67657308370787,-6.,11.8421228723879));
#4290=CARTESIAN_POINT('Ctrl Pts',(1.687075776849,-1.,11.8213281378783));
#4291=CARTESIAN_POINT('Ctrl Pts',(1.687075776849,-6.,11.8213281378783));
#4292=CARTESIAN_POINT('Ctrl Pts',(1.6923948602778,-1.,11.8107966555003));
#4293=CARTESIAN_POINT('Ctrl Pts',(1.6923948602778,-6.,11.8107966555003));
#4294=CARTESIAN_POINT('Ctrl Pts',(1.69766958719429,-1.,11.8002564389449));
#4295=CARTESIAN_POINT('Ctrl Pts',(1.69766958719429,-6.,11.8002564389449));
#4296=CARTESIAN_POINT('Ctrl Pts',(1.702899438826,-1.,11.7897079098623));
#4297=CARTESIAN_POINT('Ctrl Pts',(1.702899438826,-6.,11.7897079098623));
#4298=CARTESIAN_POINT('',(1.65556769742562,-6.,11.8837123414071));
#4299=CARTESIAN_POINT('Ctrl Pts',(1.65556769742562,-6.,11.8837123414071));
#4300=CARTESIAN_POINT('Ctrl Pts',(1.66607039056675,-6.,11.8629176068975));
#4301=CARTESIAN_POINT('Ctrl Pts',(1.67657308370787,-6.,11.8421228723879));
#4302=CARTESIAN_POINT('Ctrl Pts',(1.687075776849,-6.,11.8213281378783));
#4303=CARTESIAN_POINT('Ctrl Pts',(1.6923948602778,-6.,11.8107966555003));
#4304=CARTESIAN_POINT('Ctrl Pts',(1.69766958719429,-6.,11.8002564389449));
#4305=CARTESIAN_POINT('Ctrl Pts',(1.702899438826,-6.,11.7897079098623));
#4306=CARTESIAN_POINT('',(1.65556769742562,-1.,11.8837123414071));
#4307=CARTESIAN_POINT('Origin',(0.,-1.,5.));
#4308=CARTESIAN_POINT('',(0.798643533138387,-6.,12.034811191992));
#4309=CARTESIAN_POINT('Origin',(0.,-6.,5.));
#4310=CARTESIAN_POINT('',(0.798643533138387,-1.,12.034811191992));
#4311=CARTESIAN_POINT('Ctrl Pts',(0.722014835865241,-1.,11.9626643303258));
#4312=CARTESIAN_POINT('Ctrl Pts',(0.722014835865241,-6.,11.9626643303258));
#4313=CARTESIAN_POINT('Ctrl Pts',(0.73053709828008,-1.,11.9707879906602));
#4314=CARTESIAN_POINT('Ctrl Pts',(0.73053709828008,-6.,11.9707879906602));
#4315=CARTESIAN_POINT('Ctrl Pts',(0.739098686617169,-1.,11.9788884915229));
#4316=CARTESIAN_POINT('Ctrl Pts',(0.739098686617169,-6.,11.9788884915229));
#4317=CARTESIAN_POINT('Ctrl Pts',(0.747698969176905,-1.,11.9869656141227));
#4318=CARTESIAN_POINT('Ctrl Pts',(0.747698969176905,-6.,11.9869656141227));
#4319=CARTESIAN_POINT('Ctrl Pts',(0.764680490497401,-1.,12.0029141400791));
#4320=CARTESIAN_POINT('Ctrl Pts',(0.764680490497401,-6.,12.0029141400791));
#4321=CARTESIAN_POINT('Ctrl Pts',(0.781662011817897,-1.,12.0188626660356));
#4322=CARTESIAN_POINT('Ctrl Pts',(0.781662011817897,-6.,12.0188626660356));
#4323=CARTESIAN_POINT('Ctrl Pts',(0.798643533138394,-1.,12.034811191992));
#4324=CARTESIAN_POINT('Ctrl Pts',(0.798643533138394,-6.,12.034811191992));
#4325=CARTESIAN_POINT('',(0.722014835865241,-6.,11.9626643303258));
#4326=CARTESIAN_POINT('Ctrl Pts',(0.722014835865241,-6.,11.9626643303258));
#4327=CARTESIAN_POINT('Ctrl Pts',(0.73053709828008,-6.,11.9707879906602));
#4328=CARTESIAN_POINT('Ctrl Pts',(0.73909868661717,-6.,11.9788884915229));
#4329=CARTESIAN_POINT('Ctrl Pts',(0.747698969176905,-6.,11.9869656141227));
#4330=CARTESIAN_POINT('Ctrl Pts',(0.764680490497401,-6.,12.0029141400791));
#4331=CARTESIAN_POINT('Ctrl Pts',(0.781662011817897,-6.,12.0188626660356));
#4332=CARTESIAN_POINT('Ctrl Pts',(0.798643533138394,-6.,12.034811191992));
#4333=CARTESIAN_POINT('',(0.722014835865241,-1.,11.9626643303258));
#4334=CARTESIAN_POINT('Ctrl Pts',(-0.229394999430221,-1.,10.3254552256737));
#4335=CARTESIAN_POINT('Ctrl Pts',(-0.229394999430221,-6.,10.3254552256737));
#4336=CARTESIAN_POINT('Ctrl Pts',(-0.23190815527251,-1.,10.5129727670646));
#4337=CARTESIAN_POINT('Ctrl Pts',(-0.23190815527251,-6.,10.5129727670646));
#4338=CARTESIAN_POINT('Ctrl Pts',(-0.176269207944918,-1.,10.6322752726714));
#4339=CARTESIAN_POINT('Ctrl Pts',(-0.176269207944918,-6.,10.6322752726714));
#4340=CARTESIAN_POINT('Ctrl Pts',(-0.123425344047294,-1.,10.7675442709063));
#4341=CARTESIAN_POINT('Ctrl Pts',(-0.123425344047294,-6.,10.7675442709063));
#4342=CARTESIAN_POINT('Ctrl Pts',(0.0449744420880134,-1.,11.1986117344365));
#4343=CARTESIAN_POINT('Ctrl Pts',(0.0449744420880134,-6.,11.1986117344365));
#4344=CARTESIAN_POINT('Ctrl Pts',(0.345016063324577,-1.,11.6032984922966));
#4345=CARTESIAN_POINT('Ctrl Pts',(0.345016063324577,-6.,11.6032984922966));
#4346=CARTESIAN_POINT('Ctrl Pts',(0.722014835865241,-1.,11.9626643303258));
#4347=CARTESIAN_POINT('Ctrl Pts',(0.722014835865241,-6.,11.9626643303258));
#4348=CARTESIAN_POINT('',(-0.229394999430221,-6.,10.3254552256737));
#4349=CARTESIAN_POINT('Ctrl Pts',(-0.229394999430221,-6.,10.3254552256737));
#4350=CARTESIAN_POINT('Ctrl Pts',(-0.23190815527251,-6.,10.5129727670646));
#4351=CARTESIAN_POINT('Ctrl Pts',(-0.176269207944918,-6.,10.6322752726714));
#4352=CARTESIAN_POINT('Ctrl Pts',(-0.123425344047294,-6.,10.7675442709063));
#4353=CARTESIAN_POINT('Ctrl Pts',(0.0449744420880134,-6.,11.1986117344365));
#4354=CARTESIAN_POINT('Ctrl Pts',(0.345016063324577,-6.,11.6032984922966));
#4355=CARTESIAN_POINT('Ctrl Pts',(0.722014835865241,-6.,11.9626643303258));
#4356=CARTESIAN_POINT('',(-0.229394999430221,-1.,10.3254552256737));
#4357=CARTESIAN_POINT('Origin',(-0.221712518912136,-1.,9.75223177717238));
#4358=CARTESIAN_POINT('',(-0.221712518912136,-6.,9.75223177717238));
#4359=CARTESIAN_POINT('',(-0.229394999430221,-6.,10.3254552256737));
#4360=CARTESIAN_POINT('',(-0.221712518912136,-1.,9.75223177717238));
#4361=CARTESIAN_POINT('Origin',(-0.771663130025869,-1.,9.74486120489933));
#4362=CARTESIAN_POINT('',(-0.683375827331114,-6.,9.20199349340519));
#4363=CARTESIAN_POINT('Origin',(-0.771663130025869,-6.,9.74486120489933));
#4364=CARTESIAN_POINT('',(-0.683375827331114,-1.,9.20199349340519));
#4365=CARTESIAN_POINT('Origin',(0.,-1.,5.));
#4366=CARTESIAN_POINT('',(-0.795003194701418,-6.,9.18231057675235));
#4367=CARTESIAN_POINT('Origin',(0.,-6.,5.));
#4368=CARTESIAN_POINT('',(-0.795003194701419,-1.,9.18231057675235));
#4369=CARTESIAN_POINT('Origin',(-0.897711960342211,-1.,9.72263539522781));
#4370=CARTESIAN_POINT('Origin',(-0.897711960342211,-6.,9.72263539522781));
#4371=CARTESIAN_POINT('Origin',(0.,-1.,5.));
#4372=CARTESIAN_POINT('',(-8.75,-6.,5.));
#4373=CARTESIAN_POINT('Origin',(0.,-6.,5.));
#4374=CARTESIAN_POINT('',(-8.75,-1.,5.));
#4375=CARTESIAN_POINT('Origin',(0.,-6.,5.));
#4376=UNCERTAINTY_MEASURE_WITH_UNIT(LENGTH_MEASURE(0.01),#4380,
'DISTANCE_ACCURACY_VALUE',
'Maximum model space distance between geometric entities at asserted c
onnectivities');
#4377=UNCERTAINTY_MEASURE_WITH_UNIT(LENGTH_MEASURE(0.01),#4380,
'DISTANCE_ACCURACY_VALUE',
'Maximum model space distance between geometric entities at asserted c
onnectivities');
#4378=(
GEOMETRIC_REPRESENTATION_CONTEXT(3)
GLOBAL_UNCERTAINTY_ASSIGNED_CONTEXT((#4376))
GLOBAL_UNIT_ASSIGNED_CONTEXT((#4380,#4381,#4382))
REPRESENTATION_CONTEXT('','3D')
);
#4379=(
GEOMETRIC_REPRESENTATION_CONTEXT(3)
GLOBAL_UNCERTAINTY_ASSIGNED_CONTEXT((#4377))
GLOBAL_UNIT_ASSIGNED_CONTEXT((#4380,#4381,#4382))
REPRESENTATION_CONTEXT('','3D')
);
#4380=(
LENGTH_UNIT()
NAMED_UNIT(*)
SI_UNIT(.MILLI.,.METRE.)
);
#4381=(
NAMED_UNIT(*)
PLANE_ANGLE_UNIT()
SI_UNIT($,.RADIAN.)
);
#4382=(
NAMED_UNIT(*)
SI_UNIT($,.STERADIAN.)
SOLID_ANGLE_UNIT()
);
#4383=SHAPE_DEFINITION_REPRESENTATION(#4384,#4385);
#4384=PRODUCT_DEFINITION_SHAPE('',$,#4387);
#4385=SHAPE_REPRESENTATION('',(#2130),#4378);
#4386=PRODUCT_DEFINITION_CONTEXT('part definition',#4391,'design');
#4387=PRODUCT_DEFINITION('n\X2\1ED1\X0\i b\X\E1nh xe',
'n\X2\1ED1\X0\i b\X\E1nh xe v10',#4388,#4386);
#4388=PRODUCT_DEFINITION_FORMATION('',$,#4393);
#4389=PRODUCT_RELATED_PRODUCT_CATEGORY('n\X2\1ED1\X0\i b\X\E1nh xe v10',
'n\X2\1ED1\X0\i b\X\E1nh xe v10',(#4393));
#4390=APPLICATION_PROTOCOL_DEFINITION('international standard',
'automotive_design',2009,#4391);
#4391=APPLICATION_CONTEXT(
'Core Data for Automotive Mechanical Design Process');
#4392=PRODUCT_CONTEXT('part definition',#4391,'mechanical');
#4393=PRODUCT('n\X2\1ED1\X0\i b\X\E1nh xe','n\X2\1ED1\X0\i b\X\E1nh xe
 v10',$,(#4392));
#4394=PRESENTATION_STYLE_ASSIGNMENT((#4396));
#4395=PRESENTATION_STYLE_ASSIGNMENT((#4397));
#4396=SURFACE_STYLE_USAGE(.BOTH.,#4398);
#4397=SURFACE_STYLE_USAGE(.BOTH.,#4399);
#4398=SURFACE_SIDE_STYLE('',(#4400));
#4399=SURFACE_SIDE_STYLE('',(#4401));
#4400=SURFACE_STYLE_FILL_AREA(#4402);
#4401=SURFACE_STYLE_FILL_AREA(#4403);
#4402=FILL_AREA_STYLE('Steel - Satin',(#4404));
#4403=FILL_AREA_STYLE('ABS (White)',(#4405));
#4404=FILL_AREA_STYLE_COLOUR('Steel - Satin',#4406);
#4405=FILL_AREA_STYLE_COLOUR('ABS (White)',#4407);
#4406=COLOUR_RGB('Steel - Satin',0.627450980392157,0.627450980392157,0.627450980392157);
#4407=COLOUR_RGB('ABS (White)',0.964705882352941,0.964705882352941,0.952941176470588);
ENDSEC;
END-ISO-10303-21;
