ISO-10303-21;
HEADER;
/* Generated by software containing ST-Developer
 * from STEP Tools, Inc. (www.steptools.com) 
 */

FILE_DESCRIPTION(
/* description */ (''),
/* implementation_level */ '2;1');

FILE_NAME(
/* name */ 'Pen Holder.step',
/* time_stamp */ '2025-04-08T23:27:39+07:00',
/* author */ (''),
/* organization */ (''),
/* preprocessor_version */ 'ST-DEVELOPER v20.1',
/* originating_system */ 'Autodesk Translation Framework v14.4.0.0',
/* authorisation */ '');

FILE_SCHEMA (('AUTOMOTIVE_DESIGN { 1 0 10303 214 3 1 1 }'));
ENDSEC;

DATA;
#10=MECHANICAL_DESIGN_GEOMETRIC_PRESENTATION_REPRESENTATION('',(#69,#70,
#71,#72,#73,#74),#5011);
#11=ITEM_DEFINED_TRANSFORMATION($,$,#2948,#3230);
#12=ITEM_DEFINED_TRANSFORMATION($,$,#3036,#3231);
#13=ITEM_DEFINED_TRANSFORMATION($,$,#3126,#3232);
#14=ITEM_DEFINED_TRANSFORMATION($,$,#3126,#3233);
#15=ITEM_DEFINED_TRANSFORMATION($,$,#3146,#3234);
#16=ITEM_DEFINED_TRANSFORMATION($,$,#3146,#3235);
#17=(
REPRESENTATION_RELATIONSHIP($,$,#5033,#5032)
REPRESENTATION_RELATIONSHIP_WITH_TRANSFORMATION(#11)
SHAPE_REPRESENTATION_RELATIONSHIP()
);
#18=(
REPRESENTATION_RELATIONSHIP($,$,#5034,#5032)
REPRESENTATION_RELATIONSHIP_WITH_TRANSFORMATION(#12)
SHAPE_REPRESENTATION_RELATIONSHIP()
);
#19=(
REPRESENTATION_RELATIONSHIP($,$,#5035,#5032)
REPRESENTATION_RELATIONSHIP_WITH_TRANSFORMATION(#13)
SHAPE_REPRESENTATION_RELATIONSHIP()
);
#20=(
REPRESENTATION_RELATIONSHIP($,$,#5035,#5032)
REPRESENTATION_RELATIONSHIP_WITH_TRANSFORMATION(#14)
SHAPE_REPRESENTATION_RELATIONSHIP()
);
#21=(
REPRESENTATION_RELATIONSHIP($,$,#5036,#5032)
REPRESENTATION_RELATIONSHIP_WITH_TRANSFORMATION(#15)
SHAPE_REPRESENTATION_RELATIONSHIP()
);
#22=(
REPRESENTATION_RELATIONSHIP($,$,#5036,#5032)
REPRESENTATION_RELATIONSHIP_WITH_TRANSFORMATION(#16)
SHAPE_REPRESENTATION_RELATIONSHIP()
);
#23=CONTEXT_DEPENDENT_SHAPE_REPRESENTATION(#17,#5026);
#24=CONTEXT_DEPENDENT_SHAPE_REPRESENTATION(#18,#5027);
#25=CONTEXT_DEPENDENT_SHAPE_REPRESENTATION(#19,#5028);
#26=CONTEXT_DEPENDENT_SHAPE_REPRESENTATION(#20,#5029);
#27=CONTEXT_DEPENDENT_SHAPE_REPRESENTATION(#21,#5030);
#28=CONTEXT_DEPENDENT_SHAPE_REPRESENTATION(#22,#5031);
#29=NEXT_ASSEMBLY_USAGE_OCCURRENCE('Component1:1','Component1:1',
'Component1:1',#5038,#5039,'Component1:1');
#30=NEXT_ASSEMBLY_USAGE_OCCURRENCE('Component2:1','Component2:1',
'Component2:1',#5038,#5040,'Component2:1');
#31=NEXT_ASSEMBLY_USAGE_OCCURRENCE(
'Hexagon Regular Nut ISO 4032 - M4 Steel 6 Plain v2:1',
'Hexagon Regular Nut ISO 4032 - M4 Steel 6 Plain v2:1',
'Hexagon Regular Nut ISO 4032 - M4 Steel 6 Plain v2:1',#5038,#5041,
'Hexagon Regular Nut ISO 4032 - M4 Steel 6 Plain v2:1');
#32=NEXT_ASSEMBLY_USAGE_OCCURRENCE(
'Hexagon Regular Nut ISO 4032 - M4 Steel 6 Plain v2:2',
'Hexagon Regular Nut ISO 4032 - M4 Steel 6 Plain v2:2',
'Hexagon Regular Nut ISO 4032 - M4 Steel 6 Plain v2:2',#5038,#5041,
'Hexagon Regular Nut ISO 4032 - M4 Steel 6 Plain v2:2');
#33=NEXT_ASSEMBLY_USAGE_OCCURRENCE(
'Pan Head Screw ISO 7045 - M4 x 16 - Z Steel 4.6 Plain v2:1',
'Pan Head Screw ISO 7045 - M4 x 16 - Z Steel 4.6 Plain v2:1',
'Pan Head Screw ISO 7045 - M4 x 16 - Z Steel 4.6 Plain v2:1',#5038,#5042,
'Pan Head Screw ISO 7045 - M4 x 16 - Z Steel 4.6 Plain v2:1');
#34=NEXT_ASSEMBLY_USAGE_OCCURRENCE(
'Pan Head Screw ISO 7045 - M4 x 16 - Z Steel 4.6 Plain v2:2',
'Pan Head Screw ISO 7045 - M4 x 16 - Z Steel 4.6 Plain v2:2',
'Pan Head Screw ISO 7045 - M4 x 16 - Z Steel 4.6 Plain v2:2',#5038,#5042,
'Pan Head Screw ISO 7045 - M4 x 16 - Z Steel 4.6 Plain v2:2');
#35=SPHERICAL_SURFACE('',#3163,6.5);
#36=TOROIDAL_SURFACE('',#3150,2.210555,0.4);
#37=TOROIDAL_SURFACE('',#3158,2.92345827408356,1.03333333333333);
#38=(
BOUNDED_CURVE()
B_SPLINE_CURVE(2,(#4709,#4710,#4711),.UNSPECIFIED.,.F.,.F.)
B_SPLINE_CURVE_WITH_KNOTS((3,3),(0.000183619858829151,0.409201691716139),
 .UNSPECIFIED.)
CURVE()
GEOMETRIC_REPRESENTATION_ITEM()
RATIONAL_B_SPLINE_CURVE((1.00013898062186,1.15486101937814,1.00013898062186))
REPRESENTATION_ITEM('')
);
#39=(
BOUNDED_CURVE()
B_SPLINE_CURVE(2,(#4714,#4715,#4716),.UNSPECIFIED.,.F.,.F.)
B_SPLINE_CURVE_WITH_KNOTS((3,3),(0.00018361985882937,0.40920169171614),
 .UNSPECIFIED.)
CURVE()
GEOMETRIC_REPRESENTATION_ITEM()
RATIONAL_B_SPLINE_CURVE((1.00013898062186,1.15486101937813,1.00013898062186))
REPRESENTATION_ITEM('')
);
#40=(
BOUNDED_CURVE()
B_SPLINE_CURVE(2,(#4719,#4720,#4721),.UNSPECIFIED.,.F.,.F.)
B_SPLINE_CURVE_WITH_KNOTS((3,3),(0.000183619858829368,0.409201691716139),
 .UNSPECIFIED.)
CURVE()
GEOMETRIC_REPRESENTATION_ITEM()
RATIONAL_B_SPLINE_CURVE((1.00013898062186,1.15486101937814,1.00013898062186))
REPRESENTATION_ITEM('')
);
#41=(
BOUNDED_CURVE()
B_SPLINE_CURVE(2,(#4724,#4725,#4726),.UNSPECIFIED.,.F.,.F.)
B_SPLINE_CURVE_WITH_KNOTS((3,3),(0.000183619858829185,0.409201691716139),
 .UNSPECIFIED.)
CURVE()
GEOMETRIC_REPRESENTATION_ITEM()
RATIONAL_B_SPLINE_CURVE((1.00013898062186,1.15486101937814,1.00013898062186))
REPRESENTATION_ITEM('')
);
#42=(
BOUNDED_CURVE()
B_SPLINE_CURVE(2,(#4733,#4734,#4735),.UNSPECIFIED.,.F.,.F.)
B_SPLINE_CURVE_WITH_KNOTS((3,3),(0.204692655787484,0.409201691716139),
 .UNSPECIFIED.)
CURVE()
GEOMETRIC_REPRESENTATION_ITEM()
RATIONAL_B_SPLINE_CURVE((1.0775,1.0775,1.00013898062186))
REPRESENTATION_ITEM('')
);
#43=(
BOUNDED_CURVE()
B_SPLINE_CURVE(2,(#4737,#4738,#4739),.UNSPECIFIED.,.F.,.F.)
B_SPLINE_CURVE_WITH_KNOTS((3,3),(0.000183619858829494,0.409201691716139),
 .UNSPECIFIED.)
CURVE()
GEOMETRIC_REPRESENTATION_ITEM()
RATIONAL_B_SPLINE_CURVE((1.00013898062186,1.15486101937814,1.00013898062186))
REPRESENTATION_ITEM('')
);
#44=(
BOUNDED_CURVE()
B_SPLINE_CURVE(2,(#4740,#4741,#4742),.UNSPECIFIED.,.F.,.F.)
B_SPLINE_CURVE_WITH_KNOTS((3,3),(0.000183619858829515,0.409201691716139),
 .UNSPECIFIED.)
CURVE()
GEOMETRIC_REPRESENTATION_ITEM()
RATIONAL_B_SPLINE_CURVE((1.00013898062186,1.15486101937814,1.00013898062186))
REPRESENTATION_ITEM('')
);
#45=(
BOUNDED_CURVE()
B_SPLINE_CURVE(2,(#4744,#4745,#4746),.UNSPECIFIED.,.F.,.F.)
B_SPLINE_CURVE_WITH_KNOTS((3,3),(0.000183619858829365,0.409201691716139),
 .UNSPECIFIED.)
CURVE()
GEOMETRIC_REPRESENTATION_ITEM()
RATIONAL_B_SPLINE_CURVE((1.00013898062186,1.15486101937814,1.00013898062186))
REPRESENTATION_ITEM('')
);
#46=(
BOUNDED_CURVE()
B_SPLINE_CURVE(2,(#4747,#4748,#4749),.UNSPECIFIED.,.F.,.F.)
B_SPLINE_CURVE_WITH_KNOTS((3,3),(0.000183619858829412,0.204692655787484),
 .UNSPECIFIED.)
CURVE()
GEOMETRIC_REPRESENTATION_ITEM()
RATIONAL_B_SPLINE_CURVE((1.00013898062186,1.0775,1.0775))
REPRESENTATION_ITEM('')
);
#47=(
BOUNDED_CURVE()
B_SPLINE_CURVE(2,(#4752,#4753,#4754),.UNSPECIFIED.,.F.,.F.)
B_SPLINE_CURVE_WITH_KNOTS((3,3),(0.000183619858829225,0.409201691716139),
 .UNSPECIFIED.)
CURVE()
GEOMETRIC_REPRESENTATION_ITEM()
RATIONAL_B_SPLINE_CURVE((1.00013898062186,1.15486101937814,1.00013898062186))
REPRESENTATION_ITEM('')
);
#48=(
BOUNDED_CURVE()
B_SPLINE_CURVE(2,(#4758,#4759,#4760),.UNSPECIFIED.,.F.,.F.)
B_SPLINE_CURVE_WITH_KNOTS((3,3),(0.204692655787484,0.409201691716139),
 .UNSPECIFIED.)
CURVE()
GEOMETRIC_REPRESENTATION_ITEM()
RATIONAL_B_SPLINE_CURVE((1.0775,1.0775,1.00013898062186))
REPRESENTATION_ITEM('')
);
#49=(
BOUNDED_CURVE()
B_SPLINE_CURVE(2,(#4762,#4763,#4764),.UNSPECIFIED.,.F.,.F.)
B_SPLINE_CURVE_WITH_KNOTS((3,3),(0.000183619858829143,0.204692655787484),
 .UNSPECIFIED.)
CURVE()
GEOMETRIC_REPRESENTATION_ITEM()
RATIONAL_B_SPLINE_CURVE((1.00013898062186,1.0775,1.0775))
REPRESENTATION_ITEM('')
);
#50=(
BOUNDED_CURVE()
B_SPLINE_CURVE(2,(#4768,#4769,#4770),.UNSPECIFIED.,.F.,.F.)
B_SPLINE_CURVE_WITH_KNOTS((3,3),(0.000183619858829284,0.409201691716139),
 .UNSPECIFIED.)
CURVE()
GEOMETRIC_REPRESENTATION_ITEM()
RATIONAL_B_SPLINE_CURVE((1.00013898062186,1.15486101937813,1.00013898062186))
REPRESENTATION_ITEM('')
);
#51=(
BOUNDED_CURVE()
B_SPLINE_CURVE(2,(#4773,#4774,#4775),.UNSPECIFIED.,.F.,.F.)
B_SPLINE_CURVE_WITH_KNOTS((3,3),(0.000183619858829149,0.409201691716139),
 .UNSPECIFIED.)
CURVE()
GEOMETRIC_REPRESENTATION_ITEM()
RATIONAL_B_SPLINE_CURVE((1.00013898062186,1.15486101937814,1.00013898062186))
REPRESENTATION_ITEM('')
);
#52=CONICAL_SURFACE('',#3127,1.5381197846483,0.5235987755983);
#53=CONICAL_SURFACE('',#3130,1.5381197846483,0.523598775598301);
#54=CONICAL_SURFACE('',#3135,3.49625,1.0471975511966);
#55=CONICAL_SURFACE('',#3143,3.49625,1.0471975511966);
#56=CONICAL_SURFACE('',#3147,1.80529249999995,0.82987111743047);
#57=CONICAL_SURFACE('',#3186,3.96907472454028,0.0349065850398895);
#58=CONICAL_SURFACE('',#3219,1.9052775,0.43633231299858);
#59=SHAPE_REPRESENTATION_RELATIONSHIP('SRR','None',#5033,#64);
#60=SHAPE_REPRESENTATION_RELATIONSHIP('SRR','None',#5034,#65);
#61=SHAPE_REPRESENTATION_RELATIONSHIP('SRR','None',#5035,#66);
#62=SHAPE_REPRESENTATION_RELATIONSHIP('SRR','None',#5036,#67);
#63=SHAPE_REPRESENTATION_RELATIONSHIP('SRR','None',#5032,#68);
#64=ADVANCED_BREP_SHAPE_REPRESENTATION('',(#75),#5007);
#65=ADVANCED_BREP_SHAPE_REPRESENTATION('',(#76),#5008);
#66=ADVANCED_BREP_SHAPE_REPRESENTATION('',(#77),#5009);
#67=ADVANCED_BREP_SHAPE_REPRESENTATION('',(#78),#5010);
#68=ADVANCED_BREP_SHAPE_REPRESENTATION('',(#79,#80),#5006);
#69=STYLED_ITEM('',(#5063),#75);
#70=STYLED_ITEM('',(#5063),#76);
#71=STYLED_ITEM('',(#5062),#77);
#72=STYLED_ITEM('',(#5061),#78);
#73=STYLED_ITEM('',(#5062),#79);
#74=STYLED_ITEM('',(#5062),#80);
#75=MANIFOLD_SOLID_BREP('Body1',#2896);
#76=MANIFOLD_SOLID_BREP('Body1',#2897);
#77=MANIFOLD_SOLID_BREP('Body1',#2898);
#78=MANIFOLD_SOLID_BREP('Body1',#2899);
#79=MANIFOLD_SOLID_BREP('Body9',#2900);
#80=MANIFOLD_SOLID_BREP('Body10',#2901);
#81=B_SPLINE_CURVE_WITH_KNOTS('',3,(#4202,#4203,#4204,#4205,#4206,#4207,
#4208,#4209,#4210,#4211,#4212,#4213,#4214,#4215,#4216,#4217,#4218,#4219,
#4220,#4221,#4222,#4223,#4224,#4225,#4226,#4227,#4228,#4229,#4230,#4231,
#4232,#4233,#4234,#4235),.UNSPECIFIED.,.T.,.F.,(4,2,2,2,2,2,2,2,2,2,2,2,
2,2,2,2,4),(0.,0.0793616477694783,0.158723295538957,0.238079516586306,0.317435737633656,
0.396791958681005,0.476148179728355,0.555509827497834,0.634871475267312,
0.714233123036791,0.793594770806269,0.872950991853619,0.952307212900968,
1.03166343394832,1.11101965499567,1.19038130276515,1.26974295053462),
 .UNSPECIFIED.);
#82=B_SPLINE_CURVE_WITH_KNOTS('',3,(#4253,#4254,#4255,#4256,#4257,#4258,
#4259,#4260,#4261,#4262,#4263,#4264,#4265,#4266,#4267,#4268,#4269,#4270,
#4271,#4272,#4273,#4274,#4275,#4276,#4277,#4278,#4279,#4280,#4281,#4282,
#4283,#4284,#4285,#4286),.UNSPECIFIED.,.T.,.F.,(4,2,2,2,2,2,2,2,2,2,2,2,
2,2,2,2,4),(0.,0.0793616477694785,0.158723295538957,0.238079516586307,0.317435737633656,
0.396791958681006,0.476148179728355,0.555509827497834,0.634871475267312,
0.714233123036791,0.793594770806269,0.872950991853619,0.952307212900968,
1.03166343394832,1.11101965499567,1.19038130276515,1.26974295053462),
 .UNSPECIFIED.);
#83=CYLINDRICAL_SURFACE('',#2956,2.75);
#84=CYLINDRICAL_SURFACE('',#2958,2.75);
#85=CYLINDRICAL_SURFACE('',#2961,4.5);
#86=CYLINDRICAL_SURFACE('',#2965,4.5);
#87=CYLINDRICAL_SURFACE('',#2973,12.5);
#88=CYLINDRICAL_SURFACE('',#2975,12.5);
#89=CYLINDRICAL_SURFACE('',#2980,12.5);
#90=CYLINDRICAL_SURFACE('',#2982,12.5);
#91=CYLINDRICAL_SURFACE('',#2985,2.1);
#92=CYLINDRICAL_SURFACE('',#2987,2.1);
#93=CYLINDRICAL_SURFACE('',#2990,2.1);
#94=CYLINDRICAL_SURFACE('',#2993,2.1);
#95=CYLINDRICAL_SURFACE('',#3011,10.);
#96=CYLINDRICAL_SURFACE('',#3014,2.75);
#97=CYLINDRICAL_SURFACE('',#3017,2.75);
#98=CYLINDRICAL_SURFACE('',#3022,4.5);
#99=CYLINDRICAL_SURFACE('',#3029,4.5);
#100=CYLINDRICAL_SURFACE('',#3037,22.);
#101=CYLINDRICAL_SURFACE('',#3049,22.);
#102=CYLINDRICAL_SURFACE('',#3053,22.);
#103=CYLINDRICAL_SURFACE('',#3058,1.75);
#104=CYLINDRICAL_SURFACE('',#3060,1.75);
#105=CYLINDRICAL_SURFACE('',#3062,1.75);
#106=CYLINDRICAL_SURFACE('',#3064,1.75);
#107=CYLINDRICAL_SURFACE('',#3070,1.5);
#108=CYLINDRICAL_SURFACE('',#3072,1.5);
#109=CYLINDRICAL_SURFACE('',#3074,2.5);
#110=CYLINDRICAL_SURFACE('',#3077,5.);
#111=CYLINDRICAL_SURFACE('',#3080,5.);
#112=CYLINDRICAL_SURFACE('',#3083,7.5);
#113=CYLINDRICAL_SURFACE('',#3088,2.5);
#114=CYLINDRICAL_SURFACE('',#3091,5.);
#115=CYLINDRICAL_SURFACE('',#3094,5.);
#116=CYLINDRICAL_SURFACE('',#3098,2.5);
#117=CYLINDRICAL_SURFACE('',#3101,5.);
#118=CYLINDRICAL_SURFACE('',#3104,5.);
#119=CYLINDRICAL_SURFACE('',#3107,7.5);
#120=CYLINDRICAL_SURFACE('',#3111,2.5);
#121=CYLINDRICAL_SURFACE('',#3114,5.);
#122=CYLINDRICAL_SURFACE('',#3117,5.);
#123=CYLINDRICAL_SURFACE('',#3145,1.666);
#124=CYLINDRICAL_SURFACE('',#3156,1.810555);
#125=CYLINDRICAL_SURFACE('',#3216,1.954);
#126=CYLINDRICAL_SURFACE('',#3220,2.50000000000001);
#127=CYLINDRICAL_SURFACE('',#3225,2.50000000000001);
#128=FACE_BOUND('',#328,.T.);
#129=FACE_BOUND('',#329,.T.);
#130=FACE_BOUND('',#341,.T.);
#131=FACE_BOUND('',#342,.T.);
#132=FACE_BOUND('',#356,.T.);
#133=FACE_BOUND('',#360,.T.);
#134=FACE_BOUND('',#365,.T.);
#135=FACE_BOUND('',#366,.T.);
#136=FACE_BOUND('',#369,.T.);
#137=FACE_BOUND('',#371,.T.);
#138=FACE_BOUND('',#375,.T.);
#139=FACE_BOUND('',#376,.T.);
#140=FACE_BOUND('',#378,.T.);
#141=FACE_BOUND('',#379,.T.);
#142=FACE_BOUND('',#393,.T.);
#143=FACE_BOUND('',#394,.T.);
#144=FACE_BOUND('',#396,.T.);
#145=FACE_BOUND('',#397,.T.);
#146=FACE_BOUND('',#398,.T.);
#147=FACE_BOUND('',#399,.T.);
#148=FACE_BOUND('',#403,.T.);
#149=FACE_BOUND('',#404,.T.);
#150=FACE_BOUND('',#405,.T.);
#151=FACE_BOUND('',#407,.T.);
#152=FACE_BOUND('',#408,.T.);
#153=FACE_BOUND('',#409,.T.);
#154=FACE_BOUND('',#410,.T.);
#155=FACE_BOUND('',#431,.T.);
#156=FACE_BOUND('',#433,.T.);
#157=FACE_BOUND('',#434,.T.);
#158=FACE_BOUND('',#435,.T.);
#159=FACE_BOUND('',#440,.T.);
#160=FACE_BOUND('',#446,.T.);
#161=FACE_BOUND('',#451,.T.);
#162=FACE_BOUND('',#453,.T.);
#163=FACE_BOUND('',#454,.T.);
#164=FACE_BOUND('',#459,.T.);
#165=FACE_BOUND('',#460,.T.);
#166=FACE_BOUND('',#461,.T.);
#167=FACE_BOUND('',#462,.T.);
#168=FACE_BOUND('',#463,.T.);
#169=FACE_BOUND('',#464,.T.);
#170=FACE_BOUND('',#475,.T.);
#171=FACE_BOUND('',#478,.T.);
#172=FACE_BOUND('',#483,.T.);
#173=FACE_OUTER_BOUND('',#327,.T.);
#174=FACE_OUTER_BOUND('',#330,.T.);
#175=FACE_OUTER_BOUND('',#331,.T.);
#176=FACE_OUTER_BOUND('',#332,.T.);
#177=FACE_OUTER_BOUND('',#333,.T.);
#178=FACE_OUTER_BOUND('',#334,.T.);
#179=FACE_OUTER_BOUND('',#335,.T.);
#180=FACE_OUTER_BOUND('',#336,.T.);
#181=FACE_OUTER_BOUND('',#337,.T.);
#182=FACE_OUTER_BOUND('',#338,.T.);
#183=FACE_OUTER_BOUND('',#339,.T.);
#184=FACE_OUTER_BOUND('',#340,.T.);
#185=FACE_OUTER_BOUND('',#343,.T.);
#186=FACE_OUTER_BOUND('',#344,.T.);
#187=FACE_OUTER_BOUND('',#345,.T.);
#188=FACE_OUTER_BOUND('',#346,.T.);
#189=FACE_OUTER_BOUND('',#347,.T.);
#190=FACE_OUTER_BOUND('',#348,.T.);
#191=FACE_OUTER_BOUND('',#349,.T.);
#192=FACE_OUTER_BOUND('',#350,.T.);
#193=FACE_OUTER_BOUND('',#351,.T.);
#194=FACE_OUTER_BOUND('',#352,.T.);
#195=FACE_OUTER_BOUND('',#353,.T.);
#196=FACE_OUTER_BOUND('',#354,.T.);
#197=FACE_OUTER_BOUND('',#355,.T.);
#198=FACE_OUTER_BOUND('',#357,.T.);
#199=FACE_OUTER_BOUND('',#358,.T.);
#200=FACE_OUTER_BOUND('',#359,.T.);
#201=FACE_OUTER_BOUND('',#361,.T.);
#202=FACE_OUTER_BOUND('',#362,.T.);
#203=FACE_OUTER_BOUND('',#363,.T.);
#204=FACE_OUTER_BOUND('',#364,.T.);
#205=FACE_OUTER_BOUND('',#367,.T.);
#206=FACE_OUTER_BOUND('',#368,.T.);
#207=FACE_OUTER_BOUND('',#370,.T.);
#208=FACE_OUTER_BOUND('',#372,.T.);
#209=FACE_OUTER_BOUND('',#373,.T.);
#210=FACE_OUTER_BOUND('',#374,.T.);
#211=FACE_OUTER_BOUND('',#377,.T.);
#212=FACE_OUTER_BOUND('',#380,.T.);
#213=FACE_OUTER_BOUND('',#381,.T.);
#214=FACE_OUTER_BOUND('',#382,.T.);
#215=FACE_OUTER_BOUND('',#383,.T.);
#216=FACE_OUTER_BOUND('',#384,.T.);
#217=FACE_OUTER_BOUND('',#385,.T.);
#218=FACE_OUTER_BOUND('',#386,.T.);
#219=FACE_OUTER_BOUND('',#387,.T.);
#220=FACE_OUTER_BOUND('',#388,.T.);
#221=FACE_OUTER_BOUND('',#389,.T.);
#222=FACE_OUTER_BOUND('',#390,.T.);
#223=FACE_OUTER_BOUND('',#391,.T.);
#224=FACE_OUTER_BOUND('',#392,.T.);
#225=FACE_OUTER_BOUND('',#395,.T.);
#226=FACE_OUTER_BOUND('',#400,.T.);
#227=FACE_OUTER_BOUND('',#401,.T.);
#228=FACE_OUTER_BOUND('',#402,.T.);
#229=FACE_OUTER_BOUND('',#406,.T.);
#230=FACE_OUTER_BOUND('',#411,.T.);
#231=FACE_OUTER_BOUND('',#412,.T.);
#232=FACE_OUTER_BOUND('',#413,.T.);
#233=FACE_OUTER_BOUND('',#414,.T.);
#234=FACE_OUTER_BOUND('',#415,.T.);
#235=FACE_OUTER_BOUND('',#416,.T.);
#236=FACE_OUTER_BOUND('',#417,.T.);
#237=FACE_OUTER_BOUND('',#418,.T.);
#238=FACE_OUTER_BOUND('',#419,.T.);
#239=FACE_OUTER_BOUND('',#420,.T.);
#240=FACE_OUTER_BOUND('',#421,.T.);
#241=FACE_OUTER_BOUND('',#422,.T.);
#242=FACE_OUTER_BOUND('',#423,.T.);
#243=FACE_OUTER_BOUND('',#424,.T.);
#244=FACE_OUTER_BOUND('',#425,.T.);
#245=FACE_OUTER_BOUND('',#426,.T.);
#246=FACE_OUTER_BOUND('',#427,.T.);
#247=FACE_OUTER_BOUND('',#428,.T.);
#248=FACE_OUTER_BOUND('',#429,.T.);
#249=FACE_OUTER_BOUND('',#430,.T.);
#250=FACE_OUTER_BOUND('',#432,.T.);
#251=FACE_OUTER_BOUND('',#436,.T.);
#252=FACE_OUTER_BOUND('',#437,.T.);
#253=FACE_OUTER_BOUND('',#438,.T.);
#254=FACE_OUTER_BOUND('',#439,.T.);
#255=FACE_OUTER_BOUND('',#441,.T.);
#256=FACE_OUTER_BOUND('',#442,.T.);
#257=FACE_OUTER_BOUND('',#443,.T.);
#258=FACE_OUTER_BOUND('',#444,.T.);
#259=FACE_OUTER_BOUND('',#445,.T.);
#260=FACE_OUTER_BOUND('',#447,.T.);
#261=FACE_OUTER_BOUND('',#448,.T.);
#262=FACE_OUTER_BOUND('',#449,.T.);
#263=FACE_OUTER_BOUND('',#450,.T.);
#264=FACE_OUTER_BOUND('',#452,.T.);
#265=FACE_OUTER_BOUND('',#455,.T.);
#266=FACE_OUTER_BOUND('',#456,.T.);
#267=FACE_OUTER_BOUND('',#457,.T.);
#268=FACE_OUTER_BOUND('',#458,.T.);
#269=FACE_OUTER_BOUND('',#465,.T.);
#270=FACE_OUTER_BOUND('',#466,.T.);
#271=FACE_OUTER_BOUND('',#467,.T.);
#272=FACE_OUTER_BOUND('',#468,.T.);
#273=FACE_OUTER_BOUND('',#469,.T.);
#274=FACE_OUTER_BOUND('',#470,.T.);
#275=FACE_OUTER_BOUND('',#471,.T.);
#276=FACE_OUTER_BOUND('',#472,.T.);
#277=FACE_OUTER_BOUND('',#473,.T.);
#278=FACE_OUTER_BOUND('',#474,.T.);
#279=FACE_OUTER_BOUND('',#476,.T.);
#280=FACE_OUTER_BOUND('',#477,.T.);
#281=FACE_OUTER_BOUND('',#479,.T.);
#282=FACE_OUTER_BOUND('',#480,.T.);
#283=FACE_OUTER_BOUND('',#481,.T.);
#284=FACE_OUTER_BOUND('',#482,.T.);
#285=FACE_OUTER_BOUND('',#484,.T.);
#286=FACE_OUTER_BOUND('',#485,.T.);
#287=FACE_OUTER_BOUND('',#486,.T.);
#288=FACE_OUTER_BOUND('',#487,.T.);
#289=FACE_OUTER_BOUND('',#488,.T.);
#290=FACE_OUTER_BOUND('',#489,.T.);
#291=FACE_OUTER_BOUND('',#490,.T.);
#292=FACE_OUTER_BOUND('',#491,.T.);
#293=FACE_OUTER_BOUND('',#492,.T.);
#294=FACE_OUTER_BOUND('',#493,.T.);
#295=FACE_OUTER_BOUND('',#494,.T.);
#296=FACE_OUTER_BOUND('',#495,.T.);
#297=FACE_OUTER_BOUND('',#496,.T.);
#298=FACE_OUTER_BOUND('',#497,.T.);
#299=FACE_OUTER_BOUND('',#498,.T.);
#300=FACE_OUTER_BOUND('',#499,.T.);
#301=FACE_OUTER_BOUND('',#500,.T.);
#302=FACE_OUTER_BOUND('',#501,.T.);
#303=FACE_OUTER_BOUND('',#502,.T.);
#304=FACE_OUTER_BOUND('',#503,.T.);
#305=FACE_OUTER_BOUND('',#504,.T.);
#306=FACE_OUTER_BOUND('',#505,.T.);
#307=FACE_OUTER_BOUND('',#506,.T.);
#308=FACE_OUTER_BOUND('',#507,.T.);
#309=FACE_OUTER_BOUND('',#508,.T.);
#310=FACE_OUTER_BOUND('',#509,.T.);
#311=FACE_OUTER_BOUND('',#510,.T.);
#312=FACE_OUTER_BOUND('',#511,.T.);
#313=FACE_OUTER_BOUND('',#512,.T.);
#314=FACE_OUTER_BOUND('',#513,.T.);
#315=FACE_OUTER_BOUND('',#514,.T.);
#316=FACE_OUTER_BOUND('',#515,.T.);
#317=FACE_OUTER_BOUND('',#516,.T.);
#318=FACE_OUTER_BOUND('',#517,.T.);
#319=FACE_OUTER_BOUND('',#518,.T.);
#320=FACE_OUTER_BOUND('',#519,.T.);
#321=FACE_OUTER_BOUND('',#520,.T.);
#322=FACE_OUTER_BOUND('',#521,.T.);
#323=FACE_OUTER_BOUND('',#522,.T.);
#324=FACE_OUTER_BOUND('',#523,.T.);
#325=FACE_OUTER_BOUND('',#524,.T.);
#326=FACE_OUTER_BOUND('',#525,.T.);
#327=EDGE_LOOP('',(#1839,#1840,#1841,#1842,#1843,#1844,#1845,#1846,#1847,
#1848,#1849,#1850,#1851));
#328=EDGE_LOOP('',(#1852));
#329=EDGE_LOOP('',(#1853));
#330=EDGE_LOOP('',(#1854,#1855,#1856,#1857));
#331=EDGE_LOOP('',(#1858,#1859,#1860,#1861));
#332=EDGE_LOOP('',(#1862,#1863,#1864,#1865));
#333=EDGE_LOOP('',(#1866,#1867,#1868,#1869));
#334=EDGE_LOOP('',(#1870,#1871,#1872,#1873));
#335=EDGE_LOOP('',(#1874,#1875,#1876,#1877));
#336=EDGE_LOOP('',(#1878,#1879,#1880,#1881));
#337=EDGE_LOOP('',(#1882,#1883,#1884,#1885));
#338=EDGE_LOOP('',(#1886,#1887,#1888,#1889));
#339=EDGE_LOOP('',(#1890,#1891,#1892,#1893));
#340=EDGE_LOOP('',(#1894,#1895,#1896,#1897,#1898,#1899,#1900,#1901,#1902,
#1903,#1904,#1905,#1906));
#341=EDGE_LOOP('',(#1907));
#342=EDGE_LOOP('',(#1908));
#343=EDGE_LOOP('',(#1909,#1910,#1911,#1912));
#344=EDGE_LOOP('',(#1913,#1914,#1915,#1916,#1917,#1918));
#345=EDGE_LOOP('',(#1919,#1920,#1921,#1922));
#346=EDGE_LOOP('',(#1923,#1924,#1925,#1926));
#347=EDGE_LOOP('',(#1927,#1928,#1929,#1930));
#348=EDGE_LOOP('',(#1931,#1932,#1933,#1934,#1935,#1936));
#349=EDGE_LOOP('',(#1937,#1938,#1939,#1940));
#350=EDGE_LOOP('',(#1941,#1942,#1943,#1944));
#351=EDGE_LOOP('',(#1945,#1946,#1947,#1948));
#352=EDGE_LOOP('',(#1949,#1950,#1951,#1952));
#353=EDGE_LOOP('',(#1953,#1954,#1955,#1956));
#354=EDGE_LOOP('',(#1957,#1958,#1959,#1960));
#355=EDGE_LOOP('',(#1961,#1962,#1963,#1964));
#356=EDGE_LOOP('',(#1965));
#357=EDGE_LOOP('',(#1966,#1967,#1968,#1969));
#358=EDGE_LOOP('',(#1970,#1971,#1972,#1973));
#359=EDGE_LOOP('',(#1974,#1975,#1976,#1977));
#360=EDGE_LOOP('',(#1978));
#361=EDGE_LOOP('',(#1979,#1980,#1981,#1982));
#362=EDGE_LOOP('',(#1983,#1984,#1985,#1986));
#363=EDGE_LOOP('',(#1987,#1988,#1989,#1990));
#364=EDGE_LOOP('',(#1991,#1992,#1993,#1994,#1995,#1996));
#365=EDGE_LOOP('',(#1997,#1998,#1999));
#366=EDGE_LOOP('',(#2000,#2001,#2002,#2003));
#367=EDGE_LOOP('',(#2004,#2005,#2006,#2007));
#368=EDGE_LOOP('',(#2008,#2009,#2010,#2011));
#369=EDGE_LOOP('',(#2012));
#370=EDGE_LOOP('',(#2013,#2014,#2015,#2016));
#371=EDGE_LOOP('',(#2017));
#372=EDGE_LOOP('',(#2018,#2019,#2020,#2021));
#373=EDGE_LOOP('',(#2022,#2023,#2024,#2025));
#374=EDGE_LOOP('',(#2026,#2027,#2028,#2029));
#375=EDGE_LOOP('',(#2030));
#376=EDGE_LOOP('',(#2031));
#377=EDGE_LOOP('',(#2032,#2033,#2034,#2035));
#378=EDGE_LOOP('',(#2036));
#379=EDGE_LOOP('',(#2037));
#380=EDGE_LOOP('',(#2038,#2039,#2040,#2041));
#381=EDGE_LOOP('',(#2042,#2043,#2044,#2045));
#382=EDGE_LOOP('',(#2046,#2047,#2048,#2049));
#383=EDGE_LOOP('',(#2050,#2051,#2052,#2053));
#384=EDGE_LOOP('',(#2054,#2055,#2056,#2057));
#385=EDGE_LOOP('',(#2058,#2059,#2060,#2061));
#386=EDGE_LOOP('',(#2062,#2063,#2064,#2065,#2066,#2067,#2068,#2069,#2070,
#2071));
#387=EDGE_LOOP('',(#2072,#2073,#2074,#2075,#2076,#2077,#2078,#2079,#2080,
#2081));
#388=EDGE_LOOP('',(#2082,#2083,#2084,#2085));
#389=EDGE_LOOP('',(#2086,#2087,#2088,#2089));
#390=EDGE_LOOP('',(#2090,#2091,#2092,#2093));
#391=EDGE_LOOP('',(#2094,#2095,#2096,#2097));
#392=EDGE_LOOP('',(#2098,#2099,#2100,#2101,#2102,#2103,#2104,#2105,#2106,
#2107,#2108,#2109,#2110));
#393=EDGE_LOOP('',(#2111));
#394=EDGE_LOOP('',(#2112));
#395=EDGE_LOOP('',(#2113,#2114,#2115,#2116,#2117,#2118,#2119,#2120,#2121,
#2122,#2123));
#396=EDGE_LOOP('',(#2124,#2125,#2126,#2127));
#397=EDGE_LOOP('',(#2128,#2129,#2130));
#398=EDGE_LOOP('',(#2131));
#399=EDGE_LOOP('',(#2132));
#400=EDGE_LOOP('',(#2133,#2134,#2135,#2136));
#401=EDGE_LOOP('',(#2137,#2138,#2139));
#402=EDGE_LOOP('',(#2140,#2141,#2142,#2143,#2144,#2145,#2146,#2147,#2148,
#2149,#2150,#2151));
#403=EDGE_LOOP('',(#2152));
#404=EDGE_LOOP('',(#2153));
#405=EDGE_LOOP('',(#2154,#2155,#2156,#2157));
#406=EDGE_LOOP('',(#2158,#2159,#2160,#2161,#2162,#2163,#2164,#2165,#2166,
#2167,#2168,#2169));
#407=EDGE_LOOP('',(#2170));
#408=EDGE_LOOP('',(#2171));
#409=EDGE_LOOP('',(#2172));
#410=EDGE_LOOP('',(#2173));
#411=EDGE_LOOP('',(#2174,#2175,#2176,#2177));
#412=EDGE_LOOP('',(#2178,#2179,#2180));
#413=EDGE_LOOP('',(#2181,#2182,#2183,#2184));
#414=EDGE_LOOP('',(#2185,#2186,#2187));
#415=EDGE_LOOP('',(#2188,#2189,#2190));
#416=EDGE_LOOP('',(#2191,#2192,#2193,#2194));
#417=EDGE_LOOP('',(#2195,#2196,#2197,#2198));
#418=EDGE_LOOP('',(#2199,#2200,#2201,#2202));
#419=EDGE_LOOP('',(#2203,#2204,#2205,#2206));
#420=EDGE_LOOP('',(#2207,#2208,#2209,#2210));
#421=EDGE_LOOP('',(#2211,#2212,#2213,#2214));
#422=EDGE_LOOP('',(#2215,#2216,#2217,#2218));
#423=EDGE_LOOP('',(#2219,#2220,#2221,#2222));
#424=EDGE_LOOP('',(#2223,#2224,#2225,#2226));
#425=EDGE_LOOP('',(#2227,#2228,#2229,#2230));
#426=EDGE_LOOP('',(#2231,#2232,#2233,#2234));
#427=EDGE_LOOP('',(#2235,#2236,#2237,#2238));
#428=EDGE_LOOP('',(#2239,#2240,#2241,#2242));
#429=EDGE_LOOP('',(#2243,#2244,#2245,#2246));
#430=EDGE_LOOP('',(#2247,#2248,#2249,#2250,#2251));
#431=EDGE_LOOP('',(#2252));
#432=EDGE_LOOP('',(#2253,#2254,#2255,#2256,#2257,#2258,#2259,#2260,#2261,
#2262,#2263,#2264));
#433=EDGE_LOOP('',(#2265,#2266,#2267,#2268));
#434=EDGE_LOOP('',(#2269));
#435=EDGE_LOOP('',(#2270));
#436=EDGE_LOOP('',(#2271,#2272,#2273,#2274));
#437=EDGE_LOOP('',(#2275,#2276,#2277,#2278));
#438=EDGE_LOOP('',(#2279,#2280,#2281,#2282));
#439=EDGE_LOOP('',(#2283,#2284,#2285,#2286));
#440=EDGE_LOOP('',(#2287));
#441=EDGE_LOOP('',(#2288,#2289,#2290,#2291));
#442=EDGE_LOOP('',(#2292,#2293,#2294,#2295));
#443=EDGE_LOOP('',(#2296,#2297,#2298,#2299));
#444=EDGE_LOOP('',(#2300,#2301,#2302,#2303));
#445=EDGE_LOOP('',(#2304,#2305,#2306,#2307,#2308));
#446=EDGE_LOOP('',(#2309));
#447=EDGE_LOOP('',(#2310,#2311,#2312,#2313));
#448=EDGE_LOOP('',(#2314,#2315,#2316,#2317));
#449=EDGE_LOOP('',(#2318,#2319,#2320,#2321));
#450=EDGE_LOOP('',(#2322,#2323,#2324,#2325));
#451=EDGE_LOOP('',(#2326));
#452=EDGE_LOOP('',(#2327,#2328,#2329,#2330,#2331,#2332,#2333,#2334,#2335));
#453=EDGE_LOOP('',(#2336));
#454=EDGE_LOOP('',(#2337));
#455=EDGE_LOOP('',(#2338,#2339,#2340,#2341,#2342,#2343,#2344,#2345,#2346,
#2347,#2348));
#456=EDGE_LOOP('',(#2349,#2350,#2351,#2352,#2353,#2354,#2355,#2356,#2357,
#2358,#2359));
#457=EDGE_LOOP('',(#2360,#2361,#2362,#2363));
#458=EDGE_LOOP('',(#2364,#2365,#2366,#2367,#2368,#2369,#2370,#2371,#2372));
#459=EDGE_LOOP('',(#2373));
#460=EDGE_LOOP('',(#2374));
#461=EDGE_LOOP('',(#2375));
#462=EDGE_LOOP('',(#2376));
#463=EDGE_LOOP('',(#2377));
#464=EDGE_LOOP('',(#2378));
#465=EDGE_LOOP('',(#2379,#2380,#2381,#2382));
#466=EDGE_LOOP('',(#2383,#2384,#2385,#2386));
#467=EDGE_LOOP('',(#2387,#2388,#2389,#2390));
#468=EDGE_LOOP('',(#2391,#2392,#2393,#2394));
#469=EDGE_LOOP('',(#2395,#2396,#2397,#2398,#2399,#2400,#2401,#2402,#2403,
#2404));
#470=EDGE_LOOP('',(#2405,#2406,#2407,#2408));
#471=EDGE_LOOP('',(#2409,#2410,#2411,#2412,#2413,#2414));
#472=EDGE_LOOP('',(#2415,#2416,#2417,#2418));
#473=EDGE_LOOP('',(#2419,#2420,#2421,#2422));
#474=EDGE_LOOP('',(#2423));
#475=EDGE_LOOP('',(#2424));
#476=EDGE_LOOP('',(#2425,#2426,#2427,#2428,#2429,#2430,#2431,#2432,#2433,
#2434));
#477=EDGE_LOOP('',(#2435));
#478=EDGE_LOOP('',(#2436));
#479=EDGE_LOOP('',(#2437,#2438,#2439,#2440));
#480=EDGE_LOOP('',(#2441,#2442,#2443,#2444));
#481=EDGE_LOOP('',(#2445,#2446,#2447,#2448));
#482=EDGE_LOOP('',(#2449));
#483=EDGE_LOOP('',(#2450));
#484=EDGE_LOOP('',(#2451,#2452,#2453,#2454));
#485=EDGE_LOOP('',(#2455,#2456,#2457,#2458,#2459));
#486=EDGE_LOOP('',(#2460,#2461,#2462,#2463,#2464,#2465,#2466,#2467,#2468,
#2469,#2470,#2471,#2472,#2473,#2474,#2475,#2476,#2477,#2478,#2479,#2480,
#2481,#2482,#2483,#2484));
#487=EDGE_LOOP('',(#2485,#2486,#2487,#2488));
#488=EDGE_LOOP('',(#2489,#2490,#2491,#2492));
#489=EDGE_LOOP('',(#2493,#2494,#2495,#2496));
#490=EDGE_LOOP('',(#2497,#2498,#2499,#2500,#2501,#2502));
#491=EDGE_LOOP('',(#2503,#2504,#2505));
#492=EDGE_LOOP('',(#2506,#2507,#2508));
#493=EDGE_LOOP('',(#2509,#2510,#2511,#2512));
#494=EDGE_LOOP('',(#2513,#2514,#2515,#2516));
#495=EDGE_LOOP('',(#2517,#2518,#2519,#2520,#2521,#2522));
#496=EDGE_LOOP('',(#2523,#2524,#2525));
#497=EDGE_LOOP('',(#2526,#2527,#2528));
#498=EDGE_LOOP('',(#2529,#2530,#2531,#2532));
#499=EDGE_LOOP('',(#2533,#2534,#2535,#2536));
#500=EDGE_LOOP('',(#2537,#2538,#2539,#2540,#2541,#2542));
#501=EDGE_LOOP('',(#2543,#2544,#2545));
#502=EDGE_LOOP('',(#2546,#2547,#2548));
#503=EDGE_LOOP('',(#2549,#2550,#2551,#2552));
#504=EDGE_LOOP('',(#2553,#2554,#2555,#2556));
#505=EDGE_LOOP('',(#2557,#2558,#2559,#2560,#2561,#2562));
#506=EDGE_LOOP('',(#2563,#2564,#2565));
#507=EDGE_LOOP('',(#2566,#2567,#2568));
#508=EDGE_LOOP('',(#2569,#2570,#2571,#2572));
#509=EDGE_LOOP('',(#2573,#2574,#2575,#2576,#2577,#2578));
#510=EDGE_LOOP('',(#2579,#2580,#2581,#2582));
#511=EDGE_LOOP('',(#2583,#2584,#2585,#2586,#2587,#2588));
#512=EDGE_LOOP('',(#2589,#2590,#2591,#2592,#2593,#2594));
#513=EDGE_LOOP('',(#2595,#2596,#2597,#2598));
#514=EDGE_LOOP('',(#2599,#2600,#2601,#2602,#2603,#2604));
#515=EDGE_LOOP('',(#2605,#2606,#2607,#2608,#2609));
#516=EDGE_LOOP('',(#2610,#2611,#2612,#2613,#2614,#2615,#2616,#2617,#2618,
#2619,#2620,#2621));
#517=EDGE_LOOP('',(#2622,#2623,#2624,#2625));
#518=EDGE_LOOP('',(#2626));
#519=EDGE_LOOP('',(#2627,#2628,#2629,#2630));
#520=EDGE_LOOP('',(#2631,#2632,#2633,#2634));
#521=EDGE_LOOP('',(#2635));
#522=EDGE_LOOP('',(#2636));
#523=EDGE_LOOP('',(#2637,#2638,#2639,#2640));
#524=EDGE_LOOP('',(#2641));
#525=EDGE_LOOP('',(#2642));
#526=LINE('',#4083,#788);
#527=LINE('',#4087,#789);
#528=LINE('',#4089,#790);
#529=LINE('',#4093,#791);
#530=LINE('',#4095,#792);
#531=LINE('',#4097,#793);
#532=LINE('',#4099,#794);
#533=LINE('',#4103,#795);
#534=LINE('',#4104,#796);
#535=LINE('',#4112,#797);
#536=LINE('',#4116,#798);
#537=LINE('',#4119,#799);
#538=LINE('',#4121,#800);
#539=LINE('',#4122,#801);
#540=LINE('',#4126,#802);
#541=LINE('',#4129,#803);
#542=LINE('',#4130,#804);
#543=LINE('',#4133,#805);
#544=LINE('',#4135,#806);
#545=LINE('',#4136,#807);
#546=LINE('',#4140,#808);
#547=LINE('',#4143,#809);
#548=LINE('',#4144,#810);
#549=LINE('',#4147,#811);
#550=LINE('',#4148,#812);
#551=LINE('',#4150,#813);
#552=LINE('',#4155,#814);
#553=LINE('',#4157,#815);
#554=LINE('',#4160,#816);
#555=LINE('',#4163,#817);
#556=LINE('',#4166,#818);
#557=LINE('',#4169,#819);
#558=LINE('',#4173,#820);
#559=LINE('',#4176,#821);
#560=LINE('',#4179,#822);
#561=LINE('',#4180,#823);
#562=LINE('',#4183,#824);
#563=LINE('',#4184,#825);
#564=LINE('',#4188,#826);
#565=LINE('',#4191,#827);
#566=LINE('',#4195,#828);
#567=LINE('',#4201,#829);
#568=LINE('',#4240,#830);
#569=LINE('',#4246,#831);
#570=LINE('',#4252,#832);
#571=LINE('',#4290,#833);
#572=LINE('',#4292,#834);
#573=LINE('',#4294,#835);
#574=LINE('',#4295,#836);
#575=LINE('',#4299,#837);
#576=LINE('',#4301,#838);
#577=LINE('',#4303,#839);
#578=LINE('',#4304,#840);
#579=LINE('',#4307,#841);
#580=LINE('',#4309,#842);
#581=LINE('',#4310,#843);
#582=LINE('',#4313,#844);
#583=LINE('',#4314,#845);
#584=LINE('',#4317,#846);
#585=LINE('',#4319,#847);
#586=LINE('',#4320,#848);
#587=LINE('',#4323,#849);
#588=LINE('',#4324,#850);
#589=LINE('',#4327,#851);
#590=LINE('',#4328,#852);
#591=LINE('',#4330,#853);
#592=LINE('',#4332,#854);
#593=LINE('',#4335,#855);
#594=LINE('',#4337,#856);
#595=LINE('',#4338,#857);
#596=LINE('',#4341,#858);
#597=LINE('',#4344,#859);
#598=LINE('',#4345,#860);
#599=LINE('',#4348,#861);
#600=LINE('',#4349,#862);
#601=LINE('',#4351,#863);
#602=LINE('',#4356,#864);
#603=LINE('',#4357,#865);
#604=LINE('',#4358,#866);
#605=LINE('',#4361,#867);
#606=LINE('',#4362,#868);
#607=LINE('',#4368,#869);
#608=LINE('',#4369,#870);
#609=LINE('',#4370,#871);
#610=LINE('',#4375,#872);
#611=LINE('',#4381,#873);
#612=LINE('',#4386,#874);
#613=LINE('',#4388,#875);
#614=LINE('',#4390,#876);
#615=LINE('',#4391,#877);
#616=LINE('',#4394,#878);
#617=LINE('',#4396,#879);
#618=LINE('',#4397,#880);
#619=LINE('',#4403,#881);
#620=LINE('',#4406,#882);
#621=LINE('',#4408,#883);
#622=LINE('',#4409,#884);
#623=LINE('',#4411,#885);
#624=LINE('',#4412,#886);
#625=LINE('',#4415,#887);
#626=LINE('',#4417,#888);
#627=LINE('',#4418,#889);
#628=LINE('',#4421,#890);
#629=LINE('',#4423,#891);
#630=LINE('',#4424,#892);
#631=LINE('',#4430,#893);
#632=LINE('',#4433,#894);
#633=LINE('',#4435,#895);
#634=LINE('',#4436,#896);
#635=LINE('',#4438,#897);
#636=LINE('',#4439,#898);
#637=LINE('',#4448,#899);
#638=LINE('',#4451,#900);
#639=LINE('',#4454,#901);
#640=LINE('',#4455,#902);
#641=LINE('',#4458,#903);
#642=LINE('',#4460,#904);
#643=LINE('',#4462,#905);
#644=LINE('',#4464,#906);
#645=LINE('',#4466,#907);
#646=LINE('',#4468,#908);
#647=LINE('',#4470,#909);
#648=LINE('',#4472,#910);
#649=LINE('',#4474,#911);
#650=LINE('',#4475,#912);
#651=LINE('',#4482,#913);
#652=LINE('',#4484,#914);
#653=LINE('',#4486,#915);
#654=LINE('',#4487,#916);
#655=LINE('',#4490,#917);
#656=LINE('',#4492,#918);
#657=LINE('',#4494,#919);
#658=LINE('',#4496,#920);
#659=LINE('',#4497,#921);
#660=LINE('',#4499,#922);
#661=LINE('',#4501,#923);
#662=LINE('',#4502,#924);
#663=LINE('',#4523,#925);
#664=LINE('',#4527,#926);
#665=LINE('',#4531,#927);
#666=LINE('',#4535,#928);
#667=LINE('',#4539,#929);
#668=LINE('',#4540,#930);
#669=LINE('',#4541,#931);
#670=LINE('',#4544,#932);
#671=LINE('',#4545,#933);
#672=LINE('',#4548,#934);
#673=LINE('',#4549,#935);
#674=LINE('',#4551,#936);
#675=LINE('',#4555,#937);
#676=LINE('',#4559,#938);
#677=LINE('',#4564,#939);
#678=LINE('',#4571,#940);
#679=LINE('',#4574,#941);
#680=LINE('',#4580,#942);
#681=LINE('',#4586,#943);
#682=LINE('',#4589,#944);
#683=LINE('',#4590,#945);
#684=LINE('',#4593,#946);
#685=LINE('',#4595,#947);
#686=LINE('',#4597,#948);
#687=LINE('',#4599,#949);
#688=LINE('',#4601,#950);
#689=LINE('',#4603,#951);
#690=LINE('',#4605,#952);
#691=LINE('',#4607,#953);
#692=LINE('',#4609,#954);
#693=LINE('',#4610,#955);
#694=LINE('',#4615,#956);
#695=LINE('',#4622,#957);
#696=LINE('',#4628,#958);
#697=LINE('',#4630,#959);
#698=LINE('',#4635,#960);
#699=LINE('',#4642,#961);
#700=LINE('',#4645,#962);
#701=LINE('',#4651,#963);
#702=LINE('',#4656,#964);
#703=LINE('',#4661,#965);
#704=LINE('',#4668,#966);
#705=LINE('',#4674,#967);
#706=LINE('',#4676,#968);
#707=LINE('',#4678,#969);
#708=LINE('',#4679,#970);
#709=LINE('',#4682,#971);
#710=LINE('',#4683,#972);
#711=LINE('',#4686,#973);
#712=LINE('',#4687,#974);
#713=LINE('',#4689,#975);
#714=LINE('',#4696,#976);
#715=LINE('',#4702,#977);
#716=LINE('',#4707,#978);
#717=LINE('',#4713,#979);
#718=LINE('',#4723,#980);
#719=LINE('',#4731,#981);
#720=LINE('',#4755,#982);
#721=LINE('',#4765,#983);
#722=LINE('',#4771,#984);
#723=LINE('',#4780,#985);
#724=LINE('',#4783,#986);
#725=LINE('',#4789,#987);
#726=LINE('',#4803,#988);
#727=LINE('',#4857,#989);
#728=LINE('',#4860,#990);
#729=LINE('',#4862,#991);
#730=LINE('',#4863,#992);
#731=LINE('',#4866,#993);
#732=LINE('',#4867,#994);
#733=LINE('',#4870,#995);
#734=LINE('',#4872,#996);
#735=LINE('',#4874,#997);
#736=LINE('',#4875,#998);
#737=LINE('',#4877,#999);
#738=LINE('',#4879,#1000);
#739=LINE('',#4882,#1001);
#740=LINE('',#4884,#1002);
#741=LINE('',#4885,#1003);
#742=LINE('',#4888,#1004);
#743=LINE('',#4889,#1005);
#744=LINE('',#4892,#1006);
#745=LINE('',#4894,#1007);
#746=LINE('',#4896,#1008);
#747=LINE('',#4897,#1009);
#748=LINE('',#4899,#1010);
#749=LINE('',#4901,#1011);
#750=LINE('',#4904,#1012);
#751=LINE('',#4906,#1013);
#752=LINE('',#4907,#1014);
#753=LINE('',#4910,#1015);
#754=LINE('',#4911,#1016);
#755=LINE('',#4914,#1017);
#756=LINE('',#4916,#1018);
#757=LINE('',#4918,#1019);
#758=LINE('',#4919,#1020);
#759=LINE('',#4921,#1021);
#760=LINE('',#4923,#1022);
#761=LINE('',#4926,#1023);
#762=LINE('',#4928,#1024);
#763=LINE('',#4929,#1025);
#764=LINE('',#4932,#1026);
#765=LINE('',#4933,#1027);
#766=LINE('',#4936,#1028);
#767=LINE('',#4938,#1029);
#768=LINE('',#4940,#1030);
#769=LINE('',#4941,#1031);
#770=LINE('',#4943,#1032);
#771=LINE('',#4945,#1033);
#772=LINE('',#4948,#1034);
#773=LINE('',#4949,#1035);
#774=LINE('',#4951,#1036);
#775=LINE('',#4954,#1037);
#776=LINE('',#4955,#1038);
#777=LINE('',#4957,#1039);
#778=LINE('',#4960,#1040);
#779=LINE('',#4961,#1041);
#780=LINE('',#4963,#1042);
#781=LINE('',#4966,#1043);
#782=LINE('',#4967,#1044);
#783=LINE('',#4969,#1045);
#784=LINE('',#4973,#1046);
#785=LINE('',#4977,#1047);
#786=LINE('',#4982,#1048);
#787=LINE('',#4990,#1049);
#788=VECTOR('',#3244,10.);
#789=VECTOR('',#3247,10.);
#790=VECTOR('',#3248,10.);
#791=VECTOR('',#3251,10.);
#792=VECTOR('',#3252,10.);
#793=VECTOR('',#3253,10.);
#794=VECTOR('',#3254,10.);
#795=VECTOR('',#3257,10.);
#796=VECTOR('',#3258,10.);
#797=VECTOR('',#3267,2.75);
#798=VECTOR('',#3272,2.75);
#799=VECTOR('',#3275,10.);
#800=VECTOR('',#3276,10.);
#801=VECTOR('',#3277,10.);
#802=VECTOR('',#3282,10.);
#803=VECTOR('',#3285,10.);
#804=VECTOR('',#3286,10.);
#805=VECTOR('',#3289,10.);
#806=VECTOR('',#3290,10.);
#807=VECTOR('',#3291,10.);
#808=VECTOR('',#3296,10.);
#809=VECTOR('',#3299,10.);
#810=VECTOR('',#3300,10.);
#811=VECTOR('',#3303,10.);
#812=VECTOR('',#3304,10.);
#813=VECTOR('',#3307,10.);
#814=VECTOR('',#3312,10.);
#815=VECTOR('',#3313,10.);
#816=VECTOR('',#3316,10.);
#817=VECTOR('',#3319,10.);
#818=VECTOR('',#3322,10.);
#819=VECTOR('',#3325,10.);
#820=VECTOR('',#3328,10.);
#821=VECTOR('',#3331,10.);
#822=VECTOR('',#3334,10.);
#823=VECTOR('',#3335,10.);
#824=VECTOR('',#3338,10.);
#825=VECTOR('',#3339,10.);
#826=VECTOR('',#3344,10.);
#827=VECTOR('',#3347,10.);
#828=VECTOR('',#3350,10.);
#829=VECTOR('',#3357,2.1);
#830=VECTOR('',#3362,2.1);
#831=VECTOR('',#3369,2.1);
#832=VECTOR('',#3376,2.1);
#833=VECTOR('',#3379,10.);
#834=VECTOR('',#3380,10.);
#835=VECTOR('',#3381,10.);
#836=VECTOR('',#3382,10.);
#837=VECTOR('',#3385,10.);
#838=VECTOR('',#3386,10.);
#839=VECTOR('',#3387,10.);
#840=VECTOR('',#3388,10.);
#841=VECTOR('',#3391,10.);
#842=VECTOR('',#3392,10.);
#843=VECTOR('',#3393,10.);
#844=VECTOR('',#3396,10.);
#845=VECTOR('',#3397,10.);
#846=VECTOR('',#3400,10.);
#847=VECTOR('',#3401,10.);
#848=VECTOR('',#3402,10.);
#849=VECTOR('',#3405,10.);
#850=VECTOR('',#3406,10.);
#851=VECTOR('',#3409,10.);
#852=VECTOR('',#3410,10.);
#853=VECTOR('',#3413,10.);
#854=VECTOR('',#3416,10.);
#855=VECTOR('',#3419,10.);
#856=VECTOR('',#3420,10.);
#857=VECTOR('',#3421,10.);
#858=VECTOR('',#3422,10.);
#859=VECTOR('',#3425,10.);
#860=VECTOR('',#3426,10.);
#861=VECTOR('',#3429,10.);
#862=VECTOR('',#3430,10.);
#863=VECTOR('',#3433,10.);
#864=VECTOR('',#3438,10.);
#865=VECTOR('',#3439,10.);
#866=VECTOR('',#3440,10.);
#867=VECTOR('',#3443,10.);
#868=VECTOR('',#3444,10.);
#869=VECTOR('',#3451,10.);
#870=VECTOR('',#3452,10.);
#871=VECTOR('',#3453,10.);
#872=VECTOR('',#3458,2.75);
#873=VECTOR('',#3465,2.75);
#874=VECTOR('',#3470,10.);
#875=VECTOR('',#3471,10.);
#876=VECTOR('',#3472,10.);
#877=VECTOR('',#3473,10.);
#878=VECTOR('',#3476,10.);
#879=VECTOR('',#3477,10.);
#880=VECTOR('',#3478,10.);
#881=VECTOR('',#3485,10.);
#882=VECTOR('',#3488,10.);
#883=VECTOR('',#3489,10.);
#884=VECTOR('',#3490,10.);
#885=VECTOR('',#3493,10.);
#886=VECTOR('',#3494,10.);
#887=VECTOR('',#3497,10.);
#888=VECTOR('',#3498,10.);
#889=VECTOR('',#3499,10.);
#890=VECTOR('',#3502,10.);
#891=VECTOR('',#3503,10.);
#892=VECTOR('',#3504,10.);
#893=VECTOR('',#3511,10.);
#894=VECTOR('',#3514,10.);
#895=VECTOR('',#3515,10.);
#896=VECTOR('',#3516,10.);
#897=VECTOR('',#3519,10.);
#898=VECTOR('',#3520,10.);
#899=VECTOR('',#3531,10.);
#900=VECTOR('',#3534,10.);
#901=VECTOR('',#3537,10.);
#902=VECTOR('',#3538,10.);
#903=VECTOR('',#3541,10.);
#904=VECTOR('',#3542,10.);
#905=VECTOR('',#3543,10.);
#906=VECTOR('',#3544,10.);
#907=VECTOR('',#3545,10.);
#908=VECTOR('',#3546,10.);
#909=VECTOR('',#3547,10.);
#910=VECTOR('',#3548,10.);
#911=VECTOR('',#3549,10.);
#912=VECTOR('',#3550,10.);
#913=VECTOR('',#3555,10.);
#914=VECTOR('',#3556,10.);
#915=VECTOR('',#3557,10.);
#916=VECTOR('',#3558,10.);
#917=VECTOR('',#3561,10.);
#918=VECTOR('',#3562,10.);
#919=VECTOR('',#3563,10.);
#920=VECTOR('',#3564,10.);
#921=VECTOR('',#3565,10.);
#922=VECTOR('',#3566,10.);
#923=VECTOR('',#3567,10.);
#924=VECTOR('',#3568,10.);
#925=VECTOR('',#3599,1.75);
#926=VECTOR('',#3604,1.75);
#927=VECTOR('',#3609,1.75);
#928=VECTOR('',#3614,1.75);
#929=VECTOR('',#3617,10.);
#930=VECTOR('',#3618,10.);
#931=VECTOR('',#3619,10.);
#932=VECTOR('',#3622,10.);
#933=VECTOR('',#3623,10.);
#934=VECTOR('',#3626,10.);
#935=VECTOR('',#3627,10.);
#936=VECTOR('',#3630,10.);
#937=VECTOR('',#3635,1.5);
#938=VECTOR('',#3640,1.5);
#939=VECTOR('',#3645,2.5);
#940=VECTOR('',#3652,10.);
#941=VECTOR('',#3655,10.);
#942=VECTOR('',#3662,10.);
#943=VECTOR('',#3669,10.);
#944=VECTOR('',#3672,10.);
#945=VECTOR('',#3673,10.);
#946=VECTOR('',#3676,10.);
#947=VECTOR('',#3677,10.);
#948=VECTOR('',#3678,10.);
#949=VECTOR('',#3679,10.);
#950=VECTOR('',#3680,10.);
#951=VECTOR('',#3681,10.);
#952=VECTOR('',#3682,10.);
#953=VECTOR('',#3683,10.);
#954=VECTOR('',#3684,10.);
#955=VECTOR('',#3685,10.);
#956=VECTOR('',#3690,2.5);
#957=VECTOR('',#3699,10.);
#958=VECTOR('',#3706,10.);
#959=VECTOR('',#3709,10.);
#960=VECTOR('',#3714,2.5);
#961=VECTOR('',#3721,10.);
#962=VECTOR('',#3724,10.);
#963=VECTOR('',#3731,10.);
#964=VECTOR('',#3740,10.);
#965=VECTOR('',#3745,2.5);
#966=VECTOR('',#3754,10.);
#967=VECTOR('',#3761,10.);
#968=VECTOR('',#3764,10.);
#969=VECTOR('',#3767,10.);
#970=VECTOR('',#3768,10.);
#971=VECTOR('',#3771,10.);
#972=VECTOR('',#3772,10.);
#973=VECTOR('',#3775,10.);
#974=VECTOR('',#3776,10.);
#975=VECTOR('',#3779,10.);
#976=VECTOR('',#3788,1.5381197846483);
#977=VECTOR('',#3795,1.5381197846483);
#978=VECTOR('',#3800,10.);
#979=VECTOR('',#3801,10.);
#980=VECTOR('',#3804,10.);
#981=VECTOR('',#3809,3.49625);
#982=VECTOR('',#3812,10.);
#983=VECTOR('',#3815,10.);
#984=VECTOR('',#3818,10.);
#985=VECTOR('',#3827,3.49625);
#986=VECTOR('',#3832,2.);
#987=VECTOR('',#3839,1.80529249999995);
#988=VECTOR('',#3858,1.810555);
#989=VECTOR('',#3917,3.96907472454028);
#990=VECTOR('',#3920,10.);
#991=VECTOR('',#3921,10.);
#992=VECTOR('',#3922,10.);
#993=VECTOR('',#3925,10.);
#994=VECTOR('',#3926,10.);
#995=VECTOR('',#3929,10.);
#996=VECTOR('',#3930,10.);
#997=VECTOR('',#3931,10.);
#998=VECTOR('',#3932,10.);
#999=VECTOR('',#3935,10.);
#1000=VECTOR('',#3938,10.);
#1001=VECTOR('',#3941,10.);
#1002=VECTOR('',#3942,10.);
#1003=VECTOR('',#3943,10.);
#1004=VECTOR('',#3946,10.);
#1005=VECTOR('',#3947,10.);
#1006=VECTOR('',#3950,10.);
#1007=VECTOR('',#3951,10.);
#1008=VECTOR('',#3952,10.);
#1009=VECTOR('',#3953,10.);
#1010=VECTOR('',#3956,10.);
#1011=VECTOR('',#3959,10.);
#1012=VECTOR('',#3962,10.);
#1013=VECTOR('',#3963,10.);
#1014=VECTOR('',#3964,10.);
#1015=VECTOR('',#3967,10.);
#1016=VECTOR('',#3968,10.);
#1017=VECTOR('',#3971,10.);
#1018=VECTOR('',#3972,10.);
#1019=VECTOR('',#3973,10.);
#1020=VECTOR('',#3974,10.);
#1021=VECTOR('',#3977,10.);
#1022=VECTOR('',#3980,10.);
#1023=VECTOR('',#3983,10.);
#1024=VECTOR('',#3984,10.);
#1025=VECTOR('',#3985,10.);
#1026=VECTOR('',#3988,10.);
#1027=VECTOR('',#3989,10.);
#1028=VECTOR('',#3992,10.);
#1029=VECTOR('',#3993,10.);
#1030=VECTOR('',#3994,10.);
#1031=VECTOR('',#3995,10.);
#1032=VECTOR('',#3998,10.);
#1033=VECTOR('',#4001,10.);
#1034=VECTOR('',#4004,10.);
#1035=VECTOR('',#4005,10.);
#1036=VECTOR('',#4008,10.);
#1037=VECTOR('',#4011,10.);
#1038=VECTOR('',#4012,10.);
#1039=VECTOR('',#4015,10.);
#1040=VECTOR('',#4018,10.);
#1041=VECTOR('',#4019,10.);
#1042=VECTOR('',#4022,10.);
#1043=VECTOR('',#4025,10.);
#1044=VECTOR('',#4026,10.);
#1045=VECTOR('',#4029,10.);
#1046=VECTOR('',#4034,2.);
#1047=VECTOR('',#4041,1.9052775);
#1048=VECTOR('',#4046,2.50000000000001);
#1049=VECTOR('',#4057,2.50000000000001);
#1050=CIRCLE('',#2950,12.5);
#1051=CIRCLE('',#2951,12.5);
#1052=CIRCLE('',#2952,4.5);
#1053=CIRCLE('',#2953,4.5);
#1054=CIRCLE('',#2954,2.75);
#1055=CIRCLE('',#2955,2.75);
#1056=CIRCLE('',#2957,2.75);
#1057=CIRCLE('',#2959,2.75);
#1058=CIRCLE('',#2962,4.5);
#1059=CIRCLE('',#2966,4.5);
#1060=CIRCLE('',#2971,12.5);
#1061=CIRCLE('',#2972,12.5);
#1062=CIRCLE('',#2974,12.5);
#1063=CIRCLE('',#2976,12.5);
#1064=CIRCLE('',#2977,12.5);
#1065=CIRCLE('',#2981,12.5);
#1066=CIRCLE('',#2983,12.5);
#1067=CIRCLE('',#2984,12.5);
#1068=CIRCLE('',#2986,2.1);
#1069=CIRCLE('',#2988,2.1);
#1070=CIRCLE('',#2989,2.1);
#1071=CIRCLE('',#2991,2.1);
#1072=CIRCLE('',#2992,2.1);
#1073=CIRCLE('',#2994,2.1);
#1074=CIRCLE('',#3005,10.);
#1075=CIRCLE('',#3012,10.);
#1076=CIRCLE('',#3015,2.75);
#1077=CIRCLE('',#3016,2.75);
#1078=CIRCLE('',#3018,2.75);
#1079=CIRCLE('',#3019,2.75);
#1080=CIRCLE('',#3023,4.5);
#1081=CIRCLE('',#3024,4.5);
#1082=CIRCLE('',#3030,4.5);
#1083=CIRCLE('',#3031,4.5);
#1084=CIRCLE('',#3038,22.);
#1085=CIRCLE('',#3039,22.);
#1086=CIRCLE('',#3042,1.5);
#1087=CIRCLE('',#3043,1.5);
#1088=CIRCLE('',#3045,1.75);
#1089=CIRCLE('',#3046,1.75);
#1090=CIRCLE('',#3047,1.75);
#1091=CIRCLE('',#3048,1.75);
#1092=CIRCLE('',#3050,22.);
#1093=CIRCLE('',#3051,22.);
#1094=CIRCLE('',#3054,22.);
#1095=CIRCLE('',#3055,22.);
#1096=CIRCLE('',#3059,1.75);
#1097=CIRCLE('',#3061,1.75);
#1098=CIRCLE('',#3063,1.75);
#1099=CIRCLE('',#3065,1.75);
#1100=CIRCLE('',#3071,1.5);
#1101=CIRCLE('',#3073,1.5);
#1102=CIRCLE('',#3075,2.5);
#1103=CIRCLE('',#3076,2.5);
#1104=CIRCLE('',#3078,5.);
#1105=CIRCLE('',#3079,5.);
#1106=CIRCLE('',#3081,5.);
#1107=CIRCLE('',#3082,5.);
#1108=CIRCLE('',#3084,7.5);
#1109=CIRCLE('',#3085,7.5);
#1110=CIRCLE('',#3089,2.5);
#1111=CIRCLE('',#3090,2.5);
#1112=CIRCLE('',#3092,5.);
#1113=CIRCLE('',#3093,5.);
#1114=CIRCLE('',#3095,5.);
#1115=CIRCLE('',#3096,5.);
#1116=CIRCLE('',#3099,2.5);
#1117=CIRCLE('',#3100,2.5);
#1118=CIRCLE('',#3102,5.);
#1119=CIRCLE('',#3103,5.);
#1120=CIRCLE('',#3105,5.);
#1121=CIRCLE('',#3106,5.);
#1122=CIRCLE('',#3108,7.5);
#1123=CIRCLE('',#3109,7.5);
#1124=CIRCLE('',#3112,2.5);
#1125=CIRCLE('',#3113,2.5);
#1126=CIRCLE('',#3115,5.);
#1127=CIRCLE('',#3116,5.);
#1128=CIRCLE('',#3118,5.);
#1129=CIRCLE('',#3119,5.);
#1130=CIRCLE('',#3128,1.666);
#1131=CIRCLE('',#3129,2.);
#1132=CIRCLE('',#3131,2.);
#1133=CIRCLE('',#3132,1.666);
#1134=CIRCLE('',#3136,2.95);
#1135=CIRCLE('',#3142,2.95);
#1136=CIRCLE('',#3148,1.954);
#1137=CIRCLE('',#3149,1.570585);
#1138=CIRCLE('',#3151,2.210555);
#1139=CIRCLE('',#3152,0.4);
#1140=CIRCLE('',#3153,1.810555);
#1141=CIRCLE('',#3155,4.);
#1142=CIRCLE('',#3157,1.810555);
#1143=CIRCLE('',#3159,3.95616212866996);
#1144=CIRCLE('',#3160,1.03333333333333);
#1145=CIRCLE('',#3161,3.4760631917457);
#1146=CIRCLE('',#3162,3.4760631917457);
#1147=CIRCLE('',#3164,6.14491651257817);
#1148=CIRCLE('',#3165,6.49452589618476);
#1149=CIRCLE('',#3166,6.15780263512452);
#1150=CIRCLE('',#3167,6.5);
#1151=CIRCLE('',#3168,6.15780263512452);
#1152=CIRCLE('',#3169,6.49452589618476);
#1153=CIRCLE('',#3170,6.14491651257817);
#1154=CIRCLE('',#3171,6.14491651257817);
#1155=CIRCLE('',#3172,6.49452589618476);
#1156=CIRCLE('',#3173,6.15780263512452);
#1157=CIRCLE('',#3174,6.49452589618475);
#1158=CIRCLE('',#3175,6.14491651257817);
#1159=CIRCLE('',#3176,6.14491651257817);
#1160=CIRCLE('',#3177,6.49452589618476);
#1161=CIRCLE('',#3178,6.15780263512452);
#1162=CIRCLE('',#3179,6.49452589618476);
#1163=CIRCLE('',#3180,6.14491651257817);
#1164=CIRCLE('',#3181,6.14491651257817);
#1165=CIRCLE('',#3182,6.49452589618475);
#1166=CIRCLE('',#3183,6.15780263512452);
#1167=CIRCLE('',#3184,6.49452589618476);
#1168=CIRCLE('',#3185,6.14491651257817);
#1169=CIRCLE('',#3217,1.954);
#1170=CIRCLE('',#3221,2.50000000000001);
#1171=CIRCLE('',#3222,2.50000000000001);
#1172=CIRCLE('',#3226,2.50000000000001);
#1173=CIRCLE('',#3227,2.50000000000001);
#1174=VERTEX_POINT('',#4079);
#1175=VERTEX_POINT('',#4080);
#1176=VERTEX_POINT('',#4082);
#1177=VERTEX_POINT('',#4084);
#1178=VERTEX_POINT('',#4086);
#1179=VERTEX_POINT('',#4088);
#1180=VERTEX_POINT('',#4090);
#1181=VERTEX_POINT('',#4092);
#1182=VERTEX_POINT('',#4094);
#1183=VERTEX_POINT('',#4096);
#1184=VERTEX_POINT('',#4098);
#1185=VERTEX_POINT('',#4100);
#1186=VERTEX_POINT('',#4102);
#1187=VERTEX_POINT('',#4105);
#1188=VERTEX_POINT('',#4107);
#1189=VERTEX_POINT('',#4110);
#1190=VERTEX_POINT('',#4114);
#1191=VERTEX_POINT('',#4118);
#1192=VERTEX_POINT('',#4120);
#1193=VERTEX_POINT('',#4124);
#1194=VERTEX_POINT('',#4128);
#1195=VERTEX_POINT('',#4132);
#1196=VERTEX_POINT('',#4134);
#1197=VERTEX_POINT('',#4138);
#1198=VERTEX_POINT('',#4142);
#1199=VERTEX_POINT('',#4146);
#1200=VERTEX_POINT('',#4152);
#1201=VERTEX_POINT('',#4153);
#1202=VERTEX_POINT('',#4156);
#1203=VERTEX_POINT('',#4158);
#1204=VERTEX_POINT('',#4162);
#1205=VERTEX_POINT('',#4164);
#1206=VERTEX_POINT('',#4168);
#1207=VERTEX_POINT('',#4170);
#1208=VERTEX_POINT('',#4172);
#1209=VERTEX_POINT('',#4174);
#1210=VERTEX_POINT('',#4178);
#1211=VERTEX_POINT('',#4182);
#1212=VERTEX_POINT('',#4186);
#1213=VERTEX_POINT('',#4190);
#1214=VERTEX_POINT('',#4192);
#1215=VERTEX_POINT('',#4194);
#1216=VERTEX_POINT('',#4198);
#1217=VERTEX_POINT('',#4200);
#1218=VERTEX_POINT('',#4237);
#1219=VERTEX_POINT('',#4239);
#1220=VERTEX_POINT('',#4243);
#1221=VERTEX_POINT('',#4245);
#1222=VERTEX_POINT('',#4249);
#1223=VERTEX_POINT('',#4251);
#1224=VERTEX_POINT('',#4288);
#1225=VERTEX_POINT('',#4289);
#1226=VERTEX_POINT('',#4291);
#1227=VERTEX_POINT('',#4293);
#1228=VERTEX_POINT('',#4297);
#1229=VERTEX_POINT('',#4298);
#1230=VERTEX_POINT('',#4300);
#1231=VERTEX_POINT('',#4302);
#1232=VERTEX_POINT('',#4306);
#1233=VERTEX_POINT('',#4308);
#1234=VERTEX_POINT('',#4312);
#1235=VERTEX_POINT('',#4316);
#1236=VERTEX_POINT('',#4318);
#1237=VERTEX_POINT('',#4322);
#1238=VERTEX_POINT('',#4326);
#1239=VERTEX_POINT('',#4334);
#1240=VERTEX_POINT('',#4336);
#1241=VERTEX_POINT('',#4339);
#1242=VERTEX_POINT('',#4340);
#1243=VERTEX_POINT('',#4342);
#1244=VERTEX_POINT('',#4347);
#1245=VERTEX_POINT('',#4354);
#1246=VERTEX_POINT('',#4355);
#1247=VERTEX_POINT('',#4360);
#1248=VERTEX_POINT('',#4366);
#1249=VERTEX_POINT('',#4367);
#1250=VERTEX_POINT('',#4372);
#1251=VERTEX_POINT('',#4374);
#1252=VERTEX_POINT('',#4378);
#1253=VERTEX_POINT('',#4380);
#1254=VERTEX_POINT('',#4384);
#1255=VERTEX_POINT('',#4385);
#1256=VERTEX_POINT('',#4387);
#1257=VERTEX_POINT('',#4389);
#1258=VERTEX_POINT('',#4393);
#1259=VERTEX_POINT('',#4395);
#1260=VERTEX_POINT('',#4399);
#1261=VERTEX_POINT('',#4401);
#1262=VERTEX_POINT('',#4405);
#1263=VERTEX_POINT('',#4407);
#1264=VERTEX_POINT('',#4414);
#1265=VERTEX_POINT('',#4416);
#1266=VERTEX_POINT('',#4420);
#1267=VERTEX_POINT('',#4422);
#1268=VERTEX_POINT('',#4426);
#1269=VERTEX_POINT('',#4428);
#1270=VERTEX_POINT('',#4432);
#1271=VERTEX_POINT('',#4434);
#1272=VERTEX_POINT('',#4444);
#1273=VERTEX_POINT('',#4445);
#1274=VERTEX_POINT('',#4447);
#1275=VERTEX_POINT('',#4449);
#1276=VERTEX_POINT('',#4453);
#1277=VERTEX_POINT('',#4457);
#1278=VERTEX_POINT('',#4459);
#1279=VERTEX_POINT('',#4461);
#1280=VERTEX_POINT('',#4463);
#1281=VERTEX_POINT('',#4465);
#1282=VERTEX_POINT('',#4467);
#1283=VERTEX_POINT('',#4469);
#1284=VERTEX_POINT('',#4471);
#1285=VERTEX_POINT('',#4473);
#1286=VERTEX_POINT('',#4476);
#1287=VERTEX_POINT('',#4478);
#1288=VERTEX_POINT('',#4480);
#1289=VERTEX_POINT('',#4481);
#1290=VERTEX_POINT('',#4483);
#1291=VERTEX_POINT('',#4485);
#1292=VERTEX_POINT('',#4489);
#1293=VERTEX_POINT('',#4491);
#1294=VERTEX_POINT('',#4493);
#1295=VERTEX_POINT('',#4495);
#1296=VERTEX_POINT('',#4498);
#1297=VERTEX_POINT('',#4500);
#1298=VERTEX_POINT('',#4503);
#1299=VERTEX_POINT('',#4505);
#1300=VERTEX_POINT('',#4507);
#1301=VERTEX_POINT('',#4509);
#1302=VERTEX_POINT('',#4521);
#1303=VERTEX_POINT('',#4525);
#1304=VERTEX_POINT('',#4529);
#1305=VERTEX_POINT('',#4533);
#1306=VERTEX_POINT('',#4537);
#1307=VERTEX_POINT('',#4538);
#1308=VERTEX_POINT('',#4543);
#1309=VERTEX_POINT('',#4547);
#1310=VERTEX_POINT('',#4553);
#1311=VERTEX_POINT('',#4557);
#1312=VERTEX_POINT('',#4561);
#1313=VERTEX_POINT('',#4563);
#1314=VERTEX_POINT('',#4567);
#1315=VERTEX_POINT('',#4568);
#1316=VERTEX_POINT('',#4570);
#1317=VERTEX_POINT('',#4572);
#1318=VERTEX_POINT('',#4576);
#1319=VERTEX_POINT('',#4578);
#1320=VERTEX_POINT('',#4582);
#1321=VERTEX_POINT('',#4584);
#1322=VERTEX_POINT('',#4588);
#1323=VERTEX_POINT('',#4592);
#1324=VERTEX_POINT('',#4594);
#1325=VERTEX_POINT('',#4596);
#1326=VERTEX_POINT('',#4598);
#1327=VERTEX_POINT('',#4600);
#1328=VERTEX_POINT('',#4602);
#1329=VERTEX_POINT('',#4604);
#1330=VERTEX_POINT('',#4606);
#1331=VERTEX_POINT('',#4608);
#1332=VERTEX_POINT('',#4612);
#1333=VERTEX_POINT('',#4614);
#1334=VERTEX_POINT('',#4618);
#1335=VERTEX_POINT('',#4620);
#1336=VERTEX_POINT('',#4624);
#1337=VERTEX_POINT('',#4626);
#1338=VERTEX_POINT('',#4632);
#1339=VERTEX_POINT('',#4634);
#1340=VERTEX_POINT('',#4638);
#1341=VERTEX_POINT('',#4639);
#1342=VERTEX_POINT('',#4641);
#1343=VERTEX_POINT('',#4643);
#1344=VERTEX_POINT('',#4647);
#1345=VERTEX_POINT('',#4649);
#1346=VERTEX_POINT('',#4658);
#1347=VERTEX_POINT('',#4660);
#1348=VERTEX_POINT('',#4664);
#1349=VERTEX_POINT('',#4666);
#1350=VERTEX_POINT('',#4670);
#1351=VERTEX_POINT('',#4672);
#1352=VERTEX_POINT('',#4681);
#1353=VERTEX_POINT('',#4685);
#1354=VERTEX_POINT('',#4693);
#1355=VERTEX_POINT('',#4695);
#1356=VERTEX_POINT('',#4699);
#1357=VERTEX_POINT('',#4701);
#1358=VERTEX_POINT('',#4705);
#1359=VERTEX_POINT('',#4706);
#1360=VERTEX_POINT('',#4708);
#1361=VERTEX_POINT('',#4712);
#1362=VERTEX_POINT('',#4718);
#1363=VERTEX_POINT('',#4722);
#1364=VERTEX_POINT('',#4728);
#1365=VERTEX_POINT('',#4730);
#1366=VERTEX_POINT('',#4732);
#1367=VERTEX_POINT('',#4736);
#1368=VERTEX_POINT('',#4743);
#1369=VERTEX_POINT('',#4751);
#1370=VERTEX_POINT('',#4757);
#1371=VERTEX_POINT('',#4761);
#1372=VERTEX_POINT('',#4767);
#1373=VERTEX_POINT('',#4777);
#1374=VERTEX_POINT('',#4786);
#1375=VERTEX_POINT('',#4788);
#1376=VERTEX_POINT('',#4792);
#1377=VERTEX_POINT('',#4794);
#1378=VERTEX_POINT('',#4798);
#1379=VERTEX_POINT('',#4801);
#1380=VERTEX_POINT('',#4805);
#1381=VERTEX_POINT('',#4807);
#1382=VERTEX_POINT('',#4809);
#1383=VERTEX_POINT('',#4813);
#1384=VERTEX_POINT('',#4814);
#1385=VERTEX_POINT('',#4816);
#1386=VERTEX_POINT('',#4818);
#1387=VERTEX_POINT('',#4821);
#1388=VERTEX_POINT('',#4823);
#1389=VERTEX_POINT('',#4825);
#1390=VERTEX_POINT('',#4827);
#1391=VERTEX_POINT('',#4829);
#1392=VERTEX_POINT('',#4831);
#1393=VERTEX_POINT('',#4833);
#1394=VERTEX_POINT('',#4835);
#1395=VERTEX_POINT('',#4837);
#1396=VERTEX_POINT('',#4839);
#1397=VERTEX_POINT('',#4841);
#1398=VERTEX_POINT('',#4843);
#1399=VERTEX_POINT('',#4845);
#1400=VERTEX_POINT('',#4847);
#1401=VERTEX_POINT('',#4849);
#1402=VERTEX_POINT('',#4851);
#1403=VERTEX_POINT('',#4853);
#1404=VERTEX_POINT('',#4859);
#1405=VERTEX_POINT('',#4861);
#1406=VERTEX_POINT('',#4865);
#1407=VERTEX_POINT('',#4869);
#1408=VERTEX_POINT('',#4871);
#1409=VERTEX_POINT('',#4873);
#1410=VERTEX_POINT('',#4881);
#1411=VERTEX_POINT('',#4883);
#1412=VERTEX_POINT('',#4887);
#1413=VERTEX_POINT('',#4891);
#1414=VERTEX_POINT('',#4893);
#1415=VERTEX_POINT('',#4895);
#1416=VERTEX_POINT('',#4903);
#1417=VERTEX_POINT('',#4905);
#1418=VERTEX_POINT('',#4909);
#1419=VERTEX_POINT('',#4913);
#1420=VERTEX_POINT('',#4915);
#1421=VERTEX_POINT('',#4917);
#1422=VERTEX_POINT('',#4925);
#1423=VERTEX_POINT('',#4927);
#1424=VERTEX_POINT('',#4931);
#1425=VERTEX_POINT('',#4935);
#1426=VERTEX_POINT('',#4937);
#1427=VERTEX_POINT('',#4939);
#1428=VERTEX_POINT('',#4947);
#1429=VERTEX_POINT('',#4953);
#1430=VERTEX_POINT('',#4959);
#1431=VERTEX_POINT('',#4965);
#1432=VERTEX_POINT('',#4972);
#1433=VERTEX_POINT('',#4979);
#1434=VERTEX_POINT('',#4981);
#1435=VERTEX_POINT('',#4987);
#1436=VERTEX_POINT('',#4989);
#1437=EDGE_CURVE('',#1174,#1175,#1050,.T.);
#1438=EDGE_CURVE('',#1176,#1174,#526,.T.);
#1439=EDGE_CURVE('',#1177,#1176,#1051,.T.);
#1440=EDGE_CURVE('',#1177,#1178,#527,.T.);
#1441=EDGE_CURVE('',#1178,#1179,#528,.T.);
#1442=EDGE_CURVE('',#1180,#1179,#1052,.T.);
#1443=EDGE_CURVE('',#1181,#1180,#529,.T.);
#1444=EDGE_CURVE('',#1181,#1182,#530,.T.);
#1445=EDGE_CURVE('',#1183,#1182,#531,.T.);
#1446=EDGE_CURVE('',#1183,#1184,#532,.T.);
#1447=EDGE_CURVE('',#1185,#1184,#1053,.T.);
#1448=EDGE_CURVE('',#1186,#1185,#533,.T.);
#1449=EDGE_CURVE('',#1175,#1186,#534,.T.);
#1450=EDGE_CURVE('',#1187,#1187,#1054,.T.);
#1451=EDGE_CURVE('',#1188,#1188,#1055,.T.);
#1452=EDGE_CURVE('',#1189,#1189,#1056,.T.);
#1453=EDGE_CURVE('',#1189,#1187,#535,.T.);
#1454=EDGE_CURVE('',#1190,#1190,#1057,.T.);
#1455=EDGE_CURVE('',#1190,#1188,#536,.T.);
#1456=EDGE_CURVE('',#1183,#1191,#537,.T.);
#1457=EDGE_CURVE('',#1192,#1191,#538,.T.);
#1458=EDGE_CURVE('',#1184,#1192,#539,.T.);
#1459=EDGE_CURVE('',#1193,#1192,#1058,.T.);
#1460=EDGE_CURVE('',#1185,#1193,#540,.T.);
#1461=EDGE_CURVE('',#1194,#1193,#541,.T.);
#1462=EDGE_CURVE('',#1186,#1194,#542,.T.);
#1463=EDGE_CURVE('',#1178,#1195,#543,.T.);
#1464=EDGE_CURVE('',#1196,#1195,#544,.T.);
#1465=EDGE_CURVE('',#1179,#1196,#545,.T.);
#1466=EDGE_CURVE('',#1197,#1196,#1059,.T.);
#1467=EDGE_CURVE('',#1180,#1197,#546,.T.);
#1468=EDGE_CURVE('',#1198,#1197,#547,.T.);
#1469=EDGE_CURVE('',#1181,#1198,#548,.T.);
#1470=EDGE_CURVE('',#1199,#1198,#549,.T.);
#1471=EDGE_CURVE('',#1182,#1199,#550,.T.);
#1472=EDGE_CURVE('',#1191,#1199,#551,.T.);
#1473=EDGE_CURVE('',#1200,#1201,#1060,.T.);
#1474=EDGE_CURVE('',#1200,#1194,#552,.T.);
#1475=EDGE_CURVE('',#1195,#1202,#553,.T.);
#1476=EDGE_CURVE('',#1203,#1202,#1061,.T.);
#1477=EDGE_CURVE('',#1201,#1203,#554,.T.);
#1478=EDGE_CURVE('',#1204,#1175,#555,.T.);
#1479=EDGE_CURVE('',#1205,#1204,#1062,.T.);
#1480=EDGE_CURVE('',#1205,#1174,#556,.T.);
#1481=EDGE_CURVE('',#1201,#1206,#557,.T.);
#1482=EDGE_CURVE('',#1207,#1206,#1063,.T.);
#1483=EDGE_CURVE('',#1208,#1207,#558,.T.);
#1484=EDGE_CURVE('',#1209,#1208,#1064,.T.);
#1485=EDGE_CURVE('',#1200,#1209,#559,.T.);
#1486=EDGE_CURVE('',#1210,#1205,#560,.T.);
#1487=EDGE_CURVE('',#1210,#1176,#561,.T.);
#1488=EDGE_CURVE('',#1203,#1211,#562,.T.);
#1489=EDGE_CURVE('',#1211,#1206,#563,.T.);
#1490=EDGE_CURVE('',#1212,#1210,#1065,.T.);
#1491=EDGE_CURVE('',#1212,#1177,#564,.T.);
#1492=EDGE_CURVE('',#1202,#1213,#565,.T.);
#1493=EDGE_CURVE('',#1213,#1214,#1066,.T.);
#1494=EDGE_CURVE('',#1214,#1215,#566,.T.);
#1495=EDGE_CURVE('',#1211,#1215,#1067,.T.);
#1496=EDGE_CURVE('',#1216,#1216,#1068,.T.);
#1497=EDGE_CURVE('',#1216,#1217,#567,.T.);
#1498=EDGE_CURVE('',#1217,#1217,#81,.T.);
#1499=EDGE_CURVE('',#1218,#1218,#1069,.T.);
#1500=EDGE_CURVE('',#1218,#1219,#568,.T.);
#1501=EDGE_CURVE('',#1219,#1219,#1070,.T.);
#1502=EDGE_CURVE('',#1220,#1220,#1071,.T.);
#1503=EDGE_CURVE('',#1220,#1221,#569,.T.);
#1504=EDGE_CURVE('',#1221,#1221,#1072,.T.);
#1505=EDGE_CURVE('',#1222,#1222,#1073,.T.);
#1506=EDGE_CURVE('',#1222,#1223,#570,.T.);
#1507=EDGE_CURVE('',#1223,#1223,#82,.T.);
#1508=EDGE_CURVE('',#1224,#1225,#571,.T.);
#1509=EDGE_CURVE('',#1226,#1224,#572,.T.);
#1510=EDGE_CURVE('',#1227,#1226,#573,.T.);
#1511=EDGE_CURVE('',#1225,#1227,#574,.T.);
#1512=EDGE_CURVE('',#1228,#1229,#575,.T.);
#1513=EDGE_CURVE('',#1230,#1228,#576,.T.);
#1514=EDGE_CURVE('',#1231,#1230,#577,.T.);
#1515=EDGE_CURVE('',#1229,#1231,#578,.T.);
#1516=EDGE_CURVE('',#1226,#1232,#579,.T.);
#1517=EDGE_CURVE('',#1233,#1232,#580,.T.);
#1518=EDGE_CURVE('',#1227,#1233,#581,.T.);
#1519=EDGE_CURVE('',#1234,#1233,#582,.T.);
#1520=EDGE_CURVE('',#1225,#1234,#583,.T.);
#1521=EDGE_CURVE('',#1235,#1228,#584,.T.);
#1522=EDGE_CURVE('',#1235,#1236,#585,.T.);
#1523=EDGE_CURVE('',#1236,#1230,#586,.T.);
#1524=EDGE_CURVE('',#1237,#1229,#587,.T.);
#1525=EDGE_CURVE('',#1237,#1235,#588,.T.);
#1526=EDGE_CURVE('',#1224,#1238,#589,.T.);
#1527=EDGE_CURVE('',#1232,#1238,#590,.T.);
#1528=EDGE_CURVE('',#1215,#1207,#591,.T.);
#1529=EDGE_CURVE('',#1214,#1208,#592,.T.);
#1530=EDGE_CURVE('',#1213,#1239,#593,.T.);
#1531=EDGE_CURVE('',#1239,#1240,#594,.T.);
#1532=EDGE_CURVE('',#1240,#1209,#595,.T.);
#1533=EDGE_CURVE('',#1241,#1242,#596,.T.);
#1534=EDGE_CURVE('',#1242,#1243,#1074,.T.);
#1535=EDGE_CURVE('',#1243,#1241,#597,.T.);
#1536=EDGE_CURVE('',#1238,#1234,#598,.T.);
#1537=EDGE_CURVE('',#1244,#1231,#599,.T.);
#1538=EDGE_CURVE('',#1244,#1237,#600,.T.);
#1539=EDGE_CURVE('',#1236,#1244,#601,.T.);
#1540=EDGE_CURVE('',#1245,#1246,#602,.T.);
#1541=EDGE_CURVE('',#1246,#1242,#603,.T.);
#1542=EDGE_CURVE('',#1245,#1241,#604,.T.);
#1543=EDGE_CURVE('',#1247,#1245,#605,.T.);
#1544=EDGE_CURVE('',#1247,#1243,#606,.T.);
#1545=EDGE_CURVE('',#1246,#1247,#1075,.T.);
#1546=EDGE_CURVE('',#1248,#1249,#607,.T.);
#1547=EDGE_CURVE('',#1248,#1240,#608,.T.);
#1548=EDGE_CURVE('',#1249,#1239,#609,.T.);
#1549=EDGE_CURVE('',#1250,#1250,#1076,.T.);
#1550=EDGE_CURVE('',#1250,#1251,#610,.T.);
#1551=EDGE_CURVE('',#1251,#1251,#1077,.T.);
#1552=EDGE_CURVE('',#1252,#1252,#1078,.T.);
#1553=EDGE_CURVE('',#1252,#1253,#611,.T.);
#1554=EDGE_CURVE('',#1253,#1253,#1079,.T.);
#1555=EDGE_CURVE('',#1254,#1255,#612,.T.);
#1556=EDGE_CURVE('',#1255,#1256,#613,.T.);
#1557=EDGE_CURVE('',#1257,#1256,#614,.T.);
#1558=EDGE_CURVE('',#1254,#1257,#615,.T.);
#1559=EDGE_CURVE('',#1254,#1258,#616,.T.);
#1560=EDGE_CURVE('',#1259,#1257,#617,.T.);
#1561=EDGE_CURVE('',#1258,#1259,#618,.T.);
#1562=EDGE_CURVE('',#1260,#1258,#1080,.T.);
#1563=EDGE_CURVE('',#1261,#1259,#1081,.T.);
#1564=EDGE_CURVE('',#1260,#1261,#619,.T.);
#1565=EDGE_CURVE('',#1262,#1260,#620,.T.);
#1566=EDGE_CURVE('',#1263,#1261,#621,.T.);
#1567=EDGE_CURVE('',#1262,#1263,#622,.T.);
#1568=EDGE_CURVE('',#1248,#1262,#623,.T.);
#1569=EDGE_CURVE('',#1204,#1263,#624,.T.);
#1570=EDGE_CURVE('',#1249,#1264,#625,.T.);
#1571=EDGE_CURVE('',#1265,#1212,#626,.T.);
#1572=EDGE_CURVE('',#1264,#1265,#627,.T.);
#1573=EDGE_CURVE('',#1264,#1266,#628,.T.);
#1574=EDGE_CURVE('',#1267,#1265,#629,.T.);
#1575=EDGE_CURVE('',#1266,#1267,#630,.T.);
#1576=EDGE_CURVE('',#1268,#1266,#1082,.T.);
#1577=EDGE_CURVE('',#1269,#1267,#1083,.T.);
#1578=EDGE_CURVE('',#1268,#1269,#631,.T.);
#1579=EDGE_CURVE('',#1270,#1268,#632,.T.);
#1580=EDGE_CURVE('',#1271,#1269,#633,.T.);
#1581=EDGE_CURVE('',#1270,#1271,#634,.T.);
#1582=EDGE_CURVE('',#1270,#1255,#635,.T.);
#1583=EDGE_CURVE('',#1256,#1271,#636,.T.);
#1584=EDGE_CURVE('',#1272,#1273,#1084,.T.);
#1585=EDGE_CURVE('',#1274,#1273,#637,.T.);
#1586=EDGE_CURVE('',#1275,#1274,#1085,.T.);
#1587=EDGE_CURVE('',#1275,#1272,#638,.T.);
#1588=EDGE_CURVE('',#1276,#1272,#639,.T.);
#1589=EDGE_CURVE('',#1273,#1276,#640,.T.);
#1590=EDGE_CURVE('',#1277,#1276,#641,.T.);
#1591=EDGE_CURVE('',#1277,#1278,#642,.T.);
#1592=EDGE_CURVE('',#1278,#1279,#643,.T.);
#1593=EDGE_CURVE('',#1279,#1280,#644,.T.);
#1594=EDGE_CURVE('',#1281,#1280,#645,.T.);
#1595=EDGE_CURVE('',#1281,#1282,#646,.T.);
#1596=EDGE_CURVE('',#1282,#1283,#647,.T.);
#1597=EDGE_CURVE('',#1283,#1284,#648,.T.);
#1598=EDGE_CURVE('',#1285,#1284,#649,.T.);
#1599=EDGE_CURVE('',#1274,#1285,#650,.T.);
#1600=EDGE_CURVE('',#1286,#1286,#1086,.T.);
#1601=EDGE_CURVE('',#1287,#1287,#1087,.T.);
#1602=EDGE_CURVE('',#1288,#1289,#651,.T.);
#1603=EDGE_CURVE('',#1289,#1290,#652,.T.);
#1604=EDGE_CURVE('',#1290,#1291,#653,.T.);
#1605=EDGE_CURVE('',#1291,#1288,#654,.T.);
#1606=EDGE_CURVE('',#1275,#1292,#655,.T.);
#1607=EDGE_CURVE('',#1292,#1293,#656,.T.);
#1608=EDGE_CURVE('',#1293,#1294,#657,.T.);
#1609=EDGE_CURVE('',#1295,#1294,#658,.T.);
#1610=EDGE_CURVE('',#1295,#1281,#659,.T.);
#1611=EDGE_CURVE('',#1280,#1296,#660,.T.);
#1612=EDGE_CURVE('',#1297,#1296,#661,.T.);
#1613=EDGE_CURVE('',#1297,#1277,#662,.T.);
#1614=EDGE_CURVE('',#1298,#1298,#1088,.T.);
#1615=EDGE_CURVE('',#1299,#1299,#1089,.T.);
#1616=EDGE_CURVE('',#1300,#1300,#1090,.T.);
#1617=EDGE_CURVE('',#1301,#1301,#1091,.T.);
#1618=EDGE_CURVE('',#1294,#1283,#1092,.T.);
#1619=EDGE_CURVE('',#1295,#1282,#1093,.T.);
#1620=EDGE_CURVE('',#1296,#1279,#1094,.T.);
#1621=EDGE_CURVE('',#1297,#1278,#1095,.T.);
#1622=EDGE_CURVE('',#1302,#1302,#1096,.T.);
#1623=EDGE_CURVE('',#1302,#1298,#663,.T.);
#1624=EDGE_CURVE('',#1303,#1303,#1097,.T.);
#1625=EDGE_CURVE('',#1303,#1299,#664,.T.);
#1626=EDGE_CURVE('',#1304,#1304,#1098,.T.);
#1627=EDGE_CURVE('',#1304,#1300,#665,.T.);
#1628=EDGE_CURVE('',#1305,#1305,#1099,.T.);
#1629=EDGE_CURVE('',#1305,#1301,#666,.T.);
#1630=EDGE_CURVE('',#1306,#1307,#667,.T.);
#1631=EDGE_CURVE('',#1306,#1289,#668,.T.);
#1632=EDGE_CURVE('',#1307,#1288,#669,.T.);
#1633=EDGE_CURVE('',#1308,#1306,#670,.T.);
#1634=EDGE_CURVE('',#1308,#1290,#671,.T.);
#1635=EDGE_CURVE('',#1309,#1308,#672,.T.);
#1636=EDGE_CURVE('',#1309,#1291,#673,.T.);
#1637=EDGE_CURVE('',#1307,#1309,#674,.T.);
#1638=EDGE_CURVE('',#1310,#1310,#1100,.T.);
#1639=EDGE_CURVE('',#1310,#1287,#675,.T.);
#1640=EDGE_CURVE('',#1311,#1311,#1101,.T.);
#1641=EDGE_CURVE('',#1311,#1286,#676,.T.);
#1642=EDGE_CURVE('',#1312,#1312,#1102,.T.);
#1643=EDGE_CURVE('',#1312,#1313,#677,.T.);
#1644=EDGE_CURVE('',#1313,#1313,#1103,.T.);
#1645=EDGE_CURVE('',#1314,#1315,#1104,.T.);
#1646=EDGE_CURVE('',#1315,#1316,#678,.T.);
#1647=EDGE_CURVE('',#1317,#1316,#1105,.T.);
#1648=EDGE_CURVE('',#1314,#1317,#679,.T.);
#1649=EDGE_CURVE('',#1314,#1318,#1106,.T.);
#1650=EDGE_CURVE('',#1319,#1317,#1107,.T.);
#1651=EDGE_CURVE('',#1318,#1319,#680,.T.);
#1652=EDGE_CURVE('',#1320,#1318,#1108,.T.);
#1653=EDGE_CURVE('',#1321,#1319,#1109,.T.);
#1654=EDGE_CURVE('',#1320,#1321,#681,.T.);
#1655=EDGE_CURVE('',#1315,#1322,#682,.T.);
#1656=EDGE_CURVE('',#1322,#1320,#683,.T.);
#1657=EDGE_CURVE('',#1323,#1321,#684,.T.);
#1658=EDGE_CURVE('',#1323,#1324,#685,.T.);
#1659=EDGE_CURVE('',#1324,#1325,#686,.T.);
#1660=EDGE_CURVE('',#1326,#1325,#687,.T.);
#1661=EDGE_CURVE('',#1326,#1327,#688,.T.);
#1662=EDGE_CURVE('',#1327,#1328,#689,.T.);
#1663=EDGE_CURVE('',#1329,#1328,#690,.T.);
#1664=EDGE_CURVE('',#1329,#1330,#691,.T.);
#1665=EDGE_CURVE('',#1330,#1331,#692,.T.);
#1666=EDGE_CURVE('',#1331,#1322,#693,.T.);
#1667=EDGE_CURVE('',#1332,#1332,#1110,.T.);
#1668=EDGE_CURVE('',#1332,#1333,#694,.T.);
#1669=EDGE_CURVE('',#1333,#1333,#1111,.T.);
#1670=EDGE_CURVE('',#1324,#1334,#1112,.T.);
#1671=EDGE_CURVE('',#1335,#1323,#1113,.T.);
#1672=EDGE_CURVE('',#1334,#1335,#695,.T.);
#1673=EDGE_CURVE('',#1336,#1334,#1114,.T.);
#1674=EDGE_CURVE('',#1337,#1335,#1115,.T.);
#1675=EDGE_CURVE('',#1336,#1337,#696,.T.);
#1676=EDGE_CURVE('',#1325,#1336,#697,.T.);
#1677=EDGE_CURVE('',#1338,#1338,#1116,.T.);
#1678=EDGE_CURVE('',#1338,#1339,#698,.T.);
#1679=EDGE_CURVE('',#1339,#1339,#1117,.T.);
#1680=EDGE_CURVE('',#1340,#1341,#1118,.T.);
#1681=EDGE_CURVE('',#1341,#1342,#699,.T.);
#1682=EDGE_CURVE('',#1343,#1342,#1119,.T.);
#1683=EDGE_CURVE('',#1340,#1343,#700,.T.);
#1684=EDGE_CURVE('',#1340,#1344,#1120,.T.);
#1685=EDGE_CURVE('',#1345,#1343,#1121,.T.);
#1686=EDGE_CURVE('',#1344,#1345,#701,.T.);
#1687=EDGE_CURVE('',#1329,#1344,#1122,.T.);
#1688=EDGE_CURVE('',#1330,#1345,#1123,.T.);
#1689=EDGE_CURVE('',#1342,#1331,#702,.T.);
#1690=EDGE_CURVE('',#1346,#1346,#1124,.T.);
#1691=EDGE_CURVE('',#1346,#1347,#703,.T.);
#1692=EDGE_CURVE('',#1347,#1347,#1125,.T.);
#1693=EDGE_CURVE('',#1328,#1348,#1126,.T.);
#1694=EDGE_CURVE('',#1349,#1327,#1127,.T.);
#1695=EDGE_CURVE('',#1348,#1349,#704,.T.);
#1696=EDGE_CURVE('',#1350,#1348,#1128,.T.);
#1697=EDGE_CURVE('',#1351,#1349,#1129,.T.);
#1698=EDGE_CURVE('',#1350,#1351,#705,.T.);
#1699=EDGE_CURVE('',#1326,#1351,#706,.T.);
#1700=EDGE_CURVE('',#1284,#1337,#707,.T.);
#1701=EDGE_CURVE('',#1316,#1285,#708,.T.);
#1702=EDGE_CURVE('',#1341,#1352,#709,.T.);
#1703=EDGE_CURVE('',#1352,#1292,#710,.T.);
#1704=EDGE_CURVE('',#1353,#1350,#711,.T.);
#1705=EDGE_CURVE('',#1353,#1293,#712,.T.);
#1706=EDGE_CURVE('',#1352,#1353,#713,.T.);
#1707=EDGE_CURVE('',#1354,#1354,#1130,.T.);
#1708=EDGE_CURVE('',#1354,#1355,#714,.T.);
#1709=EDGE_CURVE('',#1355,#1355,#1131,.T.);
#1710=EDGE_CURVE('',#1356,#1356,#1132,.T.);
#1711=EDGE_CURVE('',#1356,#1357,#715,.T.);
#1712=EDGE_CURVE('',#1357,#1357,#1133,.T.);
#1713=EDGE_CURVE('',#1358,#1359,#716,.T.);
#1714=EDGE_CURVE('',#1360,#1358,#38,.T.);
#1715=EDGE_CURVE('',#1361,#1360,#717,.T.);
#1716=EDGE_CURVE('',#1359,#1361,#39,.T.);
#1717=EDGE_CURVE('',#1362,#1360,#40,.T.);
#1718=EDGE_CURVE('',#1362,#1363,#718,.T.);
#1719=EDGE_CURVE('',#1361,#1363,#41,.T.);
#1720=EDGE_CURVE('',#1364,#1364,#1134,.T.);
#1721=EDGE_CURVE('',#1364,#1365,#719,.T.);
#1722=EDGE_CURVE('',#1365,#1366,#42,.T.);
#1723=EDGE_CURVE('',#1366,#1367,#43,.T.);
#1724=EDGE_CURVE('',#1367,#1362,#44,.T.);
#1725=EDGE_CURVE('',#1358,#1368,#45,.T.);
#1726=EDGE_CURVE('',#1368,#1365,#46,.T.);
#1727=EDGE_CURVE('',#1369,#1359,#47,.T.);
#1728=EDGE_CURVE('',#1368,#1369,#720,.T.);
#1729=EDGE_CURVE('',#1370,#1369,#48,.T.);
#1730=EDGE_CURVE('',#1371,#1370,#49,.T.);
#1731=EDGE_CURVE('',#1366,#1371,#721,.T.);
#1732=EDGE_CURVE('',#1372,#1371,#50,.T.);
#1733=EDGE_CURVE('',#1367,#1372,#722,.T.);
#1734=EDGE_CURVE('',#1363,#1372,#51,.T.);
#1735=EDGE_CURVE('',#1373,#1373,#1135,.T.);
#1736=EDGE_CURVE('',#1370,#1373,#723,.T.);
#1737=EDGE_CURVE('',#1354,#1357,#724,.T.);
#1738=EDGE_CURVE('',#1374,#1374,#1136,.T.);
#1739=EDGE_CURVE('',#1374,#1375,#725,.T.);
#1740=EDGE_CURVE('',#1375,#1375,#1137,.T.);
#1741=EDGE_CURVE('',#1376,#1376,#1138,.T.);
#1742=EDGE_CURVE('',#1376,#1377,#1139,.T.);
#1743=EDGE_CURVE('',#1377,#1377,#1140,.T.);
#1744=EDGE_CURVE('',#1378,#1378,#1141,.T.);
#1745=EDGE_CURVE('',#1379,#1379,#1142,.T.);
#1746=EDGE_CURVE('',#1379,#1377,#726,.T.);
#1747=EDGE_CURVE('',#1380,#1380,#1143,.T.);
#1748=EDGE_CURVE('',#1380,#1381,#1144,.T.);
#1749=EDGE_CURVE('',#1381,#1382,#1145,.T.);
#1750=EDGE_CURVE('',#1382,#1381,#1146,.T.);
#1751=EDGE_CURVE('',#1383,#1384,#1147,.T.);
#1752=EDGE_CURVE('',#1384,#1385,#1148,.T.);
#1753=EDGE_CURVE('',#1385,#1386,#1149,.T.);
#1754=EDGE_CURVE('',#1386,#1382,#1150,.T.);
#1755=EDGE_CURVE('',#1386,#1387,#1151,.T.);
#1756=EDGE_CURVE('',#1387,#1388,#1152,.T.);
#1757=EDGE_CURVE('',#1388,#1389,#1153,.T.);
#1758=EDGE_CURVE('',#1389,#1390,#1154,.T.);
#1759=EDGE_CURVE('',#1390,#1391,#1155,.T.);
#1760=EDGE_CURVE('',#1391,#1392,#1156,.T.);
#1761=EDGE_CURVE('',#1392,#1393,#1157,.T.);
#1762=EDGE_CURVE('',#1393,#1394,#1158,.T.);
#1763=EDGE_CURVE('',#1394,#1395,#1159,.T.);
#1764=EDGE_CURVE('',#1395,#1396,#1160,.T.);
#1765=EDGE_CURVE('',#1396,#1397,#1161,.T.);
#1766=EDGE_CURVE('',#1397,#1398,#1162,.T.);
#1767=EDGE_CURVE('',#1398,#1399,#1163,.T.);
#1768=EDGE_CURVE('',#1399,#1400,#1164,.T.);
#1769=EDGE_CURVE('',#1400,#1401,#1165,.T.);
#1770=EDGE_CURVE('',#1401,#1402,#1166,.T.);
#1771=EDGE_CURVE('',#1402,#1403,#1167,.T.);
#1772=EDGE_CURVE('',#1403,#1383,#1168,.T.);
#1773=EDGE_CURVE('',#1378,#1380,#727,.T.);
#1774=EDGE_CURVE('',#1404,#1383,#728,.T.);
#1775=EDGE_CURVE('',#1405,#1404,#729,.T.);
#1776=EDGE_CURVE('',#1384,#1405,#730,.T.);
#1777=EDGE_CURVE('',#1406,#1403,#731,.T.);
#1778=EDGE_CURVE('',#1404,#1406,#732,.T.);
#1779=EDGE_CURVE('',#1407,#1405,#733,.T.);
#1780=EDGE_CURVE('',#1407,#1408,#734,.T.);
#1781=EDGE_CURVE('',#1409,#1408,#735,.T.);
#1782=EDGE_CURVE('',#1385,#1409,#736,.F.);
#1783=EDGE_CURVE('',#1404,#1407,#737,.T.);
#1784=EDGE_CURVE('',#1406,#1407,#738,.T.);
#1785=EDGE_CURVE('',#1410,#1389,#739,.T.);
#1786=EDGE_CURVE('',#1411,#1410,#740,.T.);
#1787=EDGE_CURVE('',#1390,#1411,#741,.T.);
#1788=EDGE_CURVE('',#1412,#1388,#742,.T.);
#1789=EDGE_CURVE('',#1410,#1412,#743,.T.);
#1790=EDGE_CURVE('',#1413,#1411,#744,.T.);
#1791=EDGE_CURVE('',#1413,#1414,#745,.T.);
#1792=EDGE_CURVE('',#1415,#1414,#746,.T.);
#1793=EDGE_CURVE('',#1391,#1415,#747,.F.);
#1794=EDGE_CURVE('',#1410,#1413,#748,.T.);
#1795=EDGE_CURVE('',#1412,#1413,#749,.T.);
#1796=EDGE_CURVE('',#1416,#1394,#750,.T.);
#1797=EDGE_CURVE('',#1417,#1416,#751,.T.);
#1798=EDGE_CURVE('',#1395,#1417,#752,.T.);
#1799=EDGE_CURVE('',#1418,#1393,#753,.T.);
#1800=EDGE_CURVE('',#1416,#1418,#754,.T.);
#1801=EDGE_CURVE('',#1419,#1417,#755,.T.);
#1802=EDGE_CURVE('',#1419,#1420,#756,.T.);
#1803=EDGE_CURVE('',#1421,#1420,#757,.T.);
#1804=EDGE_CURVE('',#1396,#1421,#758,.F.);
#1805=EDGE_CURVE('',#1416,#1419,#759,.T.);
#1806=EDGE_CURVE('',#1418,#1419,#760,.T.);
#1807=EDGE_CURVE('',#1422,#1399,#761,.T.);
#1808=EDGE_CURVE('',#1423,#1422,#762,.T.);
#1809=EDGE_CURVE('',#1400,#1423,#763,.T.);
#1810=EDGE_CURVE('',#1424,#1398,#764,.T.);
#1811=EDGE_CURVE('',#1422,#1424,#765,.T.);
#1812=EDGE_CURVE('',#1425,#1423,#766,.T.);
#1813=EDGE_CURVE('',#1425,#1426,#767,.T.);
#1814=EDGE_CURVE('',#1427,#1426,#768,.T.);
#1815=EDGE_CURVE('',#1401,#1427,#769,.F.);
#1816=EDGE_CURVE('',#1422,#1425,#770,.T.);
#1817=EDGE_CURVE('',#1424,#1425,#771,.T.);
#1818=EDGE_CURVE('',#1428,#1421,#772,.F.);
#1819=EDGE_CURVE('',#1397,#1428,#773,.T.);
#1820=EDGE_CURVE('',#1426,#1428,#774,.T.);
#1821=EDGE_CURVE('',#1429,#1427,#775,.F.);
#1822=EDGE_CURVE('',#1402,#1429,#776,.T.);
#1823=EDGE_CURVE('',#1408,#1429,#777,.T.);
#1824=EDGE_CURVE('',#1392,#1430,#778,.T.);
#1825=EDGE_CURVE('',#1420,#1430,#779,.T.);
#1826=EDGE_CURVE('',#1430,#1415,#780,.F.);
#1827=EDGE_CURVE('',#1387,#1431,#781,.T.);
#1828=EDGE_CURVE('',#1414,#1431,#782,.T.);
#1829=EDGE_CURVE('',#1431,#1409,#783,.F.);
#1830=EDGE_CURVE('',#1374,#1432,#784,.T.);
#1831=EDGE_CURVE('',#1432,#1432,#1169,.T.);
#1832=EDGE_CURVE('',#1432,#1379,#785,.T.);
#1833=EDGE_CURVE('',#1433,#1433,#1170,.T.);
#1834=EDGE_CURVE('',#1433,#1434,#786,.T.);
#1835=EDGE_CURVE('',#1434,#1434,#1171,.T.);
#1836=EDGE_CURVE('',#1435,#1435,#1172,.T.);
#1837=EDGE_CURVE('',#1435,#1436,#787,.T.);
#1838=EDGE_CURVE('',#1436,#1436,#1173,.T.);
#1839=ORIENTED_EDGE('',*,*,#1437,.F.);
#1840=ORIENTED_EDGE('',*,*,#1438,.F.);
#1841=ORIENTED_EDGE('',*,*,#1439,.F.);
#1842=ORIENTED_EDGE('',*,*,#1440,.T.);
#1843=ORIENTED_EDGE('',*,*,#1441,.T.);
#1844=ORIENTED_EDGE('',*,*,#1442,.F.);
#1845=ORIENTED_EDGE('',*,*,#1443,.F.);
#1846=ORIENTED_EDGE('',*,*,#1444,.T.);
#1847=ORIENTED_EDGE('',*,*,#1445,.F.);
#1848=ORIENTED_EDGE('',*,*,#1446,.T.);
#1849=ORIENTED_EDGE('',*,*,#1447,.F.);
#1850=ORIENTED_EDGE('',*,*,#1448,.F.);
#1851=ORIENTED_EDGE('',*,*,#1449,.F.);
#1852=ORIENTED_EDGE('',*,*,#1450,.F.);
#1853=ORIENTED_EDGE('',*,*,#1451,.F.);
#1854=ORIENTED_EDGE('',*,*,#1452,.F.);
#1855=ORIENTED_EDGE('',*,*,#1453,.T.);
#1856=ORIENTED_EDGE('',*,*,#1450,.T.);
#1857=ORIENTED_EDGE('',*,*,#1453,.F.);
#1858=ORIENTED_EDGE('',*,*,#1454,.F.);
#1859=ORIENTED_EDGE('',*,*,#1455,.T.);
#1860=ORIENTED_EDGE('',*,*,#1451,.T.);
#1861=ORIENTED_EDGE('',*,*,#1455,.F.);
#1862=ORIENTED_EDGE('',*,*,#1446,.F.);
#1863=ORIENTED_EDGE('',*,*,#1456,.T.);
#1864=ORIENTED_EDGE('',*,*,#1457,.F.);
#1865=ORIENTED_EDGE('',*,*,#1458,.F.);
#1866=ORIENTED_EDGE('',*,*,#1447,.T.);
#1867=ORIENTED_EDGE('',*,*,#1458,.T.);
#1868=ORIENTED_EDGE('',*,*,#1459,.F.);
#1869=ORIENTED_EDGE('',*,*,#1460,.F.);
#1870=ORIENTED_EDGE('',*,*,#1448,.T.);
#1871=ORIENTED_EDGE('',*,*,#1460,.T.);
#1872=ORIENTED_EDGE('',*,*,#1461,.F.);
#1873=ORIENTED_EDGE('',*,*,#1462,.F.);
#1874=ORIENTED_EDGE('',*,*,#1441,.F.);
#1875=ORIENTED_EDGE('',*,*,#1463,.T.);
#1876=ORIENTED_EDGE('',*,*,#1464,.F.);
#1877=ORIENTED_EDGE('',*,*,#1465,.F.);
#1878=ORIENTED_EDGE('',*,*,#1442,.T.);
#1879=ORIENTED_EDGE('',*,*,#1465,.T.);
#1880=ORIENTED_EDGE('',*,*,#1466,.F.);
#1881=ORIENTED_EDGE('',*,*,#1467,.F.);
#1882=ORIENTED_EDGE('',*,*,#1443,.T.);
#1883=ORIENTED_EDGE('',*,*,#1467,.T.);
#1884=ORIENTED_EDGE('',*,*,#1468,.F.);
#1885=ORIENTED_EDGE('',*,*,#1469,.F.);
#1886=ORIENTED_EDGE('',*,*,#1444,.F.);
#1887=ORIENTED_EDGE('',*,*,#1469,.T.);
#1888=ORIENTED_EDGE('',*,*,#1470,.F.);
#1889=ORIENTED_EDGE('',*,*,#1471,.F.);
#1890=ORIENTED_EDGE('',*,*,#1445,.T.);
#1891=ORIENTED_EDGE('',*,*,#1471,.T.);
#1892=ORIENTED_EDGE('',*,*,#1472,.F.);
#1893=ORIENTED_EDGE('',*,*,#1456,.F.);
#1894=ORIENTED_EDGE('',*,*,#1473,.F.);
#1895=ORIENTED_EDGE('',*,*,#1474,.T.);
#1896=ORIENTED_EDGE('',*,*,#1461,.T.);
#1897=ORIENTED_EDGE('',*,*,#1459,.T.);
#1898=ORIENTED_EDGE('',*,*,#1457,.T.);
#1899=ORIENTED_EDGE('',*,*,#1472,.T.);
#1900=ORIENTED_EDGE('',*,*,#1470,.T.);
#1901=ORIENTED_EDGE('',*,*,#1468,.T.);
#1902=ORIENTED_EDGE('',*,*,#1466,.T.);
#1903=ORIENTED_EDGE('',*,*,#1464,.T.);
#1904=ORIENTED_EDGE('',*,*,#1475,.T.);
#1905=ORIENTED_EDGE('',*,*,#1476,.F.);
#1906=ORIENTED_EDGE('',*,*,#1477,.F.);
#1907=ORIENTED_EDGE('',*,*,#1454,.T.);
#1908=ORIENTED_EDGE('',*,*,#1452,.T.);
#1909=ORIENTED_EDGE('',*,*,#1437,.T.);
#1910=ORIENTED_EDGE('',*,*,#1478,.F.);
#1911=ORIENTED_EDGE('',*,*,#1479,.F.);
#1912=ORIENTED_EDGE('',*,*,#1480,.T.);
#1913=ORIENTED_EDGE('',*,*,#1473,.T.);
#1914=ORIENTED_EDGE('',*,*,#1481,.T.);
#1915=ORIENTED_EDGE('',*,*,#1482,.F.);
#1916=ORIENTED_EDGE('',*,*,#1483,.F.);
#1917=ORIENTED_EDGE('',*,*,#1484,.F.);
#1918=ORIENTED_EDGE('',*,*,#1485,.F.);
#1919=ORIENTED_EDGE('',*,*,#1438,.T.);
#1920=ORIENTED_EDGE('',*,*,#1480,.F.);
#1921=ORIENTED_EDGE('',*,*,#1486,.F.);
#1922=ORIENTED_EDGE('',*,*,#1487,.T.);
#1923=ORIENTED_EDGE('',*,*,#1477,.T.);
#1924=ORIENTED_EDGE('',*,*,#1488,.T.);
#1925=ORIENTED_EDGE('',*,*,#1489,.T.);
#1926=ORIENTED_EDGE('',*,*,#1481,.F.);
#1927=ORIENTED_EDGE('',*,*,#1439,.T.);
#1928=ORIENTED_EDGE('',*,*,#1487,.F.);
#1929=ORIENTED_EDGE('',*,*,#1490,.F.);
#1930=ORIENTED_EDGE('',*,*,#1491,.T.);
#1931=ORIENTED_EDGE('',*,*,#1476,.T.);
#1932=ORIENTED_EDGE('',*,*,#1492,.T.);
#1933=ORIENTED_EDGE('',*,*,#1493,.T.);
#1934=ORIENTED_EDGE('',*,*,#1494,.T.);
#1935=ORIENTED_EDGE('',*,*,#1495,.F.);
#1936=ORIENTED_EDGE('',*,*,#1488,.F.);
#1937=ORIENTED_EDGE('',*,*,#1496,.F.);
#1938=ORIENTED_EDGE('',*,*,#1497,.T.);
#1939=ORIENTED_EDGE('',*,*,#1498,.F.);
#1940=ORIENTED_EDGE('',*,*,#1497,.F.);
#1941=ORIENTED_EDGE('',*,*,#1499,.F.);
#1942=ORIENTED_EDGE('',*,*,#1500,.T.);
#1943=ORIENTED_EDGE('',*,*,#1501,.F.);
#1944=ORIENTED_EDGE('',*,*,#1500,.F.);
#1945=ORIENTED_EDGE('',*,*,#1502,.F.);
#1946=ORIENTED_EDGE('',*,*,#1503,.T.);
#1947=ORIENTED_EDGE('',*,*,#1504,.F.);
#1948=ORIENTED_EDGE('',*,*,#1503,.F.);
#1949=ORIENTED_EDGE('',*,*,#1505,.F.);
#1950=ORIENTED_EDGE('',*,*,#1506,.T.);
#1951=ORIENTED_EDGE('',*,*,#1507,.F.);
#1952=ORIENTED_EDGE('',*,*,#1506,.F.);
#1953=ORIENTED_EDGE('',*,*,#1508,.F.);
#1954=ORIENTED_EDGE('',*,*,#1509,.F.);
#1955=ORIENTED_EDGE('',*,*,#1510,.F.);
#1956=ORIENTED_EDGE('',*,*,#1511,.F.);
#1957=ORIENTED_EDGE('',*,*,#1512,.F.);
#1958=ORIENTED_EDGE('',*,*,#1513,.F.);
#1959=ORIENTED_EDGE('',*,*,#1514,.F.);
#1960=ORIENTED_EDGE('',*,*,#1515,.F.);
#1961=ORIENTED_EDGE('',*,*,#1510,.T.);
#1962=ORIENTED_EDGE('',*,*,#1516,.T.);
#1963=ORIENTED_EDGE('',*,*,#1517,.F.);
#1964=ORIENTED_EDGE('',*,*,#1518,.F.);
#1965=ORIENTED_EDGE('',*,*,#1501,.T.);
#1966=ORIENTED_EDGE('',*,*,#1511,.T.);
#1967=ORIENTED_EDGE('',*,*,#1518,.T.);
#1968=ORIENTED_EDGE('',*,*,#1519,.F.);
#1969=ORIENTED_EDGE('',*,*,#1520,.F.);
#1970=ORIENTED_EDGE('',*,*,#1513,.T.);
#1971=ORIENTED_EDGE('',*,*,#1521,.F.);
#1972=ORIENTED_EDGE('',*,*,#1522,.T.);
#1973=ORIENTED_EDGE('',*,*,#1523,.T.);
#1974=ORIENTED_EDGE('',*,*,#1512,.T.);
#1975=ORIENTED_EDGE('',*,*,#1524,.F.);
#1976=ORIENTED_EDGE('',*,*,#1525,.T.);
#1977=ORIENTED_EDGE('',*,*,#1521,.T.);
#1978=ORIENTED_EDGE('',*,*,#1505,.T.);
#1979=ORIENTED_EDGE('',*,*,#1509,.T.);
#1980=ORIENTED_EDGE('',*,*,#1526,.T.);
#1981=ORIENTED_EDGE('',*,*,#1527,.F.);
#1982=ORIENTED_EDGE('',*,*,#1516,.F.);
#1983=ORIENTED_EDGE('',*,*,#1489,.F.);
#1984=ORIENTED_EDGE('',*,*,#1495,.T.);
#1985=ORIENTED_EDGE('',*,*,#1528,.T.);
#1986=ORIENTED_EDGE('',*,*,#1482,.T.);
#1987=ORIENTED_EDGE('',*,*,#1529,.T.);
#1988=ORIENTED_EDGE('',*,*,#1483,.T.);
#1989=ORIENTED_EDGE('',*,*,#1528,.F.);
#1990=ORIENTED_EDGE('',*,*,#1494,.F.);
#1991=ORIENTED_EDGE('',*,*,#1484,.T.);
#1992=ORIENTED_EDGE('',*,*,#1529,.F.);
#1993=ORIENTED_EDGE('',*,*,#1493,.F.);
#1994=ORIENTED_EDGE('',*,*,#1530,.T.);
#1995=ORIENTED_EDGE('',*,*,#1531,.T.);
#1996=ORIENTED_EDGE('',*,*,#1532,.T.);
#1997=ORIENTED_EDGE('',*,*,#1533,.T.);
#1998=ORIENTED_EDGE('',*,*,#1534,.T.);
#1999=ORIENTED_EDGE('',*,*,#1535,.T.);
#2000=ORIENTED_EDGE('',*,*,#1536,.T.);
#2001=ORIENTED_EDGE('',*,*,#1519,.T.);
#2002=ORIENTED_EDGE('',*,*,#1517,.T.);
#2003=ORIENTED_EDGE('',*,*,#1527,.T.);
#2004=ORIENTED_EDGE('',*,*,#1515,.T.);
#2005=ORIENTED_EDGE('',*,*,#1537,.F.);
#2006=ORIENTED_EDGE('',*,*,#1538,.T.);
#2007=ORIENTED_EDGE('',*,*,#1524,.T.);
#2008=ORIENTED_EDGE('',*,*,#1514,.T.);
#2009=ORIENTED_EDGE('',*,*,#1523,.F.);
#2010=ORIENTED_EDGE('',*,*,#1539,.T.);
#2011=ORIENTED_EDGE('',*,*,#1537,.T.);
#2012=ORIENTED_EDGE('',*,*,#1504,.T.);
#2013=ORIENTED_EDGE('',*,*,#1508,.T.);
#2014=ORIENTED_EDGE('',*,*,#1520,.T.);
#2015=ORIENTED_EDGE('',*,*,#1536,.F.);
#2016=ORIENTED_EDGE('',*,*,#1526,.F.);
#2017=ORIENTED_EDGE('',*,*,#1496,.T.);
#2018=ORIENTED_EDGE('',*,*,#1540,.T.);
#2019=ORIENTED_EDGE('',*,*,#1541,.T.);
#2020=ORIENTED_EDGE('',*,*,#1533,.F.);
#2021=ORIENTED_EDGE('',*,*,#1542,.F.);
#2022=ORIENTED_EDGE('',*,*,#1543,.T.);
#2023=ORIENTED_EDGE('',*,*,#1542,.T.);
#2024=ORIENTED_EDGE('',*,*,#1535,.F.);
#2025=ORIENTED_EDGE('',*,*,#1544,.F.);
#2026=ORIENTED_EDGE('',*,*,#1545,.T.);
#2027=ORIENTED_EDGE('',*,*,#1544,.T.);
#2028=ORIENTED_EDGE('',*,*,#1534,.F.);
#2029=ORIENTED_EDGE('',*,*,#1541,.F.);
#2030=ORIENTED_EDGE('',*,*,#1498,.T.);
#2031=ORIENTED_EDGE('',*,*,#1507,.T.);
#2032=ORIENTED_EDGE('',*,*,#1546,.F.);
#2033=ORIENTED_EDGE('',*,*,#1547,.T.);
#2034=ORIENTED_EDGE('',*,*,#1531,.F.);
#2035=ORIENTED_EDGE('',*,*,#1548,.F.);
#2036=ORIENTED_EDGE('',*,*,#1499,.T.);
#2037=ORIENTED_EDGE('',*,*,#1502,.T.);
#2038=ORIENTED_EDGE('',*,*,#1549,.F.);
#2039=ORIENTED_EDGE('',*,*,#1550,.T.);
#2040=ORIENTED_EDGE('',*,*,#1551,.T.);
#2041=ORIENTED_EDGE('',*,*,#1550,.F.);
#2042=ORIENTED_EDGE('',*,*,#1552,.F.);
#2043=ORIENTED_EDGE('',*,*,#1553,.T.);
#2044=ORIENTED_EDGE('',*,*,#1554,.T.);
#2045=ORIENTED_EDGE('',*,*,#1553,.F.);
#2046=ORIENTED_EDGE('',*,*,#1555,.T.);
#2047=ORIENTED_EDGE('',*,*,#1556,.T.);
#2048=ORIENTED_EDGE('',*,*,#1557,.F.);
#2049=ORIENTED_EDGE('',*,*,#1558,.F.);
#2050=ORIENTED_EDGE('',*,*,#1559,.F.);
#2051=ORIENTED_EDGE('',*,*,#1558,.T.);
#2052=ORIENTED_EDGE('',*,*,#1560,.F.);
#2053=ORIENTED_EDGE('',*,*,#1561,.F.);
#2054=ORIENTED_EDGE('',*,*,#1562,.T.);
#2055=ORIENTED_EDGE('',*,*,#1561,.T.);
#2056=ORIENTED_EDGE('',*,*,#1563,.F.);
#2057=ORIENTED_EDGE('',*,*,#1564,.F.);
#2058=ORIENTED_EDGE('',*,*,#1565,.T.);
#2059=ORIENTED_EDGE('',*,*,#1564,.T.);
#2060=ORIENTED_EDGE('',*,*,#1566,.F.);
#2061=ORIENTED_EDGE('',*,*,#1567,.F.);
#2062=ORIENTED_EDGE('',*,*,#1568,.T.);
#2063=ORIENTED_EDGE('',*,*,#1567,.T.);
#2064=ORIENTED_EDGE('',*,*,#1569,.F.);
#2065=ORIENTED_EDGE('',*,*,#1478,.T.);
#2066=ORIENTED_EDGE('',*,*,#1449,.T.);
#2067=ORIENTED_EDGE('',*,*,#1462,.T.);
#2068=ORIENTED_EDGE('',*,*,#1474,.F.);
#2069=ORIENTED_EDGE('',*,*,#1485,.T.);
#2070=ORIENTED_EDGE('',*,*,#1532,.F.);
#2071=ORIENTED_EDGE('',*,*,#1547,.F.);
#2072=ORIENTED_EDGE('',*,*,#1570,.F.);
#2073=ORIENTED_EDGE('',*,*,#1548,.T.);
#2074=ORIENTED_EDGE('',*,*,#1530,.F.);
#2075=ORIENTED_EDGE('',*,*,#1492,.F.);
#2076=ORIENTED_EDGE('',*,*,#1475,.F.);
#2077=ORIENTED_EDGE('',*,*,#1463,.F.);
#2078=ORIENTED_EDGE('',*,*,#1440,.F.);
#2079=ORIENTED_EDGE('',*,*,#1491,.F.);
#2080=ORIENTED_EDGE('',*,*,#1571,.F.);
#2081=ORIENTED_EDGE('',*,*,#1572,.F.);
#2082=ORIENTED_EDGE('',*,*,#1573,.F.);
#2083=ORIENTED_EDGE('',*,*,#1572,.T.);
#2084=ORIENTED_EDGE('',*,*,#1574,.F.);
#2085=ORIENTED_EDGE('',*,*,#1575,.F.);
#2086=ORIENTED_EDGE('',*,*,#1576,.T.);
#2087=ORIENTED_EDGE('',*,*,#1575,.T.);
#2088=ORIENTED_EDGE('',*,*,#1577,.F.);
#2089=ORIENTED_EDGE('',*,*,#1578,.F.);
#2090=ORIENTED_EDGE('',*,*,#1579,.T.);
#2091=ORIENTED_EDGE('',*,*,#1578,.T.);
#2092=ORIENTED_EDGE('',*,*,#1580,.F.);
#2093=ORIENTED_EDGE('',*,*,#1581,.F.);
#2094=ORIENTED_EDGE('',*,*,#1582,.F.);
#2095=ORIENTED_EDGE('',*,*,#1581,.T.);
#2096=ORIENTED_EDGE('',*,*,#1583,.F.);
#2097=ORIENTED_EDGE('',*,*,#1556,.F.);
#2098=ORIENTED_EDGE('',*,*,#1583,.T.);
#2099=ORIENTED_EDGE('',*,*,#1580,.T.);
#2100=ORIENTED_EDGE('',*,*,#1577,.T.);
#2101=ORIENTED_EDGE('',*,*,#1574,.T.);
#2102=ORIENTED_EDGE('',*,*,#1571,.T.);
#2103=ORIENTED_EDGE('',*,*,#1490,.T.);
#2104=ORIENTED_EDGE('',*,*,#1486,.T.);
#2105=ORIENTED_EDGE('',*,*,#1479,.T.);
#2106=ORIENTED_EDGE('',*,*,#1569,.T.);
#2107=ORIENTED_EDGE('',*,*,#1566,.T.);
#2108=ORIENTED_EDGE('',*,*,#1563,.T.);
#2109=ORIENTED_EDGE('',*,*,#1560,.T.);
#2110=ORIENTED_EDGE('',*,*,#1557,.T.);
#2111=ORIENTED_EDGE('',*,*,#1552,.T.);
#2112=ORIENTED_EDGE('',*,*,#1549,.T.);
#2113=ORIENTED_EDGE('',*,*,#1582,.T.);
#2114=ORIENTED_EDGE('',*,*,#1555,.F.);
#2115=ORIENTED_EDGE('',*,*,#1559,.T.);
#2116=ORIENTED_EDGE('',*,*,#1562,.F.);
#2117=ORIENTED_EDGE('',*,*,#1565,.F.);
#2118=ORIENTED_EDGE('',*,*,#1568,.F.);
#2119=ORIENTED_EDGE('',*,*,#1546,.T.);
#2120=ORIENTED_EDGE('',*,*,#1570,.T.);
#2121=ORIENTED_EDGE('',*,*,#1573,.T.);
#2122=ORIENTED_EDGE('',*,*,#1576,.F.);
#2123=ORIENTED_EDGE('',*,*,#1579,.F.);
#2124=ORIENTED_EDGE('',*,*,#1525,.F.);
#2125=ORIENTED_EDGE('',*,*,#1538,.F.);
#2126=ORIENTED_EDGE('',*,*,#1539,.F.);
#2127=ORIENTED_EDGE('',*,*,#1522,.F.);
#2128=ORIENTED_EDGE('',*,*,#1545,.F.);
#2129=ORIENTED_EDGE('',*,*,#1540,.F.);
#2130=ORIENTED_EDGE('',*,*,#1543,.F.);
#2131=ORIENTED_EDGE('',*,*,#1554,.F.);
#2132=ORIENTED_EDGE('',*,*,#1551,.F.);
#2133=ORIENTED_EDGE('',*,*,#1584,.T.);
#2134=ORIENTED_EDGE('',*,*,#1585,.F.);
#2135=ORIENTED_EDGE('',*,*,#1586,.F.);
#2136=ORIENTED_EDGE('',*,*,#1587,.T.);
#2137=ORIENTED_EDGE('',*,*,#1588,.F.);
#2138=ORIENTED_EDGE('',*,*,#1589,.F.);
#2139=ORIENTED_EDGE('',*,*,#1584,.F.);
#2140=ORIENTED_EDGE('',*,*,#1585,.T.);
#2141=ORIENTED_EDGE('',*,*,#1589,.T.);
#2142=ORIENTED_EDGE('',*,*,#1590,.F.);
#2143=ORIENTED_EDGE('',*,*,#1591,.T.);
#2144=ORIENTED_EDGE('',*,*,#1592,.T.);
#2145=ORIENTED_EDGE('',*,*,#1593,.T.);
#2146=ORIENTED_EDGE('',*,*,#1594,.F.);
#2147=ORIENTED_EDGE('',*,*,#1595,.T.);
#2148=ORIENTED_EDGE('',*,*,#1596,.T.);
#2149=ORIENTED_EDGE('',*,*,#1597,.T.);
#2150=ORIENTED_EDGE('',*,*,#1598,.F.);
#2151=ORIENTED_EDGE('',*,*,#1599,.F.);
#2152=ORIENTED_EDGE('',*,*,#1600,.T.);
#2153=ORIENTED_EDGE('',*,*,#1601,.T.);
#2154=ORIENTED_EDGE('',*,*,#1602,.T.);
#2155=ORIENTED_EDGE('',*,*,#1603,.T.);
#2156=ORIENTED_EDGE('',*,*,#1604,.T.);
#2157=ORIENTED_EDGE('',*,*,#1605,.T.);
#2158=ORIENTED_EDGE('',*,*,#1588,.T.);
#2159=ORIENTED_EDGE('',*,*,#1587,.F.);
#2160=ORIENTED_EDGE('',*,*,#1606,.T.);
#2161=ORIENTED_EDGE('',*,*,#1607,.T.);
#2162=ORIENTED_EDGE('',*,*,#1608,.T.);
#2163=ORIENTED_EDGE('',*,*,#1609,.F.);
#2164=ORIENTED_EDGE('',*,*,#1610,.T.);
#2165=ORIENTED_EDGE('',*,*,#1594,.T.);
#2166=ORIENTED_EDGE('',*,*,#1611,.T.);
#2167=ORIENTED_EDGE('',*,*,#1612,.F.);
#2168=ORIENTED_EDGE('',*,*,#1613,.T.);
#2169=ORIENTED_EDGE('',*,*,#1590,.T.);
#2170=ORIENTED_EDGE('',*,*,#1614,.T.);
#2171=ORIENTED_EDGE('',*,*,#1615,.T.);
#2172=ORIENTED_EDGE('',*,*,#1616,.T.);
#2173=ORIENTED_EDGE('',*,*,#1617,.T.);
#2174=ORIENTED_EDGE('',*,*,#1618,.T.);
#2175=ORIENTED_EDGE('',*,*,#1596,.F.);
#2176=ORIENTED_EDGE('',*,*,#1619,.F.);
#2177=ORIENTED_EDGE('',*,*,#1609,.T.);
#2178=ORIENTED_EDGE('',*,*,#1610,.F.);
#2179=ORIENTED_EDGE('',*,*,#1619,.T.);
#2180=ORIENTED_EDGE('',*,*,#1595,.F.);
#2181=ORIENTED_EDGE('',*,*,#1620,.T.);
#2182=ORIENTED_EDGE('',*,*,#1592,.F.);
#2183=ORIENTED_EDGE('',*,*,#1621,.F.);
#2184=ORIENTED_EDGE('',*,*,#1612,.T.);
#2185=ORIENTED_EDGE('',*,*,#1611,.F.);
#2186=ORIENTED_EDGE('',*,*,#1593,.F.);
#2187=ORIENTED_EDGE('',*,*,#1620,.F.);
#2188=ORIENTED_EDGE('',*,*,#1613,.F.);
#2189=ORIENTED_EDGE('',*,*,#1621,.T.);
#2190=ORIENTED_EDGE('',*,*,#1591,.F.);
#2191=ORIENTED_EDGE('',*,*,#1622,.F.);
#2192=ORIENTED_EDGE('',*,*,#1623,.T.);
#2193=ORIENTED_EDGE('',*,*,#1614,.F.);
#2194=ORIENTED_EDGE('',*,*,#1623,.F.);
#2195=ORIENTED_EDGE('',*,*,#1624,.F.);
#2196=ORIENTED_EDGE('',*,*,#1625,.T.);
#2197=ORIENTED_EDGE('',*,*,#1615,.F.);
#2198=ORIENTED_EDGE('',*,*,#1625,.F.);
#2199=ORIENTED_EDGE('',*,*,#1626,.F.);
#2200=ORIENTED_EDGE('',*,*,#1627,.T.);
#2201=ORIENTED_EDGE('',*,*,#1616,.F.);
#2202=ORIENTED_EDGE('',*,*,#1627,.F.);
#2203=ORIENTED_EDGE('',*,*,#1628,.F.);
#2204=ORIENTED_EDGE('',*,*,#1629,.T.);
#2205=ORIENTED_EDGE('',*,*,#1617,.F.);
#2206=ORIENTED_EDGE('',*,*,#1629,.F.);
#2207=ORIENTED_EDGE('',*,*,#1630,.F.);
#2208=ORIENTED_EDGE('',*,*,#1631,.T.);
#2209=ORIENTED_EDGE('',*,*,#1602,.F.);
#2210=ORIENTED_EDGE('',*,*,#1632,.F.);
#2211=ORIENTED_EDGE('',*,*,#1633,.F.);
#2212=ORIENTED_EDGE('',*,*,#1634,.T.);
#2213=ORIENTED_EDGE('',*,*,#1603,.F.);
#2214=ORIENTED_EDGE('',*,*,#1631,.F.);
#2215=ORIENTED_EDGE('',*,*,#1635,.F.);
#2216=ORIENTED_EDGE('',*,*,#1636,.T.);
#2217=ORIENTED_EDGE('',*,*,#1604,.F.);
#2218=ORIENTED_EDGE('',*,*,#1634,.F.);
#2219=ORIENTED_EDGE('',*,*,#1637,.F.);
#2220=ORIENTED_EDGE('',*,*,#1632,.T.);
#2221=ORIENTED_EDGE('',*,*,#1605,.F.);
#2222=ORIENTED_EDGE('',*,*,#1636,.F.);
#2223=ORIENTED_EDGE('',*,*,#1638,.F.);
#2224=ORIENTED_EDGE('',*,*,#1639,.T.);
#2225=ORIENTED_EDGE('',*,*,#1601,.F.);
#2226=ORIENTED_EDGE('',*,*,#1639,.F.);
#2227=ORIENTED_EDGE('',*,*,#1640,.F.);
#2228=ORIENTED_EDGE('',*,*,#1641,.T.);
#2229=ORIENTED_EDGE('',*,*,#1600,.F.);
#2230=ORIENTED_EDGE('',*,*,#1641,.F.);
#2231=ORIENTED_EDGE('',*,*,#1642,.F.);
#2232=ORIENTED_EDGE('',*,*,#1643,.T.);
#2233=ORIENTED_EDGE('',*,*,#1644,.T.);
#2234=ORIENTED_EDGE('',*,*,#1643,.F.);
#2235=ORIENTED_EDGE('',*,*,#1645,.T.);
#2236=ORIENTED_EDGE('',*,*,#1646,.T.);
#2237=ORIENTED_EDGE('',*,*,#1647,.F.);
#2238=ORIENTED_EDGE('',*,*,#1648,.F.);
#2239=ORIENTED_EDGE('',*,*,#1649,.F.);
#2240=ORIENTED_EDGE('',*,*,#1648,.T.);
#2241=ORIENTED_EDGE('',*,*,#1650,.F.);
#2242=ORIENTED_EDGE('',*,*,#1651,.F.);
#2243=ORIENTED_EDGE('',*,*,#1652,.T.);
#2244=ORIENTED_EDGE('',*,*,#1651,.T.);
#2245=ORIENTED_EDGE('',*,*,#1653,.F.);
#2246=ORIENTED_EDGE('',*,*,#1654,.F.);
#2247=ORIENTED_EDGE('',*,*,#1655,.F.);
#2248=ORIENTED_EDGE('',*,*,#1645,.F.);
#2249=ORIENTED_EDGE('',*,*,#1649,.T.);
#2250=ORIENTED_EDGE('',*,*,#1652,.F.);
#2251=ORIENTED_EDGE('',*,*,#1656,.F.);
#2252=ORIENTED_EDGE('',*,*,#1644,.F.);
#2253=ORIENTED_EDGE('',*,*,#1656,.T.);
#2254=ORIENTED_EDGE('',*,*,#1654,.T.);
#2255=ORIENTED_EDGE('',*,*,#1657,.F.);
#2256=ORIENTED_EDGE('',*,*,#1658,.T.);
#2257=ORIENTED_EDGE('',*,*,#1659,.T.);
#2258=ORIENTED_EDGE('',*,*,#1660,.F.);
#2259=ORIENTED_EDGE('',*,*,#1661,.T.);
#2260=ORIENTED_EDGE('',*,*,#1662,.T.);
#2261=ORIENTED_EDGE('',*,*,#1663,.F.);
#2262=ORIENTED_EDGE('',*,*,#1664,.T.);
#2263=ORIENTED_EDGE('',*,*,#1665,.T.);
#2264=ORIENTED_EDGE('',*,*,#1666,.T.);
#2265=ORIENTED_EDGE('',*,*,#1630,.T.);
#2266=ORIENTED_EDGE('',*,*,#1637,.T.);
#2267=ORIENTED_EDGE('',*,*,#1635,.T.);
#2268=ORIENTED_EDGE('',*,*,#1633,.T.);
#2269=ORIENTED_EDGE('',*,*,#1638,.T.);
#2270=ORIENTED_EDGE('',*,*,#1640,.T.);
#2271=ORIENTED_EDGE('',*,*,#1667,.F.);
#2272=ORIENTED_EDGE('',*,*,#1668,.T.);
#2273=ORIENTED_EDGE('',*,*,#1669,.T.);
#2274=ORIENTED_EDGE('',*,*,#1668,.F.);
#2275=ORIENTED_EDGE('',*,*,#1670,.F.);
#2276=ORIENTED_EDGE('',*,*,#1658,.F.);
#2277=ORIENTED_EDGE('',*,*,#1671,.F.);
#2278=ORIENTED_EDGE('',*,*,#1672,.F.);
#2279=ORIENTED_EDGE('',*,*,#1673,.T.);
#2280=ORIENTED_EDGE('',*,*,#1672,.T.);
#2281=ORIENTED_EDGE('',*,*,#1674,.F.);
#2282=ORIENTED_EDGE('',*,*,#1675,.F.);
#2283=ORIENTED_EDGE('',*,*,#1659,.F.);
#2284=ORIENTED_EDGE('',*,*,#1670,.T.);
#2285=ORIENTED_EDGE('',*,*,#1673,.F.);
#2286=ORIENTED_EDGE('',*,*,#1676,.F.);
#2287=ORIENTED_EDGE('',*,*,#1669,.F.);
#2288=ORIENTED_EDGE('',*,*,#1677,.F.);
#2289=ORIENTED_EDGE('',*,*,#1678,.T.);
#2290=ORIENTED_EDGE('',*,*,#1679,.T.);
#2291=ORIENTED_EDGE('',*,*,#1678,.F.);
#2292=ORIENTED_EDGE('',*,*,#1680,.T.);
#2293=ORIENTED_EDGE('',*,*,#1681,.T.);
#2294=ORIENTED_EDGE('',*,*,#1682,.F.);
#2295=ORIENTED_EDGE('',*,*,#1683,.F.);
#2296=ORIENTED_EDGE('',*,*,#1684,.F.);
#2297=ORIENTED_EDGE('',*,*,#1683,.T.);
#2298=ORIENTED_EDGE('',*,*,#1685,.F.);
#2299=ORIENTED_EDGE('',*,*,#1686,.F.);
#2300=ORIENTED_EDGE('',*,*,#1687,.T.);
#2301=ORIENTED_EDGE('',*,*,#1686,.T.);
#2302=ORIENTED_EDGE('',*,*,#1688,.F.);
#2303=ORIENTED_EDGE('',*,*,#1664,.F.);
#2304=ORIENTED_EDGE('',*,*,#1689,.T.);
#2305=ORIENTED_EDGE('',*,*,#1665,.F.);
#2306=ORIENTED_EDGE('',*,*,#1688,.T.);
#2307=ORIENTED_EDGE('',*,*,#1685,.T.);
#2308=ORIENTED_EDGE('',*,*,#1682,.T.);
#2309=ORIENTED_EDGE('',*,*,#1677,.T.);
#2310=ORIENTED_EDGE('',*,*,#1690,.F.);
#2311=ORIENTED_EDGE('',*,*,#1691,.T.);
#2312=ORIENTED_EDGE('',*,*,#1692,.T.);
#2313=ORIENTED_EDGE('',*,*,#1691,.F.);
#2314=ORIENTED_EDGE('',*,*,#1693,.F.);
#2315=ORIENTED_EDGE('',*,*,#1662,.F.);
#2316=ORIENTED_EDGE('',*,*,#1694,.F.);
#2317=ORIENTED_EDGE('',*,*,#1695,.F.);
#2318=ORIENTED_EDGE('',*,*,#1696,.T.);
#2319=ORIENTED_EDGE('',*,*,#1695,.T.);
#2320=ORIENTED_EDGE('',*,*,#1697,.F.);
#2321=ORIENTED_EDGE('',*,*,#1698,.F.);
#2322=ORIENTED_EDGE('',*,*,#1661,.F.);
#2323=ORIENTED_EDGE('',*,*,#1699,.T.);
#2324=ORIENTED_EDGE('',*,*,#1697,.T.);
#2325=ORIENTED_EDGE('',*,*,#1694,.T.);
#2326=ORIENTED_EDGE('',*,*,#1690,.T.);
#2327=ORIENTED_EDGE('',*,*,#1598,.T.);
#2328=ORIENTED_EDGE('',*,*,#1700,.T.);
#2329=ORIENTED_EDGE('',*,*,#1674,.T.);
#2330=ORIENTED_EDGE('',*,*,#1671,.T.);
#2331=ORIENTED_EDGE('',*,*,#1657,.T.);
#2332=ORIENTED_EDGE('',*,*,#1653,.T.);
#2333=ORIENTED_EDGE('',*,*,#1650,.T.);
#2334=ORIENTED_EDGE('',*,*,#1647,.T.);
#2335=ORIENTED_EDGE('',*,*,#1701,.T.);
#2336=ORIENTED_EDGE('',*,*,#1642,.T.);
#2337=ORIENTED_EDGE('',*,*,#1667,.T.);
#2338=ORIENTED_EDGE('',*,*,#1702,.T.);
#2339=ORIENTED_EDGE('',*,*,#1703,.T.);
#2340=ORIENTED_EDGE('',*,*,#1606,.F.);
#2341=ORIENTED_EDGE('',*,*,#1586,.T.);
#2342=ORIENTED_EDGE('',*,*,#1599,.T.);
#2343=ORIENTED_EDGE('',*,*,#1701,.F.);
#2344=ORIENTED_EDGE('',*,*,#1646,.F.);
#2345=ORIENTED_EDGE('',*,*,#1655,.T.);
#2346=ORIENTED_EDGE('',*,*,#1666,.F.);
#2347=ORIENTED_EDGE('',*,*,#1689,.F.);
#2348=ORIENTED_EDGE('',*,*,#1681,.F.);
#2349=ORIENTED_EDGE('',*,*,#1704,.T.);
#2350=ORIENTED_EDGE('',*,*,#1698,.T.);
#2351=ORIENTED_EDGE('',*,*,#1699,.F.);
#2352=ORIENTED_EDGE('',*,*,#1660,.T.);
#2353=ORIENTED_EDGE('',*,*,#1676,.T.);
#2354=ORIENTED_EDGE('',*,*,#1675,.T.);
#2355=ORIENTED_EDGE('',*,*,#1700,.F.);
#2356=ORIENTED_EDGE('',*,*,#1597,.F.);
#2357=ORIENTED_EDGE('',*,*,#1618,.F.);
#2358=ORIENTED_EDGE('',*,*,#1608,.F.);
#2359=ORIENTED_EDGE('',*,*,#1705,.F.);
#2360=ORIENTED_EDGE('',*,*,#1706,.T.);
#2361=ORIENTED_EDGE('',*,*,#1705,.T.);
#2362=ORIENTED_EDGE('',*,*,#1607,.F.);
#2363=ORIENTED_EDGE('',*,*,#1703,.F.);
#2364=ORIENTED_EDGE('',*,*,#1706,.F.);
#2365=ORIENTED_EDGE('',*,*,#1702,.F.);
#2366=ORIENTED_EDGE('',*,*,#1680,.F.);
#2367=ORIENTED_EDGE('',*,*,#1684,.T.);
#2368=ORIENTED_EDGE('',*,*,#1687,.F.);
#2369=ORIENTED_EDGE('',*,*,#1663,.T.);
#2370=ORIENTED_EDGE('',*,*,#1693,.T.);
#2371=ORIENTED_EDGE('',*,*,#1696,.F.);
#2372=ORIENTED_EDGE('',*,*,#1704,.F.);
#2373=ORIENTED_EDGE('',*,*,#1622,.T.);
#2374=ORIENTED_EDGE('',*,*,#1624,.T.);
#2375=ORIENTED_EDGE('',*,*,#1626,.T.);
#2376=ORIENTED_EDGE('',*,*,#1628,.T.);
#2377=ORIENTED_EDGE('',*,*,#1679,.F.);
#2378=ORIENTED_EDGE('',*,*,#1692,.F.);
#2379=ORIENTED_EDGE('',*,*,#1707,.F.);
#2380=ORIENTED_EDGE('',*,*,#1708,.T.);
#2381=ORIENTED_EDGE('',*,*,#1709,.F.);
#2382=ORIENTED_EDGE('',*,*,#1708,.F.);
#2383=ORIENTED_EDGE('',*,*,#1710,.F.);
#2384=ORIENTED_EDGE('',*,*,#1711,.T.);
#2385=ORIENTED_EDGE('',*,*,#1712,.F.);
#2386=ORIENTED_EDGE('',*,*,#1711,.F.);
#2387=ORIENTED_EDGE('',*,*,#1713,.F.);
#2388=ORIENTED_EDGE('',*,*,#1714,.F.);
#2389=ORIENTED_EDGE('',*,*,#1715,.F.);
#2390=ORIENTED_EDGE('',*,*,#1716,.F.);
#2391=ORIENTED_EDGE('',*,*,#1715,.T.);
#2392=ORIENTED_EDGE('',*,*,#1717,.F.);
#2393=ORIENTED_EDGE('',*,*,#1718,.T.);
#2394=ORIENTED_EDGE('',*,*,#1719,.F.);
#2395=ORIENTED_EDGE('',*,*,#1720,.F.);
#2396=ORIENTED_EDGE('',*,*,#1721,.T.);
#2397=ORIENTED_EDGE('',*,*,#1722,.T.);
#2398=ORIENTED_EDGE('',*,*,#1723,.T.);
#2399=ORIENTED_EDGE('',*,*,#1724,.T.);
#2400=ORIENTED_EDGE('',*,*,#1717,.T.);
#2401=ORIENTED_EDGE('',*,*,#1714,.T.);
#2402=ORIENTED_EDGE('',*,*,#1725,.T.);
#2403=ORIENTED_EDGE('',*,*,#1726,.T.);
#2404=ORIENTED_EDGE('',*,*,#1721,.F.);
#2405=ORIENTED_EDGE('',*,*,#1713,.T.);
#2406=ORIENTED_EDGE('',*,*,#1727,.F.);
#2407=ORIENTED_EDGE('',*,*,#1728,.F.);
#2408=ORIENTED_EDGE('',*,*,#1725,.F.);
#2409=ORIENTED_EDGE('',*,*,#1728,.T.);
#2410=ORIENTED_EDGE('',*,*,#1729,.F.);
#2411=ORIENTED_EDGE('',*,*,#1730,.F.);
#2412=ORIENTED_EDGE('',*,*,#1731,.F.);
#2413=ORIENTED_EDGE('',*,*,#1722,.F.);
#2414=ORIENTED_EDGE('',*,*,#1726,.F.);
#2415=ORIENTED_EDGE('',*,*,#1731,.T.);
#2416=ORIENTED_EDGE('',*,*,#1732,.F.);
#2417=ORIENTED_EDGE('',*,*,#1733,.F.);
#2418=ORIENTED_EDGE('',*,*,#1723,.F.);
#2419=ORIENTED_EDGE('',*,*,#1733,.T.);
#2420=ORIENTED_EDGE('',*,*,#1734,.F.);
#2421=ORIENTED_EDGE('',*,*,#1718,.F.);
#2422=ORIENTED_EDGE('',*,*,#1724,.F.);
#2423=ORIENTED_EDGE('',*,*,#1735,.F.);
#2424=ORIENTED_EDGE('',*,*,#1710,.T.);
#2425=ORIENTED_EDGE('',*,*,#1716,.T.);
#2426=ORIENTED_EDGE('',*,*,#1719,.T.);
#2427=ORIENTED_EDGE('',*,*,#1734,.T.);
#2428=ORIENTED_EDGE('',*,*,#1732,.T.);
#2429=ORIENTED_EDGE('',*,*,#1730,.T.);
#2430=ORIENTED_EDGE('',*,*,#1736,.T.);
#2431=ORIENTED_EDGE('',*,*,#1735,.T.);
#2432=ORIENTED_EDGE('',*,*,#1736,.F.);
#2433=ORIENTED_EDGE('',*,*,#1729,.T.);
#2434=ORIENTED_EDGE('',*,*,#1727,.T.);
#2435=ORIENTED_EDGE('',*,*,#1720,.T.);
#2436=ORIENTED_EDGE('',*,*,#1709,.T.);
#2437=ORIENTED_EDGE('',*,*,#1707,.T.);
#2438=ORIENTED_EDGE('',*,*,#1737,.T.);
#2439=ORIENTED_EDGE('',*,*,#1712,.T.);
#2440=ORIENTED_EDGE('',*,*,#1737,.F.);
#2441=ORIENTED_EDGE('',*,*,#1738,.F.);
#2442=ORIENTED_EDGE('',*,*,#1739,.T.);
#2443=ORIENTED_EDGE('',*,*,#1740,.F.);
#2444=ORIENTED_EDGE('',*,*,#1739,.F.);
#2445=ORIENTED_EDGE('',*,*,#1741,.T.);
#2446=ORIENTED_EDGE('',*,*,#1742,.T.);
#2447=ORIENTED_EDGE('',*,*,#1743,.T.);
#2448=ORIENTED_EDGE('',*,*,#1742,.F.);
#2449=ORIENTED_EDGE('',*,*,#1744,.T.);
#2450=ORIENTED_EDGE('',*,*,#1741,.F.);
#2451=ORIENTED_EDGE('',*,*,#1745,.F.);
#2452=ORIENTED_EDGE('',*,*,#1746,.T.);
#2453=ORIENTED_EDGE('',*,*,#1743,.F.);
#2454=ORIENTED_EDGE('',*,*,#1746,.F.);
#2455=ORIENTED_EDGE('',*,*,#1747,.T.);
#2456=ORIENTED_EDGE('',*,*,#1748,.T.);
#2457=ORIENTED_EDGE('',*,*,#1749,.T.);
#2458=ORIENTED_EDGE('',*,*,#1750,.T.);
#2459=ORIENTED_EDGE('',*,*,#1748,.F.);
#2460=ORIENTED_EDGE('',*,*,#1751,.T.);
#2461=ORIENTED_EDGE('',*,*,#1752,.T.);
#2462=ORIENTED_EDGE('',*,*,#1753,.T.);
#2463=ORIENTED_EDGE('',*,*,#1754,.T.);
#2464=ORIENTED_EDGE('',*,*,#1749,.F.);
#2465=ORIENTED_EDGE('',*,*,#1750,.F.);
#2466=ORIENTED_EDGE('',*,*,#1754,.F.);
#2467=ORIENTED_EDGE('',*,*,#1755,.T.);
#2468=ORIENTED_EDGE('',*,*,#1756,.T.);
#2469=ORIENTED_EDGE('',*,*,#1757,.T.);
#2470=ORIENTED_EDGE('',*,*,#1758,.T.);
#2471=ORIENTED_EDGE('',*,*,#1759,.T.);
#2472=ORIENTED_EDGE('',*,*,#1760,.T.);
#2473=ORIENTED_EDGE('',*,*,#1761,.T.);
#2474=ORIENTED_EDGE('',*,*,#1762,.T.);
#2475=ORIENTED_EDGE('',*,*,#1763,.T.);
#2476=ORIENTED_EDGE('',*,*,#1764,.T.);
#2477=ORIENTED_EDGE('',*,*,#1765,.T.);
#2478=ORIENTED_EDGE('',*,*,#1766,.T.);
#2479=ORIENTED_EDGE('',*,*,#1767,.T.);
#2480=ORIENTED_EDGE('',*,*,#1768,.T.);
#2481=ORIENTED_EDGE('',*,*,#1769,.T.);
#2482=ORIENTED_EDGE('',*,*,#1770,.T.);
#2483=ORIENTED_EDGE('',*,*,#1771,.T.);
#2484=ORIENTED_EDGE('',*,*,#1772,.T.);
#2485=ORIENTED_EDGE('',*,*,#1744,.F.);
#2486=ORIENTED_EDGE('',*,*,#1773,.T.);
#2487=ORIENTED_EDGE('',*,*,#1747,.F.);
#2488=ORIENTED_EDGE('',*,*,#1773,.F.);
#2489=ORIENTED_EDGE('',*,*,#1751,.F.);
#2490=ORIENTED_EDGE('',*,*,#1774,.F.);
#2491=ORIENTED_EDGE('',*,*,#1775,.F.);
#2492=ORIENTED_EDGE('',*,*,#1776,.F.);
#2493=ORIENTED_EDGE('',*,*,#1772,.F.);
#2494=ORIENTED_EDGE('',*,*,#1777,.F.);
#2495=ORIENTED_EDGE('',*,*,#1778,.F.);
#2496=ORIENTED_EDGE('',*,*,#1774,.T.);
#2497=ORIENTED_EDGE('',*,*,#1776,.T.);
#2498=ORIENTED_EDGE('',*,*,#1779,.F.);
#2499=ORIENTED_EDGE('',*,*,#1780,.T.);
#2500=ORIENTED_EDGE('',*,*,#1781,.F.);
#2501=ORIENTED_EDGE('',*,*,#1782,.F.);
#2502=ORIENTED_EDGE('',*,*,#1752,.F.);
#2503=ORIENTED_EDGE('',*,*,#1775,.T.);
#2504=ORIENTED_EDGE('',*,*,#1783,.T.);
#2505=ORIENTED_EDGE('',*,*,#1779,.T.);
#2506=ORIENTED_EDGE('',*,*,#1778,.T.);
#2507=ORIENTED_EDGE('',*,*,#1784,.T.);
#2508=ORIENTED_EDGE('',*,*,#1783,.F.);
#2509=ORIENTED_EDGE('',*,*,#1758,.F.);
#2510=ORIENTED_EDGE('',*,*,#1785,.F.);
#2511=ORIENTED_EDGE('',*,*,#1786,.F.);
#2512=ORIENTED_EDGE('',*,*,#1787,.F.);
#2513=ORIENTED_EDGE('',*,*,#1757,.F.);
#2514=ORIENTED_EDGE('',*,*,#1788,.F.);
#2515=ORIENTED_EDGE('',*,*,#1789,.F.);
#2516=ORIENTED_EDGE('',*,*,#1785,.T.);
#2517=ORIENTED_EDGE('',*,*,#1787,.T.);
#2518=ORIENTED_EDGE('',*,*,#1790,.F.);
#2519=ORIENTED_EDGE('',*,*,#1791,.T.);
#2520=ORIENTED_EDGE('',*,*,#1792,.F.);
#2521=ORIENTED_EDGE('',*,*,#1793,.F.);
#2522=ORIENTED_EDGE('',*,*,#1759,.F.);
#2523=ORIENTED_EDGE('',*,*,#1786,.T.);
#2524=ORIENTED_EDGE('',*,*,#1794,.T.);
#2525=ORIENTED_EDGE('',*,*,#1790,.T.);
#2526=ORIENTED_EDGE('',*,*,#1789,.T.);
#2527=ORIENTED_EDGE('',*,*,#1795,.T.);
#2528=ORIENTED_EDGE('',*,*,#1794,.F.);
#2529=ORIENTED_EDGE('',*,*,#1763,.F.);
#2530=ORIENTED_EDGE('',*,*,#1796,.F.);
#2531=ORIENTED_EDGE('',*,*,#1797,.F.);
#2532=ORIENTED_EDGE('',*,*,#1798,.F.);
#2533=ORIENTED_EDGE('',*,*,#1762,.F.);
#2534=ORIENTED_EDGE('',*,*,#1799,.F.);
#2535=ORIENTED_EDGE('',*,*,#1800,.F.);
#2536=ORIENTED_EDGE('',*,*,#1796,.T.);
#2537=ORIENTED_EDGE('',*,*,#1798,.T.);
#2538=ORIENTED_EDGE('',*,*,#1801,.F.);
#2539=ORIENTED_EDGE('',*,*,#1802,.T.);
#2540=ORIENTED_EDGE('',*,*,#1803,.F.);
#2541=ORIENTED_EDGE('',*,*,#1804,.F.);
#2542=ORIENTED_EDGE('',*,*,#1764,.F.);
#2543=ORIENTED_EDGE('',*,*,#1797,.T.);
#2544=ORIENTED_EDGE('',*,*,#1805,.T.);
#2545=ORIENTED_EDGE('',*,*,#1801,.T.);
#2546=ORIENTED_EDGE('',*,*,#1800,.T.);
#2547=ORIENTED_EDGE('',*,*,#1806,.T.);
#2548=ORIENTED_EDGE('',*,*,#1805,.F.);
#2549=ORIENTED_EDGE('',*,*,#1768,.F.);
#2550=ORIENTED_EDGE('',*,*,#1807,.F.);
#2551=ORIENTED_EDGE('',*,*,#1808,.F.);
#2552=ORIENTED_EDGE('',*,*,#1809,.F.);
#2553=ORIENTED_EDGE('',*,*,#1767,.F.);
#2554=ORIENTED_EDGE('',*,*,#1810,.F.);
#2555=ORIENTED_EDGE('',*,*,#1811,.F.);
#2556=ORIENTED_EDGE('',*,*,#1807,.T.);
#2557=ORIENTED_EDGE('',*,*,#1809,.T.);
#2558=ORIENTED_EDGE('',*,*,#1812,.F.);
#2559=ORIENTED_EDGE('',*,*,#1813,.T.);
#2560=ORIENTED_EDGE('',*,*,#1814,.F.);
#2561=ORIENTED_EDGE('',*,*,#1815,.F.);
#2562=ORIENTED_EDGE('',*,*,#1769,.F.);
#2563=ORIENTED_EDGE('',*,*,#1808,.T.);
#2564=ORIENTED_EDGE('',*,*,#1816,.T.);
#2565=ORIENTED_EDGE('',*,*,#1812,.T.);
#2566=ORIENTED_EDGE('',*,*,#1811,.T.);
#2567=ORIENTED_EDGE('',*,*,#1817,.T.);
#2568=ORIENTED_EDGE('',*,*,#1816,.F.);
#2569=ORIENTED_EDGE('',*,*,#1765,.F.);
#2570=ORIENTED_EDGE('',*,*,#1804,.T.);
#2571=ORIENTED_EDGE('',*,*,#1818,.F.);
#2572=ORIENTED_EDGE('',*,*,#1819,.F.);
#2573=ORIENTED_EDGE('',*,*,#1810,.T.);
#2574=ORIENTED_EDGE('',*,*,#1766,.F.);
#2575=ORIENTED_EDGE('',*,*,#1819,.T.);
#2576=ORIENTED_EDGE('',*,*,#1820,.F.);
#2577=ORIENTED_EDGE('',*,*,#1813,.F.);
#2578=ORIENTED_EDGE('',*,*,#1817,.F.);
#2579=ORIENTED_EDGE('',*,*,#1770,.F.);
#2580=ORIENTED_EDGE('',*,*,#1815,.T.);
#2581=ORIENTED_EDGE('',*,*,#1821,.F.);
#2582=ORIENTED_EDGE('',*,*,#1822,.F.);
#2583=ORIENTED_EDGE('',*,*,#1777,.T.);
#2584=ORIENTED_EDGE('',*,*,#1771,.F.);
#2585=ORIENTED_EDGE('',*,*,#1822,.T.);
#2586=ORIENTED_EDGE('',*,*,#1823,.F.);
#2587=ORIENTED_EDGE('',*,*,#1780,.F.);
#2588=ORIENTED_EDGE('',*,*,#1784,.F.);
#2589=ORIENTED_EDGE('',*,*,#1799,.T.);
#2590=ORIENTED_EDGE('',*,*,#1761,.F.);
#2591=ORIENTED_EDGE('',*,*,#1824,.T.);
#2592=ORIENTED_EDGE('',*,*,#1825,.F.);
#2593=ORIENTED_EDGE('',*,*,#1802,.F.);
#2594=ORIENTED_EDGE('',*,*,#1806,.F.);
#2595=ORIENTED_EDGE('',*,*,#1760,.F.);
#2596=ORIENTED_EDGE('',*,*,#1793,.T.);
#2597=ORIENTED_EDGE('',*,*,#1826,.F.);
#2598=ORIENTED_EDGE('',*,*,#1824,.F.);
#2599=ORIENTED_EDGE('',*,*,#1788,.T.);
#2600=ORIENTED_EDGE('',*,*,#1756,.F.);
#2601=ORIENTED_EDGE('',*,*,#1827,.T.);
#2602=ORIENTED_EDGE('',*,*,#1828,.F.);
#2603=ORIENTED_EDGE('',*,*,#1791,.F.);
#2604=ORIENTED_EDGE('',*,*,#1795,.F.);
#2605=ORIENTED_EDGE('',*,*,#1753,.F.);
#2606=ORIENTED_EDGE('',*,*,#1782,.T.);
#2607=ORIENTED_EDGE('',*,*,#1829,.F.);
#2608=ORIENTED_EDGE('',*,*,#1827,.F.);
#2609=ORIENTED_EDGE('',*,*,#1755,.F.);
#2610=ORIENTED_EDGE('',*,*,#1820,.T.);
#2611=ORIENTED_EDGE('',*,*,#1818,.T.);
#2612=ORIENTED_EDGE('',*,*,#1803,.T.);
#2613=ORIENTED_EDGE('',*,*,#1825,.T.);
#2614=ORIENTED_EDGE('',*,*,#1826,.T.);
#2615=ORIENTED_EDGE('',*,*,#1792,.T.);
#2616=ORIENTED_EDGE('',*,*,#1828,.T.);
#2617=ORIENTED_EDGE('',*,*,#1829,.T.);
#2618=ORIENTED_EDGE('',*,*,#1781,.T.);
#2619=ORIENTED_EDGE('',*,*,#1823,.T.);
#2620=ORIENTED_EDGE('',*,*,#1821,.T.);
#2621=ORIENTED_EDGE('',*,*,#1814,.T.);
#2622=ORIENTED_EDGE('',*,*,#1738,.T.);
#2623=ORIENTED_EDGE('',*,*,#1830,.T.);
#2624=ORIENTED_EDGE('',*,*,#1831,.T.);
#2625=ORIENTED_EDGE('',*,*,#1830,.F.);
#2626=ORIENTED_EDGE('',*,*,#1740,.T.);
#2627=ORIENTED_EDGE('',*,*,#1831,.F.);
#2628=ORIENTED_EDGE('',*,*,#1832,.T.);
#2629=ORIENTED_EDGE('',*,*,#1745,.T.);
#2630=ORIENTED_EDGE('',*,*,#1832,.F.);
#2631=ORIENTED_EDGE('',*,*,#1833,.F.);
#2632=ORIENTED_EDGE('',*,*,#1834,.T.);
#2633=ORIENTED_EDGE('',*,*,#1835,.F.);
#2634=ORIENTED_EDGE('',*,*,#1834,.F.);
#2635=ORIENTED_EDGE('',*,*,#1835,.T.);
#2636=ORIENTED_EDGE('',*,*,#1833,.T.);
#2637=ORIENTED_EDGE('',*,*,#1836,.F.);
#2638=ORIENTED_EDGE('',*,*,#1837,.T.);
#2639=ORIENTED_EDGE('',*,*,#1838,.F.);
#2640=ORIENTED_EDGE('',*,*,#1837,.F.);
#2641=ORIENTED_EDGE('',*,*,#1838,.T.);
#2642=ORIENTED_EDGE('',*,*,#1836,.T.);
#2643=PLANE('',#2949);
#2644=PLANE('',#2960);
#2645=PLANE('',#2963);
#2646=PLANE('',#2964);
#2647=PLANE('',#2967);
#2648=PLANE('',#2968);
#2649=PLANE('',#2969);
#2650=PLANE('',#2970);
#2651=PLANE('',#2978);
#2652=PLANE('',#2979);
#2653=PLANE('',#2995);
#2654=PLANE('',#2996);
#2655=PLANE('',#2997);
#2656=PLANE('',#2998);
#2657=PLANE('',#2999);
#2658=PLANE('',#3000);
#2659=PLANE('',#3001);
#2660=PLANE('',#3002);
#2661=PLANE('',#3003);
#2662=PLANE('',#3004);
#2663=PLANE('',#3006);
#2664=PLANE('',#3007);
#2665=PLANE('',#3008);
#2666=PLANE('',#3009);
#2667=PLANE('',#3010);
#2668=PLANE('',#3013);
#2669=PLANE('',#3020);
#2670=PLANE('',#3021);
#2671=PLANE('',#3025);
#2672=PLANE('',#3026);
#2673=PLANE('',#3027);
#2674=PLANE('',#3028);
#2675=PLANE('',#3032);
#2676=PLANE('',#3033);
#2677=PLANE('',#3034);
#2678=PLANE('',#3035);
#2679=PLANE('',#3040);
#2680=PLANE('',#3041);
#2681=PLANE('',#3044);
#2682=PLANE('',#3052);
#2683=PLANE('',#3056);
#2684=PLANE('',#3057);
#2685=PLANE('',#3066);
#2686=PLANE('',#3067);
#2687=PLANE('',#3068);
#2688=PLANE('',#3069);
#2689=PLANE('',#3086);
#2690=PLANE('',#3087);
#2691=PLANE('',#3097);
#2692=PLANE('',#3110);
#2693=PLANE('',#3120);
#2694=PLANE('',#3121);
#2695=PLANE('',#3122);
#2696=PLANE('',#3123);
#2697=PLANE('',#3124);
#2698=PLANE('',#3125);
#2699=PLANE('',#3133);
#2700=PLANE('',#3134);
#2701=PLANE('',#3137);
#2702=PLANE('',#3138);
#2703=PLANE('',#3139);
#2704=PLANE('',#3140);
#2705=PLANE('',#3141);
#2706=PLANE('',#3144);
#2707=PLANE('',#3154);
#2708=PLANE('',#3187);
#2709=PLANE('',#3188);
#2710=PLANE('',#3189);
#2711=PLANE('',#3190);
#2712=PLANE('',#3191);
#2713=PLANE('',#3192);
#2714=PLANE('',#3193);
#2715=PLANE('',#3194);
#2716=PLANE('',#3195);
#2717=PLANE('',#3196);
#2718=PLANE('',#3197);
#2719=PLANE('',#3198);
#2720=PLANE('',#3199);
#2721=PLANE('',#3200);
#2722=PLANE('',#3201);
#2723=PLANE('',#3202);
#2724=PLANE('',#3203);
#2725=PLANE('',#3204);
#2726=PLANE('',#3205);
#2727=PLANE('',#3206);
#2728=PLANE('',#3207);
#2729=PLANE('',#3208);
#2730=PLANE('',#3209);
#2731=PLANE('',#3210);
#2732=PLANE('',#3211);
#2733=PLANE('',#3212);
#2734=PLANE('',#3213);
#2735=PLANE('',#3214);
#2736=PLANE('',#3215);
#2737=PLANE('',#3218);
#2738=PLANE('',#3223);
#2739=PLANE('',#3224);
#2740=PLANE('',#3228);
#2741=PLANE('',#3229);
#2742=ADVANCED_FACE('',(#173,#128,#129),#2643,.F.);
#2743=ADVANCED_FACE('',(#174),#83,.F.);
#2744=ADVANCED_FACE('',(#175),#84,.F.);
#2745=ADVANCED_FACE('',(#176),#2644,.T.);
#2746=ADVANCED_FACE('',(#177),#85,.T.);
#2747=ADVANCED_FACE('',(#178),#2645,.T.);
#2748=ADVANCED_FACE('',(#179),#2646,.T.);
#2749=ADVANCED_FACE('',(#180),#86,.T.);
#2750=ADVANCED_FACE('',(#181),#2647,.T.);
#2751=ADVANCED_FACE('',(#182),#2648,.T.);
#2752=ADVANCED_FACE('',(#183),#2649,.T.);
#2753=ADVANCED_FACE('',(#184,#130,#131),#2650,.T.);
#2754=ADVANCED_FACE('',(#185),#87,.F.);
#2755=ADVANCED_FACE('',(#186),#88,.F.);
#2756=ADVANCED_FACE('',(#187),#2651,.T.);
#2757=ADVANCED_FACE('',(#188),#2652,.T.);
#2758=ADVANCED_FACE('',(#189),#89,.F.);
#2759=ADVANCED_FACE('',(#190),#90,.F.);
#2760=ADVANCED_FACE('',(#191),#91,.F.);
#2761=ADVANCED_FACE('',(#192),#92,.F.);
#2762=ADVANCED_FACE('',(#193),#93,.F.);
#2763=ADVANCED_FACE('',(#194),#94,.F.);
#2764=ADVANCED_FACE('',(#195),#2653,.T.);
#2765=ADVANCED_FACE('',(#196),#2654,.F.);
#2766=ADVANCED_FACE('',(#197,#132),#2655,.T.);
#2767=ADVANCED_FACE('',(#198),#2656,.T.);
#2768=ADVANCED_FACE('',(#199),#2657,.T.);
#2769=ADVANCED_FACE('',(#200,#133),#2658,.T.);
#2770=ADVANCED_FACE('',(#201),#2659,.T.);
#2771=ADVANCED_FACE('',(#202),#2660,.F.);
#2772=ADVANCED_FACE('',(#203),#2661,.T.);
#2773=ADVANCED_FACE('',(#204,#134,#135),#2662,.T.);
#2774=ADVANCED_FACE('',(#205),#2663,.T.);
#2775=ADVANCED_FACE('',(#206,#136),#2664,.T.);
#2776=ADVANCED_FACE('',(#207,#137),#2665,.T.);
#2777=ADVANCED_FACE('',(#208),#2666,.T.);
#2778=ADVANCED_FACE('',(#209),#2667,.T.);
#2779=ADVANCED_FACE('',(#210,#138,#139),#95,.F.);
#2780=ADVANCED_FACE('',(#211,#140,#141),#2668,.T.);
#2781=ADVANCED_FACE('',(#212),#96,.F.);
#2782=ADVANCED_FACE('',(#213),#97,.F.);
#2783=ADVANCED_FACE('',(#214),#2669,.T.);
#2784=ADVANCED_FACE('',(#215),#2670,.T.);
#2785=ADVANCED_FACE('',(#216),#98,.T.);
#2786=ADVANCED_FACE('',(#217),#2671,.T.);
#2787=ADVANCED_FACE('',(#218),#2672,.T.);
#2788=ADVANCED_FACE('',(#219),#2673,.T.);
#2789=ADVANCED_FACE('',(#220),#2674,.T.);
#2790=ADVANCED_FACE('',(#221),#99,.T.);
#2791=ADVANCED_FACE('',(#222),#2675,.T.);
#2792=ADVANCED_FACE('',(#223),#2676,.T.);
#2793=ADVANCED_FACE('',(#224,#142,#143),#2677,.T.);
#2794=ADVANCED_FACE('',(#225,#144,#145,#146,#147),#2678,.F.);
#2795=ADVANCED_FACE('',(#226),#100,.F.);
#2796=ADVANCED_FACE('',(#227),#2679,.T.);
#2797=ADVANCED_FACE('',(#228,#148,#149,#150),#2680,.T.);
#2798=ADVANCED_FACE('',(#229,#151,#152,#153,#154),#2681,.T.);
#2799=ADVANCED_FACE('',(#230),#101,.F.);
#2800=ADVANCED_FACE('',(#231),#2682,.F.);
#2801=ADVANCED_FACE('',(#232),#102,.F.);
#2802=ADVANCED_FACE('',(#233),#2683,.T.);
#2803=ADVANCED_FACE('',(#234),#2684,.F.);
#2804=ADVANCED_FACE('',(#235),#103,.F.);
#2805=ADVANCED_FACE('',(#236),#104,.F.);
#2806=ADVANCED_FACE('',(#237),#105,.F.);
#2807=ADVANCED_FACE('',(#238),#106,.F.);
#2808=ADVANCED_FACE('',(#239),#2685,.F.);
#2809=ADVANCED_FACE('',(#240),#2686,.F.);
#2810=ADVANCED_FACE('',(#241),#2687,.F.);
#2811=ADVANCED_FACE('',(#242),#2688,.F.);
#2812=ADVANCED_FACE('',(#243),#107,.F.);
#2813=ADVANCED_FACE('',(#244),#108,.F.);
#2814=ADVANCED_FACE('',(#245),#109,.F.);
#2815=ADVANCED_FACE('',(#246),#110,.T.);
#2816=ADVANCED_FACE('',(#247),#111,.F.);
#2817=ADVANCED_FACE('',(#248),#112,.T.);
#2818=ADVANCED_FACE('',(#249,#155),#2689,.F.);
#2819=ADVANCED_FACE('',(#250,#156,#157,#158),#2690,.T.);
#2820=ADVANCED_FACE('',(#251),#113,.F.);
#2821=ADVANCED_FACE('',(#252),#114,.F.);
#2822=ADVANCED_FACE('',(#253),#115,.T.);
#2823=ADVANCED_FACE('',(#254,#159),#2691,.F.);
#2824=ADVANCED_FACE('',(#255),#116,.F.);
#2825=ADVANCED_FACE('',(#256),#117,.T.);
#2826=ADVANCED_FACE('',(#257),#118,.F.);
#2827=ADVANCED_FACE('',(#258),#119,.T.);
#2828=ADVANCED_FACE('',(#259,#160),#2692,.T.);
#2829=ADVANCED_FACE('',(#260),#120,.F.);
#2830=ADVANCED_FACE('',(#261),#121,.F.);
#2831=ADVANCED_FACE('',(#262),#122,.T.);
#2832=ADVANCED_FACE('',(#263,#161),#2693,.T.);
#2833=ADVANCED_FACE('',(#264,#162,#163),#2694,.T.);
#2834=ADVANCED_FACE('',(#265),#2695,.T.);
#2835=ADVANCED_FACE('',(#266),#2696,.T.);
#2836=ADVANCED_FACE('',(#267),#2697,.T.);
#2837=ADVANCED_FACE('',(#268,#164,#165,#166,#167,#168,#169),#2698,.F.);
#2838=ADVANCED_FACE('',(#269),#52,.F.);
#2839=ADVANCED_FACE('',(#270),#53,.F.);
#2840=ADVANCED_FACE('',(#271),#2699,.F.);
#2841=ADVANCED_FACE('',(#272),#2700,.F.);
#2842=ADVANCED_FACE('',(#273),#54,.T.);
#2843=ADVANCED_FACE('',(#274),#2701,.F.);
#2844=ADVANCED_FACE('',(#275),#2702,.F.);
#2845=ADVANCED_FACE('',(#276),#2703,.F.);
#2846=ADVANCED_FACE('',(#277),#2704,.F.);
#2847=ADVANCED_FACE('',(#278,#170),#2705,.T.);
#2848=ADVANCED_FACE('',(#279),#55,.T.);
#2849=ADVANCED_FACE('',(#280,#171),#2706,.T.);
#2850=ADVANCED_FACE('',(#281),#123,.F.);
#2851=ADVANCED_FACE('',(#282),#56,.T.);
#2852=ADVANCED_FACE('',(#283),#36,.F.);
#2853=ADVANCED_FACE('',(#284,#172),#2707,.T.);
#2854=ADVANCED_FACE('',(#285),#124,.T.);
#2855=ADVANCED_FACE('',(#286),#37,.T.);
#2856=ADVANCED_FACE('',(#287),#35,.T.);
#2857=ADVANCED_FACE('',(#288),#57,.T.);
#2858=ADVANCED_FACE('',(#289),#2708,.F.);
#2859=ADVANCED_FACE('',(#290),#2709,.T.);
#2860=ADVANCED_FACE('',(#291),#2710,.F.);
#2861=ADVANCED_FACE('',(#292),#2711,.F.);
#2862=ADVANCED_FACE('',(#293),#2712,.F.);
#2863=ADVANCED_FACE('',(#294),#2713,.F.);
#2864=ADVANCED_FACE('',(#295),#2714,.T.);
#2865=ADVANCED_FACE('',(#296),#2715,.F.);
#2866=ADVANCED_FACE('',(#297),#2716,.F.);
#2867=ADVANCED_FACE('',(#298),#2717,.F.);
#2868=ADVANCED_FACE('',(#299),#2718,.F.);
#2869=ADVANCED_FACE('',(#300),#2719,.T.);
#2870=ADVANCED_FACE('',(#301),#2720,.F.);
#2871=ADVANCED_FACE('',(#302),#2721,.F.);
#2872=ADVANCED_FACE('',(#303),#2722,.F.);
#2873=ADVANCED_FACE('',(#304),#2723,.F.);
#2874=ADVANCED_FACE('',(#305),#2724,.T.);
#2875=ADVANCED_FACE('',(#306),#2725,.F.);
#2876=ADVANCED_FACE('',(#307),#2726,.F.);
#2877=ADVANCED_FACE('',(#308),#2727,.F.);
#2878=ADVANCED_FACE('',(#309),#2728,.F.);
#2879=ADVANCED_FACE('',(#310),#2729,.F.);
#2880=ADVANCED_FACE('',(#311),#2730,.F.);
#2881=ADVANCED_FACE('',(#312),#2731,.F.);
#2882=ADVANCED_FACE('',(#313),#2732,.F.);
#2883=ADVANCED_FACE('',(#314),#2733,.F.);
#2884=ADVANCED_FACE('',(#315),#2734,.F.);
#2885=ADVANCED_FACE('',(#316),#2735,.F.);
#2886=ADVANCED_FACE('',(#317),#2736,.T.);
#2887=ADVANCED_FACE('',(#318),#125,.T.);
#2888=ADVANCED_FACE('',(#319),#2737,.T.);
#2889=ADVANCED_FACE('',(#320),#58,.T.);
#2890=ADVANCED_FACE('',(#321),#126,.T.);
#2891=ADVANCED_FACE('',(#322),#2738,.T.);
#2892=ADVANCED_FACE('',(#323),#2739,.F.);
#2893=ADVANCED_FACE('',(#324),#127,.T.);
#2894=ADVANCED_FACE('',(#325),#2740,.T.);
#2895=ADVANCED_FACE('',(#326),#2741,.F.);
#2896=CLOSED_SHELL('',(#2742,#2743,#2744,#2745,#2746,#2747,#2748,#2749,
#2750,#2751,#2752,#2753,#2754,#2755,#2756,#2757,#2758,#2759,#2760,#2761,
#2762,#2763,#2764,#2765,#2766,#2767,#2768,#2769,#2770,#2771,#2772,#2773,
#2774,#2775,#2776,#2777,#2778,#2779,#2780,#2781,#2782,#2783,#2784,#2785,
#2786,#2787,#2788,#2789,#2790,#2791,#2792,#2793,#2794));
#2897=CLOSED_SHELL('',(#2795,#2796,#2797,#2798,#2799,#2800,#2801,#2802,
#2803,#2804,#2805,#2806,#2807,#2808,#2809,#2810,#2811,#2812,#2813,#2814,
#2815,#2816,#2817,#2818,#2819,#2820,#2821,#2822,#2823,#2824,#2825,#2826,
#2827,#2828,#2829,#2830,#2831,#2832,#2833,#2834,#2835,#2836,#2837));
#2898=CLOSED_SHELL('',(#2838,#2839,#2840,#2841,#2842,#2843,#2844,#2845,
#2846,#2847,#2848,#2849,#2850));
#2899=CLOSED_SHELL('',(#2851,#2852,#2853,#2854,#2855,#2856,#2857,#2858,
#2859,#2860,#2861,#2862,#2863,#2864,#2865,#2866,#2867,#2868,#2869,#2870,
#2871,#2872,#2873,#2874,#2875,#2876,#2877,#2878,#2879,#2880,#2881,#2882,
#2883,#2884,#2885,#2886,#2887,#2888,#2889));
#2900=CLOSED_SHELL('',(#2890,#2891,#2892));
#2901=CLOSED_SHELL('',(#2893,#2894,#2895));
#2902=DERIVED_UNIT_ELEMENT(#2910,1.);
#2903=DERIVED_UNIT_ELEMENT(#5013,-3.);
#2904=DERIVED_UNIT_ELEMENT(#2910,1.);
#2905=DERIVED_UNIT_ELEMENT(#5013,-3.);
#2906=DERIVED_UNIT_ELEMENT(#2910,1.);
#2907=DERIVED_UNIT_ELEMENT(#5013,-3.);
#2908=DERIVED_UNIT_ELEMENT(#2910,1.);
#2909=DERIVED_UNIT_ELEMENT(#5013,-3.);
#2910=(
MASS_UNIT()
NAMED_UNIT(*)
SI_UNIT(.KILO.,.GRAM.)
);
#2911=DERIVED_UNIT((#2902,#2903));
#2912=DERIVED_UNIT((#2904,#2905));
#2913=DERIVED_UNIT((#2906,#2907));
#2914=DERIVED_UNIT((#2908,#2909));
#2915=MEASURE_REPRESENTATION_ITEM('density measure',
POSITIVE_RATIO_MEASURE(7850.),#2911);
#2916=MEASURE_REPRESENTATION_ITEM('density measure',
POSITIVE_RATIO_MEASURE(7850.),#2912);
#2917=MEASURE_REPRESENTATION_ITEM('density measure',
POSITIVE_RATIO_MEASURE(8030.),#2913);
#2918=MEASURE_REPRESENTATION_ITEM('density measure',
POSITIVE_RATIO_MEASURE(7750.),#2914);
#2919=PROPERTY_DEFINITION_REPRESENTATION(#2939,#2927);
#2920=PROPERTY_DEFINITION_REPRESENTATION(#2940,#2928);
#2921=PROPERTY_DEFINITION_REPRESENTATION(#2941,#2929);
#2922=PROPERTY_DEFINITION_REPRESENTATION(#2942,#2930);
#2923=PROPERTY_DEFINITION_REPRESENTATION(#2943,#2931);
#2924=PROPERTY_DEFINITION_REPRESENTATION(#2944,#2932);
#2925=PROPERTY_DEFINITION_REPRESENTATION(#2945,#2933);
#2926=PROPERTY_DEFINITION_REPRESENTATION(#2946,#2934);
#2927=REPRESENTATION('material name',(#2935),#5007);
#2928=REPRESENTATION('density',(#2915),#5007);
#2929=REPRESENTATION('material name',(#2936),#5008);
#2930=REPRESENTATION('density',(#2916),#5008);
#2931=REPRESENTATION('material name',(#2937),#5009);
#2932=REPRESENTATION('density',(#2917),#5009);
#2933=REPRESENTATION('material name',(#2938),#5010);
#2934=REPRESENTATION('density',(#2918),#5010);
#2935=DESCRIPTIVE_REPRESENTATION_ITEM('Steel','Steel');
#2936=DESCRIPTIVE_REPRESENTATION_ITEM('Steel','Steel');
#2937=DESCRIPTIVE_REPRESENTATION_ITEM('Steel 6, Plain','Steel 6, Plain');
#2938=DESCRIPTIVE_REPRESENTATION_ITEM('Steel 4.6, Plain',
'Steel 4.6, Plain');
#2939=PROPERTY_DEFINITION('material property','material name',#5039);
#2940=PROPERTY_DEFINITION('material property','density of part',#5039);
#2941=PROPERTY_DEFINITION('material property','material name',#5040);
#2942=PROPERTY_DEFINITION('material property','density of part',#5040);
#2943=PROPERTY_DEFINITION('material property','material name',#5041);
#2944=PROPERTY_DEFINITION('material property','density of part',#5041);
#2945=PROPERTY_DEFINITION('material property','material name',#5042);
#2946=PROPERTY_DEFINITION('material property','density of part',#5042);
#2947=AXIS2_PLACEMENT_3D('',#4076,#3236,#3237);
#2948=AXIS2_PLACEMENT_3D('',#4077,#3238,#3239);
#2949=AXIS2_PLACEMENT_3D('',#4078,#3240,#3241);
#2950=AXIS2_PLACEMENT_3D('',#4081,#3242,#3243);
#2951=AXIS2_PLACEMENT_3D('',#4085,#3245,#3246);
#2952=AXIS2_PLACEMENT_3D('',#4091,#3249,#3250);
#2953=AXIS2_PLACEMENT_3D('',#4101,#3255,#3256);
#2954=AXIS2_PLACEMENT_3D('',#4106,#3259,#3260);
#2955=AXIS2_PLACEMENT_3D('',#4108,#3261,#3262);
#2956=AXIS2_PLACEMENT_3D('',#4109,#3263,#3264);
#2957=AXIS2_PLACEMENT_3D('',#4111,#3265,#3266);
#2958=AXIS2_PLACEMENT_3D('',#4113,#3268,#3269);
#2959=AXIS2_PLACEMENT_3D('',#4115,#3270,#3271);
#2960=AXIS2_PLACEMENT_3D('',#4117,#3273,#3274);
#2961=AXIS2_PLACEMENT_3D('',#4123,#3278,#3279);
#2962=AXIS2_PLACEMENT_3D('',#4125,#3280,#3281);
#2963=AXIS2_PLACEMENT_3D('',#4127,#3283,#3284);
#2964=AXIS2_PLACEMENT_3D('',#4131,#3287,#3288);
#2965=AXIS2_PLACEMENT_3D('',#4137,#3292,#3293);
#2966=AXIS2_PLACEMENT_3D('',#4139,#3294,#3295);
#2967=AXIS2_PLACEMENT_3D('',#4141,#3297,#3298);
#2968=AXIS2_PLACEMENT_3D('',#4145,#3301,#3302);
#2969=AXIS2_PLACEMENT_3D('',#4149,#3305,#3306);
#2970=AXIS2_PLACEMENT_3D('',#4151,#3308,#3309);
#2971=AXIS2_PLACEMENT_3D('',#4154,#3310,#3311);
#2972=AXIS2_PLACEMENT_3D('',#4159,#3314,#3315);
#2973=AXIS2_PLACEMENT_3D('',#4161,#3317,#3318);
#2974=AXIS2_PLACEMENT_3D('',#4165,#3320,#3321);
#2975=AXIS2_PLACEMENT_3D('',#4167,#3323,#3324);
#2976=AXIS2_PLACEMENT_3D('',#4171,#3326,#3327);
#2977=AXIS2_PLACEMENT_3D('',#4175,#3329,#3330);
#2978=AXIS2_PLACEMENT_3D('',#4177,#3332,#3333);
#2979=AXIS2_PLACEMENT_3D('',#4181,#3336,#3337);
#2980=AXIS2_PLACEMENT_3D('',#4185,#3340,#3341);
#2981=AXIS2_PLACEMENT_3D('',#4187,#3342,#3343);
#2982=AXIS2_PLACEMENT_3D('',#4189,#3345,#3346);
#2983=AXIS2_PLACEMENT_3D('',#4193,#3348,#3349);
#2984=AXIS2_PLACEMENT_3D('',#4196,#3351,#3352);
#2985=AXIS2_PLACEMENT_3D('',#4197,#3353,#3354);
#2986=AXIS2_PLACEMENT_3D('',#4199,#3355,#3356);
#2987=AXIS2_PLACEMENT_3D('',#4236,#3358,#3359);
#2988=AXIS2_PLACEMENT_3D('',#4238,#3360,#3361);
#2989=AXIS2_PLACEMENT_3D('',#4241,#3363,#3364);
#2990=AXIS2_PLACEMENT_3D('',#4242,#3365,#3366);
#2991=AXIS2_PLACEMENT_3D('',#4244,#3367,#3368);
#2992=AXIS2_PLACEMENT_3D('',#4247,#3370,#3371);
#2993=AXIS2_PLACEMENT_3D('',#4248,#3372,#3373);
#2994=AXIS2_PLACEMENT_3D('',#4250,#3374,#3375);
#2995=AXIS2_PLACEMENT_3D('',#4287,#3377,#3378);
#2996=AXIS2_PLACEMENT_3D('',#4296,#3383,#3384);
#2997=AXIS2_PLACEMENT_3D('',#4305,#3389,#3390);
#2998=AXIS2_PLACEMENT_3D('',#4311,#3394,#3395);
#2999=AXIS2_PLACEMENT_3D('',#4315,#3398,#3399);
#3000=AXIS2_PLACEMENT_3D('',#4321,#3403,#3404);
#3001=AXIS2_PLACEMENT_3D('',#4325,#3407,#3408);
#3002=AXIS2_PLACEMENT_3D('',#4329,#3411,#3412);
#3003=AXIS2_PLACEMENT_3D('',#4331,#3414,#3415);
#3004=AXIS2_PLACEMENT_3D('',#4333,#3417,#3418);
#3005=AXIS2_PLACEMENT_3D('',#4343,#3423,#3424);
#3006=AXIS2_PLACEMENT_3D('',#4346,#3427,#3428);
#3007=AXIS2_PLACEMENT_3D('',#4350,#3431,#3432);
#3008=AXIS2_PLACEMENT_3D('',#4352,#3434,#3435);
#3009=AXIS2_PLACEMENT_3D('',#4353,#3436,#3437);
#3010=AXIS2_PLACEMENT_3D('',#4359,#3441,#3442);
#3011=AXIS2_PLACEMENT_3D('',#4363,#3445,#3446);
#3012=AXIS2_PLACEMENT_3D('',#4364,#3447,#3448);
#3013=AXIS2_PLACEMENT_3D('',#4365,#3449,#3450);
#3014=AXIS2_PLACEMENT_3D('',#4371,#3454,#3455);
#3015=AXIS2_PLACEMENT_3D('',#4373,#3456,#3457);
#3016=AXIS2_PLACEMENT_3D('',#4376,#3459,#3460);
#3017=AXIS2_PLACEMENT_3D('',#4377,#3461,#3462);
#3018=AXIS2_PLACEMENT_3D('',#4379,#3463,#3464);
#3019=AXIS2_PLACEMENT_3D('',#4382,#3466,#3467);
#3020=AXIS2_PLACEMENT_3D('',#4383,#3468,#3469);
#3021=AXIS2_PLACEMENT_3D('',#4392,#3474,#3475);
#3022=AXIS2_PLACEMENT_3D('',#4398,#3479,#3480);
#3023=AXIS2_PLACEMENT_3D('',#4400,#3481,#3482);
#3024=AXIS2_PLACEMENT_3D('',#4402,#3483,#3484);
#3025=AXIS2_PLACEMENT_3D('',#4404,#3486,#3487);
#3026=AXIS2_PLACEMENT_3D('',#4410,#3491,#3492);
#3027=AXIS2_PLACEMENT_3D('',#4413,#3495,#3496);
#3028=AXIS2_PLACEMENT_3D('',#4419,#3500,#3501);
#3029=AXIS2_PLACEMENT_3D('',#4425,#3505,#3506);
#3030=AXIS2_PLACEMENT_3D('',#4427,#3507,#3508);
#3031=AXIS2_PLACEMENT_3D('',#4429,#3509,#3510);
#3032=AXIS2_PLACEMENT_3D('',#4431,#3512,#3513);
#3033=AXIS2_PLACEMENT_3D('',#4437,#3517,#3518);
#3034=AXIS2_PLACEMENT_3D('',#4440,#3521,#3522);
#3035=AXIS2_PLACEMENT_3D('',#4441,#3523,#3524);
#3036=AXIS2_PLACEMENT_3D('',#4442,#3525,#3526);
#3037=AXIS2_PLACEMENT_3D('',#4443,#3527,#3528);
#3038=AXIS2_PLACEMENT_3D('',#4446,#3529,#3530);
#3039=AXIS2_PLACEMENT_3D('',#4450,#3532,#3533);
#3040=AXIS2_PLACEMENT_3D('',#4452,#3535,#3536);
#3041=AXIS2_PLACEMENT_3D('',#4456,#3539,#3540);
#3042=AXIS2_PLACEMENT_3D('',#4477,#3551,#3552);
#3043=AXIS2_PLACEMENT_3D('',#4479,#3553,#3554);
#3044=AXIS2_PLACEMENT_3D('',#4488,#3559,#3560);
#3045=AXIS2_PLACEMENT_3D('',#4504,#3569,#3570);
#3046=AXIS2_PLACEMENT_3D('',#4506,#3571,#3572);
#3047=AXIS2_PLACEMENT_3D('',#4508,#3573,#3574);
#3048=AXIS2_PLACEMENT_3D('',#4510,#3575,#3576);
#3049=AXIS2_PLACEMENT_3D('',#4511,#3577,#3578);
#3050=AXIS2_PLACEMENT_3D('',#4512,#3579,#3580);
#3051=AXIS2_PLACEMENT_3D('',#4513,#3581,#3582);
#3052=AXIS2_PLACEMENT_3D('',#4514,#3583,#3584);
#3053=AXIS2_PLACEMENT_3D('',#4515,#3585,#3586);
#3054=AXIS2_PLACEMENT_3D('',#4516,#3587,#3588);
#3055=AXIS2_PLACEMENT_3D('',#4517,#3589,#3590);
#3056=AXIS2_PLACEMENT_3D('',#4518,#3591,#3592);
#3057=AXIS2_PLACEMENT_3D('',#4519,#3593,#3594);
#3058=AXIS2_PLACEMENT_3D('',#4520,#3595,#3596);
#3059=AXIS2_PLACEMENT_3D('',#4522,#3597,#3598);
#3060=AXIS2_PLACEMENT_3D('',#4524,#3600,#3601);
#3061=AXIS2_PLACEMENT_3D('',#4526,#3602,#3603);
#3062=AXIS2_PLACEMENT_3D('',#4528,#3605,#3606);
#3063=AXIS2_PLACEMENT_3D('',#4530,#3607,#3608);
#3064=AXIS2_PLACEMENT_3D('',#4532,#3610,#3611);
#3065=AXIS2_PLACEMENT_3D('',#4534,#3612,#3613);
#3066=AXIS2_PLACEMENT_3D('',#4536,#3615,#3616);
#3067=AXIS2_PLACEMENT_3D('',#4542,#3620,#3621);
#3068=AXIS2_PLACEMENT_3D('',#4546,#3624,#3625);
#3069=AXIS2_PLACEMENT_3D('',#4550,#3628,#3629);
#3070=AXIS2_PLACEMENT_3D('',#4552,#3631,#3632);
#3071=AXIS2_PLACEMENT_3D('',#4554,#3633,#3634);
#3072=AXIS2_PLACEMENT_3D('',#4556,#3636,#3637);
#3073=AXIS2_PLACEMENT_3D('',#4558,#3638,#3639);
#3074=AXIS2_PLACEMENT_3D('',#4560,#3641,#3642);
#3075=AXIS2_PLACEMENT_3D('',#4562,#3643,#3644);
#3076=AXIS2_PLACEMENT_3D('',#4565,#3646,#3647);
#3077=AXIS2_PLACEMENT_3D('',#4566,#3648,#3649);
#3078=AXIS2_PLACEMENT_3D('',#4569,#3650,#3651);
#3079=AXIS2_PLACEMENT_3D('',#4573,#3653,#3654);
#3080=AXIS2_PLACEMENT_3D('',#4575,#3656,#3657);
#3081=AXIS2_PLACEMENT_3D('',#4577,#3658,#3659);
#3082=AXIS2_PLACEMENT_3D('',#4579,#3660,#3661);
#3083=AXIS2_PLACEMENT_3D('',#4581,#3663,#3664);
#3084=AXIS2_PLACEMENT_3D('',#4583,#3665,#3666);
#3085=AXIS2_PLACEMENT_3D('',#4585,#3667,#3668);
#3086=AXIS2_PLACEMENT_3D('',#4587,#3670,#3671);
#3087=AXIS2_PLACEMENT_3D('',#4591,#3674,#3675);
#3088=AXIS2_PLACEMENT_3D('',#4611,#3686,#3687);
#3089=AXIS2_PLACEMENT_3D('',#4613,#3688,#3689);
#3090=AXIS2_PLACEMENT_3D('',#4616,#3691,#3692);
#3091=AXIS2_PLACEMENT_3D('',#4617,#3693,#3694);
#3092=AXIS2_PLACEMENT_3D('',#4619,#3695,#3696);
#3093=AXIS2_PLACEMENT_3D('',#4621,#3697,#3698);
#3094=AXIS2_PLACEMENT_3D('',#4623,#3700,#3701);
#3095=AXIS2_PLACEMENT_3D('',#4625,#3702,#3703);
#3096=AXIS2_PLACEMENT_3D('',#4627,#3704,#3705);
#3097=AXIS2_PLACEMENT_3D('',#4629,#3707,#3708);
#3098=AXIS2_PLACEMENT_3D('',#4631,#3710,#3711);
#3099=AXIS2_PLACEMENT_3D('',#4633,#3712,#3713);
#3100=AXIS2_PLACEMENT_3D('',#4636,#3715,#3716);
#3101=AXIS2_PLACEMENT_3D('',#4637,#3717,#3718);
#3102=AXIS2_PLACEMENT_3D('',#4640,#3719,#3720);
#3103=AXIS2_PLACEMENT_3D('',#4644,#3722,#3723);
#3104=AXIS2_PLACEMENT_3D('',#4646,#3725,#3726);
#3105=AXIS2_PLACEMENT_3D('',#4648,#3727,#3728);
#3106=AXIS2_PLACEMENT_3D('',#4650,#3729,#3730);
#3107=AXIS2_PLACEMENT_3D('',#4652,#3732,#3733);
#3108=AXIS2_PLACEMENT_3D('',#4653,#3734,#3735);
#3109=AXIS2_PLACEMENT_3D('',#4654,#3736,#3737);
#3110=AXIS2_PLACEMENT_3D('',#4655,#3738,#3739);
#3111=AXIS2_PLACEMENT_3D('',#4657,#3741,#3742);
#3112=AXIS2_PLACEMENT_3D('',#4659,#3743,#3744);
#3113=AXIS2_PLACEMENT_3D('',#4662,#3746,#3747);
#3114=AXIS2_PLACEMENT_3D('',#4663,#3748,#3749);
#3115=AXIS2_PLACEMENT_3D('',#4665,#3750,#3751);
#3116=AXIS2_PLACEMENT_3D('',#4667,#3752,#3753);
#3117=AXIS2_PLACEMENT_3D('',#4669,#3755,#3756);
#3118=AXIS2_PLACEMENT_3D('',#4671,#3757,#3758);
#3119=AXIS2_PLACEMENT_3D('',#4673,#3759,#3760);
#3120=AXIS2_PLACEMENT_3D('',#4675,#3762,#3763);
#3121=AXIS2_PLACEMENT_3D('',#4677,#3765,#3766);
#3122=AXIS2_PLACEMENT_3D('',#4680,#3769,#3770);
#3123=AXIS2_PLACEMENT_3D('',#4684,#3773,#3774);
#3124=AXIS2_PLACEMENT_3D('',#4688,#3777,#3778);
#3125=AXIS2_PLACEMENT_3D('',#4690,#3780,#3781);
#3126=AXIS2_PLACEMENT_3D('',#4691,#3782,#3783);
#3127=AXIS2_PLACEMENT_3D('',#4692,#3784,#3785);
#3128=AXIS2_PLACEMENT_3D('',#4694,#3786,#3787);
#3129=AXIS2_PLACEMENT_3D('',#4697,#3789,#3790);
#3130=AXIS2_PLACEMENT_3D('',#4698,#3791,#3792);
#3131=AXIS2_PLACEMENT_3D('',#4700,#3793,#3794);
#3132=AXIS2_PLACEMENT_3D('',#4703,#3796,#3797);
#3133=AXIS2_PLACEMENT_3D('',#4704,#3798,#3799);
#3134=AXIS2_PLACEMENT_3D('',#4717,#3802,#3803);
#3135=AXIS2_PLACEMENT_3D('',#4727,#3805,#3806);
#3136=AXIS2_PLACEMENT_3D('',#4729,#3807,#3808);
#3137=AXIS2_PLACEMENT_3D('',#4750,#3810,#3811);
#3138=AXIS2_PLACEMENT_3D('',#4756,#3813,#3814);
#3139=AXIS2_PLACEMENT_3D('',#4766,#3816,#3817);
#3140=AXIS2_PLACEMENT_3D('',#4772,#3819,#3820);
#3141=AXIS2_PLACEMENT_3D('',#4776,#3821,#3822);
#3142=AXIS2_PLACEMENT_3D('',#4778,#3823,#3824);
#3143=AXIS2_PLACEMENT_3D('',#4779,#3825,#3826);
#3144=AXIS2_PLACEMENT_3D('',#4781,#3828,#3829);
#3145=AXIS2_PLACEMENT_3D('',#4782,#3830,#3831);
#3146=AXIS2_PLACEMENT_3D('',#4784,#3833,#3834);
#3147=AXIS2_PLACEMENT_3D('',#4785,#3835,#3836);
#3148=AXIS2_PLACEMENT_3D('',#4787,#3837,#3838);
#3149=AXIS2_PLACEMENT_3D('',#4790,#3840,#3841);
#3150=AXIS2_PLACEMENT_3D('',#4791,#3842,#3843);
#3151=AXIS2_PLACEMENT_3D('',#4793,#3844,#3845);
#3152=AXIS2_PLACEMENT_3D('',#4795,#3846,#3847);
#3153=AXIS2_PLACEMENT_3D('',#4796,#3848,#3849);
#3154=AXIS2_PLACEMENT_3D('',#4797,#3850,#3851);
#3155=AXIS2_PLACEMENT_3D('',#4799,#3852,#3853);
#3156=AXIS2_PLACEMENT_3D('',#4800,#3854,#3855);
#3157=AXIS2_PLACEMENT_3D('',#4802,#3856,#3857);
#3158=AXIS2_PLACEMENT_3D('',#4804,#3859,#3860);
#3159=AXIS2_PLACEMENT_3D('',#4806,#3861,#3862);
#3160=AXIS2_PLACEMENT_3D('',#4808,#3863,#3864);
#3161=AXIS2_PLACEMENT_3D('',#4810,#3865,#3866);
#3162=AXIS2_PLACEMENT_3D('',#4811,#3867,#3868);
#3163=AXIS2_PLACEMENT_3D('',#4812,#3869,#3870);
#3164=AXIS2_PLACEMENT_3D('',#4815,#3871,#3872);
#3165=AXIS2_PLACEMENT_3D('',#4817,#3873,#3874);
#3166=AXIS2_PLACEMENT_3D('',#4819,#3875,#3876);
#3167=AXIS2_PLACEMENT_3D('',#4820,#3877,#3878);
#3168=AXIS2_PLACEMENT_3D('',#4822,#3879,#3880);
#3169=AXIS2_PLACEMENT_3D('',#4824,#3881,#3882);
#3170=AXIS2_PLACEMENT_3D('',#4826,#3883,#3884);
#3171=AXIS2_PLACEMENT_3D('',#4828,#3885,#3886);
#3172=AXIS2_PLACEMENT_3D('',#4830,#3887,#3888);
#3173=AXIS2_PLACEMENT_3D('',#4832,#3889,#3890);
#3174=AXIS2_PLACEMENT_3D('',#4834,#3891,#3892);
#3175=AXIS2_PLACEMENT_3D('',#4836,#3893,#3894);
#3176=AXIS2_PLACEMENT_3D('',#4838,#3895,#3896);
#3177=AXIS2_PLACEMENT_3D('',#4840,#3897,#3898);
#3178=AXIS2_PLACEMENT_3D('',#4842,#3899,#3900);
#3179=AXIS2_PLACEMENT_3D('',#4844,#3901,#3902);
#3180=AXIS2_PLACEMENT_3D('',#4846,#3903,#3904);
#3181=AXIS2_PLACEMENT_3D('',#4848,#3905,#3906);
#3182=AXIS2_PLACEMENT_3D('',#4850,#3907,#3908);
#3183=AXIS2_PLACEMENT_3D('',#4852,#3909,#3910);
#3184=AXIS2_PLACEMENT_3D('',#4854,#3911,#3912);
#3185=AXIS2_PLACEMENT_3D('',#4855,#3913,#3914);
#3186=AXIS2_PLACEMENT_3D('',#4856,#3915,#3916);
#3187=AXIS2_PLACEMENT_3D('',#4858,#3918,#3919);
#3188=AXIS2_PLACEMENT_3D('',#4864,#3923,#3924);
#3189=AXIS2_PLACEMENT_3D('',#4868,#3927,#3928);
#3190=AXIS2_PLACEMENT_3D('',#4876,#3933,#3934);
#3191=AXIS2_PLACEMENT_3D('',#4878,#3936,#3937);
#3192=AXIS2_PLACEMENT_3D('',#4880,#3939,#3940);
#3193=AXIS2_PLACEMENT_3D('',#4886,#3944,#3945);
#3194=AXIS2_PLACEMENT_3D('',#4890,#3948,#3949);
#3195=AXIS2_PLACEMENT_3D('',#4898,#3954,#3955);
#3196=AXIS2_PLACEMENT_3D('',#4900,#3957,#3958);
#3197=AXIS2_PLACEMENT_3D('',#4902,#3960,#3961);
#3198=AXIS2_PLACEMENT_3D('',#4908,#3965,#3966);
#3199=AXIS2_PLACEMENT_3D('',#4912,#3969,#3970);
#3200=AXIS2_PLACEMENT_3D('',#4920,#3975,#3976);
#3201=AXIS2_PLACEMENT_3D('',#4922,#3978,#3979);
#3202=AXIS2_PLACEMENT_3D('',#4924,#3981,#3982);
#3203=AXIS2_PLACEMENT_3D('',#4930,#3986,#3987);
#3204=AXIS2_PLACEMENT_3D('',#4934,#3990,#3991);
#3205=AXIS2_PLACEMENT_3D('',#4942,#3996,#3997);
#3206=AXIS2_PLACEMENT_3D('',#4944,#3999,#4000);
#3207=AXIS2_PLACEMENT_3D('',#4946,#4002,#4003);
#3208=AXIS2_PLACEMENT_3D('',#4950,#4006,#4007);
#3209=AXIS2_PLACEMENT_3D('',#4952,#4009,#4010);
#3210=AXIS2_PLACEMENT_3D('',#4956,#4013,#4014);
#3211=AXIS2_PLACEMENT_3D('',#4958,#4016,#4017);
#3212=AXIS2_PLACEMENT_3D('',#4962,#4020,#4021);
#3213=AXIS2_PLACEMENT_3D('',#4964,#4023,#4024);
#3214=AXIS2_PLACEMENT_3D('',#4968,#4027,#4028);
#3215=AXIS2_PLACEMENT_3D('',#4970,#4030,#4031);
#3216=AXIS2_PLACEMENT_3D('',#4971,#4032,#4033);
#3217=AXIS2_PLACEMENT_3D('',#4974,#4035,#4036);
#3218=AXIS2_PLACEMENT_3D('',#4975,#4037,#4038);
#3219=AXIS2_PLACEMENT_3D('',#4976,#4039,#4040);
#3220=AXIS2_PLACEMENT_3D('',#4978,#4042,#4043);
#3221=AXIS2_PLACEMENT_3D('',#4980,#4044,#4045);
#3222=AXIS2_PLACEMENT_3D('',#4983,#4047,#4048);
#3223=AXIS2_PLACEMENT_3D('',#4984,#4049,#4050);
#3224=AXIS2_PLACEMENT_3D('',#4985,#4051,#4052);
#3225=AXIS2_PLACEMENT_3D('',#4986,#4053,#4054);
#3226=AXIS2_PLACEMENT_3D('',#4988,#4055,#4056);
#3227=AXIS2_PLACEMENT_3D('',#4991,#4058,#4059);
#3228=AXIS2_PLACEMENT_3D('',#4992,#4060,#4061);
#3229=AXIS2_PLACEMENT_3D('',#4993,#4062,#4063);
#3230=AXIS2_PLACEMENT_3D('',#4994,#4064,#4065);
#3231=AXIS2_PLACEMENT_3D('',#4995,#4066,#4067);
#3232=AXIS2_PLACEMENT_3D('',#4996,#4068,#4069);
#3233=AXIS2_PLACEMENT_3D('',#4997,#4070,#4071);
#3234=AXIS2_PLACEMENT_3D('',#4998,#4072,#4073);
#3235=AXIS2_PLACEMENT_3D('',#4999,#4074,#4075);
#3236=DIRECTION('axis',(0.,0.,1.));
#3237=DIRECTION('refdir',(1.,0.,0.));
#3238=DIRECTION('axis',(0.,0.,1.));
#3239=DIRECTION('refdir',(1.,0.,0.));
#3240=DIRECTION('center_axis',(0.,0.,1.));
#3241=DIRECTION('ref_axis',(1.,0.,0.));
#3242=DIRECTION('center_axis',(0.,0.,1.));
#3243=DIRECTION('ref_axis',(0.980003692587926,0.198979301722643,0.));
#3244=DIRECTION('',(-1.,0.,0.));
#3245=DIRECTION('center_axis',(0.,0.,1.));
#3246=DIRECTION('ref_axis',(-0.0451702859160946,0.998979301722642,0.));
#3247=DIRECTION('',(0.435333827952118,-0.900269103235558,0.));
#3248=DIRECTION('',(0.308257081405848,-0.951303091429408,0.));
#3249=DIRECTION('center_axis',(0.,0.,1.));
#3250=DIRECTION('ref_axis',(1.,0.,0.));
#3251=DIRECTION('',(0.935334496205188,-0.353764583033105,0.));
#3252=DIRECTION('',(-0.878232998312527,0.478232998312527,0.));
#3253=DIRECTION('',(0.878233110365355,0.478232792537269,0.));
#3254=DIRECTION('',(-0.935333901077484,-0.353766156514688,0.));
#3255=DIRECTION('center_axis',(0.,0.,1.));
#3256=DIRECTION('ref_axis',(1.,0.,0.));
#3257=DIRECTION('',(-0.308257081405847,-0.951303091429408,0.));
#3258=DIRECTION('',(-0.435333827952118,-0.900269103235558,0.));
#3259=DIRECTION('center_axis',(0.,0.,-1.));
#3260=DIRECTION('ref_axis',(1.,0.,0.));
#3261=DIRECTION('center_axis',(0.,0.,-1.));
#3262=DIRECTION('ref_axis',(1.,0.,0.));
#3263=DIRECTION('center_axis',(0.,0.,1.));
#3264=DIRECTION('ref_axis',(1.,0.,0.));
#3265=DIRECTION('center_axis',(0.,0.,-1.));
#3266=DIRECTION('ref_axis',(1.,0.,0.));
#3267=DIRECTION('',(0.,0.,-1.));
#3268=DIRECTION('center_axis',(0.,0.,1.));
#3269=DIRECTION('ref_axis',(1.,0.,0.));
#3270=DIRECTION('center_axis',(0.,0.,-1.));
#3271=DIRECTION('ref_axis',(1.,0.,0.));
#3272=DIRECTION('',(0.,0.,-1.));
#3273=DIRECTION('center_axis',(0.353766156514688,-0.935333901077484,0.));
#3274=DIRECTION('ref_axis',(0.935333901077484,0.353766156514688,0.));
#3275=DIRECTION('',(0.,0.,1.));
#3276=DIRECTION('',(0.935333901077484,0.353766156514688,0.));
#3277=DIRECTION('',(0.,0.,1.));
#3278=DIRECTION('center_axis',(0.,0.,1.));
#3279=DIRECTION('ref_axis',(-0.689849425654097,-0.723952878248794,0.));
#3280=DIRECTION('center_axis',(0.,0.,1.));
#3281=DIRECTION('ref_axis',(1.,0.,0.));
#3282=DIRECTION('',(0.,0.,1.));
#3283=DIRECTION('center_axis',(-0.951303091429408,0.308257081405847,0.));
#3284=DIRECTION('ref_axis',(-0.308257081405847,-0.951303091429408,0.));
#3285=DIRECTION('',(-0.308257081405847,-0.951303091429408,0.));
#3286=DIRECTION('',(0.,0.,1.));
#3287=DIRECTION('center_axis',(0.951303091429408,0.308257081405848,0.));
#3288=DIRECTION('ref_axis',(-0.308257081405848,0.951303091429408,0.));
#3289=DIRECTION('',(0.,0.,1.));
#3290=DIRECTION('',(-0.308257081405848,0.951303091429408,0.));
#3291=DIRECTION('',(0.,0.,1.));
#3292=DIRECTION('center_axis',(0.,0.,1.));
#3293=DIRECTION('ref_axis',(1.,0.,0.));
#3294=DIRECTION('center_axis',(0.,0.,1.));
#3295=DIRECTION('ref_axis',(1.,0.,0.));
#3296=DIRECTION('',(0.,0.,1.));
#3297=DIRECTION('center_axis',(-0.353764583033105,-0.935334496205188,0.));
#3298=DIRECTION('ref_axis',(0.935334496205188,-0.353764583033105,0.));
#3299=DIRECTION('',(0.935334496205188,-0.353764583033105,0.));
#3300=DIRECTION('',(0.,0.,1.));
#3301=DIRECTION('center_axis',(-0.478232998312527,-0.878232998312527,0.));
#3302=DIRECTION('ref_axis',(0.878232998312527,-0.478232998312527,0.));
#3303=DIRECTION('',(0.878232998312527,-0.478232998312527,0.));
#3304=DIRECTION('',(0.,0.,1.));
#3305=DIRECTION('center_axis',(0.478232792537269,-0.878233110365355,0.));
#3306=DIRECTION('ref_axis',(0.878233110365355,0.478232792537269,0.));
#3307=DIRECTION('',(0.878233110365355,0.478232792537269,0.));
#3308=DIRECTION('center_axis',(0.,0.,1.));
#3309=DIRECTION('ref_axis',(1.,0.,0.));
#3310=DIRECTION('center_axis',(0.,0.,-1.));
#3311=DIRECTION('ref_axis',(0.980003692587926,0.198979301722643,0.));
#3312=DIRECTION('',(-0.435333827952118,-0.900269103235558,0.));
#3313=DIRECTION('',(-0.435333827952118,0.900269103235558,0.));
#3314=DIRECTION('center_axis',(0.,0.,-1.));
#3315=DIRECTION('ref_axis',(-0.0451702859160946,0.998979301722642,0.));
#3316=DIRECTION('',(1.,0.,0.));
#3317=DIRECTION('center_axis',(0.,0.,1.));
#3318=DIRECTION('ref_axis',(0.980003692587926,0.198979301722643,0.));
#3319=DIRECTION('',(0.,0.,1.));
#3320=DIRECTION('center_axis',(0.,0.,1.));
#3321=DIRECTION('ref_axis',(0.980003692587926,0.198979301722643,0.));
#3322=DIRECTION('',(0.,0.,1.));
#3323=DIRECTION('center_axis',(0.,0.,1.));
#3324=DIRECTION('ref_axis',(0.980003692587926,0.198979301722643,0.));
#3325=DIRECTION('',(0.,0.,1.));
#3326=DIRECTION('center_axis',(0.,0.,1.));
#3327=DIRECTION('ref_axis',(0.980003692587926,0.198979301722643,0.));
#3328=DIRECTION('',(0.,0.,-1.));
#3329=DIRECTION('center_axis',(0.,0.,-1.));
#3330=DIRECTION('ref_axis',(0.980003692587926,0.198979301722643,0.));
#3331=DIRECTION('',(0.,0.,1.));
#3332=DIRECTION('center_axis',(0.,-1.,0.));
#3333=DIRECTION('ref_axis',(1.,0.,0.));
#3334=DIRECTION('',(-1.,0.,0.));
#3335=DIRECTION('',(0.,0.,1.));
#3336=DIRECTION('center_axis',(0.,-1.,0.));
#3337=DIRECTION('ref_axis',(1.,0.,0.));
#3338=DIRECTION('',(0.,0.,1.));
#3339=DIRECTION('',(-1.,0.,0.));
#3340=DIRECTION('center_axis',(0.,0.,1.));
#3341=DIRECTION('ref_axis',(-0.0451702859160946,0.998979301722642,0.));
#3342=DIRECTION('center_axis',(0.,0.,1.));
#3343=DIRECTION('ref_axis',(-0.0451702859160946,0.998979301722642,0.));
#3344=DIRECTION('',(0.,0.,1.));
#3345=DIRECTION('center_axis',(0.,0.,1.));
#3346=DIRECTION('ref_axis',(-0.0451702859160946,0.998979301722642,0.));
#3347=DIRECTION('',(0.,0.,1.));
#3348=DIRECTION('center_axis',(0.,0.,1.));
#3349=DIRECTION('ref_axis',(-0.0451702859160946,0.998979301722642,0.));
#3350=DIRECTION('',(0.,0.,-1.));
#3351=DIRECTION('center_axis',(0.,0.,1.));
#3352=DIRECTION('ref_axis',(-0.0451702859160946,0.998979301722642,0.));
#3353=DIRECTION('center_axis',(0.,-1.,0.));
#3354=DIRECTION('ref_axis',(-1.,0.,0.));
#3355=DIRECTION('center_axis',(0.,-1.,0.));
#3356=DIRECTION('ref_axis',(-1.,0.,0.));
#3357=DIRECTION('',(0.,-1.,0.));
#3358=DIRECTION('center_axis',(0.,-1.,0.));
#3359=DIRECTION('ref_axis',(-1.,0.,0.));
#3360=DIRECTION('center_axis',(0.,-1.,0.));
#3361=DIRECTION('ref_axis',(-1.,0.,0.));
#3362=DIRECTION('',(0.,-1.,0.));
#3363=DIRECTION('center_axis',(0.,1.,0.));
#3364=DIRECTION('ref_axis',(-1.,0.,0.));
#3365=DIRECTION('center_axis',(0.,-1.,0.));
#3366=DIRECTION('ref_axis',(-1.,0.,0.));
#3367=DIRECTION('center_axis',(0.,-1.,0.));
#3368=DIRECTION('ref_axis',(-1.,0.,0.));
#3369=DIRECTION('',(0.,-1.,0.));
#3370=DIRECTION('center_axis',(0.,1.,0.));
#3371=DIRECTION('ref_axis',(-1.,0.,0.));
#3372=DIRECTION('center_axis',(0.,-1.,0.));
#3373=DIRECTION('ref_axis',(-1.,0.,0.));
#3374=DIRECTION('center_axis',(0.,-1.,0.));
#3375=DIRECTION('ref_axis',(-1.,0.,0.));
#3376=DIRECTION('',(0.,-1.,0.));
#3377=DIRECTION('center_axis',(0.,0.,1.));
#3378=DIRECTION('ref_axis',(1.,0.,0.));
#3379=DIRECTION('',(-1.,0.,0.));
#3380=DIRECTION('',(0.,-1.,0.));
#3381=DIRECTION('',(1.,0.,0.));
#3382=DIRECTION('',(0.,1.,0.));
#3383=DIRECTION('center_axis',(0.,0.,1.));
#3384=DIRECTION('ref_axis',(1.,0.,0.));
#3385=DIRECTION('',(1.,0.,0.));
#3386=DIRECTION('',(0.,-1.,0.));
#3387=DIRECTION('',(-1.,0.,0.));
#3388=DIRECTION('',(0.,1.,0.));
#3389=DIRECTION('center_axis',(0.,-1.,0.));
#3390=DIRECTION('ref_axis',(1.,0.,0.));
#3391=DIRECTION('',(0.,0.,1.));
#3392=DIRECTION('',(1.,0.,0.));
#3393=DIRECTION('',(0.,0.,1.));
#3394=DIRECTION('center_axis',(1.,0.,0.));
#3395=DIRECTION('ref_axis',(0.,1.,0.));
#3396=DIRECTION('',(0.,1.,0.));
#3397=DIRECTION('',(0.,0.,1.));
#3398=DIRECTION('center_axis',(1.,0.,0.));
#3399=DIRECTION('ref_axis',(0.,1.,0.));
#3400=DIRECTION('',(0.,0.,1.));
#3401=DIRECTION('',(0.,1.,0.));
#3402=DIRECTION('',(0.,0.,1.));
#3403=DIRECTION('center_axis',(0.,1.,0.));
#3404=DIRECTION('ref_axis',(-1.,0.,0.));
#3405=DIRECTION('',(0.,0.,1.));
#3406=DIRECTION('',(-1.,0.,0.));
#3407=DIRECTION('center_axis',(-1.,0.,0.));
#3408=DIRECTION('ref_axis',(0.,-1.,0.));
#3409=DIRECTION('',(0.,0.,1.));
#3410=DIRECTION('',(0.,-1.,0.));
#3411=DIRECTION('center_axis',(0.,0.,1.));
#3412=DIRECTION('ref_axis',(1.,0.,0.));
#3413=DIRECTION('',(-1.,0.,0.));
#3414=DIRECTION('center_axis',(0.,-1.,0.));
#3415=DIRECTION('ref_axis',(-1.,0.,0.));
#3416=DIRECTION('',(-1.,0.,0.));
#3417=DIRECTION('center_axis',(0.,0.,1.));
#3418=DIRECTION('ref_axis',(1.,0.,0.));
#3419=DIRECTION('',(-0.435333827952118,0.900269103235558,0.));
#3420=DIRECTION('',(-1.,0.,0.));
#3421=DIRECTION('',(-0.435333827952118,-0.900269103235558,0.));
#3422=DIRECTION('',(-0.734803444627488,0.678280102733066,0.));
#3423=DIRECTION('center_axis',(0.,0.,-1.));
#3424=DIRECTION('ref_axis',(0.944682937489234,-0.327984980779169,0.));
#3425=DIRECTION('',(-0.734803444627488,-0.678280102733066,0.));
#3426=DIRECTION('',(-1.,0.,0.));
#3427=DIRECTION('center_axis',(-1.,0.,0.));
#3428=DIRECTION('ref_axis',(0.,-1.,0.));
#3429=DIRECTION('',(0.,0.,1.));
#3430=DIRECTION('',(0.,-1.,0.));
#3431=DIRECTION('center_axis',(0.,-1.,0.));
#3432=DIRECTION('ref_axis',(1.,0.,0.));
#3433=DIRECTION('',(1.,0.,0.));
#3434=DIRECTION('center_axis',(0.,1.,0.));
#3435=DIRECTION('ref_axis',(-1.,0.,0.));
#3436=DIRECTION('center_axis',(0.678280102733066,0.734803444627488,0.));
#3437=DIRECTION('ref_axis',(-0.734803444627488,0.678280102733066,0.));
#3438=DIRECTION('',(-0.734803444627488,0.678280102733066,0.));
#3439=DIRECTION('',(0.,0.,1.));
#3440=DIRECTION('',(0.,0.,1.));
#3441=DIRECTION('center_axis',(-0.678280102733066,0.734803444627488,0.));
#3442=DIRECTION('ref_axis',(-0.734803444627488,-0.678280102733066,0.));
#3443=DIRECTION('',(-0.734803444627488,-0.678280102733066,0.));
#3444=DIRECTION('',(0.,0.,1.));
#3445=DIRECTION('center_axis',(0.,0.,1.));
#3446=DIRECTION('ref_axis',(5.55111512312578E-17,1.,0.));
#3447=DIRECTION('center_axis',(0.,0.,-1.));
#3448=DIRECTION('ref_axis',(0.944682937489234,-0.327984980779169,0.));
#3449=DIRECTION('center_axis',(0.,1.,0.));
#3450=DIRECTION('ref_axis',(-1.,0.,0.));
#3451=DIRECTION('',(1.,0.,0.));
#3452=DIRECTION('',(0.,0.,1.));
#3453=DIRECTION('',(0.,0.,1.));
#3454=DIRECTION('center_axis',(0.,0.,1.));
#3455=DIRECTION('ref_axis',(1.,0.,0.));
#3456=DIRECTION('center_axis',(0.,0.,-1.));
#3457=DIRECTION('ref_axis',(1.,0.,0.));
#3458=DIRECTION('',(0.,0.,-1.));
#3459=DIRECTION('center_axis',(0.,0.,-1.));
#3460=DIRECTION('ref_axis',(1.,0.,0.));
#3461=DIRECTION('center_axis',(0.,0.,1.));
#3462=DIRECTION('ref_axis',(1.,0.,0.));
#3463=DIRECTION('center_axis',(0.,0.,-1.));
#3464=DIRECTION('ref_axis',(1.,0.,0.));
#3465=DIRECTION('',(0.,0.,-1.));
#3466=DIRECTION('center_axis',(0.,0.,-1.));
#3467=DIRECTION('ref_axis',(1.,0.,0.));
#3468=DIRECTION('center_axis',(0.478232792537269,-0.878233110365355,0.));
#3469=DIRECTION('ref_axis',(0.878233110365355,0.478232792537269,0.));
#3470=DIRECTION('',(0.878233110365355,0.478232792537269,0.));
#3471=DIRECTION('',(0.,0.,1.));
#3472=DIRECTION('',(0.878233110365355,0.478232792537269,0.));
#3473=DIRECTION('',(0.,0.,1.));
#3474=DIRECTION('center_axis',(0.353766156514688,-0.935333901077484,0.));
#3475=DIRECTION('ref_axis',(0.935333901077484,0.353766156514688,0.));
#3476=DIRECTION('',(-0.935333901077484,-0.353766156514688,0.));
#3477=DIRECTION('',(0.935333901077484,0.353766156514688,0.));
#3478=DIRECTION('',(0.,0.,1.));
#3479=DIRECTION('center_axis',(0.,0.,1.));
#3480=DIRECTION('ref_axis',(-0.689849425654097,-0.723952878248794,0.));
#3481=DIRECTION('center_axis',(0.,0.,1.));
#3482=DIRECTION('ref_axis',(1.,0.,0.));
#3483=DIRECTION('center_axis',(0.,0.,1.));
#3484=DIRECTION('ref_axis',(1.,0.,0.));
#3485=DIRECTION('',(0.,0.,1.));
#3486=DIRECTION('center_axis',(-0.951303091429408,0.308257081405847,0.));
#3487=DIRECTION('ref_axis',(-0.308257081405847,-0.951303091429408,0.));
#3488=DIRECTION('',(-0.308257081405847,-0.951303091429408,0.));
#3489=DIRECTION('',(-0.308257081405847,-0.951303091429408,0.));
#3490=DIRECTION('',(0.,0.,1.));
#3491=DIRECTION('center_axis',(-0.900269103235558,0.435333827952118,0.));
#3492=DIRECTION('ref_axis',(-0.435333827952118,-0.900269103235558,0.));
#3493=DIRECTION('',(-0.435333827952118,-0.900269103235558,0.));
#3494=DIRECTION('',(-0.435333827952118,-0.900269103235558,0.));
#3495=DIRECTION('center_axis',(0.900269103235558,0.435333827952118,0.));
#3496=DIRECTION('ref_axis',(-0.435333827952118,0.900269103235558,0.));
#3497=DIRECTION('',(0.435333827952118,-0.900269103235558,0.));
#3498=DIRECTION('',(-0.435333827952118,0.900269103235558,0.));
#3499=DIRECTION('',(0.,0.,1.));
#3500=DIRECTION('center_axis',(0.951303091429408,0.308257081405848,0.));
#3501=DIRECTION('ref_axis',(-0.308257081405848,0.951303091429408,0.));
#3502=DIRECTION('',(0.308257081405848,-0.951303091429408,0.));
#3503=DIRECTION('',(-0.308257081405848,0.951303091429408,0.));
#3504=DIRECTION('',(0.,0.,1.));
#3505=DIRECTION('center_axis',(0.,0.,1.));
#3506=DIRECTION('ref_axis',(1.,0.,0.));
#3507=DIRECTION('center_axis',(0.,0.,1.));
#3508=DIRECTION('ref_axis',(1.,0.,0.));
#3509=DIRECTION('center_axis',(0.,0.,1.));
#3510=DIRECTION('ref_axis',(1.,0.,0.));
#3511=DIRECTION('',(0.,0.,1.));
#3512=DIRECTION('center_axis',(-0.353764583033105,-0.935334496205188,0.));
#3513=DIRECTION('ref_axis',(0.935334496205188,-0.353764583033105,0.));
#3514=DIRECTION('',(0.935334496205188,-0.353764583033105,0.));
#3515=DIRECTION('',(0.935334496205188,-0.353764583033105,0.));
#3516=DIRECTION('',(0.,0.,1.));
#3517=DIRECTION('center_axis',(-0.478232998312527,-0.878232998312527,0.));
#3518=DIRECTION('ref_axis',(0.878232998312527,-0.478232998312527,0.));
#3519=DIRECTION('',(-0.878232998312527,0.478232998312527,0.));
#3520=DIRECTION('',(0.878232998312527,-0.478232998312527,0.));
#3521=DIRECTION('center_axis',(0.,0.,1.));
#3522=DIRECTION('ref_axis',(1.,0.,0.));
#3523=DIRECTION('center_axis',(0.,0.,1.));
#3524=DIRECTION('ref_axis',(1.,0.,0.));
#3525=DIRECTION('axis',(0.,0.,1.));
#3526=DIRECTION('refdir',(1.,0.,0.));
#3527=DIRECTION('center_axis',(-1.,0.,0.));
#3528=DIRECTION('ref_axis',(0.,0.,-1.));
#3529=DIRECTION('center_axis',(1.,0.,0.));
#3530=DIRECTION('ref_axis',(0.,0.,-1.));
#3531=DIRECTION('',(1.,0.,0.));
#3532=DIRECTION('center_axis',(1.,0.,0.));
#3533=DIRECTION('ref_axis',(0.,0.,-1.));
#3534=DIRECTION('',(1.,0.,0.));
#3535=DIRECTION('center_axis',(1.,0.,0.));
#3536=DIRECTION('ref_axis',(0.,1.,0.));
#3537=DIRECTION('',(0.,-1.,0.));
#3538=DIRECTION('',(0.,0.,-1.));
#3539=DIRECTION('center_axis',(0.,-1.,0.));
#3540=DIRECTION('ref_axis',(1.,0.,0.));
#3541=DIRECTION('',(-1.,0.,0.));
#3542=DIRECTION('',(0.,0.,1.));
#3543=DIRECTION('',(1.,0.,0.));
#3544=DIRECTION('',(0.,0.,-1.));
#3545=DIRECTION('',(-1.,0.,0.));
#3546=DIRECTION('',(0.,0.,1.));
#3547=DIRECTION('',(1.,0.,0.));
#3548=DIRECTION('',(0.,0.,1.));
#3549=DIRECTION('',(1.,0.,0.));
#3550=DIRECTION('',(0.,0.,1.));
#3551=DIRECTION('center_axis',(0.,1.,0.));
#3552=DIRECTION('ref_axis',(-1.,0.,0.));
#3553=DIRECTION('center_axis',(0.,1.,0.));
#3554=DIRECTION('ref_axis',(-1.,0.,0.));
#3555=DIRECTION('',(0.,0.,1.));
#3556=DIRECTION('',(1.,0.,0.));
#3557=DIRECTION('',(0.,0.,-1.));
#3558=DIRECTION('',(-1.,0.,0.));
#3559=DIRECTION('center_axis',(0.,0.,1.));
#3560=DIRECTION('ref_axis',(1.,0.,0.));
#3561=DIRECTION('',(0.,-1.,0.));
#3562=DIRECTION('',(1.,0.,0.));
#3563=DIRECTION('',(0.,1.,0.));
#3564=DIRECTION('',(1.,0.,0.));
#3565=DIRECTION('',(0.,1.,0.));
#3566=DIRECTION('',(0.,-1.,0.));
#3567=DIRECTION('',(1.,0.,0.));
#3568=DIRECTION('',(0.,1.,0.));
#3569=DIRECTION('center_axis',(0.,0.,-1.));
#3570=DIRECTION('ref_axis',(1.,0.,0.));
#3571=DIRECTION('center_axis',(0.,0.,-1.));
#3572=DIRECTION('ref_axis',(1.,0.,0.));
#3573=DIRECTION('center_axis',(0.,0.,-1.));
#3574=DIRECTION('ref_axis',(1.,0.,0.));
#3575=DIRECTION('center_axis',(0.,0.,-1.));
#3576=DIRECTION('ref_axis',(1.,0.,0.));
#3577=DIRECTION('center_axis',(-1.,0.,0.));
#3578=DIRECTION('ref_axis',(0.,0.,-1.));
#3579=DIRECTION('center_axis',(1.,0.,0.));
#3580=DIRECTION('ref_axis',(0.,0.,-1.));
#3581=DIRECTION('center_axis',(1.,0.,0.));
#3582=DIRECTION('ref_axis',(0.,0.,-1.));
#3583=DIRECTION('center_axis',(1.,0.,0.));
#3584=DIRECTION('ref_axis',(0.,1.,0.));
#3585=DIRECTION('center_axis',(-1.,0.,0.));
#3586=DIRECTION('ref_axis',(0.,0.,-1.));
#3587=DIRECTION('center_axis',(1.,0.,0.));
#3588=DIRECTION('ref_axis',(0.,0.,-1.));
#3589=DIRECTION('center_axis',(1.,0.,0.));
#3590=DIRECTION('ref_axis',(0.,0.,-1.));
#3591=DIRECTION('center_axis',(1.,0.,0.));
#3592=DIRECTION('ref_axis',(0.,1.,0.));
#3593=DIRECTION('center_axis',(1.,0.,0.));
#3594=DIRECTION('ref_axis',(0.,1.,0.));
#3595=DIRECTION('center_axis',(0.,0.,1.));
#3596=DIRECTION('ref_axis',(1.,0.,0.));
#3597=DIRECTION('center_axis',(0.,0.,1.));
#3598=DIRECTION('ref_axis',(1.,0.,0.));
#3599=DIRECTION('',(0.,0.,1.));
#3600=DIRECTION('center_axis',(0.,0.,1.));
#3601=DIRECTION('ref_axis',(1.,0.,0.));
#3602=DIRECTION('center_axis',(0.,0.,1.));
#3603=DIRECTION('ref_axis',(1.,0.,0.));
#3604=DIRECTION('',(0.,0.,1.));
#3605=DIRECTION('center_axis',(0.,0.,1.));
#3606=DIRECTION('ref_axis',(1.,0.,0.));
#3607=DIRECTION('center_axis',(0.,0.,1.));
#3608=DIRECTION('ref_axis',(1.,0.,0.));
#3609=DIRECTION('',(0.,0.,1.));
#3610=DIRECTION('center_axis',(0.,0.,1.));
#3611=DIRECTION('ref_axis',(1.,0.,0.));
#3612=DIRECTION('center_axis',(0.,0.,1.));
#3613=DIRECTION('ref_axis',(1.,0.,0.));
#3614=DIRECTION('',(0.,0.,1.));
#3615=DIRECTION('center_axis',(-1.,0.,0.));
#3616=DIRECTION('ref_axis',(0.,0.,-1.));
#3617=DIRECTION('',(0.,0.,-1.));
#3618=DIRECTION('',(0.,-1.,0.));
#3619=DIRECTION('',(0.,-1.,0.));
#3620=DIRECTION('center_axis',(0.,0.,1.));
#3621=DIRECTION('ref_axis',(-1.,0.,0.));
#3622=DIRECTION('',(-1.,0.,0.));
#3623=DIRECTION('',(0.,-1.,0.));
#3624=DIRECTION('center_axis',(1.,0.,0.));
#3625=DIRECTION('ref_axis',(0.,0.,1.));
#3626=DIRECTION('',(0.,0.,1.));
#3627=DIRECTION('',(0.,-1.,0.));
#3628=DIRECTION('center_axis',(0.,0.,-1.));
#3629=DIRECTION('ref_axis',(1.,0.,0.));
#3630=DIRECTION('',(1.,0.,0.));
#3631=DIRECTION('center_axis',(0.,-1.,0.));
#3632=DIRECTION('ref_axis',(-1.,0.,0.));
#3633=DIRECTION('center_axis',(0.,-1.,0.));
#3634=DIRECTION('ref_axis',(-1.,0.,0.));
#3635=DIRECTION('',(0.,-1.,0.));
#3636=DIRECTION('center_axis',(0.,-1.,0.));
#3637=DIRECTION('ref_axis',(-1.,0.,0.));
#3638=DIRECTION('center_axis',(0.,-1.,0.));
#3639=DIRECTION('ref_axis',(-1.,0.,0.));
#3640=DIRECTION('',(0.,-1.,0.));
#3641=DIRECTION('center_axis',(0.,0.,1.));
#3642=DIRECTION('ref_axis',(1.,0.,0.));
#3643=DIRECTION('center_axis',(0.,0.,-1.));
#3644=DIRECTION('ref_axis',(1.,0.,0.));
#3645=DIRECTION('',(0.,0.,-1.));
#3646=DIRECTION('center_axis',(0.,0.,-1.));
#3647=DIRECTION('ref_axis',(1.,0.,0.));
#3648=DIRECTION('center_axis',(0.,0.,1.));
#3649=DIRECTION('ref_axis',(1.,0.,0.));
#3650=DIRECTION('center_axis',(0.,0.,1.));
#3651=DIRECTION('ref_axis',(1.,0.,0.));
#3652=DIRECTION('',(0.,0.,1.));
#3653=DIRECTION('center_axis',(0.,0.,1.));
#3654=DIRECTION('ref_axis',(1.,0.,0.));
#3655=DIRECTION('',(0.,0.,1.));
#3656=DIRECTION('center_axis',(0.,0.,1.));
#3657=DIRECTION('ref_axis',(-1.,0.,0.));
#3658=DIRECTION('center_axis',(0.,0.,1.));
#3659=DIRECTION('ref_axis',(-1.,0.,0.));
#3660=DIRECTION('center_axis',(0.,0.,-1.));
#3661=DIRECTION('ref_axis',(-1.,0.,0.));
#3662=DIRECTION('',(0.,0.,1.));
#3663=DIRECTION('center_axis',(0.,0.,1.));
#3664=DIRECTION('ref_axis',(0.916515138991168,-0.4,0.));
#3665=DIRECTION('center_axis',(0.,0.,1.));
#3666=DIRECTION('ref_axis',(0.916515138991168,-0.4,0.));
#3667=DIRECTION('center_axis',(0.,0.,1.));
#3668=DIRECTION('ref_axis',(0.916515138991168,-0.4,0.));
#3669=DIRECTION('',(0.,0.,1.));
#3670=DIRECTION('center_axis',(0.,0.,1.));
#3671=DIRECTION('ref_axis',(1.,0.,0.));
#3672=DIRECTION('',(0.,-1.,0.));
#3673=DIRECTION('',(1.,0.,0.));
#3674=DIRECTION('center_axis',(0.,1.,0.));
#3675=DIRECTION('ref_axis',(-1.,0.,0.));
#3676=DIRECTION('',(-1.,0.,0.));
#3677=DIRECTION('',(0.,0.,-1.));
#3678=DIRECTION('',(1.,0.,0.));
#3679=DIRECTION('',(0.,0.,1.));
#3680=DIRECTION('',(-1.,0.,0.));
#3681=DIRECTION('',(0.,0.,-1.));
#3682=DIRECTION('',(1.,0.,0.));
#3683=DIRECTION('',(0.,0.,1.));
#3684=DIRECTION('',(-1.,0.,0.));
#3685=DIRECTION('',(0.,0.,1.));
#3686=DIRECTION('center_axis',(0.,0.,1.));
#3687=DIRECTION('ref_axis',(1.,0.,0.));
#3688=DIRECTION('center_axis',(0.,0.,-1.));
#3689=DIRECTION('ref_axis',(1.,0.,0.));
#3690=DIRECTION('',(0.,0.,-1.));
#3691=DIRECTION('center_axis',(0.,0.,-1.));
#3692=DIRECTION('ref_axis',(1.,0.,0.));
#3693=DIRECTION('center_axis',(0.,0.,1.));
#3694=DIRECTION('ref_axis',(0.,-1.,0.));
#3695=DIRECTION('center_axis',(0.,0.,1.));
#3696=DIRECTION('ref_axis',(0.,-1.,0.));
#3697=DIRECTION('center_axis',(0.,0.,-1.));
#3698=DIRECTION('ref_axis',(0.,-1.,0.));
#3699=DIRECTION('',(0.,0.,1.));
#3700=DIRECTION('center_axis',(0.,0.,1.));
#3701=DIRECTION('ref_axis',(1.,0.,0.));
#3702=DIRECTION('center_axis',(0.,0.,1.));
#3703=DIRECTION('ref_axis',(1.,0.,0.));
#3704=DIRECTION('center_axis',(0.,0.,1.));
#3705=DIRECTION('ref_axis',(1.,0.,0.));
#3706=DIRECTION('',(0.,0.,1.));
#3707=DIRECTION('center_axis',(0.,0.,1.));
#3708=DIRECTION('ref_axis',(1.,0.,0.));
#3709=DIRECTION('',(0.,1.,0.));
#3710=DIRECTION('center_axis',(0.,0.,1.));
#3711=DIRECTION('ref_axis',(1.,0.,0.));
#3712=DIRECTION('center_axis',(0.,0.,-1.));
#3713=DIRECTION('ref_axis',(1.,0.,0.));
#3714=DIRECTION('',(0.,0.,-1.));
#3715=DIRECTION('center_axis',(0.,0.,-1.));
#3716=DIRECTION('ref_axis',(1.,0.,0.));
#3717=DIRECTION('center_axis',(0.,0.,1.));
#3718=DIRECTION('ref_axis',(1.,0.,0.));
#3719=DIRECTION('center_axis',(0.,0.,1.));
#3720=DIRECTION('ref_axis',(1.,0.,0.));
#3721=DIRECTION('',(0.,0.,1.));
#3722=DIRECTION('center_axis',(0.,0.,1.));
#3723=DIRECTION('ref_axis',(1.,0.,0.));
#3724=DIRECTION('',(0.,0.,1.));
#3725=DIRECTION('center_axis',(0.,0.,1.));
#3726=DIRECTION('ref_axis',(-1.,0.,0.));
#3727=DIRECTION('center_axis',(0.,0.,1.));
#3728=DIRECTION('ref_axis',(-1.,0.,0.));
#3729=DIRECTION('center_axis',(0.,0.,-1.));
#3730=DIRECTION('ref_axis',(-1.,0.,0.));
#3731=DIRECTION('',(0.,0.,1.));
#3732=DIRECTION('center_axis',(0.,0.,1.));
#3733=DIRECTION('ref_axis',(0.916515138991168,-0.4,0.));
#3734=DIRECTION('center_axis',(0.,0.,1.));
#3735=DIRECTION('ref_axis',(0.916515138991168,-0.4,0.));
#3736=DIRECTION('center_axis',(0.,0.,1.));
#3737=DIRECTION('ref_axis',(0.916515138991168,-0.4,0.));
#3738=DIRECTION('center_axis',(0.,0.,1.));
#3739=DIRECTION('ref_axis',(1.,0.,0.));
#3740=DIRECTION('',(0.,-1.,0.));
#3741=DIRECTION('center_axis',(0.,0.,1.));
#3742=DIRECTION('ref_axis',(1.,0.,0.));
#3743=DIRECTION('center_axis',(0.,0.,-1.));
#3744=DIRECTION('ref_axis',(1.,0.,0.));
#3745=DIRECTION('',(0.,0.,-1.));
#3746=DIRECTION('center_axis',(0.,0.,-1.));
#3747=DIRECTION('ref_axis',(1.,0.,0.));
#3748=DIRECTION('center_axis',(0.,0.,1.));
#3749=DIRECTION('ref_axis',(0.,-1.,0.));
#3750=DIRECTION('center_axis',(0.,0.,1.));
#3751=DIRECTION('ref_axis',(0.,-1.,0.));
#3752=DIRECTION('center_axis',(0.,0.,-1.));
#3753=DIRECTION('ref_axis',(0.,-1.,0.));
#3754=DIRECTION('',(0.,0.,1.));
#3755=DIRECTION('center_axis',(0.,0.,1.));
#3756=DIRECTION('ref_axis',(1.,0.,0.));
#3757=DIRECTION('center_axis',(0.,0.,1.));
#3758=DIRECTION('ref_axis',(1.,0.,0.));
#3759=DIRECTION('center_axis',(0.,0.,1.));
#3760=DIRECTION('ref_axis',(1.,0.,0.));
#3761=DIRECTION('',(0.,0.,1.));
#3762=DIRECTION('center_axis',(0.,0.,1.));
#3763=DIRECTION('ref_axis',(1.,0.,0.));
#3764=DIRECTION('',(0.,1.,0.));
#3765=DIRECTION('center_axis',(0.,0.,1.));
#3766=DIRECTION('ref_axis',(1.,0.,0.));
#3767=DIRECTION('',(0.,1.,0.));
#3768=DIRECTION('',(0.,-1.,0.));
#3769=DIRECTION('center_axis',(-1.,0.,0.));
#3770=DIRECTION('ref_axis',(0.,-1.,0.));
#3771=DIRECTION('',(0.,-1.,0.));
#3772=DIRECTION('',(0.,0.,1.));
#3773=DIRECTION('center_axis',(1.,0.,0.));
#3774=DIRECTION('ref_axis',(0.,1.,0.));
#3775=DIRECTION('',(0.,1.,0.));
#3776=DIRECTION('',(0.,0.,1.));
#3777=DIRECTION('center_axis',(0.,-1.,0.));
#3778=DIRECTION('ref_axis',(1.,0.,0.));
#3779=DIRECTION('',(1.,0.,0.));
#3780=DIRECTION('center_axis',(0.,0.,1.));
#3781=DIRECTION('ref_axis',(1.,0.,0.));
#3782=DIRECTION('axis',(0.,0.,1.));
#3783=DIRECTION('refdir',(1.,0.,0.));
#3784=DIRECTION('center_axis',(0.,0.,-1.));
#3785=DIRECTION('ref_axis',(-1.,0.,0.));
#3786=DIRECTION('center_axis',(0.,0.,-1.));
#3787=DIRECTION('ref_axis',(-1.,0.,0.));
#3788=DIRECTION('',(0.500000000000001,-6.12323399573678E-17,-0.866025403784438));
#3789=DIRECTION('center_axis',(0.,0.,1.));
#3790=DIRECTION('ref_axis',(-1.,0.,0.));
#3791=DIRECTION('center_axis',(0.,0.,1.));
#3792=DIRECTION('ref_axis',(-1.,0.,0.));
#3793=DIRECTION('center_axis',(0.,0.,-1.));
#3794=DIRECTION('ref_axis',(-1.,0.,0.));
#3795=DIRECTION('',(-0.500000000000002,6.12323399573679E-17,-0.866025403784437));
#3796=DIRECTION('center_axis',(0.,0.,1.));
#3797=DIRECTION('ref_axis',(-1.,0.,0.));
#3798=DIRECTION('center_axis',(0.499999999999998,-0.86602540378444,0.));
#3799=DIRECTION('ref_axis',(-0.86602540378444,-0.499999999999998,0.));
#3800=DIRECTION('',(0.,0.,1.));
#3801=DIRECTION('',(0.,0.,-1.));
#3802=DIRECTION('center_axis',(1.,-1.37212193719355E-15,0.));
#3803=DIRECTION('ref_axis',(-1.37212193719355E-15,-1.,0.));
#3804=DIRECTION('',(0.,0.,1.));
#3805=DIRECTION('center_axis',(0.,0.,1.));
#3806=DIRECTION('ref_axis',(-1.,0.,0.));
#3807=DIRECTION('center_axis',(0.,0.,-1.));
#3808=DIRECTION('ref_axis',(1.,0.,0.));
#3809=DIRECTION('',(0.866025403784439,-1.06057523872491E-16,0.5));
#3810=DIRECTION('center_axis',(-0.500000000000002,-0.866025403784438,0.));
#3811=DIRECTION('ref_axis',(-0.866025403784438,0.500000000000002,0.));
#3812=DIRECTION('',(0.,0.,1.));
#3813=DIRECTION('center_axis',(-1.,1.49458661710828E-15,0.));
#3814=DIRECTION('ref_axis',(1.49458661710828E-15,1.,0.));
#3815=DIRECTION('',(0.,0.,1.));
#3816=DIRECTION('center_axis',(-0.499999999999999,0.866025403784439,0.));
#3817=DIRECTION('ref_axis',(0.866025403784439,0.499999999999999,0.));
#3818=DIRECTION('',(0.,0.,1.));
#3819=DIRECTION('center_axis',(0.500000000000001,0.866025403784438,0.));
#3820=DIRECTION('ref_axis',(0.866025403784438,-0.500000000000001,0.));
#3821=DIRECTION('center_axis',(0.,0.,1.));
#3822=DIRECTION('ref_axis',(1.,0.,0.));
#3823=DIRECTION('center_axis',(0.,0.,-1.));
#3824=DIRECTION('ref_axis',(1.,0.,0.));
#3825=DIRECTION('center_axis',(0.,0.,-1.));
#3826=DIRECTION('ref_axis',(-1.,0.,0.));
#3827=DIRECTION('',(-0.866025403784439,1.06057523872491E-16,0.499999999999999));
#3828=DIRECTION('center_axis',(0.,0.,-1.));
#3829=DIRECTION('ref_axis',(-1.,0.,0.));
#3830=DIRECTION('center_axis',(0.,0.,-1.));
#3831=DIRECTION('ref_axis',(-1.,0.,0.));
#3832=DIRECTION('',(0.,0.,1.));
#3833=DIRECTION('axis',(0.,0.,1.));
#3834=DIRECTION('refdir',(1.,0.,0.));
#3835=DIRECTION('center_axis',(-2.78802130138071E-16,0.,1.));
#3836=DIRECTION('ref_axis',(-1.,0.,0.));
#3837=DIRECTION('center_axis',(-2.78802130138071E-16,0.,1.));
#3838=DIRECTION('ref_axis',(-1.,0.,0.));
#3839=DIRECTION('',(-0.737844385259347,9.03598764676706E-17,-0.674970860957165));
#3840=DIRECTION('center_axis',(2.78802130138071E-16,0.,-1.));
#3841=DIRECTION('ref_axis',(-1.,0.,0.));
#3842=DIRECTION('center_axis',(2.78802130138071E-16,0.,-1.));
#3843=DIRECTION('ref_axis',(-1.,0.,-2.76433542295164E-16));
#3844=DIRECTION('center_axis',(2.78802130138071E-16,0.,-1.));
#3845=DIRECTION('ref_axis',(1.,0.,2.78802130138071E-16));
#3846=DIRECTION('center_axis',(-1.22464679914735E-16,-1.,-3.41434136269053E-32));
#3847=DIRECTION('ref_axis',(1.,-1.22464679914735E-16,2.65801482976119E-16));
#3848=DIRECTION('center_axis',(-2.78802130138071E-16,0.,1.));
#3849=DIRECTION('ref_axis',(1.,0.,2.68272752428679E-16));
#3850=DIRECTION('center_axis',(2.78802130138071E-16,0.,-1.));
#3851=DIRECTION('ref_axis',(-1.,0.,-2.78802130138071E-16));
#3852=DIRECTION('center_axis',(2.78802130138071E-16,0.,-1.));
#3853=DIRECTION('ref_axis',(1.,0.,2.78802130138071E-16));
#3854=DIRECTION('center_axis',(2.78802130138071E-16,0.,-1.));
#3855=DIRECTION('ref_axis',(-1.,0.,0.));
#3856=DIRECTION('center_axis',(2.78802130138071E-16,0.,-1.));
#3857=DIRECTION('ref_axis',(1.,0.,2.78802130138071E-16));
#3858=DIRECTION('',(-2.78802130138071E-16,0.,1.));
#3859=DIRECTION('center_axis',(2.78802130138071E-16,0.,-1.));
#3860=DIRECTION('ref_axis',(-1.,0.,-2.80586681023098E-16));
#3861=DIRECTION('center_axis',(-2.80631326148003E-16,7.49867815957606E-33,
1.));
#3862=DIRECTION('ref_axis',(1.,-6.12323399573677E-17,2.80631326148003E-16));
#3863=DIRECTION('center_axis',(-1.22464679914735E-16,-1.,-3.41434136269053E-32));
#3864=DIRECTION('ref_axis',(1.,-1.22464679914735E-16,2.80586681023098E-16));
#3865=DIRECTION('center_axis',(2.78802130138071E-16,0.,-1.));
#3866=DIRECTION('ref_axis',(1.,0.,2.81914904190434E-16));
#3867=DIRECTION('center_axis',(2.78802130138071E-16,0.,-1.));
#3868=DIRECTION('ref_axis',(1.,0.,2.81914904190434E-16));
#3869=DIRECTION('center_axis',(6.12323399573677E-17,0.,1.));
#3870=DIRECTION('ref_axis',(1.,0.,0.));
#3871=DIRECTION('center_axis',(-0.664463024388675,0.664463024388675,-0.342020143325668));
#3872=DIRECTION('ref_axis',(0.,-0.457661538155733,-0.889126490715988));
#3873=DIRECTION('center_axis',(0.,-0.994521895368273,-0.104528463267653));
#3874=DIRECTION('ref_axis',(0.,-0.104528463267653,0.994521895368273));
#3875=DIRECTION('center_axis',(-0.809016994374948,0.,-0.587785252292473));
#3876=DIRECTION('ref_axis',(0.,-1.,0.));
#3877=DIRECTION('center_axis',(1.22464679914735E-16,-1.,0.));
#3878=DIRECTION('ref_axis',(-1.,-1.22464679914735E-16,0.));
#3879=DIRECTION('center_axis',(-0.809016994374948,0.,-0.587785252292473));
#3880=DIRECTION('ref_axis',(0.,-1.,0.));
#3881=DIRECTION('center_axis',(0.,0.994521895368273,-0.104528463267653));
#3882=DIRECTION('ref_axis',(0.,-0.104528463267653,-0.994521895368273));
#3883=DIRECTION('center_axis',(-0.664463024388675,-0.664463024388675,-0.342020143325669));
#3884=DIRECTION('ref_axis',(0.,-0.457661538155733,0.889126490715988));
#3885=DIRECTION('center_axis',(0.664463024388675,0.664463024388675,-0.342020143325668));
#3886=DIRECTION('ref_axis',(0.,-0.457661538155733,-0.889126490715989));
#3887=DIRECTION('center_axis',(-0.994521895368273,-8.0242812989223E-17,
-0.104528463267653));
#3888=DIRECTION('ref_axis',(0.104528463267653,0.,-0.994521895368273));
#3889=DIRECTION('center_axis',(-2.705389441169E-16,0.809016994374948,-0.587785252292473));
#3890=DIRECTION('ref_axis',(0.,-0.587785252292473,-0.809016994374948));
#3891=DIRECTION('center_axis',(0.994521895368273,4.81456877935338E-17,-0.104528463267653));
#3892=DIRECTION('ref_axis',(0.104528463267653,0.,0.994521895368273));
#3893=DIRECTION('center_axis',(-0.664463024388675,0.664463024388675,-0.342020143325669));
#3894=DIRECTION('ref_axis',(0.,-0.457661538155733,-0.889126490715988));
#3895=DIRECTION('center_axis',(0.664463024388675,-0.664463024388675,-0.342020143325668));
#3896=DIRECTION('ref_axis',(0.,-0.457661538155733,0.889126490715988));
#3897=DIRECTION('center_axis',(0.,0.994521895368273,-0.104528463267653));
#3898=DIRECTION('ref_axis',(0.,-0.104528463267653,-0.994521895368273));
#3899=DIRECTION('center_axis',(0.809016994374948,-5.410778882338E-16,-0.587785252292473));
#3900=DIRECTION('ref_axis',(0.,-1.,9.20536686014993E-16));
#3901=DIRECTION('center_axis',(0.,-0.994521895368273,-0.104528463267653));
#3902=DIRECTION('ref_axis',(0.,-0.104528463267653,0.994521895368273));
#3903=DIRECTION('center_axis',(0.664463024388675,0.664463024388675,-0.342020143325669));
#3904=DIRECTION('ref_axis',(0.,-0.457661538155733,-0.889126490715988));
#3905=DIRECTION('center_axis',(-0.664463024388675,-0.664463024388675,-0.342020143325668));
#3906=DIRECTION('ref_axis',(0.,-0.457661538155732,0.889126490715989));
#3907=DIRECTION('center_axis',(0.994521895368273,4.81456877935338E-17,-0.104528463267653));
#3908=DIRECTION('ref_axis',(0.104528463267653,0.,0.994521895368273));
#3909=DIRECTION('center_axis',(-5.410778882338E-16,-0.809016994374948,-0.587785252292473));
#3910=DIRECTION('ref_axis',(0.,-0.587785252292473,0.809016994374947));
#3911=DIRECTION('center_axis',(-0.994521895368273,-8.0242812989223E-17,
-0.104528463267653));
#3912=DIRECTION('ref_axis',(0.104528463267653,0.,-0.994521895368273));
#3913=DIRECTION('center_axis',(0.664463024388675,-0.664463024388675,-0.342020143325669));
#3914=DIRECTION('ref_axis',(0.,-0.457661538155733,0.889126490715988));
#3915=DIRECTION('center_axis',(2.78802130138071E-16,0.,-1.));
#3916=DIRECTION('ref_axis',(-1.,0.,0.));
#3917=DIRECTION('',(-0.0348994967025041,4.2739556928575E-18,0.999390827019096));
#3918=DIRECTION('center_axis',(-0.664463024388675,0.664463024388675,-0.342020143325668));
#3919=DIRECTION('ref_axis',(-0.707106781186547,-0.707106781186548,2.00696954548496E-17));
#3920=DIRECTION('',(-0.707106781186547,-0.707106781186548,2.00696954548496E-17));
#3921=DIRECTION('',(0.164740575213942,-0.316168168173999,-0.934290229164191));
#3922=DIRECTION('',(0.524749120618422,0.0889805787104241,-0.846593655198614));
#3923=DIRECTION('center_axis',(-0.664463024388675,0.664463024388675,0.342020143325669));
#3924=DIRECTION('ref_axis',(-0.707106781186547,-0.707106781186548,2.00696954548496E-17));
#3925=DIRECTION('',(-0.0889805787104241,-0.524749120618423,0.846593655198614));
#3926=DIRECTION('',(0.316168168174,-0.164740575213942,0.934290229164191));
#3927=DIRECTION('center_axis',(0.,-0.994521895368273,-0.104528463267653));
#3928=DIRECTION('ref_axis',(-1.,0.,0.));
#3929=DIRECTION('',(-0.172725370626739,-0.102957402875965,0.979574254222155));
#3930=DIRECTION('',(0.103962051184498,0.103962051184498,-0.989132844377854));
#3931=DIRECTION('',(1.,0.,0.));
#3932=DIRECTION('',(-0.585671777246434,-0.0847253696671723,0.806108045532213));
#3933=DIRECTION('center_axis',(-0.984807753012208,0.,-0.17364817766693));
#3934=DIRECTION('ref_axis',(0.,1.,0.));
#3935=DIRECTION('',(0.171087869746036,0.171087869746036,-0.970287525247814));
#3936=DIRECTION('center_axis',(0.,-0.984807753012208,-0.17364817766693));
#3937=DIRECTION('ref_axis',(-1.,0.,0.));
#3938=DIRECTION('',(0.102957402875965,0.172725370626739,-0.979574254222155));
#3939=DIRECTION('center_axis',(0.664463024388675,0.664463024388675,-0.342020143325668));
#3940=DIRECTION('ref_axis',(-0.707106781186548,0.707106781186547,2.00696954548496E-17));
#3941=DIRECTION('',(-0.707106781186548,0.707106781186547,2.00696954548496E-17));
#3942=DIRECTION('',(-0.316168168173999,-0.164740575213942,-0.934290229164191));
#3943=DIRECTION('',(0.0889805787104242,-0.524749120618422,-0.846593655198614));
#3944=DIRECTION('center_axis',(0.664463024388675,0.664463024388675,0.342020143325669));
#3945=DIRECTION('ref_axis',(-0.707106781186548,0.707106781186547,2.00696954548496E-17));
#3946=DIRECTION('',(-0.524749120618423,0.088980578710424,0.846593655198614));
#3947=DIRECTION('',(-0.164740575213942,-0.316168168174,0.934290229164191));
#3948=DIRECTION('center_axis',(-0.994521895368273,-8.0242812989223E-17,
-0.104528463267653));
#3949=DIRECTION('ref_axis',(-8.06848128361306E-17,1.,0.));
#3950=DIRECTION('',(-0.102957402875965,0.172725370626739,0.979574254222155));
#3951=DIRECTION('',(0.103962051184498,-0.103962051184498,-0.989132844377854));
#3952=DIRECTION('',(8.06848128361306E-17,-1.,0.));
#3953=DIRECTION('',(-0.0847253696671724,0.585671777246434,0.806108045532213));
#3954=DIRECTION('center_axis',(2.74436807787028E-16,0.984807753012208,-0.17364817766693));
#3955=DIRECTION('ref_axis',(1.,-2.78670437907921E-16,0.));
#3956=DIRECTION('',(0.171087869746036,-0.171087869746036,-0.970287525247814));
#3957=DIRECTION('center_axis',(-0.984807753012208,0.,-0.17364817766693));
#3958=DIRECTION('ref_axis',(0.,1.,0.));
#3959=DIRECTION('',(0.172725370626739,-0.102957402875965,-0.979574254222155));
#3960=DIRECTION('center_axis',(0.664463024388675,-0.664463024388675,-0.342020143325668));
#3961=DIRECTION('ref_axis',(0.707106781186547,0.707106781186548,2.00696954548496E-17));
#3962=DIRECTION('',(0.707106781186547,0.707106781186548,2.00696954548496E-17));
#3963=DIRECTION('',(-0.164740575213942,0.316168168173999,-0.934290229164191));
#3964=DIRECTION('',(-0.524749120618422,-0.0889805787104242,-0.846593655198614));
#3965=DIRECTION('center_axis',(0.664463024388675,-0.664463024388675,0.342020143325669));
#3966=DIRECTION('ref_axis',(0.707106781186547,0.707106781186548,2.00696954548496E-17));
#3967=DIRECTION('',(0.088980578710424,0.524749120618423,0.846593655198614));
#3968=DIRECTION('',(-0.316168168174,0.164740575213942,0.934290229164191));
#3969=DIRECTION('center_axis',(0.,0.994521895368273,-0.104528463267653));
#3970=DIRECTION('ref_axis',(1.,0.,0.));
#3971=DIRECTION('',(0.172725370626739,0.102957402875965,0.979574254222155));
#3972=DIRECTION('',(-0.103962051184498,-0.103962051184498,-0.989132844377854));
#3973=DIRECTION('',(-1.,0.,0.));
#3974=DIRECTION('',(0.585671777246434,0.0847253696671723,0.806108045532213));
#3975=DIRECTION('center_axis',(0.984807753012208,6.17482817520812E-16,-0.17364817766693));
#3976=DIRECTION('ref_axis',(6.27008485292822E-16,-1.,0.));
#3977=DIRECTION('',(-0.171087869746035,-0.171087869746035,-0.970287525247814));
#3978=DIRECTION('center_axis',(2.74436807787028E-16,0.984807753012208,-0.17364817766693));
#3979=DIRECTION('ref_axis',(1.,-2.78670437907921E-16,0.));
#3980=DIRECTION('',(-0.102957402875965,-0.172725370626739,-0.979574254222155));
#3981=DIRECTION('center_axis',(-0.664463024388675,-0.664463024388675,-0.342020143325668));
#3982=DIRECTION('ref_axis',(0.707106781186548,-0.707106781186547,2.00696954548496E-17));
#3983=DIRECTION('',(0.707106781186548,-0.707106781186547,2.00696954548496E-17));
#3984=DIRECTION('',(0.316168168173999,0.164740575213942,-0.934290229164191));
#3985=DIRECTION('',(-0.0889805787104242,0.524749120618422,-0.846593655198614));
#3986=DIRECTION('center_axis',(-0.664463024388675,-0.664463024388675,0.342020143325669));
#3987=DIRECTION('ref_axis',(0.707106781186548,-0.707106781186547,2.00696954548496E-17));
#3988=DIRECTION('',(0.524749120618423,-0.088980578710424,0.846593655198614));
#3989=DIRECTION('',(0.164740575213942,0.316168168174,0.934290229164191));
#3990=DIRECTION('center_axis',(0.994521895368273,4.81456877935338E-17,-0.104528463267653));
#3991=DIRECTION('ref_axis',(4.84108877016783E-17,-1.,0.));
#3992=DIRECTION('',(0.102957402875965,-0.172725370626739,0.979574254222155));
#3993=DIRECTION('',(-0.103962051184498,0.103962051184498,-0.989132844377854));
#3994=DIRECTION('',(-4.84108877016783E-17,1.,0.));
#3995=DIRECTION('',(0.0847253696671724,-0.585671777246434,0.806108045532213));
#3996=DIRECTION('center_axis',(0.,-0.984807753012208,-0.17364817766693));
#3997=DIRECTION('ref_axis',(-1.,0.,0.));
#3998=DIRECTION('',(-0.171087869746036,0.171087869746036,-0.970287525247814));
#3999=DIRECTION('center_axis',(0.984807753012208,6.17482817520812E-16,-0.17364817766693));
#4000=DIRECTION('ref_axis',(6.27008485292822E-16,-1.,0.));
#4001=DIRECTION('',(-0.172725370626739,0.102957402875965,-0.979574254222155));
#4002=DIRECTION('center_axis',(0.809016994374948,-5.410778882338E-16,-0.587785252292473));
#4003=DIRECTION('ref_axis',(-6.6880905097901E-16,-1.,0.));
#4004=DIRECTION('',(-6.6880905097901E-16,-1.,0.));
#4005=DIRECTION('',(-0.585671777246434,0.0847253696671722,-0.806108045532213));
#4006=DIRECTION('center_axis',(0.,-0.994521895368273,-0.104528463267653));
#4007=DIRECTION('ref_axis',(-1.,0.,0.));
#4008=DIRECTION('',(1.,0.,0.));
#4009=DIRECTION('center_axis',(-5.410778882338E-16,-0.809016994374948,-0.587785252292473));
#4010=DIRECTION('ref_axis',(-1.,6.6880905097901E-16,0.));
#4011=DIRECTION('',(-1.,6.6880905097901E-16,0.));
#4012=DIRECTION('',(0.0847253696671723,0.585671777246434,-0.806108045532213));
#4013=DIRECTION('center_axis',(-0.994521895368273,-8.0242812989223E-17,
-0.104528463267653));
#4014=DIRECTION('ref_axis',(-8.06848128361306E-17,1.,0.));
#4015=DIRECTION('',(8.06848128361306E-17,-1.,0.));
#4016=DIRECTION('center_axis',(0.994521895368273,4.81456877935338E-17,-0.104528463267653));
#4017=DIRECTION('ref_axis',(4.84108877016783E-17,-1.,0.));
#4018=DIRECTION('',(-0.0847253696671722,-0.585671777246434,-0.806108045532213));
#4019=DIRECTION('',(-4.84108877016783E-17,1.,0.));
#4020=DIRECTION('center_axis',(-2.705389441169E-16,0.809016994374948,-0.587785252292473));
#4021=DIRECTION('ref_axis',(1.,3.34404525489505E-16,0.));
#4022=DIRECTION('',(1.,3.34404525489505E-16,0.));
#4023=DIRECTION('center_axis',(0.,0.994521895368273,-0.104528463267653));
#4024=DIRECTION('ref_axis',(1.,0.,0.));
#4025=DIRECTION('',(0.585671777246434,-0.0847253696671722,-0.806108045532213));
#4026=DIRECTION('',(-1.,0.,0.));
#4027=DIRECTION('center_axis',(-0.809016994374948,0.,-0.587785252292473));
#4028=DIRECTION('ref_axis',(0.,1.,0.));
#4029=DIRECTION('',(0.,1.,0.));
#4030=DIRECTION('center_axis',(0.,0.,1.));
#4031=DIRECTION('ref_axis',(1.,0.,0.));
#4032=DIRECTION('center_axis',(2.78802130138071E-16,0.,-1.));
#4033=DIRECTION('ref_axis',(-1.,0.,0.));
#4034=DIRECTION('',(-2.78802130138071E-16,0.,1.));
#4035=DIRECTION('center_axis',(2.78802130138071E-16,0.,-1.));
#4036=DIRECTION('ref_axis',(-1.,0.,0.));
#4037=DIRECTION('center_axis',(2.78802130138071E-16,0.,-1.));
#4038=DIRECTION('ref_axis',(-1.,0.,-2.78802130138071E-16));
#4039=DIRECTION('center_axis',(2.78802130138071E-16,0.,-1.));
#4040=DIRECTION('ref_axis',(-1.,0.,0.));
#4041=DIRECTION('',(-0.422618261740697,5.17558101501963E-17,0.906307787036651));
#4042=DIRECTION('center_axis',(2.40548322002117E-16,1.92438657601694E-15,
-1.));
#4043=DIRECTION('ref_axis',(-1.,-3.97900683021965E-32,-2.40548322002117E-16));
#4044=DIRECTION('center_axis',(2.49698224656149E-16,1.88570002028896E-15,
-1.));
#4045=DIRECTION('ref_axis',(-1.,-2.2182118462917E-32,-2.49698224656149E-16));
#4046=DIRECTION('',(-2.40548322002117E-16,-1.92438657601694E-15,1.));
#4047=DIRECTION('center_axis',(-2.49698224656149E-16,-1.88570002028896E-15,
1.));
#4048=DIRECTION('ref_axis',(-1.,-2.2182118462917E-32,-2.49698224656149E-16));
#4049=DIRECTION('center_axis',(-2.49698224656149E-16,-1.88570002028896E-15,
1.));
#4050=DIRECTION('ref_axis',(-1.,-2.2182118462917E-32,-2.49698224656149E-16));
#4051=DIRECTION('center_axis',(-2.49698224656149E-16,-1.88570002028896E-15,
1.));
#4052=DIRECTION('ref_axis',(-1.,-2.2182118462917E-32,-2.49698224656149E-16));
#4053=DIRECTION('center_axis',(2.96059473233375E-16,1.92438657601694E-15,
-1.));
#4054=DIRECTION('ref_axis',(-1.,6.70348459464821E-32,-2.96059473233375E-16));
#4055=DIRECTION('center_axis',(2.49698224656149E-16,1.88570002028896E-15,
-1.));
#4056=DIRECTION('ref_axis',(-1.,-2.2182118462917E-32,-2.49698224656149E-16));
#4057=DIRECTION('',(-2.96059473233375E-16,-1.92438657601694E-15,1.));
#4058=DIRECTION('center_axis',(-2.49698224656149E-16,-1.88570002028896E-15,
1.));
#4059=DIRECTION('ref_axis',(-1.,-2.2182118462917E-32,-2.49698224656149E-16));
#4060=DIRECTION('center_axis',(-2.49698224656149E-16,-1.88570002028896E-15,
1.));
#4061=DIRECTION('ref_axis',(-1.,-2.2182118462917E-32,-2.49698224656149E-16));
#4062=DIRECTION('center_axis',(-2.49698224656149E-16,-1.88570002028896E-15,
1.));
#4063=DIRECTION('ref_axis',(-1.,-2.2182118462917E-32,-2.49698224656149E-16));
#4064=DIRECTION('',(-1.88465884698781E-16,-1.88570002028896E-15,1.));
#4065=DIRECTION('',(1.,-1.2490009027033E-16,1.8846588469878E-16));
#4066=DIRECTION('',(-2.49698224656149E-16,-1.88570002028896E-15,1.));
#4067=DIRECTION('',(1.,-1.2490009027033E-16,0.));
#4068=DIRECTION('',(1.2490009027033E-16,1.,1.76323534037422E-15));
#4069=DIRECTION('',(1.,-1.2490009027033E-16,1.8846588469878E-16));
#4070=DIRECTION('',(1.2490009027033E-16,1.,1.76323534037422E-15));
#4071=DIRECTION('',(1.,-1.2490009027033E-16,1.8846588469878E-16));
#4072=DIRECTION('',(1.2490009027033E-16,1.,1.76323534037422E-15));
#4073=DIRECTION('',(1.,-1.2490009027033E-16,1.8846588469878E-16));
#4074=DIRECTION('',(1.2490009027033E-16,1.,1.76323534037422E-15));
#4075=DIRECTION('',(1.,-1.2490009027033E-16,1.8846588469878E-16));
#4076=CARTESIAN_POINT('',(0.,0.,0.));
#4077=CARTESIAN_POINT('',(0.,0.,0.));
#4078=CARTESIAN_POINT('Origin',(25.,56.75,28.));
#4079=CARTESIAN_POINT('',(10.2669354033698,60.5,28.));
#4080=CARTESIAN_POINT('',(3.31458241660211,63.,28.));
#4081=CARTESIAN_POINT('Origin',(2.74995384265093,50.512758728467,28.));
#4082=CARTESIAN_POINT('',(39.7330645966302,60.5,28.));
#4083=CARTESIAN_POINT('',(17.6334677016849,60.5,28.));
#4084=CARTESIAN_POINT('',(46.6854175833979,63.,28.));
#4085=CARTESIAN_POINT('Origin',(47.2500461573491,50.512758728467,28.));
#4086=CARTESIAN_POINT('',(48.0575065385761,60.1625239898114,28.));
#4087=CARTESIAN_POINT('',(31.55,94.3,28.));
#4088=CARTESIAN_POINT('',(49.2808639114323,56.3871568663263,28.));
#4089=CARTESIAN_POINT('',(48.0575065385761,60.1625239898114,28.));
#4090=CARTESIAN_POINT('',(43.4080593763511,50.7909947670766,28.));
#4091=CARTESIAN_POINT('Origin',(45.,55.,28.));
#4092=CARTESIAN_POINT('',(39.6960656508512,52.1949544390985,28.));
#4093=CARTESIAN_POINT('',(39.6960656508512,52.1949544390985,28.));
#4094=CARTESIAN_POINT('',(24.9999982658488,60.197550996546,28.));
#4095=CARTESIAN_POINT('',(42.6088350084374,50.6088350084374,28.));
#4096=CARTESIAN_POINT('',(10.3039390679761,52.1949633617346,28.));
#4097=CARTESIAN_POINT('',(7.39116092277008,50.6088400307162,28.));
#4098=CARTESIAN_POINT('',(6.5919477043161,50.7909974451513,28.));
#4099=CARTESIAN_POINT('',(10.3039390679761,52.1949633617346,28.));
#4100=CARTESIAN_POINT('',(0.719136088567674,56.3871568663264,28.));
#4101=CARTESIAN_POINT('Origin',(5.,55.,28.));
#4102=CARTESIAN_POINT('',(1.94249346142391,60.1625239898114,28.));
#4103=CARTESIAN_POINT('',(1.94249346142391,60.1625239898114,28.));
#4104=CARTESIAN_POINT('',(18.45,94.3,28.));
#4105=CARTESIAN_POINT('',(42.25,55.,28.));
#4106=CARTESIAN_POINT('Origin',(45.,55.,28.));
#4107=CARTESIAN_POINT('',(2.25,55.,28.));
#4108=CARTESIAN_POINT('Origin',(5.,55.,28.));
#4109=CARTESIAN_POINT('Origin',(45.,55.,28.));
#4110=CARTESIAN_POINT('',(42.25,55.,38.));
#4111=CARTESIAN_POINT('Origin',(45.,55.,38.));
#4112=CARTESIAN_POINT('',(42.25,55.,28.));
#4113=CARTESIAN_POINT('Origin',(5.,55.,28.));
#4114=CARTESIAN_POINT('',(2.25,55.,38.));
#4115=CARTESIAN_POINT('Origin',(5.,55.,38.));
#4116=CARTESIAN_POINT('',(2.25,55.,28.));
#4117=CARTESIAN_POINT('Origin',(6.5919477043161,50.7909974451513,28.));
#4118=CARTESIAN_POINT('',(10.3039390679761,52.1949633617346,38.));
#4119=CARTESIAN_POINT('',(10.3039390679761,52.1949633617346,28.));
#4120=CARTESIAN_POINT('',(6.5919477043161,50.7909974451513,38.));
#4121=CARTESIAN_POINT('',(10.3039390679761,52.1949633617346,38.));
#4122=CARTESIAN_POINT('',(6.5919477043161,50.7909974451513,28.));
#4123=CARTESIAN_POINT('Origin',(5.,55.,28.));
#4124=CARTESIAN_POINT('',(0.719136088567674,56.3871568663264,38.));
#4125=CARTESIAN_POINT('Origin',(5.,55.,38.));
#4126=CARTESIAN_POINT('',(0.719136088567674,56.3871568663264,28.));
#4127=CARTESIAN_POINT('Origin',(1.94249346142391,60.1625239898114,28.));
#4128=CARTESIAN_POINT('',(1.94249346142391,60.1625239898114,38.));
#4129=CARTESIAN_POINT('',(1.94249346142391,60.1625239898114,38.));
#4130=CARTESIAN_POINT('',(1.94249346142391,60.1625239898114,28.));
#4131=CARTESIAN_POINT('Origin',(49.2808639114323,56.3871568663263,28.));
#4132=CARTESIAN_POINT('',(48.0575065385761,60.1625239898114,38.));
#4133=CARTESIAN_POINT('',(48.0575065385761,60.1625239898114,28.));
#4134=CARTESIAN_POINT('',(49.2808639114323,56.3871568663263,38.));
#4135=CARTESIAN_POINT('',(48.0575065385761,60.1625239898114,38.));
#4136=CARTESIAN_POINT('',(49.2808639114323,56.3871568663263,28.));
#4137=CARTESIAN_POINT('Origin',(45.,55.,28.));
#4138=CARTESIAN_POINT('',(43.4080593763511,50.7909947670766,38.));
#4139=CARTESIAN_POINT('Origin',(45.,55.,38.));
#4140=CARTESIAN_POINT('',(43.4080593763511,50.7909947670766,28.));
#4141=CARTESIAN_POINT('Origin',(39.6960656508512,52.1949544390985,28.));
#4142=CARTESIAN_POINT('',(39.6960656508512,52.1949544390985,38.));
#4143=CARTESIAN_POINT('',(39.6960656508512,52.1949544390985,38.));
#4144=CARTESIAN_POINT('',(39.6960656508512,52.1949544390985,28.));
#4145=CARTESIAN_POINT('Origin',(24.9999982658488,60.197550996546,28.));
#4146=CARTESIAN_POINT('',(24.9999982658488,60.197550996546,38.));
#4147=CARTESIAN_POINT('',(42.6088350084374,50.6088350084374,38.));
#4148=CARTESIAN_POINT('',(24.9999982658488,60.197550996546,28.));
#4149=CARTESIAN_POINT('Origin',(10.3039390679761,52.1949633617346,28.));
#4150=CARTESIAN_POINT('',(7.39116092277008,50.6088400307162,38.));
#4151=CARTESIAN_POINT('Origin',(25.,56.75,38.));
#4152=CARTESIAN_POINT('',(3.31458241660211,63.,38.));
#4153=CARTESIAN_POINT('',(10.2669354033698,60.5,38.));
#4154=CARTESIAN_POINT('Origin',(2.74995384265093,50.512758728467,38.));
#4155=CARTESIAN_POINT('',(18.45,94.3,38.));
#4156=CARTESIAN_POINT('',(46.6854175833979,63.,38.));
#4157=CARTESIAN_POINT('',(31.55,94.3,38.));
#4158=CARTESIAN_POINT('',(39.7330645966302,60.5,38.));
#4159=CARTESIAN_POINT('Origin',(47.2500461573491,50.512758728467,38.));
#4160=CARTESIAN_POINT('',(17.6334677016849,60.5,38.));
#4161=CARTESIAN_POINT('Origin',(2.74995384265093,50.512758728467,11.));
#4162=CARTESIAN_POINT('',(3.31458241660211,63.,21.));
#4163=CARTESIAN_POINT('',(3.31458241660212,63.,11.));
#4164=CARTESIAN_POINT('',(10.2669354033698,60.5,21.));
#4165=CARTESIAN_POINT('Origin',(2.74995384265093,50.512758728467,21.));
#4166=CARTESIAN_POINT('',(10.2669354033698,60.5,11.));
#4167=CARTESIAN_POINT('Origin',(2.74995384265093,50.512758728467,11.));
#4168=CARTESIAN_POINT('',(10.2669354033698,60.5,52.));
#4169=CARTESIAN_POINT('',(10.2669354033698,60.5,11.));
#4170=CARTESIAN_POINT('',(15.,53.,52.));
#4171=CARTESIAN_POINT('Origin',(2.74995384265093,50.512758728467,52.));
#4172=CARTESIAN_POINT('',(15.,53.,55.));
#4173=CARTESIAN_POINT('',(15.,53.,55.));
#4174=CARTESIAN_POINT('',(3.31458241660212,63.,55.));
#4175=CARTESIAN_POINT('Origin',(2.74995384265093,50.512758728467,55.));
#4176=CARTESIAN_POINT('',(3.31458241660212,63.,11.));
#4177=CARTESIAN_POINT('Origin',(10.2669354033698,60.5,11.));
#4178=CARTESIAN_POINT('',(39.7330645966302,60.5,21.));
#4179=CARTESIAN_POINT('',(2.10568324859909,60.5,21.));
#4180=CARTESIAN_POINT('',(39.7330645966302,60.5,11.));
#4181=CARTESIAN_POINT('Origin',(10.2669354033698,60.5,11.));
#4182=CARTESIAN_POINT('',(39.7330645966302,60.5,52.));
#4183=CARTESIAN_POINT('',(39.7330645966302,60.5,11.));
#4184=CARTESIAN_POINT('',(17.6334677016849,60.5,52.));
#4185=CARTESIAN_POINT('Origin',(47.2500461573491,50.512758728467,11.));
#4186=CARTESIAN_POINT('',(46.6854175833979,63.,21.));
#4187=CARTESIAN_POINT('Origin',(47.2500461573491,50.512758728467,21.));
#4188=CARTESIAN_POINT('',(46.6854175833979,63.,11.));
#4189=CARTESIAN_POINT('Origin',(47.2500461573491,50.512758728467,11.));
#4190=CARTESIAN_POINT('',(46.6854175833979,63.,55.));
#4191=CARTESIAN_POINT('',(46.6854175833979,63.,11.));
#4192=CARTESIAN_POINT('',(35.,53.,55.));
#4193=CARTESIAN_POINT('Origin',(47.2500461573491,50.512758728467,55.));
#4194=CARTESIAN_POINT('',(35.,53.,52.));
#4195=CARTESIAN_POINT('',(35.,53.,55.));
#4196=CARTESIAN_POINT('Origin',(47.2500461573491,50.512758728467,52.));
#4197=CARTESIAN_POINT('Origin',(25.,96.3,47.));
#4198=CARTESIAN_POINT('',(27.1,88.,47.));
#4199=CARTESIAN_POINT('Origin',(25.,88.,47.));
#4200=CARTESIAN_POINT('',(27.1,84.7770138590471,47.));
#4201=CARTESIAN_POINT('',(27.1,96.3,47.));
#4202=CARTESIAN_POINT('Ctrl Pts',(27.1,84.7770138590471,47.));
#4203=CARTESIAN_POINT('Ctrl Pts',(27.1,84.7770138590471,46.7354611741017));
#4204=CARTESIAN_POINT('Ctrl Pts',(27.0469701712553,84.7888646613217,46.4538474169131));
#4205=CARTESIAN_POINT('Ctrl Pts',(26.8324175151553,84.8312869991147,45.9366957869826));
#4206=CARTESIAN_POINT('Ctrl Pts',(26.6709358680291,84.8612044796649,45.7010873870456));
#4207=CARTESIAN_POINT('Ctrl Pts',(26.2989253323654,84.9170645156379,45.3290768513819));
#4208=CARTESIAN_POINT('Ctrl Pts',(26.0633115499271,84.9466914446598,45.1675852489431));
#4209=CARTESIAN_POINT('Ctrl Pts',(25.5461411439835,84.9884449237241,44.9530253627557));
#4210=CARTESIAN_POINT('Ctrl Pts',(25.2645207368245,85.,44.9));
#4211=CARTESIAN_POINT('Ctrl Pts',(24.7354792631755,85.,44.9));
#4212=CARTESIAN_POINT('Ctrl Pts',(24.4538588560165,84.9884449237241,44.9530253627557));
#4213=CARTESIAN_POINT('Ctrl Pts',(23.9366884500729,84.9466914446598,45.1675852489431));
#4214=CARTESIAN_POINT('Ctrl Pts',(23.7010746676346,84.9170645156379,45.3290768513819));
#4215=CARTESIAN_POINT('Ctrl Pts',(23.3290641319709,84.8612044796649,45.7010873870456));
#4216=CARTESIAN_POINT('Ctrl Pts',(23.1675824848447,84.8312869991148,45.9366957869826));
#4217=CARTESIAN_POINT('Ctrl Pts',(22.9530298287447,84.7888646613217,46.4538474169131));
#4218=CARTESIAN_POINT('Ctrl Pts',(22.9,84.7770138590471,46.7354611741017));
#4219=CARTESIAN_POINT('Ctrl Pts',(22.9,84.7770138590471,47.2645388258983));
#4220=CARTESIAN_POINT('Ctrl Pts',(22.9530298287447,84.7888646613217,47.5461525830869));
#4221=CARTESIAN_POINT('Ctrl Pts',(23.1675824848447,84.8312869991147,48.0633042130174));
#4222=CARTESIAN_POINT('Ctrl Pts',(23.3290641319709,84.8612044796649,48.2989126129544));
#4223=CARTESIAN_POINT('Ctrl Pts',(23.7010746676346,84.9170645156379,48.6709231486181));
#4224=CARTESIAN_POINT('Ctrl Pts',(23.9366884500729,84.9466914446598,48.8324147510569));
#4225=CARTESIAN_POINT('Ctrl Pts',(24.4538588560165,84.9884449237241,49.0469746372443));
#4226=CARTESIAN_POINT('Ctrl Pts',(24.7354792631755,85.,49.1));
#4227=CARTESIAN_POINT('Ctrl Pts',(25.2645207368245,85.,49.1));
#4228=CARTESIAN_POINT('Ctrl Pts',(25.5461411439835,84.9884449237241,49.0469746372443));
#4229=CARTESIAN_POINT('Ctrl Pts',(26.0633115499271,84.9466914446598,48.8324147510569));
#4230=CARTESIAN_POINT('Ctrl Pts',(26.2989253323654,84.9170645156379,48.6709231486181));
#4231=CARTESIAN_POINT('Ctrl Pts',(26.6709358680291,84.8612044796649,48.2989126129544));
#4232=CARTESIAN_POINT('Ctrl Pts',(26.8324175151553,84.8312869991148,48.0633042130174));
#4233=CARTESIAN_POINT('Ctrl Pts',(27.0469701712553,84.7888646613217,47.5461525830869));
#4234=CARTESIAN_POINT('Ctrl Pts',(27.1,84.7770138590472,47.2645388258983));
#4235=CARTESIAN_POINT('Ctrl Pts',(27.1,84.7770138590472,47.));
#4236=CARTESIAN_POINT('Origin',(25.,96.3,47.));
#4237=CARTESIAN_POINT('',(27.1,94.3,47.));
#4238=CARTESIAN_POINT('Origin',(25.,94.3,47.));
#4239=CARTESIAN_POINT('',(27.1,91.3,47.));
#4240=CARTESIAN_POINT('',(27.1,96.3,47.));
#4241=CARTESIAN_POINT('Origin',(25.,91.3,47.));
#4242=CARTESIAN_POINT('Origin',(25.,96.3,33.));
#4243=CARTESIAN_POINT('',(27.1,94.3,33.));
#4244=CARTESIAN_POINT('Origin',(25.,94.3,33.));
#4245=CARTESIAN_POINT('',(27.1,91.3,33.));
#4246=CARTESIAN_POINT('',(27.1,96.3,33.));
#4247=CARTESIAN_POINT('Origin',(25.,91.3,33.));
#4248=CARTESIAN_POINT('Origin',(25.,96.3,33.));
#4249=CARTESIAN_POINT('',(27.1,88.,33.));
#4250=CARTESIAN_POINT('Origin',(25.,88.,33.));
#4251=CARTESIAN_POINT('',(27.1,84.7770138590472,33.));
#4252=CARTESIAN_POINT('',(27.1,96.3,33.));
#4253=CARTESIAN_POINT('Ctrl Pts',(27.1,84.7770138590472,33.));
#4254=CARTESIAN_POINT('Ctrl Pts',(27.1,84.7770138590472,32.7354611741017));
#4255=CARTESIAN_POINT('Ctrl Pts',(27.0469701712553,84.7888646613217,32.4538474169131));
#4256=CARTESIAN_POINT('Ctrl Pts',(26.8324175151553,84.8312869991147,31.9366957869826));
#4257=CARTESIAN_POINT('Ctrl Pts',(26.6709358680291,84.8612044796649,31.7010873870456));
#4258=CARTESIAN_POINT('Ctrl Pts',(26.2989253323654,84.9170645156379,31.3290768513819));
#4259=CARTESIAN_POINT('Ctrl Pts',(26.0633115499271,84.9466914446598,31.1675852489431));
#4260=CARTESIAN_POINT('Ctrl Pts',(25.5461411439835,84.9884449237241,30.9530253627557));
#4261=CARTESIAN_POINT('Ctrl Pts',(25.2645207368245,85.,30.9));
#4262=CARTESIAN_POINT('Ctrl Pts',(24.7354792631755,85.,30.9));
#4263=CARTESIAN_POINT('Ctrl Pts',(24.4538588560165,84.9884449237241,30.9530253627557));
#4264=CARTESIAN_POINT('Ctrl Pts',(23.9366884500729,84.9466914446598,31.1675852489431));
#4265=CARTESIAN_POINT('Ctrl Pts',(23.7010746676346,84.9170645156379,31.3290768513819));
#4266=CARTESIAN_POINT('Ctrl Pts',(23.3290641319709,84.8612044796649,31.7010873870456));
#4267=CARTESIAN_POINT('Ctrl Pts',(23.1675824848447,84.8312869991147,31.9366957869826));
#4268=CARTESIAN_POINT('Ctrl Pts',(22.9530298287447,84.7888646613217,32.4538474169131));
#4269=CARTESIAN_POINT('Ctrl Pts',(22.9,84.7770138590471,32.7354611741017));
#4270=CARTESIAN_POINT('Ctrl Pts',(22.9,84.7770138590471,33.2645388258983));
#4271=CARTESIAN_POINT('Ctrl Pts',(22.9530298287447,84.7888646613217,33.5461525830869));
#4272=CARTESIAN_POINT('Ctrl Pts',(23.1675824848447,84.8312869991147,34.0633042130174));
#4273=CARTESIAN_POINT('Ctrl Pts',(23.3290641319709,84.8612044796649,34.2989126129544));
#4274=CARTESIAN_POINT('Ctrl Pts',(23.7010746676346,84.9170645156379,34.6709231486181));
#4275=CARTESIAN_POINT('Ctrl Pts',(23.9366884500729,84.9466914446598,34.8324147510569));
#4276=CARTESIAN_POINT('Ctrl Pts',(24.4538588560165,84.9884449237241,35.0469746372443));
#4277=CARTESIAN_POINT('Ctrl Pts',(24.7354792631755,85.,35.1));
#4278=CARTESIAN_POINT('Ctrl Pts',(25.2645207368245,85.,35.1));
#4279=CARTESIAN_POINT('Ctrl Pts',(25.5461411439835,84.9884449237241,35.0469746372443));
#4280=CARTESIAN_POINT('Ctrl Pts',(26.0633115499271,84.9466914446598,34.8324147510569));
#4281=CARTESIAN_POINT('Ctrl Pts',(26.2989253323654,84.9170645156379,34.6709231486181));
#4282=CARTESIAN_POINT('Ctrl Pts',(26.6709358680291,84.8612044796649,34.2989126129544));
#4283=CARTESIAN_POINT('Ctrl Pts',(26.8324175151553,84.8312869991147,34.0633042130174));
#4284=CARTESIAN_POINT('Ctrl Pts',(27.0469701712553,84.7888646613217,33.5461525830869));
#4285=CARTESIAN_POINT('Ctrl Pts',(27.1,84.7770138590471,33.2645388258983));
#4286=CARTESIAN_POINT('Ctrl Pts',(27.1,84.7770138590471,33.));
#4287=CARTESIAN_POINT('Origin',(25.,89.65,43.15));
#4288=CARTESIAN_POINT('',(28.55,88.,43.15));
#4289=CARTESIAN_POINT('',(21.45,88.,43.15));
#4290=CARTESIAN_POINT('',(26.775,88.,43.15));
#4291=CARTESIAN_POINT('',(28.55,91.3,43.15));
#4292=CARTESIAN_POINT('',(28.55,90.475,43.15));
#4293=CARTESIAN_POINT('',(21.45,91.3,43.15));
#4294=CARTESIAN_POINT('',(23.225,91.3,43.15));
#4295=CARTESIAN_POINT('',(21.45,88.825,43.15));
#4296=CARTESIAN_POINT('Origin',(25.,89.65,36.85));
#4297=CARTESIAN_POINT('',(21.45,88.,36.85));
#4298=CARTESIAN_POINT('',(28.55,88.,36.85));
#4299=CARTESIAN_POINT('',(26.775,88.,36.85));
#4300=CARTESIAN_POINT('',(21.45,91.3,36.85));
#4301=CARTESIAN_POINT('',(21.45,88.825,36.85));
#4302=CARTESIAN_POINT('',(28.55,91.3,36.85));
#4303=CARTESIAN_POINT('',(23.225,91.3,36.85));
#4304=CARTESIAN_POINT('',(28.55,90.475,36.85));
#4305=CARTESIAN_POINT('Origin',(21.45,91.3,11.));
#4306=CARTESIAN_POINT('',(28.55,91.3,55.));
#4307=CARTESIAN_POINT('',(28.55,91.3,11.));
#4308=CARTESIAN_POINT('',(21.45,91.3,55.));
#4309=CARTESIAN_POINT('',(21.45,91.3,55.));
#4310=CARTESIAN_POINT('',(21.45,91.3,11.));
#4311=CARTESIAN_POINT('Origin',(21.45,88.,11.));
#4312=CARTESIAN_POINT('',(21.45,88.,55.));
#4313=CARTESIAN_POINT('',(21.45,88.,55.));
#4314=CARTESIAN_POINT('',(21.45,88.,11.));
#4315=CARTESIAN_POINT('Origin',(21.45,88.,11.));
#4316=CARTESIAN_POINT('',(21.45,88.,11.));
#4317=CARTESIAN_POINT('',(21.45,88.,11.));
#4318=CARTESIAN_POINT('',(21.45,91.3,11.));
#4319=CARTESIAN_POINT('',(21.45,88.,11.));
#4320=CARTESIAN_POINT('',(21.45,91.3,11.));
#4321=CARTESIAN_POINT('Origin',(28.55,88.,11.));
#4322=CARTESIAN_POINT('',(28.55,88.,11.));
#4323=CARTESIAN_POINT('',(28.55,88.,11.));
#4324=CARTESIAN_POINT('',(28.55,88.,11.));
#4325=CARTESIAN_POINT('Origin',(28.55,91.3,11.));
#4326=CARTESIAN_POINT('',(28.55,88.,55.));
#4327=CARTESIAN_POINT('',(28.55,88.,11.));
#4328=CARTESIAN_POINT('',(28.55,91.3,55.));
#4329=CARTESIAN_POINT('Origin',(25.,58.,52.));
#4330=CARTESIAN_POINT('',(35.,53.,52.));
#4331=CARTESIAN_POINT('Origin',(35.,53.,55.));
#4332=CARTESIAN_POINT('',(35.,53.,55.));
#4333=CARTESIAN_POINT('Origin',(25.,77.4,55.));
#4334=CARTESIAN_POINT('',(31.55,94.3,55.));
#4335=CARTESIAN_POINT('',(31.55,94.3,55.));
#4336=CARTESIAN_POINT('',(18.45,94.3,55.));
#4337=CARTESIAN_POINT('',(18.45,94.3,55.));
#4338=CARTESIAN_POINT('',(18.45,94.3,55.));
#4339=CARTESIAN_POINT('',(25.,63.,55.));
#4340=CARTESIAN_POINT('',(15.5531706251077,71.7201501922083,55.));
#4341=CARTESIAN_POINT('',(12.,75.,55.));
#4342=CARTESIAN_POINT('',(34.4468293748923,71.7201501922083,55.));
#4343=CARTESIAN_POINT('Origin',(25.,75.,55.));
#4344=CARTESIAN_POINT('',(25.,63.,55.));
#4345=CARTESIAN_POINT('',(28.55,88.,55.));
#4346=CARTESIAN_POINT('Origin',(28.55,91.3,11.));
#4347=CARTESIAN_POINT('',(28.55,91.3,11.));
#4348=CARTESIAN_POINT('',(28.55,91.3,11.));
#4349=CARTESIAN_POINT('',(28.55,91.3,11.));
#4350=CARTESIAN_POINT('Origin',(21.45,91.3,11.));
#4351=CARTESIAN_POINT('',(21.45,91.3,11.));
#4352=CARTESIAN_POINT('Origin',(28.55,88.,11.));
#4353=CARTESIAN_POINT('Origin',(25.,63.,11.));
#4354=CARTESIAN_POINT('',(25.,63.,11.));
#4355=CARTESIAN_POINT('',(15.5531706251077,71.7201501922083,11.));
#4356=CARTESIAN_POINT('',(12.,75.,11.));
#4357=CARTESIAN_POINT('',(15.5531706251077,71.7201501922083,11.));
#4358=CARTESIAN_POINT('',(25.,63.,11.));
#4359=CARTESIAN_POINT('Origin',(34.4468293748923,71.7201501922083,11.));
#4360=CARTESIAN_POINT('',(34.4468293748923,71.7201501922083,11.));
#4361=CARTESIAN_POINT('',(25.,63.,11.));
#4362=CARTESIAN_POINT('',(34.4468293748923,71.7201501922083,11.));
#4363=CARTESIAN_POINT('Origin',(25.,75.,11.));
#4364=CARTESIAN_POINT('Origin',(25.,75.,11.));
#4365=CARTESIAN_POINT('Origin',(31.55,94.3,11.));
#4366=CARTESIAN_POINT('',(18.45,94.3,11.));
#4367=CARTESIAN_POINT('',(31.55,94.3,11.));
#4368=CARTESIAN_POINT('',(18.45,94.3,11.));
#4369=CARTESIAN_POINT('',(18.45,94.3,11.));
#4370=CARTESIAN_POINT('',(31.55,94.3,11.));
#4371=CARTESIAN_POINT('Origin',(5.,55.,11.));
#4372=CARTESIAN_POINT('',(2.25,55.,21.));
#4373=CARTESIAN_POINT('Origin',(5.,55.,21.));
#4374=CARTESIAN_POINT('',(2.25,55.,11.));
#4375=CARTESIAN_POINT('',(2.25,55.,11.));
#4376=CARTESIAN_POINT('Origin',(5.,55.,11.));
#4377=CARTESIAN_POINT('Origin',(45.,55.,11.));
#4378=CARTESIAN_POINT('',(42.25,55.,21.));
#4379=CARTESIAN_POINT('Origin',(45.,55.,21.));
#4380=CARTESIAN_POINT('',(42.25,55.,11.));
#4381=CARTESIAN_POINT('',(42.25,55.,11.));
#4382=CARTESIAN_POINT('Origin',(45.,55.,11.));
#4383=CARTESIAN_POINT('Origin',(10.3039390679761,52.1949633617346,11.));
#4384=CARTESIAN_POINT('',(10.3039390679761,52.1949633617346,11.));
#4385=CARTESIAN_POINT('',(24.9999982658488,60.197550996546,11.));
#4386=CARTESIAN_POINT('',(7.39116092277008,50.6088400307162,11.));
#4387=CARTESIAN_POINT('',(24.9999982658488,60.197550996546,21.));
#4388=CARTESIAN_POINT('',(24.9999982658488,60.197550996546,11.));
#4389=CARTESIAN_POINT('',(10.3039390679761,52.1949633617346,21.));
#4390=CARTESIAN_POINT('',(7.39116092277008,50.6088400307162,21.));
#4391=CARTESIAN_POINT('',(10.3039390679761,52.1949633617346,11.));
#4392=CARTESIAN_POINT('Origin',(6.5919477043161,50.7909974451513,11.));
#4393=CARTESIAN_POINT('',(6.5919477043161,50.7909974451513,11.));
#4394=CARTESIAN_POINT('',(10.3039390679761,52.1949633617346,11.));
#4395=CARTESIAN_POINT('',(6.5919477043161,50.7909974451513,21.));
#4396=CARTESIAN_POINT('',(10.3039390679761,52.1949633617346,21.));
#4397=CARTESIAN_POINT('',(6.5919477043161,50.7909974451513,11.));
#4398=CARTESIAN_POINT('Origin',(5.,55.,11.));
#4399=CARTESIAN_POINT('',(0.719136088567674,56.3871568663264,11.));
#4400=CARTESIAN_POINT('Origin',(5.,55.,11.));
#4401=CARTESIAN_POINT('',(0.719136088567671,56.3871568663264,21.));
#4402=CARTESIAN_POINT('Origin',(5.,55.,21.));
#4403=CARTESIAN_POINT('',(0.719136088567674,56.3871568663264,11.));
#4404=CARTESIAN_POINT('Origin',(1.94249346142391,60.1625239898114,11.));
#4405=CARTESIAN_POINT('',(1.94249346142391,60.1625239898114,11.));
#4406=CARTESIAN_POINT('',(1.94249346142391,60.1625239898114,11.));
#4407=CARTESIAN_POINT('',(1.9424934614239,60.1625239898114,21.));
#4408=CARTESIAN_POINT('',(1.94249346142391,60.1625239898114,21.));
#4409=CARTESIAN_POINT('',(1.94249346142391,60.1625239898114,11.));
#4410=CARTESIAN_POINT('Origin',(3.31458241660211,63.,11.));
#4411=CARTESIAN_POINT('',(18.45,94.3,11.));
#4412=CARTESIAN_POINT('',(18.45,94.3,21.));
#4413=CARTESIAN_POINT('Origin',(48.0575065385761,60.1625239898114,11.));
#4414=CARTESIAN_POINT('',(48.0575065385761,60.1625239898114,11.));
#4415=CARTESIAN_POINT('',(31.55,94.3,11.));
#4416=CARTESIAN_POINT('',(48.0575065385761,60.1625239898114,21.));
#4417=CARTESIAN_POINT('',(31.55,94.3,21.));
#4418=CARTESIAN_POINT('',(48.0575065385761,60.1625239898114,11.));
#4419=CARTESIAN_POINT('Origin',(49.2808639114323,56.3871568663263,11.));
#4420=CARTESIAN_POINT('',(49.2808639114323,56.3871568663263,11.));
#4421=CARTESIAN_POINT('',(48.0575065385761,60.1625239898114,11.));
#4422=CARTESIAN_POINT('',(49.2808639114323,56.3871568663263,21.));
#4423=CARTESIAN_POINT('',(48.0575065385761,60.1625239898114,21.));
#4424=CARTESIAN_POINT('',(49.2808639114323,56.3871568663263,11.));
#4425=CARTESIAN_POINT('Origin',(45.,55.,11.));
#4426=CARTESIAN_POINT('',(43.4080593763511,50.7909947670766,11.));
#4427=CARTESIAN_POINT('Origin',(45.,55.,11.));
#4428=CARTESIAN_POINT('',(43.4080593763511,50.7909947670766,21.));
#4429=CARTESIAN_POINT('Origin',(45.,55.,21.));
#4430=CARTESIAN_POINT('',(43.4080593763511,50.7909947670766,11.));
#4431=CARTESIAN_POINT('Origin',(39.6960656508512,52.1949544390985,11.));
#4432=CARTESIAN_POINT('',(39.6960656508512,52.1949544390985,11.));
#4433=CARTESIAN_POINT('',(39.6960656508512,52.1949544390985,11.));
#4434=CARTESIAN_POINT('',(39.6960656508512,52.1949544390985,21.));
#4435=CARTESIAN_POINT('',(39.6960656508512,52.1949544390985,21.));
#4436=CARTESIAN_POINT('',(39.6960656508512,52.1949544390985,11.));
#4437=CARTESIAN_POINT('Origin',(24.9999982658488,60.197550996546,11.));
#4438=CARTESIAN_POINT('',(42.6088350084374,50.6088350084374,11.));
#4439=CARTESIAN_POINT('',(42.6088350084374,50.6088350084374,21.));
#4440=CARTESIAN_POINT('Origin',(25.,56.75,21.));
#4441=CARTESIAN_POINT('Origin',(25.,56.75,11.));
#4442=CARTESIAN_POINT('',(0.,0.,0.));
#4443=CARTESIAN_POINT('Origin',(5.,23.,27.));
#4444=CARTESIAN_POINT('',(5.,23.,5.));
#4445=CARTESIAN_POINT('',(5.,45.,27.));
#4446=CARTESIAN_POINT('Origin',(5.,23.,27.));
#4447=CARTESIAN_POINT('',(0.,45.,27.));
#4448=CARTESIAN_POINT('',(5.,45.,27.));
#4449=CARTESIAN_POINT('',(0.,23.,5.));
#4450=CARTESIAN_POINT('Origin',(0.,23.,27.));
#4451=CARTESIAN_POINT('',(5.,23.,5.));
#4452=CARTESIAN_POINT('Origin',(5.,34.,16.));
#4453=CARTESIAN_POINT('',(5.,45.,5.));
#4454=CARTESIAN_POINT('',(5.,28.25,5.));
#4455=CARTESIAN_POINT('',(5.,45.,8.));
#4456=CARTESIAN_POINT('Origin',(0.,45.,0.));
#4457=CARTESIAN_POINT('',(15.,45.,5.));
#4458=CARTESIAN_POINT('',(0.,45.,5.));
#4459=CARTESIAN_POINT('',(15.,45.,27.));
#4460=CARTESIAN_POINT('',(15.,45.,8.));
#4461=CARTESIAN_POINT('',(35.,45.,27.));
#4462=CARTESIAN_POINT('',(35.,45.,27.));
#4463=CARTESIAN_POINT('',(35.,45.,5.));
#4464=CARTESIAN_POINT('',(35.,45.,8.));
#4465=CARTESIAN_POINT('',(45.,45.,5.));
#4466=CARTESIAN_POINT('',(0.,45.,5.));
#4467=CARTESIAN_POINT('',(45.,45.,27.));
#4468=CARTESIAN_POINT('',(45.,45.,8.));
#4469=CARTESIAN_POINT('',(50.,45.,27.));
#4470=CARTESIAN_POINT('',(50.,45.,27.));
#4471=CARTESIAN_POINT('',(50.,45.,60.));
#4472=CARTESIAN_POINT('',(50.,45.,0.));
#4473=CARTESIAN_POINT('',(0.,45.,60.));
#4474=CARTESIAN_POINT('',(0.,45.,60.));
#4475=CARTESIAN_POINT('',(0.,45.,0.));
#4476=CARTESIAN_POINT('',(12.55,45.,46.85));
#4477=CARTESIAN_POINT('Origin',(11.05,45.,46.85));
#4478=CARTESIAN_POINT('',(40.45,45.,46.85));
#4479=CARTESIAN_POINT('Origin',(38.95,45.,46.85));
#4480=CARTESIAN_POINT('',(13.65,45.,40.7));
#4481=CARTESIAN_POINT('',(13.65,45.,53.));
#4482=CARTESIAN_POINT('',(13.65,45.,26.5));
#4483=CARTESIAN_POINT('',(36.35,45.,53.));
#4484=CARTESIAN_POINT('',(18.175,45.,53.));
#4485=CARTESIAN_POINT('',(36.35,45.,40.7));
#4486=CARTESIAN_POINT('',(36.35,45.,20.35));
#4487=CARTESIAN_POINT('',(6.825,45.,40.7));
#4488=CARTESIAN_POINT('Origin',(25.,22.5,5.));
#4489=CARTESIAN_POINT('',(0.,0.,5.));
#4490=CARTESIAN_POINT('',(0.,55.,5.));
#4491=CARTESIAN_POINT('',(50.,0.,5.));
#4492=CARTESIAN_POINT('',(0.,0.,5.));
#4493=CARTESIAN_POINT('',(50.,23.,5.));
#4494=CARTESIAN_POINT('',(50.,0.,5.));
#4495=CARTESIAN_POINT('',(45.,23.,5.));
#4496=CARTESIAN_POINT('',(50.,23.,5.));
#4497=CARTESIAN_POINT('',(45.,28.25,5.));
#4498=CARTESIAN_POINT('',(35.,23.,5.));
#4499=CARTESIAN_POINT('',(35.,28.25,5.));
#4500=CARTESIAN_POINT('',(15.,23.,5.));
#4501=CARTESIAN_POINT('',(35.,23.,5.));
#4502=CARTESIAN_POINT('',(15.,28.25,5.));
#4503=CARTESIAN_POINT('',(38.25,10.,5.));
#4504=CARTESIAN_POINT('Origin',(40.,10.,5.));
#4505=CARTESIAN_POINT('',(38.25,30.,5.));
#4506=CARTESIAN_POINT('Origin',(40.,30.,5.));
#4507=CARTESIAN_POINT('',(8.25,10.,5.));
#4508=CARTESIAN_POINT('Origin',(10.,10.,5.));
#4509=CARTESIAN_POINT('',(8.25,30.,5.));
#4510=CARTESIAN_POINT('Origin',(10.,30.,5.));
#4511=CARTESIAN_POINT('Origin',(50.,23.,27.));
#4512=CARTESIAN_POINT('Origin',(50.,23.,27.));
#4513=CARTESIAN_POINT('Origin',(45.,23.,27.));
#4514=CARTESIAN_POINT('Origin',(45.,34.,16.));
#4515=CARTESIAN_POINT('Origin',(35.,23.,27.));
#4516=CARTESIAN_POINT('Origin',(35.,23.,27.));
#4517=CARTESIAN_POINT('Origin',(15.,23.,27.));
#4518=CARTESIAN_POINT('Origin',(35.,34.,16.));
#4519=CARTESIAN_POINT('Origin',(15.,34.,16.));
#4520=CARTESIAN_POINT('Origin',(40.,10.,0.));
#4521=CARTESIAN_POINT('',(38.25,10.,0.));
#4522=CARTESIAN_POINT('Origin',(40.,10.,0.));
#4523=CARTESIAN_POINT('',(38.25,10.,0.));
#4524=CARTESIAN_POINT('Origin',(40.,30.,0.));
#4525=CARTESIAN_POINT('',(38.25,30.,0.));
#4526=CARTESIAN_POINT('Origin',(40.,30.,0.));
#4527=CARTESIAN_POINT('',(38.25,30.,0.));
#4528=CARTESIAN_POINT('Origin',(10.,10.,0.));
#4529=CARTESIAN_POINT('',(8.25,10.,0.));
#4530=CARTESIAN_POINT('Origin',(10.,10.,0.));
#4531=CARTESIAN_POINT('',(8.25,10.,0.));
#4532=CARTESIAN_POINT('Origin',(10.,30.,0.));
#4533=CARTESIAN_POINT('',(8.25,30.,0.));
#4534=CARTESIAN_POINT('Origin',(10.,30.,0.));
#4535=CARTESIAN_POINT('',(8.25,30.,0.));
#4536=CARTESIAN_POINT('Origin',(13.65,50.,53.));
#4537=CARTESIAN_POINT('',(13.65,50.,53.));
#4538=CARTESIAN_POINT('',(13.65,50.,40.7));
#4539=CARTESIAN_POINT('',(13.65,50.,26.5));
#4540=CARTESIAN_POINT('',(13.65,50.,53.));
#4541=CARTESIAN_POINT('',(13.65,50.,40.7));
#4542=CARTESIAN_POINT('Origin',(36.35,50.,53.));
#4543=CARTESIAN_POINT('',(36.35,50.,53.));
#4544=CARTESIAN_POINT('',(43.175,50.,53.));
#4545=CARTESIAN_POINT('',(36.35,50.,53.));
#4546=CARTESIAN_POINT('Origin',(36.35,50.,40.7));
#4547=CARTESIAN_POINT('',(36.35,50.,40.7));
#4548=CARTESIAN_POINT('',(36.35,50.,20.35));
#4549=CARTESIAN_POINT('',(36.35,50.,40.7));
#4550=CARTESIAN_POINT('Origin',(13.65,50.,40.7));
#4551=CARTESIAN_POINT('',(31.825,50.,40.7));
#4552=CARTESIAN_POINT('Origin',(38.95,50.,46.85));
#4553=CARTESIAN_POINT('',(40.45,50.,46.85));
#4554=CARTESIAN_POINT('Origin',(38.95,50.,46.85));
#4555=CARTESIAN_POINT('',(40.45,50.,46.85));
#4556=CARTESIAN_POINT('Origin',(11.05,50.,46.85));
#4557=CARTESIAN_POINT('',(12.55,50.,46.85));
#4558=CARTESIAN_POINT('Origin',(11.05,50.,46.85));
#4559=CARTESIAN_POINT('',(12.55,50.,46.85));
#4560=CARTESIAN_POINT('Origin',(5.,55.,55.));
#4561=CARTESIAN_POINT('',(2.5,55.,60.));
#4562=CARTESIAN_POINT('Origin',(5.,55.,60.));
#4563=CARTESIAN_POINT('',(2.5,55.,55.));
#4564=CARTESIAN_POINT('',(2.5,55.,55.));
#4565=CARTESIAN_POINT('Origin',(5.,55.,55.));
#4566=CARTESIAN_POINT('Origin',(5.,55.,55.));
#4567=CARTESIAN_POINT('',(10.,55.,55.));
#4568=CARTESIAN_POINT('',(0.,55.,55.));
#4569=CARTESIAN_POINT('Origin',(5.,55.,55.));
#4570=CARTESIAN_POINT('',(0.,55.,60.));
#4571=CARTESIAN_POINT('',(0.,55.,55.));
#4572=CARTESIAN_POINT('',(10.,55.,60.));
#4573=CARTESIAN_POINT('Origin',(5.,55.,60.));
#4574=CARTESIAN_POINT('',(10.,55.,55.));
#4575=CARTESIAN_POINT('Origin',(15.,55.,55.));
#4576=CARTESIAN_POINT('',(14.3900414937759,50.0373443983403,55.));
#4577=CARTESIAN_POINT('Origin',(15.,55.,55.));
#4578=CARTESIAN_POINT('',(14.3900414937759,50.0373443983403,60.));
#4579=CARTESIAN_POINT('Origin',(15.,55.,60.));
#4580=CARTESIAN_POINT('',(14.3900414937759,50.0373443983403,55.));
#4581=CARTESIAN_POINT('Origin',(7.5,53.,55.));
#4582=CARTESIAN_POINT('',(14.3738635424338,50.,55.));
#4583=CARTESIAN_POINT('Origin',(7.5,53.,55.));
#4584=CARTESIAN_POINT('',(14.3738635424338,50.,60.));
#4585=CARTESIAN_POINT('Origin',(7.5,53.,60.));
#4586=CARTESIAN_POINT('',(14.3738635424338,50.,55.));
#4587=CARTESIAN_POINT('Origin',(7.19502074688796,55.,55.));
#4588=CARTESIAN_POINT('',(0.,50.,55.));
#4589=CARTESIAN_POINT('',(0.,55.,55.));
#4590=CARTESIAN_POINT('',(28.597510373444,50.,55.));
#4591=CARTESIAN_POINT('Origin',(50.,50.,0.));
#4592=CARTESIAN_POINT('',(35.,50.,60.));
#4593=CARTESIAN_POINT('',(0.,50.,60.));
#4594=CARTESIAN_POINT('',(35.,50.,55.));
#4595=CARTESIAN_POINT('',(35.,50.,55.));
#4596=CARTESIAN_POINT('',(50.,50.,55.));
#4597=CARTESIAN_POINT('',(46.25,50.,55.));
#4598=CARTESIAN_POINT('',(50.,50.,10.));
#4599=CARTESIAN_POINT('',(50.,50.,0.));
#4600=CARTESIAN_POINT('',(35.,50.,10.));
#4601=CARTESIAN_POINT('',(46.25,50.,10.));
#4602=CARTESIAN_POINT('',(35.,50.,0.));
#4603=CARTESIAN_POINT('',(35.,50.,0.));
#4604=CARTESIAN_POINT('',(14.3738635424338,50.,0.));
#4605=CARTESIAN_POINT('',(0.,50.,0.));
#4606=CARTESIAN_POINT('',(14.3738635424338,50.,10.));
#4607=CARTESIAN_POINT('',(14.3738635424338,50.,0.));
#4608=CARTESIAN_POINT('',(0.,50.,10.));
#4609=CARTESIAN_POINT('',(28.597510373444,50.,10.));
#4610=CARTESIAN_POINT('',(0.,50.,0.));
#4611=CARTESIAN_POINT('Origin',(45.,55.,55.));
#4612=CARTESIAN_POINT('',(42.5,55.,60.));
#4613=CARTESIAN_POINT('Origin',(45.,55.,60.));
#4614=CARTESIAN_POINT('',(42.5,55.,55.));
#4615=CARTESIAN_POINT('',(42.5,55.,55.));
#4616=CARTESIAN_POINT('Origin',(45.,55.,55.));
#4617=CARTESIAN_POINT('Origin',(35.,55.,55.));
#4618=CARTESIAN_POINT('',(40.,55.,55.));
#4619=CARTESIAN_POINT('Origin',(35.,55.,55.));
#4620=CARTESIAN_POINT('',(40.,55.,60.));
#4621=CARTESIAN_POINT('Origin',(35.,55.,60.));
#4622=CARTESIAN_POINT('',(40.,55.,55.));
#4623=CARTESIAN_POINT('Origin',(45.,55.,55.));
#4624=CARTESIAN_POINT('',(50.,55.,55.));
#4625=CARTESIAN_POINT('Origin',(45.,55.,55.));
#4626=CARTESIAN_POINT('',(50.,55.,60.));
#4627=CARTESIAN_POINT('Origin',(45.,55.,60.));
#4628=CARTESIAN_POINT('',(50.,55.,55.));
#4629=CARTESIAN_POINT('Origin',(42.5,55.,55.));
#4630=CARTESIAN_POINT('',(50.,0.,55.));
#4631=CARTESIAN_POINT('Origin',(5.,55.,0.));
#4632=CARTESIAN_POINT('',(2.5,55.,10.));
#4633=CARTESIAN_POINT('Origin',(5.,55.,10.));
#4634=CARTESIAN_POINT('',(2.5,55.,0.));
#4635=CARTESIAN_POINT('',(2.5,55.,0.));
#4636=CARTESIAN_POINT('Origin',(5.,55.,0.));
#4637=CARTESIAN_POINT('Origin',(5.,55.,0.));
#4638=CARTESIAN_POINT('',(10.,55.,0.));
#4639=CARTESIAN_POINT('',(0.,55.,0.));
#4640=CARTESIAN_POINT('Origin',(5.,55.,0.));
#4641=CARTESIAN_POINT('',(0.,55.,10.));
#4642=CARTESIAN_POINT('',(0.,55.,0.));
#4643=CARTESIAN_POINT('',(10.,55.,10.));
#4644=CARTESIAN_POINT('Origin',(5.,55.,10.));
#4645=CARTESIAN_POINT('',(10.,55.,0.));
#4646=CARTESIAN_POINT('Origin',(15.,55.,0.));
#4647=CARTESIAN_POINT('',(14.3900414937759,50.0373443983403,0.));
#4648=CARTESIAN_POINT('Origin',(15.,55.,0.));
#4649=CARTESIAN_POINT('',(14.3900414937759,50.0373443983403,10.));
#4650=CARTESIAN_POINT('Origin',(15.,55.,10.));
#4651=CARTESIAN_POINT('',(14.3900414937759,50.0373443983403,0.));
#4652=CARTESIAN_POINT('Origin',(7.5,53.,0.));
#4653=CARTESIAN_POINT('Origin',(7.5,53.,0.));
#4654=CARTESIAN_POINT('Origin',(7.5,53.,10.));
#4655=CARTESIAN_POINT('Origin',(7.19502074688796,55.,10.));
#4656=CARTESIAN_POINT('',(0.,55.,10.));
#4657=CARTESIAN_POINT('Origin',(45.,55.,0.));
#4658=CARTESIAN_POINT('',(42.5,55.,10.));
#4659=CARTESIAN_POINT('Origin',(45.,55.,10.));
#4660=CARTESIAN_POINT('',(42.5,55.,0.));
#4661=CARTESIAN_POINT('',(42.5,55.,0.));
#4662=CARTESIAN_POINT('Origin',(45.,55.,0.));
#4663=CARTESIAN_POINT('Origin',(35.,55.,0.));
#4664=CARTESIAN_POINT('',(40.,55.,0.));
#4665=CARTESIAN_POINT('Origin',(35.,55.,0.));
#4666=CARTESIAN_POINT('',(40.,55.,10.));
#4667=CARTESIAN_POINT('Origin',(35.,55.,10.));
#4668=CARTESIAN_POINT('',(40.,55.,0.));
#4669=CARTESIAN_POINT('Origin',(45.,55.,0.));
#4670=CARTESIAN_POINT('',(50.,55.,0.));
#4671=CARTESIAN_POINT('Origin',(45.,55.,0.));
#4672=CARTESIAN_POINT('',(50.,55.,10.));
#4673=CARTESIAN_POINT('Origin',(45.,55.,10.));
#4674=CARTESIAN_POINT('',(50.,55.,0.));
#4675=CARTESIAN_POINT('Origin',(42.5,55.,10.));
#4676=CARTESIAN_POINT('',(50.,0.,10.));
#4677=CARTESIAN_POINT('Origin',(25.,47.5,60.));
#4678=CARTESIAN_POINT('',(50.,0.,60.));
#4679=CARTESIAN_POINT('',(0.,55.,60.));
#4680=CARTESIAN_POINT('Origin',(0.,45.,0.));
#4681=CARTESIAN_POINT('',(0.,0.,0.));
#4682=CARTESIAN_POINT('',(0.,55.,0.));
#4683=CARTESIAN_POINT('',(0.,0.,0.));
#4684=CARTESIAN_POINT('Origin',(50.,0.,0.));
#4685=CARTESIAN_POINT('',(50.,0.,0.));
#4686=CARTESIAN_POINT('',(50.,0.,0.));
#4687=CARTESIAN_POINT('',(50.,0.,0.));
#4688=CARTESIAN_POINT('Origin',(0.,0.,0.));
#4689=CARTESIAN_POINT('',(0.,0.,0.));
#4690=CARTESIAN_POINT('Origin',(25.,22.5,0.));
#4691=CARTESIAN_POINT('',(0.,0.,0.));
#4692=CARTESIAN_POINT('Origin',(0.,0.,0.8));
#4693=CARTESIAN_POINT('',(1.666,-2.04026156737949E-16,0.578504969728003));
#4694=CARTESIAN_POINT('Origin',(0.,0.,0.578504969728003));
#4695=CARTESIAN_POINT('',(2.,-2.44929359829471E-16,-1.38777878078145E-16));
#4696=CARTESIAN_POINT('',(1.5381197846483,-1.88365347097475E-16,0.8));
#4697=CARTESIAN_POINT('Origin',(0.,0.,0.));
#4698=CARTESIAN_POINT('Origin',(0.,0.,2.4));
#4699=CARTESIAN_POINT('',(2.,-2.44929359829471E-16,3.2));
#4700=CARTESIAN_POINT('Origin',(0.,0.,3.2));
#4701=CARTESIAN_POINT('',(1.666,2.04026156737949E-16,2.62149503027199));
#4702=CARTESIAN_POINT('',(1.5381197846483,-1.88365347097475E-16,2.4));
#4703=CARTESIAN_POINT('Origin',(0.,0.,2.62149503027199));
#4704=CARTESIAN_POINT('Origin',(0.00181468412045444,4.04249959269281,3.2));
#4705=CARTESIAN_POINT('',(8.48124436373645E-15,4.04145188432738,0.630150039223937));
#4706=CARTESIAN_POINT('',(9.15530776282259E-15,4.04145188432738,2.56984996077607));
#4707=CARTESIAN_POINT('',(8.74300631892311E-15,4.04145188432738,3.2));
#4708=CARTESIAN_POINT('',(-3.5,2.0207259421637,0.630150039223937));
#4709=CARTESIAN_POINT('Ctrl Pts',(-3.5,2.0207259421637,0.630150039223937));
#4710=CARTESIAN_POINT('Ctrl Pts',(-1.74999999999999,3.03108891324554,0.0468167058906017));
#4711=CARTESIAN_POINT('Ctrl Pts',(8.48124436373645E-15,4.04145188432738,
0.630150039223937));
#4712=CARTESIAN_POINT('',(-3.5,2.0207259421637,2.56984996077607));
#4713=CARTESIAN_POINT('',(-3.5,2.0207259421637,3.2));
#4714=CARTESIAN_POINT('Ctrl Pts',(9.15530776282259E-15,4.04145188432738,
2.56984996077607));
#4715=CARTESIAN_POINT('Ctrl Pts',(-1.74999999999999,3.03108891324554,3.1531832941094));
#4716=CARTESIAN_POINT('Ctrl Pts',(-3.5,2.0207259421637,2.56984996077607));
#4717=CARTESIAN_POINT('Origin',(-3.5,2.02282135889456,3.2));
#4718=CARTESIAN_POINT('',(-3.5,-2.02072594216368,0.630150039223937));
#4719=CARTESIAN_POINT('Ctrl Pts',(-3.5,-2.02072594216368,0.630150039223937));
#4720=CARTESIAN_POINT('Ctrl Pts',(-3.5,5.82867087928207E-15,0.0468167058906034));
#4721=CARTESIAN_POINT('Ctrl Pts',(-3.5,2.0207259421637,0.630150039223937));
#4722=CARTESIAN_POINT('',(-3.5,-2.02072594216368,2.56984996077607));
#4723=CARTESIAN_POINT('',(-3.5,-2.02072594216368,3.2));
#4724=CARTESIAN_POINT('Ctrl Pts',(-3.5,2.0207259421637,2.56984996077607));
#4725=CARTESIAN_POINT('Ctrl Pts',(-3.5,3.33066907387547E-15,3.1531832941094));
#4726=CARTESIAN_POINT('Ctrl Pts',(-3.5,-2.02072594216368,2.56984996077607));
#4727=CARTESIAN_POINT('Origin',(0.,0.,0.315377584544833));
#4728=CARTESIAN_POINT('',(2.95,-3.61270805748469E-16,-2.08166817117217E-16));
#4729=CARTESIAN_POINT('Origin',(0.,0.,0.));
#4730=CARTESIAN_POINT('',(3.5,-4.3970649531413E-16,0.317542648054292));
#4731=CARTESIAN_POINT('',(3.49625,-4.28167137151893E-16,0.315377584544833));
#4732=CARTESIAN_POINT('',(3.5,-2.0207259421637,0.630150039223936));
#4733=CARTESIAN_POINT('Ctrl Pts',(3.5,-4.50786610926687E-16,0.317542648054292));
#4734=CARTESIAN_POINT('Ctrl Pts',(3.5,-0.93782217350893,0.317542648054292));
#4735=CARTESIAN_POINT('Ctrl Pts',(3.5,-2.0207259421637,0.630150039223936));
#4736=CARTESIAN_POINT('',(-6.25566216808957E-15,-4.04145188432738,0.630150039223936));
#4737=CARTESIAN_POINT('Ctrl Pts',(3.5,-2.0207259421637,0.630150039223936));
#4738=CARTESIAN_POINT('Ctrl Pts',(1.75,-3.03108891324554,0.046816705890602));
#4739=CARTESIAN_POINT('Ctrl Pts',(-6.25566216808957E-15,-4.04145188432738,
0.630150039223936));
#4740=CARTESIAN_POINT('Ctrl Pts',(-6.44604129331444E-15,-4.04145188432738,
0.630150039223936));
#4741=CARTESIAN_POINT('Ctrl Pts',(-1.75,-3.03108891324553,0.0468167058906019));
#4742=CARTESIAN_POINT('Ctrl Pts',(-3.5,-2.02072594216368,0.630150039223937));
#4743=CARTESIAN_POINT('',(3.5,2.02072594216368,0.630150039223936));
#4744=CARTESIAN_POINT('Ctrl Pts',(8.49571168647556E-15,4.04145188432738,
0.630150039223937));
#4745=CARTESIAN_POINT('Ctrl Pts',(1.75,3.03108891324553,0.0468167058906027));
#4746=CARTESIAN_POINT('Ctrl Pts',(3.5,2.02072594216368,0.630150039223936));
#4747=CARTESIAN_POINT('Ctrl Pts',(3.5,2.02072594216368,0.630150039223936));
#4748=CARTESIAN_POINT('Ctrl Pts',(3.5,0.937822173508925,0.317542648054293));
#4749=CARTESIAN_POINT('Ctrl Pts',(3.5,-4.50786610926687E-16,0.317542648054292));
#4750=CARTESIAN_POINT('Origin',(3.50181468412045,2.01967823379825,3.2));
#4751=CARTESIAN_POINT('',(3.5,2.02072594216368,2.56984996077607));
#4752=CARTESIAN_POINT('Ctrl Pts',(3.5,2.02072594216368,2.56984996077607));
#4753=CARTESIAN_POINT('Ctrl Pts',(1.75,3.03108891324553,3.1531832941094));
#4754=CARTESIAN_POINT('Ctrl Pts',(9.26606579100557E-15,4.04145188432738,
2.56984996077607));
#4755=CARTESIAN_POINT('',(3.5,2.02072594216368,3.2));
#4756=CARTESIAN_POINT('Origin',(3.5,-2.02282135889456,3.2));
#4757=CARTESIAN_POINT('',(3.5,-3.75308408038889E-16,2.88245735194571));
#4758=CARTESIAN_POINT('Ctrl Pts',(3.5,-3.21990436376205E-16,2.88245735194571));
#4759=CARTESIAN_POINT('Ctrl Pts',(3.5,0.937822173508926,2.88245735194571));
#4760=CARTESIAN_POINT('Ctrl Pts',(3.5,2.02072594216368,2.56984996077607));
#4761=CARTESIAN_POINT('',(3.5,-2.02072594216369,2.56984996077607));
#4762=CARTESIAN_POINT('Ctrl Pts',(3.5,-2.02072594216369,2.56984996077607));
#4763=CARTESIAN_POINT('Ctrl Pts',(3.5,-0.93782217350893,2.88245735194571));
#4764=CARTESIAN_POINT('Ctrl Pts',(3.5,-3.21990436376205E-16,2.88245735194571));
#4765=CARTESIAN_POINT('',(3.5,-2.02072594216369,3.2));
#4766=CARTESIAN_POINT('Origin',(-0.00181468412045194,-4.04249959269281,
3.2));
#4767=CARTESIAN_POINT('',(-6.40163787644465E-15,-4.04145188432738,2.56984996077607));
#4768=CARTESIAN_POINT('Ctrl Pts',(-6.40163787644465E-15,-4.04145188432738,
2.56984996077607));
#4769=CARTESIAN_POINT('Ctrl Pts',(1.75,-3.03108891324553,3.1531832941094));
#4770=CARTESIAN_POINT('Ctrl Pts',(3.5,-2.02072594216369,2.56984996077607));
#4771=CARTESIAN_POINT('',(-6.10622663543836E-15,-4.04145188432738,3.2));
#4772=CARTESIAN_POINT('Origin',(-3.50181468412045,-2.01967823379825,3.2));
#4773=CARTESIAN_POINT('Ctrl Pts',(-3.5,-2.02072594216368,2.56984996077607));
#4774=CARTESIAN_POINT('Ctrl Pts',(-1.75,-3.03108891324553,3.1531832941094));
#4775=CARTESIAN_POINT('Ctrl Pts',(-6.33817816803636E-15,-4.04145188432738,
2.56984996077607));
#4776=CARTESIAN_POINT('Origin',(-2.95,0.,3.2));
#4777=CARTESIAN_POINT('',(2.95,-3.61270805748469E-16,3.2));
#4778=CARTESIAN_POINT('Origin',(0.,0.,3.2));
#4779=CARTESIAN_POINT('Origin',(0.,0.,2.88462241545517));
#4780=CARTESIAN_POINT('',(3.49625,-4.28167137151893E-16,2.88462241545517));
#4781=CARTESIAN_POINT('Origin',(-2.,0.,0.));
#4782=CARTESIAN_POINT('Origin',(0.,0.,1.6));
#4783=CARTESIAN_POINT('',(1.666,-2.04026156737949E-16,1.6));
#4784=CARTESIAN_POINT('',(0.,0.,0.));
#4785=CARTESIAN_POINT('Origin',(3.49972277678338E-15,0.,-15.7852925));
#4786=CARTESIAN_POINT('',(1.954,2.39295984553393E-16,-15.649256729706));
#4787=CARTESIAN_POINT('Origin',(3.46179571425046E-15,0.,-15.649256729706));
#4788=CARTESIAN_POINT('',(1.570585,-1.92341189303884E-16,-16.));
#4789=CARTESIAN_POINT('',(1.80529249999995,-2.21084568164966E-16,-15.7852925));
#4790=CARTESIAN_POINT('Origin',(3.55958368514E-15,0.,-16.));
#4791=CARTESIAN_POINT('Origin',(-7.89729545013908E-16,0.,-0.399999999999999));
#4792=CARTESIAN_POINT('',(2.210555,-2.70714910508918E-16,1.24490439842116E-15));
#4793=CARTESIAN_POINT('Origin',(-9.01250397069137E-16,0.,6.24500451351651E-16));
#4794=CARTESIAN_POINT('',(1.810555,-2.21729038543023E-16,-0.399999999999999));
#4795=CARTESIAN_POINT('Origin',(2.210555,-2.70714910508918E-16,-0.399999999999999));
#4796=CARTESIAN_POINT('Origin',(-7.89729545013908E-16,0.,-0.399999999999999));
#4797=CARTESIAN_POINT('Origin',(-1.810555,0.,1.09008776213663E-16));
#4798=CARTESIAN_POINT('',(4.,-4.89858719658941E-16,2.77555756156289E-16));
#4799=CARTESIAN_POINT('Origin',(-9.01250397069137E-16,0.,1.38777878078145E-15));
#4800=CARTESIAN_POINT('Origin',(-7.62722834903642E-16,0.,-0.49686694322203));
#4801=CARTESIAN_POINT('',(1.810555,-2.21729038543023E-16,-0.993733886444062));
#4802=CARTESIAN_POINT('Origin',(-6.24195272738148E-16,0.,-0.993733886444062));
#4803=CARTESIAN_POINT('',(1.810555,-2.21729038543023E-16,-0.49686694322203));
#4804=CARTESIAN_POINT('Origin',(-1.24119092742486E-15,0.,1.2192895735315));
#4805=CARTESIAN_POINT('',(3.95616212866996,-4.84490128778365E-16,1.25535238679076));
#4806=CARTESIAN_POINT('Origin',(-1.38777878078145E-15,-2.42245064389182E-16,
1.25535238679076));
#4807=CARTESIAN_POINT('',(3.47606319174569,-4.2569496614053E-16,2.09244796852831));
#4808=CARTESIAN_POINT('Origin',(2.92345827408356,-3.58020381779728E-16,
1.2192895735315));
#4809=CARTESIAN_POINT('',(-3.4760631917457,4.2569496614053E-16,2.09244796852831));
#4810=CARTESIAN_POINT('Origin',(-1.84187079481615E-15,0.,2.09244796852831));
#4811=CARTESIAN_POINT('Origin',(-1.84187079481615E-15,0.,2.09244796852831));
#4812=CARTESIAN_POINT('Origin',(1.9365993387742E-15,0.,-3.4));
#4813=CARTESIAN_POINT('',(-1.39043744004163,-1.39043744004163,2.79543117552451));
#4814=CARTESIAN_POINT('',(-0.549262597270279,-0.411183262825708,3.06368617149781));
#4815=CARTESIAN_POINT('Origin',(1.40797207092625,-1.40797207092624,-2.67527222460606));
#4816=CARTESIAN_POINT('',(-1.92871779631396,-0.382988526617738,2.79543117552451));
#4817=CARTESIAN_POINT('Origin',(1.9365993387742E-15,0.265247368005453,-3.37212137822955));
#4818=CARTESIAN_POINT('',(-1.93572516644774,-2.37057962911921E-16,2.8050759930867));
#4819=CARTESIAN_POINT('Origin',(1.68374040900618,0.,-2.17669098673587));
#4820=CARTESIAN_POINT('Origin',(1.9365993387742E-15,0.,-3.4));
#4821=CARTESIAN_POINT('',(-1.92871779631396,0.382988526617738,2.79543117552451));
#4822=CARTESIAN_POINT('Origin',(1.68374040900618,0.,-2.17669098673587));
#4823=CARTESIAN_POINT('',(-0.549262597270274,0.411183262825708,3.06368617149781));
#4824=CARTESIAN_POINT('Origin',(1.9365993387742E-15,-0.265247368005453,
-3.37212137822955));
#4825=CARTESIAN_POINT('',(-1.39043744004163,1.39043744004163,2.79543117552451));
#4826=CARTESIAN_POINT('Origin',(1.40797207092625,1.40797207092625,-2.67527222460606));
#4827=CARTESIAN_POINT('',(-0.411183262825708,0.54926259727028,3.06368617149781));
#4828=CARTESIAN_POINT('Origin',(-1.40797207092624,-1.40797207092625,-2.67527222460606));
#4829=CARTESIAN_POINT('',(-0.382988526617738,1.92871779631396,2.79543117552451));
#4830=CARTESIAN_POINT('Origin',(0.265247368005453,2.14014342427961E-17,
-3.37212137822955));
#4831=CARTESIAN_POINT('',(0.382988526617738,1.92871779631396,2.79543117552451));
#4832=CARTESIAN_POINT('Origin',(2.49964975129542E-15,-1.68374040900618,
-2.17669098673587));
#4833=CARTESIAN_POINT('',(0.411183262825708,0.549262597270275,3.06368617149781));
#4834=CARTESIAN_POINT('Origin',(-0.265247368005453,-1.28408605456778E-17,
-3.37212137822955));
#4835=CARTESIAN_POINT('',(1.39043744004163,1.39043744004163,2.79543117552451));
#4836=CARTESIAN_POINT('Origin',(1.40797207092625,-1.40797207092625,-2.67527222460606));
#4837=CARTESIAN_POINT('',(0.549262597270279,0.411183262825708,3.06368617149781));
#4838=CARTESIAN_POINT('Origin',(-1.40797207092624,1.40797207092625,-2.67527222460606));
#4839=CARTESIAN_POINT('',(1.92871779631396,0.382988526617738,2.79543117552451));
#4840=CARTESIAN_POINT('Origin',(1.9365993387742E-15,-0.265247368005453,
-3.37212137822955));
#4841=CARTESIAN_POINT('',(1.92871779631396,-0.382988526617738,2.79543117552451));
#4842=CARTESIAN_POINT('Origin',(-1.68374040900618,1.12610082504243E-15,
-2.17669098673587));
#4843=CARTESIAN_POINT('',(0.549262597270274,-0.411183262825708,3.06368617149781));
#4844=CARTESIAN_POINT('Origin',(1.9365993387742E-15,0.265247368005453,-3.37212137822955));
#4845=CARTESIAN_POINT('',(1.39043744004163,-1.39043744004163,2.79543117552451));
#4846=CARTESIAN_POINT('Origin',(-1.40797207092625,-1.40797207092625,-2.67527222460606));
#4847=CARTESIAN_POINT('',(0.411183262825708,-0.549262597270279,3.06368617149781));
#4848=CARTESIAN_POINT('Origin',(1.40797207092625,1.40797207092624,-2.67527222460606));
#4849=CARTESIAN_POINT('',(0.382988526617738,-1.92871779631396,2.79543117552451));
#4850=CARTESIAN_POINT('Origin',(-0.265247368005453,-1.28408605456778E-17,
-3.37212137822955));
#4851=CARTESIAN_POINT('',(-0.382988526617738,-1.92871779631396,2.79543117552451));
#4852=CARTESIAN_POINT('Origin',(3.06270016381664E-15,1.68374040900618,-2.17669098673587));
#4853=CARTESIAN_POINT('',(-0.411183262825708,-0.549262597270274,3.06368617149781));
#4854=CARTESIAN_POINT('Origin',(0.265247368005453,2.14014342427961E-17,
-3.37212137822955));
#4855=CARTESIAN_POINT('Origin',(-1.40797207092625,1.40797207092625,-2.67527222460606));
#4856=CARTESIAN_POINT('Origin',(-1.14815310851462E-15,0.,0.885584020908355));
#4857=CARTESIAN_POINT('',(3.96907472454028,-4.86071465698492E-16,0.885584020908355));
#4858=CARTESIAN_POINT('Origin',(-1.67230753750618,-1.67230753750618,2.79543117552451));
#4859=CARTESIAN_POINT('',(-0.444296298762312,-0.44429629876231,2.79543117552451));
#4860=CARTESIAN_POINT('',(9.71445146547013E-16,3.2612801348364E-15,2.79543117552451));
#4861=CARTESIAN_POINT('',(-0.46867058854521,-0.397517449403589,2.93366464203636));
#4862=CARTESIAN_POINT('',(-0.477686920506628,-0.380213411487076,2.98479880156879));
#4863=CARTESIAN_POINT('',(-0.902286952041638,-0.47104484267821,3.63323105902005));
#4864=CARTESIAN_POINT('Origin',(-0.635422615755271,-1.03688492175091,3.57537605077681));
#4865=CARTESIAN_POINT('',(-0.39751744940359,-0.468670588545212,2.93366464203637));
#4866=CARTESIAN_POINT('',(-0.440976373331924,-0.724962831694494,3.34714868307887));
#4867=CARTESIAN_POINT('',(-0.279523097869872,-0.530151975036224,3.28234291148774));
#4868=CARTESIAN_POINT('Origin',(-2.15,-0.415,3.1));
#4869=CARTESIAN_POINT('',(-0.292515932967529,-0.292515932967529,1.93464194641764));
#4870=CARTESIAN_POINT('',(-0.514524826503686,-0.424850048163868,3.19371694812269));
#4871=CARTESIAN_POINT('',(-0.169056089478317,-0.169056089478317,0.760000000000001));
#4872=CARTESIAN_POINT('',(-0.424376033765029,-0.424376033765028,3.18920700237558));
#4873=CARTESIAN_POINT('',(-0.449890484467456,-0.169056089478317,0.760000000000001));
#4874=CARTESIAN_POINT('',(2.15,-0.169056089478317,0.760000000000001));
#4875=CARTESIAN_POINT('',(-2.1294071780002,-0.412020968869926,3.071656412108));
#4876=CARTESIAN_POINT('Origin',(-0.498,0.498,3.1));
#4877=CARTESIAN_POINT('',(-0.48342301253123,-0.48342301253123,3.01732979598357));
#4878=CARTESIAN_POINT('Origin',(-0.498,-0.498,3.1));
#4879=CARTESIAN_POINT('',(-0.414701900156312,-0.497499896029363,3.09716376944341));
#4880=CARTESIAN_POINT('Origin',(-1.67230753750618,1.67230753750618,2.79543117552451));
#4881=CARTESIAN_POINT('',(-0.444296298762308,0.44429629876231,2.79543117552451));
#4882=CARTESIAN_POINT('',(3.2612801348364E-15,-9.71445146547012E-16,2.79543117552451));
#4883=CARTESIAN_POINT('',(-0.397517449403589,0.46867058854521,2.93366464203636));
#4884=CARTESIAN_POINT('',(-0.380213411487076,0.477686920506628,2.98479880156879));
#4885=CARTESIAN_POINT('',(-0.47104484267821,0.902286952041638,3.63323105902005));
#4886=CARTESIAN_POINT('Origin',(-1.03688492175091,0.635422615755271,3.57537605077681));
#4887=CARTESIAN_POINT('',(-0.468670588545212,0.39751744940359,2.93366464203637));
#4888=CARTESIAN_POINT('',(-0.724962831694494,0.440976373331924,3.34714868307887));
#4889=CARTESIAN_POINT('',(-0.530151975036224,0.279523097869872,3.28234291148774));
#4890=CARTESIAN_POINT('Origin',(-0.415,2.15,3.1));
#4891=CARTESIAN_POINT('',(-0.292515932967529,0.292515932967529,1.93464194641764));
#4892=CARTESIAN_POINT('',(-0.424850048163869,0.514524826503686,3.19371694812269));
#4893=CARTESIAN_POINT('',(-0.169056089478317,0.169056089478317,0.760000000000001));
#4894=CARTESIAN_POINT('',(-0.424376033765029,0.424376033765028,3.18920700237558));
#4895=CARTESIAN_POINT('',(-0.169056089478317,0.449890484467456,0.760000000000001));
#4896=CARTESIAN_POINT('',(-0.169056089478317,-2.15,0.760000000000001));
#4897=CARTESIAN_POINT('',(-0.412020968869926,2.1294071780002,3.071656412108));
#4898=CARTESIAN_POINT('Origin',(0.498,0.498,3.1));
#4899=CARTESIAN_POINT('',(-0.48342301253123,0.48342301253123,3.01732979598357));
#4900=CARTESIAN_POINT('Origin',(-0.498,0.498,3.1));
#4901=CARTESIAN_POINT('',(-0.497499896029363,0.414701900156312,3.09716376944341));
#4902=CARTESIAN_POINT('Origin',(1.67230753750618,1.67230753750618,2.79543117552451));
#4903=CARTESIAN_POINT('',(0.44429629876231,0.444296298762308,2.79543117552451));
#4904=CARTESIAN_POINT('',(-9.71445146547012E-16,-3.2612801348364E-15,2.79543117552451));
#4905=CARTESIAN_POINT('',(0.46867058854521,0.397517449403589,2.93366464203636));
#4906=CARTESIAN_POINT('',(0.477686920506628,0.380213411487076,2.98479880156879));
#4907=CARTESIAN_POINT('',(0.902286952041638,0.47104484267821,3.63323105902005));
#4908=CARTESIAN_POINT('Origin',(0.63542261575527,1.03688492175091,3.57537605077681));
#4909=CARTESIAN_POINT('',(0.39751744940359,0.468670588545212,2.93366464203637));
#4910=CARTESIAN_POINT('',(0.440976373331924,0.724962831694494,3.34714868307887));
#4911=CARTESIAN_POINT('',(0.279523097869871,0.530151975036223,3.28234291148774));
#4912=CARTESIAN_POINT('Origin',(2.15,0.415,3.1));
#4913=CARTESIAN_POINT('',(0.292515932967529,0.292515932967529,1.93464194641764));
#4914=CARTESIAN_POINT('',(0.514524826503686,0.424850048163868,3.19371694812269));
#4915=CARTESIAN_POINT('',(0.169056089478317,0.169056089478317,0.760000000000001));
#4916=CARTESIAN_POINT('',(0.424376033765028,0.424376033765028,3.18920700237558));
#4917=CARTESIAN_POINT('',(0.449890484467456,0.169056089478317,0.760000000000001));
#4918=CARTESIAN_POINT('',(-2.15,0.169056089478317,0.760000000000001));
#4919=CARTESIAN_POINT('',(2.1294071780002,0.412020968869926,3.071656412108));
#4920=CARTESIAN_POINT('Origin',(0.498,-0.498,3.1));
#4921=CARTESIAN_POINT('',(0.48342301253123,0.48342301253123,3.01732979598357));
#4922=CARTESIAN_POINT('Origin',(0.498,0.498,3.1));
#4923=CARTESIAN_POINT('',(0.414701900156312,0.497499896029363,3.09716376944341));
#4924=CARTESIAN_POINT('Origin',(1.67230753750618,-1.67230753750618,2.79543117552451));
#4925=CARTESIAN_POINT('',(0.444296298762311,-0.444296298762313,2.79543117552451));
#4926=CARTESIAN_POINT('',(-3.2612801348364E-15,9.71445146547012E-16,2.79543117552451));
#4927=CARTESIAN_POINT('',(0.397517449403589,-0.46867058854521,2.93366464203636));
#4928=CARTESIAN_POINT('',(0.380213411487076,-0.477686920506628,2.98479880156879));
#4929=CARTESIAN_POINT('',(0.47104484267821,-0.902286952041638,3.63323105902005));
#4930=CARTESIAN_POINT('Origin',(1.03688492175091,-0.63542261575527,3.57537605077681));
#4931=CARTESIAN_POINT('',(0.468670588545212,-0.39751744940359,2.93366464203638));
#4932=CARTESIAN_POINT('',(0.724962831694494,-0.440976373331924,3.34714868307887));
#4933=CARTESIAN_POINT('',(0.530151975036224,-0.279523097869872,3.28234291148774));
#4934=CARTESIAN_POINT('Origin',(0.415,-2.15,3.1));
#4935=CARTESIAN_POINT('',(0.292515932967528,-0.292515932967528,1.93464194641763));
#4936=CARTESIAN_POINT('',(0.424850048163868,-0.514524826503686,3.19371694812269));
#4937=CARTESIAN_POINT('',(0.169056089478317,-0.169056089478317,0.760000000000001));
#4938=CARTESIAN_POINT('',(0.424376033765028,-0.424376033765028,3.18920700237558));
#4939=CARTESIAN_POINT('',(0.169056089478317,-0.449890484467456,0.760000000000001));
#4940=CARTESIAN_POINT('',(0.169056089478317,2.15,0.760000000000001));
#4941=CARTESIAN_POINT('',(0.412020968869926,-2.1294071780002,3.071656412108));
#4942=CARTESIAN_POINT('Origin',(-0.498,-0.498,3.1));
#4943=CARTESIAN_POINT('',(0.483423012531231,-0.48342301253123,3.01732979598357));
#4944=CARTESIAN_POINT('Origin',(0.498,-0.498,3.1));
#4945=CARTESIAN_POINT('',(0.497499896029364,-0.414701900156312,3.09716376944341));
#4946=CARTESIAN_POINT('Origin',(2.15,-0.415,3.1));
#4947=CARTESIAN_POINT('',(0.449890484467456,-0.169056089478317,0.760000000000001));
#4948=CARTESIAN_POINT('',(0.449890484467456,-0.2075,0.760000000000001));
#4949=CARTESIAN_POINT('',(1.85243758389985,-0.371953558831751,2.69044047026803));
#4950=CARTESIAN_POINT('Origin',(0.415,-0.415,3.1));
#4951=CARTESIAN_POINT('',(2.15,-0.169056089478317,0.760000000000001));
#4952=CARTESIAN_POINT('Origin',(-0.415,-2.15,3.1));
#4953=CARTESIAN_POINT('',(-0.169056089478317,-0.449890484467456,0.760000000000001));
#4954=CARTESIAN_POINT('',(-0.207499999999999,-0.449890484467456,0.760000000000001));
#4955=CARTESIAN_POINT('',(-0.371953558831751,-1.85243758389985,2.69044047026803));
#4956=CARTESIAN_POINT('Origin',(-0.415,-0.415,3.1));
#4957=CARTESIAN_POINT('',(-0.169056089478317,-2.15,0.760000000000001));
#4958=CARTESIAN_POINT('Origin',(0.415,0.415,3.1));
#4959=CARTESIAN_POINT('',(0.169056089478317,0.449890484467456,0.760000000000001));
#4960=CARTESIAN_POINT('',(0.371953558831751,1.85243758389985,2.69044047026803));
#4961=CARTESIAN_POINT('',(0.169056089478317,2.15,0.760000000000001));
#4962=CARTESIAN_POINT('Origin',(0.415,2.15,3.1));
#4963=CARTESIAN_POINT('',(0.2075,0.449890484467456,0.760000000000001));
#4964=CARTESIAN_POINT('Origin',(-0.415,0.415,3.1));
#4965=CARTESIAN_POINT('',(-0.449890484467456,0.169056089478317,0.760000000000001));
#4966=CARTESIAN_POINT('',(-1.85243758389985,0.371953558831751,2.69044047026803));
#4967=CARTESIAN_POINT('',(-2.15,0.169056089478317,0.760000000000001));
#4968=CARTESIAN_POINT('Origin',(-2.15,0.415,3.1));
#4969=CARTESIAN_POINT('',(-0.449890484467456,0.2075,0.760000000000001));
#4970=CARTESIAN_POINT('Origin',(2.08166817117217E-16,0.,0.760000000000001));
#4971=CARTESIAN_POINT('Origin',(1.52432813513208E-15,0.,-8.7));
#4972=CARTESIAN_POINT('',(1.954,-2.39295984553393E-16,-1.30135268165656));
#4973=CARTESIAN_POINT('',(1.954,-2.39295984553393E-16,-8.7));
#4974=CARTESIAN_POINT('Origin',(-5.38430497362397E-16,0.,-1.30135268165656));
#4975=CARTESIAN_POINT('Origin',(3.60822483003176E-15,0.,-16.));
#4976=CARTESIAN_POINT('Origin',(-5.67561343806993E-16,0.,-1.19686694322203));
#4977=CARTESIAN_POINT('',(1.9052775,-2.33329199186247E-16,-1.19686694322203));
#4978=CARTESIAN_POINT('Origin',(5.05873659103926,55.1316700574661,73.1759802453883));
#4979=CARTESIAN_POINT('',(7.55873659103928,55.1316700574662,13.1759802453883));
#4980=CARTESIAN_POINT('Origin',(5.05873659103927,55.1316700574662,13.1759802453883));
#4981=CARTESIAN_POINT('',(7.55873659103927,55.1316700574661,73.1759802453883));
#4982=CARTESIAN_POINT('',(7.55873659103927,55.1316700574661,73.1759802453883));
#4983=CARTESIAN_POINT('Origin',(5.05873659103926,55.1316700574661,73.1759802453883));
#4984=CARTESIAN_POINT('Origin',(5.05873659103926,55.1316700574661,73.1759802453883));
#4985=CARTESIAN_POINT('Origin',(5.05873659103927,55.1316700574662,13.1759802453883));
#4986=CARTESIAN_POINT('Origin',(45.0587365910394,55.1316700574661,73.1759802453883));
#4987=CARTESIAN_POINT('',(47.5587365910395,55.1316700574662,13.1759802453883));
#4988=CARTESIAN_POINT('Origin',(45.0587365910395,55.1316700574662,13.1759802453883));
#4989=CARTESIAN_POINT('',(47.5587365910394,55.1316700574661,73.1759802453883));
#4990=CARTESIAN_POINT('',(47.5587365910394,55.1316700574661,73.1759802453883));
#4991=CARTESIAN_POINT('Origin',(45.0587365910394,55.1316700574661,73.1759802453883));
#4992=CARTESIAN_POINT('Origin',(45.0587365910394,55.1316700574661,73.1759802453883));
#4993=CARTESIAN_POINT('Origin',(45.0587365910395,55.1316700574662,13.1759802453883));
#4994=CARTESIAN_POINT('',(0.0587365910392611,0.131670057466162,18.1759802453881));
#4995=CARTESIAN_POINT('',(0.0587365910392478,0.131670057465918,13.1759802453882));
#4996=CARTESIAN_POINT('',(25.0587365910393,88.1316700574661,51.1759802453883));
#4997=CARTESIAN_POINT('',(25.0587365910393,88.1316700574661,65.1759802453883));
#4998=CARTESIAN_POINT('',(25.0587365910393,94.4316700574661,51.1759802453883));
#4999=CARTESIAN_POINT('',(25.0587365910393,94.4316700574661,65.1759802453883));
#5000=UNCERTAINTY_MEASURE_WITH_UNIT(LENGTH_MEASURE(0.01),#5012,
'DISTANCE_ACCURACY_VALUE',
'Maximum model space distance between geometric entities at asserted c
onnectivities');
#5001=UNCERTAINTY_MEASURE_WITH_UNIT(LENGTH_MEASURE(0.01),#5012,
'DISTANCE_ACCURACY_VALUE',
'Maximum model space distance between geometric entities at asserted c
onnectivities');
#5002=UNCERTAINTY_MEASURE_WITH_UNIT(LENGTH_MEASURE(0.01),#5012,
'DISTANCE_ACCURACY_VALUE',
'Maximum model space distance between geometric entities at asserted c
onnectivities');
#5003=UNCERTAINTY_MEASURE_WITH_UNIT(LENGTH_MEASURE(0.01),#5012,
'DISTANCE_ACCURACY_VALUE',
'Maximum model space distance between geometric entities at asserted c
onnectivities');
#5004=UNCERTAINTY_MEASURE_WITH_UNIT(LENGTH_MEASURE(0.01),#5012,
'DISTANCE_ACCURACY_VALUE',
'Maximum model space distance between geometric entities at asserted c
onnectivities');
#5005=UNCERTAINTY_MEASURE_WITH_UNIT(LENGTH_MEASURE(0.01),#5012,
'DISTANCE_ACCURACY_VALUE',
'Maximum model space distance between geometric entities at asserted c
onnectivities');
#5006=(
GEOMETRIC_REPRESENTATION_CONTEXT(3)
GLOBAL_UNCERTAINTY_ASSIGNED_CONTEXT((#5000))
GLOBAL_UNIT_ASSIGNED_CONTEXT((#5012,#5014,#5015))
REPRESENTATION_CONTEXT('','3D')
);
#5007=(
GEOMETRIC_REPRESENTATION_CONTEXT(3)
GLOBAL_UNCERTAINTY_ASSIGNED_CONTEXT((#5001))
GLOBAL_UNIT_ASSIGNED_CONTEXT((#5012,#5014,#5015))
REPRESENTATION_CONTEXT('','3D')
);
#5008=(
GEOMETRIC_REPRESENTATION_CONTEXT(3)
GLOBAL_UNCERTAINTY_ASSIGNED_CONTEXT((#5002))
GLOBAL_UNIT_ASSIGNED_CONTEXT((#5012,#5014,#5015))
REPRESENTATION_CONTEXT('','3D')
);
#5009=(
GEOMETRIC_REPRESENTATION_CONTEXT(3)
GLOBAL_UNCERTAINTY_ASSIGNED_CONTEXT((#5003))
GLOBAL_UNIT_ASSIGNED_CONTEXT((#5012,#5014,#5015))
REPRESENTATION_CONTEXT('','3D')
);
#5010=(
GEOMETRIC_REPRESENTATION_CONTEXT(3)
GLOBAL_UNCERTAINTY_ASSIGNED_CONTEXT((#5004))
GLOBAL_UNIT_ASSIGNED_CONTEXT((#5012,#5014,#5015))
REPRESENTATION_CONTEXT('','3D')
);
#5011=(
GEOMETRIC_REPRESENTATION_CONTEXT(3)
GLOBAL_UNCERTAINTY_ASSIGNED_CONTEXT((#5005))
GLOBAL_UNIT_ASSIGNED_CONTEXT((#5012,#5014,#5015))
REPRESENTATION_CONTEXT('','3D')
);
#5012=(
LENGTH_UNIT()
NAMED_UNIT(*)
SI_UNIT(.MILLI.,.METRE.)
);
#5013=(
LENGTH_UNIT()
NAMED_UNIT(*)
SI_UNIT($,.METRE.)
);
#5014=(
NAMED_UNIT(*)
PLANE_ANGLE_UNIT()
SI_UNIT($,.RADIAN.)
);
#5015=(
NAMED_UNIT(*)
SI_UNIT($,.STERADIAN.)
SOLID_ANGLE_UNIT()
);
#5016=SHAPE_DEFINITION_REPRESENTATION(#5021,#5032);
#5017=SHAPE_DEFINITION_REPRESENTATION(#5022,#5033);
#5018=SHAPE_DEFINITION_REPRESENTATION(#5023,#5034);
#5019=SHAPE_DEFINITION_REPRESENTATION(#5024,#5035);
#5020=SHAPE_DEFINITION_REPRESENTATION(#5025,#5036);
#5021=PRODUCT_DEFINITION_SHAPE('',$,#5038);
#5022=PRODUCT_DEFINITION_SHAPE('',$,#5039);
#5023=PRODUCT_DEFINITION_SHAPE('',$,#5040);
#5024=PRODUCT_DEFINITION_SHAPE('',$,#5041);
#5025=PRODUCT_DEFINITION_SHAPE('',$,#5042);
#5026=PRODUCT_DEFINITION_SHAPE($,$,#29);
#5027=PRODUCT_DEFINITION_SHAPE($,$,#30);
#5028=PRODUCT_DEFINITION_SHAPE($,$,#31);
#5029=PRODUCT_DEFINITION_SHAPE($,$,#32);
#5030=PRODUCT_DEFINITION_SHAPE($,$,#33);
#5031=PRODUCT_DEFINITION_SHAPE($,$,#34);
#5032=SHAPE_REPRESENTATION('',(#2947,#3230,#3231,#3232,#3233,#3234,#3235),
#5006);
#5033=SHAPE_REPRESENTATION('',(#2948),#5007);
#5034=SHAPE_REPRESENTATION('',(#3036),#5008);
#5035=SHAPE_REPRESENTATION('',(#3126),#5009);
#5036=SHAPE_REPRESENTATION('',(#3146),#5010);
#5037=PRODUCT_DEFINITION_CONTEXT('part definition',#5054,'design');
#5038=PRODUCT_DEFINITION('gi\X2\1EEF\X0\ b\X\FAt','gi\X2\1EEF\X0\ b\X\FA
t v8',#5043,#5037);
#5039=PRODUCT_DEFINITION('Component1','Component1',#5044,#5037);
#5040=PRODUCT_DEFINITION('Component2','Component2',#5045,#5037);
#5041=PRODUCT_DEFINITION('2',
'Hexagon Regular Nut ISO 4032 - M4 Steel 6 Plain v2',#5046,#5037);
#5042=PRODUCT_DEFINITION('ISO 7045 - M4 x 16 - Z Steel 4.6 Plain',
'Pan Head Screw ISO 7045 - M4 x 16 - Z Steel 4.6 Plain v2',#5047,#5037);
#5043=PRODUCT_DEFINITION_FORMATION('',$,#5056);
#5044=PRODUCT_DEFINITION_FORMATION('',$,#5057);
#5045=PRODUCT_DEFINITION_FORMATION('',$,#5058);
#5046=PRODUCT_DEFINITION_FORMATION('',$,#5059);
#5047=PRODUCT_DEFINITION_FORMATION('',$,#5060);
#5048=PRODUCT_RELATED_PRODUCT_CATEGORY('gi\X2\1EEF\X0\ b\X\FAt v8',
'gi\X2\1EEF\X0\ b\X\FAt v8',(#5056));
#5049=PRODUCT_RELATED_PRODUCT_CATEGORY('Component1','Component1',(#5057));
#5050=PRODUCT_RELATED_PRODUCT_CATEGORY('Component2','Component2',(#5058));
#5051=PRODUCT_RELATED_PRODUCT_CATEGORY(
'Hexagon Regular Nut ISO 4032 - M4 Steel 6 Plain v2',
'Hexagon Regular Nut ISO 4032 - M4 Steel 6 Plain v2',(#5059));
#5052=PRODUCT_RELATED_PRODUCT_CATEGORY(
'Pan Head Screw ISO 7045 - M4 x 16 - Z Steel 4.6 Plain v2',
'Pan Head Screw ISO 7045 - M4 x 16 - Z Steel 4.6 Plain v2',(#5060));
#5053=APPLICATION_PROTOCOL_DEFINITION('international standard',
'automotive_design',2009,#5054);
#5054=APPLICATION_CONTEXT(
'Core Data for Automotive Mechanical Design Process');
#5055=PRODUCT_CONTEXT('part definition',#5054,'mechanical');
#5056=PRODUCT('gi\X2\1EEF\X0\ b\X\FAt','gi\X2\1EEF\X0\ b\X\FAt v8',$,(#5055));
#5057=PRODUCT('Component1','Component1',$,(#5055));
#5058=PRODUCT('Component2','Component2',$,(#5055));
#5059=PRODUCT('2','Hexagon Regular Nut ISO 4032 - M4 Steel 6 Plain v2',
'Hexagon Regular Nut ISO 4032 - M4',(#5055));
#5060=PRODUCT('ISO 7045 - M4 x 16 - Z Steel 4.6 Plain',
'Pan Head Screw ISO 7045 - M4 x 16 - Z Steel 4.6 Plain v2',
'Pan Head Screw ISO 7045 - M4 x 16 - Z',(#5055));
#5061=PRESENTATION_STYLE_ASSIGNMENT((#5064));
#5062=PRESENTATION_STYLE_ASSIGNMENT((#5065));
#5063=PRESENTATION_STYLE_ASSIGNMENT((#5066));
#5064=SURFACE_STYLE_USAGE(.BOTH.,#5067);
#5065=SURFACE_STYLE_USAGE(.BOTH.,#5068);
#5066=SURFACE_STYLE_USAGE(.BOTH.,#5069);
#5067=SURFACE_SIDE_STYLE('',(#5070));
#5068=SURFACE_SIDE_STYLE('',(#5071));
#5069=SURFACE_SIDE_STYLE('',(#5072));
#5070=SURFACE_STYLE_FILL_AREA(#5073);
#5071=SURFACE_STYLE_FILL_AREA(#5074);
#5072=SURFACE_STYLE_FILL_AREA(#5075);
#5073=FILL_AREA_STYLE('Steel - Satin',(#5076));
#5074=FILL_AREA_STYLE('Stainless Steel - Satin',(#5077));
#5075=FILL_AREA_STYLE('ABS (White)',(#5078));
#5076=FILL_AREA_STYLE_COLOUR('Steel - Satin',#5079);
#5077=FILL_AREA_STYLE_COLOUR('Stainless Steel - Satin',#5080);
#5078=FILL_AREA_STYLE_COLOUR('ABS (White)',#5081);
#5079=COLOUR_RGB('Steel - Satin',0.627450980392157,0.627450980392157,0.627450980392157);
#5080=COLOUR_RGB('Stainless Steel - Satin',0.796078431372549,0.796078431372549,
0.796078431372549);
#5081=COLOUR_RGB('ABS (White)',0.964705882352941,0.964705882352941,0.952941176470588);
ENDSEC;
END-ISO-10303-21;
