ISO-10303-21;
HEADER;
/* Generated by software containing ST-Developer
 * from STEP Tools, Inc. (www.steptools.com) 
 */

FILE_DESCRIPTION(
/* description */ (''),
/* implementation_level */ '2;1');

FILE_NAME(
/* name */ 'Top Motor Base.step',
/* time_stamp */ '2025-04-08T23:16:07+07:00',
/* author */ (''),
/* organization */ (''),
/* preprocessor_version */ 'ST-DEVELOPER v20.1',
/* originating_system */ 'Autodesk Translation Framework v14.4.0.0',
/* authorisation */ '');

FILE_SCHEMA (('AUTOMOTIVE_DESIGN { 1 0 10303 214 3 1 1 }'));
ENDSEC;

DATA;
#10=MECHANICAL_DESIGN_GEOMETRIC_PRESENTATION_REPRESENTATION('',(#13),#2564);
#11=SHAPE_REPRESENTATION_RELATIONSHIP('SRR','None',#2571,#12);
#12=ADVANCED_BREP_SHAPE_REPRESENTATION('',(#14),#2563);
#13=STYLED_ITEM('',(#2581),#14);
#14=MANIFOLD_SOLID_BREP('Body1',#1624);
#15=CYLINDRICAL_SURFACE('',#1697,1.75);
#16=CYLINDRICAL_SURFACE('',#1700,4.);
#17=CYLINDRICAL_SURFACE('',#1703,4.);
#18=CYLINDRICAL_SURFACE('',#1707,1.75);
#19=CYLINDRICAL_SURFACE('',#1710,4.);
#20=CYLINDRICAL_SURFACE('',#1713,4.);
#21=FACE_BOUND('',#132,.T.);
#22=FACE_BOUND('',#140,.T.);
#23=FACE_BOUND('',#182,.T.);
#24=FACE_BOUND('',#183,.T.);
#25=FACE_BOUND('',#184,.T.);
#26=FACE_BOUND('',#185,.T.);
#27=FACE_BOUND('',#186,.T.);
#28=FACE_BOUND('',#187,.T.);
#29=FACE_BOUND('',#208,.T.);
#30=FACE_BOUND('',#209,.T.);
#31=FACE_BOUND('',#211,.T.);
#32=FACE_BOUND('',#212,.T.);
#33=FACE_BOUND('',#213,.T.);
#34=FACE_BOUND('',#214,.T.);
#35=FACE_BOUND('',#215,.T.);
#36=FACE_BOUND('',#216,.T.);
#37=FACE_BOUND('',#217,.T.);
#38=FACE_BOUND('',#218,.T.);
#39=FACE_BOUND('',#219,.T.);
#40=FACE_BOUND('',#220,.T.);
#41=FACE_BOUND('',#221,.T.);
#42=FACE_BOUND('',#222,.T.);
#43=CIRCLE('',#1642,4.);
#44=CIRCLE('',#1643,4.);
#45=CIRCLE('',#1644,1.75);
#46=CIRCLE('',#1652,4.);
#47=CIRCLE('',#1653,4.);
#48=CIRCLE('',#1654,1.75);
#49=CIRCLE('',#1698,1.75);
#50=CIRCLE('',#1701,4.);
#51=CIRCLE('',#1704,4.);
#52=CIRCLE('',#1708,1.75);
#53=CIRCLE('',#1711,4.);
#54=CIRCLE('',#1714,4.);
#55=FACE_OUTER_BOUND('',#128,.T.);
#56=FACE_OUTER_BOUND('',#129,.T.);
#57=FACE_OUTER_BOUND('',#130,.T.);
#58=FACE_OUTER_BOUND('',#131,.T.);
#59=FACE_OUTER_BOUND('',#133,.T.);
#60=FACE_OUTER_BOUND('',#134,.T.);
#61=FACE_OUTER_BOUND('',#135,.T.);
#62=FACE_OUTER_BOUND('',#136,.T.);
#63=FACE_OUTER_BOUND('',#137,.T.);
#64=FACE_OUTER_BOUND('',#138,.T.);
#65=FACE_OUTER_BOUND('',#139,.T.);
#66=FACE_OUTER_BOUND('',#141,.T.);
#67=FACE_OUTER_BOUND('',#142,.T.);
#68=FACE_OUTER_BOUND('',#143,.T.);
#69=FACE_OUTER_BOUND('',#144,.T.);
#70=FACE_OUTER_BOUND('',#145,.T.);
#71=FACE_OUTER_BOUND('',#146,.T.);
#72=FACE_OUTER_BOUND('',#147,.T.);
#73=FACE_OUTER_BOUND('',#148,.T.);
#74=FACE_OUTER_BOUND('',#149,.T.);
#75=FACE_OUTER_BOUND('',#150,.T.);
#76=FACE_OUTER_BOUND('',#151,.T.);
#77=FACE_OUTER_BOUND('',#152,.T.);
#78=FACE_OUTER_BOUND('',#153,.T.);
#79=FACE_OUTER_BOUND('',#154,.T.);
#80=FACE_OUTER_BOUND('',#155,.T.);
#81=FACE_OUTER_BOUND('',#156,.T.);
#82=FACE_OUTER_BOUND('',#157,.T.);
#83=FACE_OUTER_BOUND('',#158,.T.);
#84=FACE_OUTER_BOUND('',#159,.T.);
#85=FACE_OUTER_BOUND('',#160,.T.);
#86=FACE_OUTER_BOUND('',#161,.T.);
#87=FACE_OUTER_BOUND('',#162,.T.);
#88=FACE_OUTER_BOUND('',#163,.T.);
#89=FACE_OUTER_BOUND('',#164,.T.);
#90=FACE_OUTER_BOUND('',#165,.T.);
#91=FACE_OUTER_BOUND('',#166,.T.);
#92=FACE_OUTER_BOUND('',#167,.T.);
#93=FACE_OUTER_BOUND('',#168,.T.);
#94=FACE_OUTER_BOUND('',#169,.T.);
#95=FACE_OUTER_BOUND('',#170,.T.);
#96=FACE_OUTER_BOUND('',#171,.T.);
#97=FACE_OUTER_BOUND('',#172,.T.);
#98=FACE_OUTER_BOUND('',#173,.T.);
#99=FACE_OUTER_BOUND('',#174,.T.);
#100=FACE_OUTER_BOUND('',#175,.T.);
#101=FACE_OUTER_BOUND('',#176,.T.);
#102=FACE_OUTER_BOUND('',#177,.T.);
#103=FACE_OUTER_BOUND('',#178,.T.);
#104=FACE_OUTER_BOUND('',#179,.T.);
#105=FACE_OUTER_BOUND('',#180,.T.);
#106=FACE_OUTER_BOUND('',#181,.T.);
#107=FACE_OUTER_BOUND('',#188,.T.);
#108=FACE_OUTER_BOUND('',#189,.T.);
#109=FACE_OUTER_BOUND('',#190,.T.);
#110=FACE_OUTER_BOUND('',#191,.T.);
#111=FACE_OUTER_BOUND('',#192,.T.);
#112=FACE_OUTER_BOUND('',#193,.T.);
#113=FACE_OUTER_BOUND('',#194,.T.);
#114=FACE_OUTER_BOUND('',#195,.T.);
#115=FACE_OUTER_BOUND('',#196,.T.);
#116=FACE_OUTER_BOUND('',#197,.T.);
#117=FACE_OUTER_BOUND('',#198,.T.);
#118=FACE_OUTER_BOUND('',#199,.T.);
#119=FACE_OUTER_BOUND('',#200,.T.);
#120=FACE_OUTER_BOUND('',#201,.T.);
#121=FACE_OUTER_BOUND('',#202,.T.);
#122=FACE_OUTER_BOUND('',#203,.T.);
#123=FACE_OUTER_BOUND('',#204,.T.);
#124=FACE_OUTER_BOUND('',#205,.T.);
#125=FACE_OUTER_BOUND('',#206,.T.);
#126=FACE_OUTER_BOUND('',#207,.T.);
#127=FACE_OUTER_BOUND('',#210,.T.);
#128=EDGE_LOOP('',(#1030,#1031,#1032,#1033));
#129=EDGE_LOOP('',(#1034,#1035,#1036));
#130=EDGE_LOOP('',(#1037,#1038,#1039));
#131=EDGE_LOOP('',(#1040,#1041,#1042,#1043,#1044,#1045,#1046,#1047,#1048,
#1049,#1050,#1051,#1052,#1053));
#132=EDGE_LOOP('',(#1054));
#133=EDGE_LOOP('',(#1055,#1056,#1057,#1058));
#134=EDGE_LOOP('',(#1059,#1060,#1061));
#135=EDGE_LOOP('',(#1062,#1063,#1064));
#136=EDGE_LOOP('',(#1065,#1066,#1067,#1068));
#137=EDGE_LOOP('',(#1069,#1070,#1071));
#138=EDGE_LOOP('',(#1072,#1073,#1074));
#139=EDGE_LOOP('',(#1075,#1076,#1077,#1078,#1079,#1080,#1081,#1082,#1083,
#1084,#1085,#1086,#1087,#1088));
#140=EDGE_LOOP('',(#1089));
#141=EDGE_LOOP('',(#1090,#1091,#1092,#1093));
#142=EDGE_LOOP('',(#1094,#1095,#1096));
#143=EDGE_LOOP('',(#1097,#1098,#1099));
#144=EDGE_LOOP('',(#1100,#1101,#1102,#1103));
#145=EDGE_LOOP('',(#1104,#1105,#1106,#1107));
#146=EDGE_LOOP('',(#1108,#1109,#1110,#1111));
#147=EDGE_LOOP('',(#1112,#1113,#1114,#1115));
#148=EDGE_LOOP('',(#1116,#1117,#1118,#1119));
#149=EDGE_LOOP('',(#1120,#1121,#1122,#1123));
#150=EDGE_LOOP('',(#1124,#1125,#1126,#1127));
#151=EDGE_LOOP('',(#1128,#1129,#1130,#1131));
#152=EDGE_LOOP('',(#1132,#1133,#1134,#1135));
#153=EDGE_LOOP('',(#1136,#1137,#1138,#1139));
#154=EDGE_LOOP('',(#1140,#1141,#1142,#1143));
#155=EDGE_LOOP('',(#1144,#1145,#1146,#1147));
#156=EDGE_LOOP('',(#1148,#1149,#1150,#1151));
#157=EDGE_LOOP('',(#1152,#1153,#1154,#1155));
#158=EDGE_LOOP('',(#1156,#1157,#1158,#1159));
#159=EDGE_LOOP('',(#1160,#1161,#1162,#1163));
#160=EDGE_LOOP('',(#1164,#1165,#1166,#1167));
#161=EDGE_LOOP('',(#1168,#1169,#1170,#1171));
#162=EDGE_LOOP('',(#1172,#1173,#1174,#1175));
#163=EDGE_LOOP('',(#1176,#1177,#1178,#1179));
#164=EDGE_LOOP('',(#1180,#1181,#1182,#1183));
#165=EDGE_LOOP('',(#1184,#1185,#1186,#1187));
#166=EDGE_LOOP('',(#1188,#1189,#1190,#1191));
#167=EDGE_LOOP('',(#1192,#1193,#1194,#1195));
#168=EDGE_LOOP('',(#1196,#1197,#1198,#1199));
#169=EDGE_LOOP('',(#1200,#1201,#1202,#1203));
#170=EDGE_LOOP('',(#1204,#1205,#1206,#1207));
#171=EDGE_LOOP('',(#1208,#1209,#1210,#1211));
#172=EDGE_LOOP('',(#1212,#1213,#1214,#1215));
#173=EDGE_LOOP('',(#1216,#1217,#1218,#1219));
#174=EDGE_LOOP('',(#1220,#1221,#1222,#1223));
#175=EDGE_LOOP('',(#1224,#1225,#1226,#1227));
#176=EDGE_LOOP('',(#1228,#1229,#1230,#1231));
#177=EDGE_LOOP('',(#1232,#1233,#1234,#1235));
#178=EDGE_LOOP('',(#1236,#1237,#1238,#1239));
#179=EDGE_LOOP('',(#1240,#1241,#1242,#1243));
#180=EDGE_LOOP('',(#1244,#1245,#1246,#1247));
#181=EDGE_LOOP('',(#1248,#1249,#1250,#1251,#1252,#1253,#1254,#1255,#1256,
#1257,#1258,#1259,#1260,#1261,#1262,#1263,#1264,#1265,#1266,#1267,#1268,
#1269,#1270,#1271));
#182=EDGE_LOOP('',(#1272,#1273,#1274));
#183=EDGE_LOOP('',(#1275,#1276,#1277,#1278));
#184=EDGE_LOOP('',(#1279,#1280,#1281,#1282));
#185=EDGE_LOOP('',(#1283,#1284,#1285,#1286,#1287));
#186=EDGE_LOOP('',(#1288,#1289,#1290));
#187=EDGE_LOOP('',(#1291,#1292,#1293,#1294));
#188=EDGE_LOOP('',(#1295,#1296,#1297,#1298,#1299,#1300,#1301,#1302,#1303,
#1304,#1305,#1306));
#189=EDGE_LOOP('',(#1307,#1308,#1309,#1310));
#190=EDGE_LOOP('',(#1311,#1312,#1313,#1314));
#191=EDGE_LOOP('',(#1315,#1316,#1317,#1318));
#192=EDGE_LOOP('',(#1319,#1320,#1321,#1322));
#193=EDGE_LOOP('',(#1323,#1324,#1325,#1326));
#194=EDGE_LOOP('',(#1327,#1328,#1329,#1330));
#195=EDGE_LOOP('',(#1331,#1332,#1333,#1334,#1335,#1336,#1337,#1338,#1339,
#1340,#1341,#1342));
#196=EDGE_LOOP('',(#1343,#1344,#1345,#1346));
#197=EDGE_LOOP('',(#1347,#1348,#1349,#1350));
#198=EDGE_LOOP('',(#1351,#1352,#1353,#1354));
#199=EDGE_LOOP('',(#1355,#1356,#1357,#1358));
#200=EDGE_LOOP('',(#1359,#1360,#1361,#1362));
#201=EDGE_LOOP('',(#1363,#1364,#1365,#1366));
#202=EDGE_LOOP('',(#1367,#1368,#1369,#1370,#1371,#1372,#1373,#1374,#1375,
#1376,#1377,#1378));
#203=EDGE_LOOP('',(#1379,#1380,#1381,#1382,#1383,#1384));
#204=EDGE_LOOP('',(#1385,#1386,#1387,#1388,#1389,#1390,#1391,#1392,#1393,
#1394));
#205=EDGE_LOOP('',(#1395,#1396,#1397,#1398,#1399,#1400,#1401,#1402,#1403,
#1404,#1405,#1406));
#206=EDGE_LOOP('',(#1407,#1408,#1409,#1410,#1411,#1412,#1413,#1414,#1415,
#1416,#1417,#1418));
#207=EDGE_LOOP('',(#1419,#1420,#1421,#1422,#1423,#1424,#1425,#1426,#1427,
#1428,#1429,#1430,#1431,#1432,#1433,#1434));
#208=EDGE_LOOP('',(#1435));
#209=EDGE_LOOP('',(#1436));
#210=EDGE_LOOP('',(#1437,#1438,#1439,#1440));
#211=EDGE_LOOP('',(#1441,#1442,#1443));
#212=EDGE_LOOP('',(#1444,#1445,#1446));
#213=EDGE_LOOP('',(#1447,#1448,#1449,#1450));
#214=EDGE_LOOP('',(#1451,#1452,#1453,#1454));
#215=EDGE_LOOP('',(#1455,#1456,#1457,#1458));
#216=EDGE_LOOP('',(#1459,#1460,#1461));
#217=EDGE_LOOP('',(#1462,#1463,#1464,#1465));
#218=EDGE_LOOP('',(#1466,#1467,#1468));
#219=EDGE_LOOP('',(#1469,#1470,#1471,#1472,#1473));
#220=EDGE_LOOP('',(#1474,#1475,#1476));
#221=EDGE_LOOP('',(#1477,#1478,#1479,#1480));
#222=EDGE_LOOP('',(#1481,#1482,#1483));
#223=LINE('',#2114,#438);
#224=LINE('',#2116,#439);
#225=LINE('',#2118,#440);
#226=LINE('',#2119,#441);
#227=LINE('',#2122,#442);
#228=LINE('',#2123,#443);
#229=LINE('',#2126,#444);
#230=LINE('',#2127,#445);
#231=LINE('',#2130,#446);
#232=LINE('',#2132,#447);
#233=LINE('',#2134,#448);
#234=LINE('',#2136,#449);
#235=LINE('',#2138,#450);
#236=LINE('',#2140,#451);
#237=LINE('',#2144,#452);
#238=LINE('',#2148,#453);
#239=LINE('',#2149,#454);
#240=LINE('',#2154,#455);
#241=LINE('',#2156,#456);
#242=LINE('',#2157,#457);
#243=LINE('',#2159,#458);
#244=LINE('',#2161,#459);
#245=LINE('',#2165,#460);
#246=LINE('',#2167,#461);
#247=LINE('',#2169,#462);
#248=LINE('',#2170,#463);
#249=LINE('',#2173,#464);
#250=LINE('',#2174,#465);
#251=LINE('',#2177,#466);
#252=LINE('',#2178,#467);
#253=LINE('',#2181,#468);
#254=LINE('',#2183,#469);
#255=LINE('',#2187,#470);
#256=LINE('',#2191,#471);
#257=LINE('',#2193,#472);
#258=LINE('',#2195,#473);
#259=LINE('',#2197,#474);
#260=LINE('',#2199,#475);
#261=LINE('',#2200,#476);
#262=LINE('',#2205,#477);
#263=LINE('',#2207,#478);
#264=LINE('',#2208,#479);
#265=LINE('',#2210,#480);
#266=LINE('',#2212,#481);
#267=LINE('',#2216,#482);
#268=LINE('',#2218,#483);
#269=LINE('',#2220,#484);
#270=LINE('',#2221,#485);
#271=LINE('',#2224,#486);
#272=LINE('',#2226,#487);
#273=LINE('',#2227,#488);
#274=LINE('',#2229,#489);
#275=LINE('',#2230,#490);
#276=LINE('',#2234,#491);
#277=LINE('',#2236,#492);
#278=LINE('',#2238,#493);
#279=LINE('',#2239,#494);
#280=LINE('',#2242,#495);
#281=LINE('',#2244,#496);
#282=LINE('',#2245,#497);
#283=LINE('',#2249,#498);
#284=LINE('',#2251,#499);
#285=LINE('',#2253,#500);
#286=LINE('',#2254,#501);
#287=LINE('',#2257,#502);
#288=LINE('',#2259,#503);
#289=LINE('',#2260,#504);
#290=LINE('',#2263,#505);
#291=LINE('',#2265,#506);
#292=LINE('',#2266,#507);
#293=LINE('',#2268,#508);
#294=LINE('',#2269,#509);
#295=LINE('',#2273,#510);
#296=LINE('',#2275,#511);
#297=LINE('',#2277,#512);
#298=LINE('',#2278,#513);
#299=LINE('',#2282,#514);
#300=LINE('',#2284,#515);
#301=LINE('',#2286,#516);
#302=LINE('',#2287,#517);
#303=LINE('',#2289,#518);
#304=LINE('',#2290,#519);
#305=LINE('',#2294,#520);
#306=LINE('',#2296,#521);
#307=LINE('',#2298,#522);
#308=LINE('',#2299,#523);
#309=LINE('',#2302,#524);
#310=LINE('',#2304,#525);
#311=LINE('',#2305,#526);
#312=LINE('',#2308,#527);
#313=LINE('',#2310,#528);
#314=LINE('',#2311,#529);
#315=LINE('',#2313,#530);
#316=LINE('',#2314,#531);
#317=LINE('',#2318,#532);
#318=LINE('',#2320,#533);
#319=LINE('',#2322,#534);
#320=LINE('',#2323,#535);
#321=LINE('',#2326,#536);
#322=LINE('',#2328,#537);
#323=LINE('',#2329,#538);
#324=LINE('',#2333,#539);
#325=LINE('',#2335,#540);
#326=LINE('',#2337,#541);
#327=LINE('',#2338,#542);
#328=LINE('',#2342,#543);
#329=LINE('',#2344,#544);
#330=LINE('',#2346,#545);
#331=LINE('',#2347,#546);
#332=LINE('',#2349,#547);
#333=LINE('',#2350,#548);
#334=LINE('',#2354,#549);
#335=LINE('',#2356,#550);
#336=LINE('',#2358,#551);
#337=LINE('',#2359,#552);
#338=LINE('',#2362,#553);
#339=LINE('',#2364,#554);
#340=LINE('',#2365,#555);
#341=LINE('',#2369,#556);
#342=LINE('',#2371,#557);
#343=LINE('',#2373,#558);
#344=LINE('',#2374,#559);
#345=LINE('',#2377,#560);
#346=LINE('',#2379,#561);
#347=LINE('',#2380,#562);
#348=LINE('',#2383,#563);
#349=LINE('',#2385,#564);
#350=LINE('',#2386,#565);
#351=LINE('',#2389,#566);
#352=LINE('',#2391,#567);
#353=LINE('',#2392,#568);
#354=LINE('',#2394,#569);
#355=LINE('',#2395,#570);
#356=LINE('',#2399,#571);
#357=LINE('',#2401,#572);
#358=LINE('',#2403,#573);
#359=LINE('',#2404,#574);
#360=LINE('',#2407,#575);
#361=LINE('',#2409,#576);
#362=LINE('',#2410,#577);
#363=LINE('',#2412,#578);
#364=LINE('',#2413,#579);
#365=LINE('',#2417,#580);
#366=LINE('',#2419,#581);
#367=LINE('',#2421,#582);
#368=LINE('',#2422,#583);
#369=LINE('',#2425,#584);
#370=LINE('',#2427,#585);
#371=LINE('',#2428,#586);
#372=LINE('',#2431,#587);
#373=LINE('',#2433,#588);
#374=LINE('',#2434,#589);
#375=LINE('',#2436,#590);
#376=LINE('',#2437,#591);
#377=LINE('',#2441,#592);
#378=LINE('',#2443,#593);
#379=LINE('',#2445,#594);
#380=LINE('',#2446,#595);
#381=LINE('',#2449,#596);
#382=LINE('',#2451,#597);
#383=LINE('',#2452,#598);
#384=LINE('',#2455,#599);
#385=LINE('',#2456,#600);
#386=LINE('',#2457,#601);
#387=LINE('',#2459,#602);
#388=LINE('',#2461,#603);
#389=LINE('',#2462,#604);
#390=LINE('',#2463,#605);
#391=LINE('',#2465,#606);
#392=LINE('',#2466,#607);
#393=LINE('',#2467,#608);
#394=LINE('',#2469,#609);
#395=LINE('',#2470,#610);
#396=LINE('',#2472,#611);
#397=LINE('',#2474,#612);
#398=LINE('',#2475,#613);
#399=LINE('',#2479,#614);
#400=LINE('',#2482,#615);
#401=LINE('',#2484,#616);
#402=LINE('',#2485,#617);
#403=LINE('',#2489,#618);
#404=LINE('',#2492,#619);
#405=LINE('',#2493,#620);
#406=LINE('',#2497,#621);
#407=LINE('',#2500,#622);
#408=LINE('',#2501,#623);
#409=LINE('',#2504,#624);
#410=LINE('',#2506,#625);
#411=LINE('',#2507,#626);
#412=LINE('',#2511,#627);
#413=LINE('',#2514,#628);
#414=LINE('',#2516,#629);
#415=LINE('',#2517,#630);
#416=LINE('',#2521,#631);
#417=LINE('',#2524,#632);
#418=LINE('',#2525,#633);
#419=LINE('',#2529,#634);
#420=LINE('',#2532,#635);
#421=LINE('',#2533,#636);
#422=LINE('',#2536,#637);
#423=LINE('',#2538,#638);
#424=LINE('',#2539,#639);
#425=LINE('',#2541,#640);
#426=LINE('',#2542,#641);
#427=LINE('',#2544,#642);
#428=LINE('',#2546,#643);
#429=LINE('',#2547,#644);
#430=LINE('',#2548,#645);
#431=LINE('',#2550,#646);
#432=LINE('',#2551,#647);
#433=LINE('',#2553,#648);
#434=LINE('',#2554,#649);
#435=LINE('',#2556,#650);
#436=LINE('',#2557,#651);
#437=LINE('',#2558,#652);
#438=VECTOR('',#1727,10.);
#439=VECTOR('',#1728,10.);
#440=VECTOR('',#1729,10.);
#441=VECTOR('',#1730,10.);
#442=VECTOR('',#1733,10.);
#443=VECTOR('',#1734,10.);
#444=VECTOR('',#1737,10.);
#445=VECTOR('',#1738,10.);
#446=VECTOR('',#1741,10.);
#447=VECTOR('',#1742,10.);
#448=VECTOR('',#1743,10.);
#449=VECTOR('',#1744,10.);
#450=VECTOR('',#1745,10.);
#451=VECTOR('',#1746,10.);
#452=VECTOR('',#1749,10.);
#453=VECTOR('',#1752,10.);
#454=VECTOR('',#1753,10.);
#455=VECTOR('',#1758,10.);
#456=VECTOR('',#1759,10.);
#457=VECTOR('',#1760,10.);
#458=VECTOR('',#1763,10.);
#459=VECTOR('',#1766,10.);
#460=VECTOR('',#1769,10.);
#461=VECTOR('',#1770,10.);
#462=VECTOR('',#1771,10.);
#463=VECTOR('',#1772,10.);
#464=VECTOR('',#1775,10.);
#465=VECTOR('',#1776,10.);
#466=VECTOR('',#1779,10.);
#467=VECTOR('',#1780,10.);
#468=VECTOR('',#1783,10.);
#469=VECTOR('',#1784,10.);
#470=VECTOR('',#1787,10.);
#471=VECTOR('',#1790,10.);
#472=VECTOR('',#1791,10.);
#473=VECTOR('',#1792,10.);
#474=VECTOR('',#1793,10.);
#475=VECTOR('',#1794,10.);
#476=VECTOR('',#1795,10.);
#477=VECTOR('',#1800,10.);
#478=VECTOR('',#1801,10.);
#479=VECTOR('',#1802,10.);
#480=VECTOR('',#1805,10.);
#481=VECTOR('',#1808,10.);
#482=VECTOR('',#1811,10.);
#483=VECTOR('',#1812,10.);
#484=VECTOR('',#1813,10.);
#485=VECTOR('',#1814,10.);
#486=VECTOR('',#1817,10.);
#487=VECTOR('',#1818,10.);
#488=VECTOR('',#1819,10.);
#489=VECTOR('',#1822,10.);
#490=VECTOR('',#1823,10.);
#491=VECTOR('',#1826,10.);
#492=VECTOR('',#1827,10.);
#493=VECTOR('',#1828,10.);
#494=VECTOR('',#1829,10.);
#495=VECTOR('',#1832,10.);
#496=VECTOR('',#1833,10.);
#497=VECTOR('',#1834,10.);
#498=VECTOR('',#1837,10.);
#499=VECTOR('',#1838,10.);
#500=VECTOR('',#1839,10.);
#501=VECTOR('',#1840,10.);
#502=VECTOR('',#1843,10.);
#503=VECTOR('',#1844,10.);
#504=VECTOR('',#1845,10.);
#505=VECTOR('',#1848,10.);
#506=VECTOR('',#1849,10.);
#507=VECTOR('',#1850,10.);
#508=VECTOR('',#1853,10.);
#509=VECTOR('',#1854,10.);
#510=VECTOR('',#1857,10.);
#511=VECTOR('',#1858,10.);
#512=VECTOR('',#1859,10.);
#513=VECTOR('',#1860,10.);
#514=VECTOR('',#1863,10.);
#515=VECTOR('',#1864,10.);
#516=VECTOR('',#1865,10.);
#517=VECTOR('',#1866,10.);
#518=VECTOR('',#1869,10.);
#519=VECTOR('',#1870,10.);
#520=VECTOR('',#1873,10.);
#521=VECTOR('',#1874,10.);
#522=VECTOR('',#1875,10.);
#523=VECTOR('',#1876,10.);
#524=VECTOR('',#1879,10.);
#525=VECTOR('',#1880,10.);
#526=VECTOR('',#1881,10.);
#527=VECTOR('',#1884,10.);
#528=VECTOR('',#1885,10.);
#529=VECTOR('',#1886,10.);
#530=VECTOR('',#1889,10.);
#531=VECTOR('',#1890,10.);
#532=VECTOR('',#1893,10.);
#533=VECTOR('',#1894,10.);
#534=VECTOR('',#1895,10.);
#535=VECTOR('',#1896,10.);
#536=VECTOR('',#1899,10.);
#537=VECTOR('',#1900,10.);
#538=VECTOR('',#1901,10.);
#539=VECTOR('',#1904,10.);
#540=VECTOR('',#1905,10.);
#541=VECTOR('',#1906,10.);
#542=VECTOR('',#1907,10.);
#543=VECTOR('',#1910,10.);
#544=VECTOR('',#1911,10.);
#545=VECTOR('',#1912,10.);
#546=VECTOR('',#1913,10.);
#547=VECTOR('',#1916,10.);
#548=VECTOR('',#1917,10.);
#549=VECTOR('',#1920,10.);
#550=VECTOR('',#1921,10.);
#551=VECTOR('',#1922,10.);
#552=VECTOR('',#1923,10.);
#553=VECTOR('',#1926,10.);
#554=VECTOR('',#1927,10.);
#555=VECTOR('',#1928,10.);
#556=VECTOR('',#1931,10.);
#557=VECTOR('',#1932,10.);
#558=VECTOR('',#1933,10.);
#559=VECTOR('',#1934,10.);
#560=VECTOR('',#1937,10.);
#561=VECTOR('',#1938,10.);
#562=VECTOR('',#1939,10.);
#563=VECTOR('',#1942,10.);
#564=VECTOR('',#1943,10.);
#565=VECTOR('',#1944,10.);
#566=VECTOR('',#1947,10.);
#567=VECTOR('',#1948,10.);
#568=VECTOR('',#1949,10.);
#569=VECTOR('',#1952,10.);
#570=VECTOR('',#1953,10.);
#571=VECTOR('',#1956,10.);
#572=VECTOR('',#1957,10.);
#573=VECTOR('',#1958,10.);
#574=VECTOR('',#1959,10.);
#575=VECTOR('',#1962,10.);
#576=VECTOR('',#1963,10.);
#577=VECTOR('',#1964,10.);
#578=VECTOR('',#1967,10.);
#579=VECTOR('',#1968,10.);
#580=VECTOR('',#1971,10.);
#581=VECTOR('',#1972,10.);
#582=VECTOR('',#1973,10.);
#583=VECTOR('',#1974,10.);
#584=VECTOR('',#1977,10.);
#585=VECTOR('',#1978,10.);
#586=VECTOR('',#1979,10.);
#587=VECTOR('',#1982,10.);
#588=VECTOR('',#1983,10.);
#589=VECTOR('',#1984,10.);
#590=VECTOR('',#1987,10.);
#591=VECTOR('',#1988,10.);
#592=VECTOR('',#1991,10.);
#593=VECTOR('',#1992,10.);
#594=VECTOR('',#1993,10.);
#595=VECTOR('',#1994,10.);
#596=VECTOR('',#1997,10.);
#597=VECTOR('',#1998,10.);
#598=VECTOR('',#1999,10.);
#599=VECTOR('',#2002,10.);
#600=VECTOR('',#2003,10.);
#601=VECTOR('',#2004,10.);
#602=VECTOR('',#2005,10.);
#603=VECTOR('',#2006,10.);
#604=VECTOR('',#2007,10.);
#605=VECTOR('',#2008,10.);
#606=VECTOR('',#2009,10.);
#607=VECTOR('',#2010,10.);
#608=VECTOR('',#2011,10.);
#609=VECTOR('',#2014,10.);
#610=VECTOR('',#2015,10.);
#611=VECTOR('',#2016,10.);
#612=VECTOR('',#2017,10.);
#613=VECTOR('',#2018,10.);
#614=VECTOR('',#2023,1.75);
#615=VECTOR('',#2026,10.);
#616=VECTOR('',#2027,10.);
#617=VECTOR('',#2028,10.);
#618=VECTOR('',#2033,10.);
#619=VECTOR('',#2036,10.);
#620=VECTOR('',#2037,10.);
#621=VECTOR('',#2042,10.);
#622=VECTOR('',#2045,10.);
#623=VECTOR('',#2046,10.);
#624=VECTOR('',#2049,10.);
#625=VECTOR('',#2050,10.);
#626=VECTOR('',#2051,10.);
#627=VECTOR('',#2056,1.75);
#628=VECTOR('',#2059,10.);
#629=VECTOR('',#2060,10.);
#630=VECTOR('',#2061,10.);
#631=VECTOR('',#2066,10.);
#632=VECTOR('',#2069,10.);
#633=VECTOR('',#2070,10.);
#634=VECTOR('',#2075,10.);
#635=VECTOR('',#2078,10.);
#636=VECTOR('',#2079,10.);
#637=VECTOR('',#2082,10.);
#638=VECTOR('',#2083,10.);
#639=VECTOR('',#2084,10.);
#640=VECTOR('',#2087,10.);
#641=VECTOR('',#2088,10.);
#642=VECTOR('',#2091,10.);
#643=VECTOR('',#2092,10.);
#644=VECTOR('',#2093,10.);
#645=VECTOR('',#2094,10.);
#646=VECTOR('',#2097,10.);
#647=VECTOR('',#2098,10.);
#648=VECTOR('',#2099,10.);
#649=VECTOR('',#2100,10.);
#650=VECTOR('',#2103,10.);
#651=VECTOR('',#2104,10.);
#652=VECTOR('',#2105,10.);
#653=VERTEX_POINT('',#2112);
#654=VERTEX_POINT('',#2113);
#655=VERTEX_POINT('',#2115);
#656=VERTEX_POINT('',#2117);
#657=VERTEX_POINT('',#2121);
#658=VERTEX_POINT('',#2125);
#659=VERTEX_POINT('',#2129);
#660=VERTEX_POINT('',#2131);
#661=VERTEX_POINT('',#2133);
#662=VERTEX_POINT('',#2135);
#663=VERTEX_POINT('',#2137);
#664=VERTEX_POINT('',#2139);
#665=VERTEX_POINT('',#2141);
#666=VERTEX_POINT('',#2143);
#667=VERTEX_POINT('',#2145);
#668=VERTEX_POINT('',#2147);
#669=VERTEX_POINT('',#2150);
#670=VERTEX_POINT('',#2153);
#671=VERTEX_POINT('',#2155);
#672=VERTEX_POINT('',#2163);
#673=VERTEX_POINT('',#2164);
#674=VERTEX_POINT('',#2166);
#675=VERTEX_POINT('',#2168);
#676=VERTEX_POINT('',#2172);
#677=VERTEX_POINT('',#2176);
#678=VERTEX_POINT('',#2180);
#679=VERTEX_POINT('',#2182);
#680=VERTEX_POINT('',#2184);
#681=VERTEX_POINT('',#2186);
#682=VERTEX_POINT('',#2188);
#683=VERTEX_POINT('',#2190);
#684=VERTEX_POINT('',#2192);
#685=VERTEX_POINT('',#2194);
#686=VERTEX_POINT('',#2196);
#687=VERTEX_POINT('',#2198);
#688=VERTEX_POINT('',#2201);
#689=VERTEX_POINT('',#2204);
#690=VERTEX_POINT('',#2206);
#691=VERTEX_POINT('',#2214);
#692=VERTEX_POINT('',#2215);
#693=VERTEX_POINT('',#2217);
#694=VERTEX_POINT('',#2219);
#695=VERTEX_POINT('',#2223);
#696=VERTEX_POINT('',#2225);
#697=VERTEX_POINT('',#2232);
#698=VERTEX_POINT('',#2233);
#699=VERTEX_POINT('',#2235);
#700=VERTEX_POINT('',#2237);
#701=VERTEX_POINT('',#2241);
#702=VERTEX_POINT('',#2243);
#703=VERTEX_POINT('',#2247);
#704=VERTEX_POINT('',#2248);
#705=VERTEX_POINT('',#2250);
#706=VERTEX_POINT('',#2252);
#707=VERTEX_POINT('',#2256);
#708=VERTEX_POINT('',#2258);
#709=VERTEX_POINT('',#2262);
#710=VERTEX_POINT('',#2264);
#711=VERTEX_POINT('',#2271);
#712=VERTEX_POINT('',#2272);
#713=VERTEX_POINT('',#2274);
#714=VERTEX_POINT('',#2276);
#715=VERTEX_POINT('',#2280);
#716=VERTEX_POINT('',#2281);
#717=VERTEX_POINT('',#2283);
#718=VERTEX_POINT('',#2285);
#719=VERTEX_POINT('',#2292);
#720=VERTEX_POINT('',#2293);
#721=VERTEX_POINT('',#2295);
#722=VERTEX_POINT('',#2297);
#723=VERTEX_POINT('',#2301);
#724=VERTEX_POINT('',#2303);
#725=VERTEX_POINT('',#2307);
#726=VERTEX_POINT('',#2309);
#727=VERTEX_POINT('',#2316);
#728=VERTEX_POINT('',#2317);
#729=VERTEX_POINT('',#2319);
#730=VERTEX_POINT('',#2321);
#731=VERTEX_POINT('',#2325);
#732=VERTEX_POINT('',#2327);
#733=VERTEX_POINT('',#2331);
#734=VERTEX_POINT('',#2332);
#735=VERTEX_POINT('',#2334);
#736=VERTEX_POINT('',#2336);
#737=VERTEX_POINT('',#2340);
#738=VERTEX_POINT('',#2341);
#739=VERTEX_POINT('',#2343);
#740=VERTEX_POINT('',#2345);
#741=VERTEX_POINT('',#2352);
#742=VERTEX_POINT('',#2353);
#743=VERTEX_POINT('',#2355);
#744=VERTEX_POINT('',#2357);
#745=VERTEX_POINT('',#2361);
#746=VERTEX_POINT('',#2363);
#747=VERTEX_POINT('',#2367);
#748=VERTEX_POINT('',#2368);
#749=VERTEX_POINT('',#2370);
#750=VERTEX_POINT('',#2372);
#751=VERTEX_POINT('',#2376);
#752=VERTEX_POINT('',#2378);
#753=VERTEX_POINT('',#2382);
#754=VERTEX_POINT('',#2384);
#755=VERTEX_POINT('',#2388);
#756=VERTEX_POINT('',#2390);
#757=VERTEX_POINT('',#2397);
#758=VERTEX_POINT('',#2398);
#759=VERTEX_POINT('',#2400);
#760=VERTEX_POINT('',#2402);
#761=VERTEX_POINT('',#2406);
#762=VERTEX_POINT('',#2408);
#763=VERTEX_POINT('',#2415);
#764=VERTEX_POINT('',#2416);
#765=VERTEX_POINT('',#2418);
#766=VERTEX_POINT('',#2420);
#767=VERTEX_POINT('',#2424);
#768=VERTEX_POINT('',#2426);
#769=VERTEX_POINT('',#2430);
#770=VERTEX_POINT('',#2432);
#771=VERTEX_POINT('',#2439);
#772=VERTEX_POINT('',#2440);
#773=VERTEX_POINT('',#2442);
#774=VERTEX_POINT('',#2444);
#775=VERTEX_POINT('',#2448);
#776=VERTEX_POINT('',#2450);
#777=VERTEX_POINT('',#2454);
#778=VERTEX_POINT('',#2458);
#779=VERTEX_POINT('',#2460);
#780=VERTEX_POINT('',#2464);
#781=VERTEX_POINT('',#2471);
#782=VERTEX_POINT('',#2473);
#783=VERTEX_POINT('',#2477);
#784=VERTEX_POINT('',#2481);
#785=VERTEX_POINT('',#2483);
#786=VERTEX_POINT('',#2487);
#787=VERTEX_POINT('',#2491);
#788=VERTEX_POINT('',#2495);
#789=VERTEX_POINT('',#2499);
#790=VERTEX_POINT('',#2503);
#791=VERTEX_POINT('',#2505);
#792=VERTEX_POINT('',#2509);
#793=VERTEX_POINT('',#2513);
#794=VERTEX_POINT('',#2515);
#795=VERTEX_POINT('',#2519);
#796=VERTEX_POINT('',#2523);
#797=VERTEX_POINT('',#2527);
#798=VERTEX_POINT('',#2531);
#799=VERTEX_POINT('',#2535);
#800=VERTEX_POINT('',#2537);
#801=VERTEX_POINT('',#2545);
#802=VERTEX_POINT('',#2552);
#803=EDGE_CURVE('',#653,#654,#223,.T.);
#804=EDGE_CURVE('',#655,#654,#224,.T.);
#805=EDGE_CURVE('',#656,#655,#225,.T.);
#806=EDGE_CURVE('',#653,#656,#226,.T.);
#807=EDGE_CURVE('',#657,#653,#227,.T.);
#808=EDGE_CURVE('',#654,#657,#228,.T.);
#809=EDGE_CURVE('',#656,#658,#229,.T.);
#810=EDGE_CURVE('',#658,#655,#230,.T.);
#811=EDGE_CURVE('',#659,#658,#231,.T.);
#812=EDGE_CURVE('',#659,#660,#232,.T.);
#813=EDGE_CURVE('',#660,#661,#233,.T.);
#814=EDGE_CURVE('',#661,#662,#234,.T.);
#815=EDGE_CURVE('',#663,#662,#235,.T.);
#816=EDGE_CURVE('',#663,#664,#236,.T.);
#817=EDGE_CURVE('',#665,#664,#43,.T.);
#818=EDGE_CURVE('',#665,#666,#237,.T.);
#819=EDGE_CURVE('',#667,#666,#44,.T.);
#820=EDGE_CURVE('',#668,#667,#238,.T.);
#821=EDGE_CURVE('',#657,#668,#239,.T.);
#822=EDGE_CURVE('',#669,#669,#45,.T.);
#823=EDGE_CURVE('',#661,#670,#240,.T.);
#824=EDGE_CURVE('',#660,#671,#241,.T.);
#825=EDGE_CURVE('',#670,#671,#242,.T.);
#826=EDGE_CURVE('',#662,#670,#243,.T.);
#827=EDGE_CURVE('',#671,#659,#244,.T.);
#828=EDGE_CURVE('',#672,#673,#245,.T.);
#829=EDGE_CURVE('',#674,#672,#246,.T.);
#830=EDGE_CURVE('',#674,#675,#247,.T.);
#831=EDGE_CURVE('',#673,#675,#248,.T.);
#832=EDGE_CURVE('',#672,#676,#249,.T.);
#833=EDGE_CURVE('',#676,#673,#250,.T.);
#834=EDGE_CURVE('',#677,#674,#251,.T.);
#835=EDGE_CURVE('',#675,#677,#252,.T.);
#836=EDGE_CURVE('',#678,#676,#253,.T.);
#837=EDGE_CURVE('',#678,#679,#254,.T.);
#838=EDGE_CURVE('',#680,#679,#46,.T.);
#839=EDGE_CURVE('',#681,#680,#255,.T.);
#840=EDGE_CURVE('',#682,#681,#47,.T.);
#841=EDGE_CURVE('',#683,#682,#256,.T.);
#842=EDGE_CURVE('',#684,#683,#257,.T.);
#843=EDGE_CURVE('',#684,#685,#258,.T.);
#844=EDGE_CURVE('',#685,#686,#259,.T.);
#845=EDGE_CURVE('',#686,#687,#260,.T.);
#846=EDGE_CURVE('',#677,#687,#261,.T.);
#847=EDGE_CURVE('',#688,#688,#48,.T.);
#848=EDGE_CURVE('',#685,#689,#262,.T.);
#849=EDGE_CURVE('',#690,#689,#263,.T.);
#850=EDGE_CURVE('',#686,#690,#264,.T.);
#851=EDGE_CURVE('',#689,#684,#265,.T.);
#852=EDGE_CURVE('',#687,#690,#266,.T.);
#853=EDGE_CURVE('',#691,#692,#267,.T.);
#854=EDGE_CURVE('',#693,#691,#268,.T.);
#855=EDGE_CURVE('',#694,#693,#269,.T.);
#856=EDGE_CURVE('',#694,#692,#270,.T.);
#857=EDGE_CURVE('',#692,#695,#271,.T.);
#858=EDGE_CURVE('',#696,#694,#272,.T.);
#859=EDGE_CURVE('',#696,#695,#273,.T.);
#860=EDGE_CURVE('',#695,#691,#274,.T.);
#861=EDGE_CURVE('',#693,#696,#275,.T.);
#862=EDGE_CURVE('',#697,#698,#276,.T.);
#863=EDGE_CURVE('',#699,#697,#277,.T.);
#864=EDGE_CURVE('',#700,#699,#278,.T.);
#865=EDGE_CURVE('',#700,#698,#279,.T.);
#866=EDGE_CURVE('',#698,#701,#280,.T.);
#867=EDGE_CURVE('',#702,#700,#281,.T.);
#868=EDGE_CURVE('',#702,#701,#282,.T.);
#869=EDGE_CURVE('',#703,#704,#283,.T.);
#870=EDGE_CURVE('',#705,#703,#284,.T.);
#871=EDGE_CURVE('',#706,#705,#285,.T.);
#872=EDGE_CURVE('',#706,#704,#286,.T.);
#873=EDGE_CURVE('',#704,#707,#287,.T.);
#874=EDGE_CURVE('',#708,#706,#288,.T.);
#875=EDGE_CURVE('',#708,#707,#289,.T.);
#876=EDGE_CURVE('',#707,#709,#290,.T.);
#877=EDGE_CURVE('',#710,#708,#291,.T.);
#878=EDGE_CURVE('',#710,#709,#292,.T.);
#879=EDGE_CURVE('',#709,#703,#293,.T.);
#880=EDGE_CURVE('',#705,#710,#294,.T.);
#881=EDGE_CURVE('',#711,#712,#295,.T.);
#882=EDGE_CURVE('',#713,#711,#296,.T.);
#883=EDGE_CURVE('',#714,#713,#297,.T.);
#884=EDGE_CURVE('',#714,#712,#298,.T.);
#885=EDGE_CURVE('',#715,#716,#299,.T.);
#886=EDGE_CURVE('',#717,#715,#300,.T.);
#887=EDGE_CURVE('',#718,#717,#301,.T.);
#888=EDGE_CURVE('',#718,#716,#302,.T.);
#889=EDGE_CURVE('',#716,#711,#303,.T.);
#890=EDGE_CURVE('',#713,#718,#304,.T.);
#891=EDGE_CURVE('',#719,#720,#305,.T.);
#892=EDGE_CURVE('',#721,#719,#306,.T.);
#893=EDGE_CURVE('',#722,#721,#307,.T.);
#894=EDGE_CURVE('',#722,#720,#308,.T.);
#895=EDGE_CURVE('',#720,#723,#309,.T.);
#896=EDGE_CURVE('',#724,#722,#310,.T.);
#897=EDGE_CURVE('',#724,#723,#311,.T.);
#898=EDGE_CURVE('',#723,#725,#312,.T.);
#899=EDGE_CURVE('',#726,#724,#313,.T.);
#900=EDGE_CURVE('',#726,#725,#314,.T.);
#901=EDGE_CURVE('',#725,#719,#315,.T.);
#902=EDGE_CURVE('',#721,#726,#316,.T.);
#903=EDGE_CURVE('',#727,#728,#317,.T.);
#904=EDGE_CURVE('',#729,#727,#318,.T.);
#905=EDGE_CURVE('',#730,#729,#319,.T.);
#906=EDGE_CURVE('',#730,#728,#320,.T.);
#907=EDGE_CURVE('',#728,#731,#321,.T.);
#908=EDGE_CURVE('',#732,#730,#322,.T.);
#909=EDGE_CURVE('',#732,#731,#323,.T.);
#910=EDGE_CURVE('',#733,#734,#324,.T.);
#911=EDGE_CURVE('',#735,#733,#325,.T.);
#912=EDGE_CURVE('',#736,#735,#326,.T.);
#913=EDGE_CURVE('',#736,#734,#327,.T.);
#914=EDGE_CURVE('',#737,#738,#328,.T.);
#915=EDGE_CURVE('',#739,#737,#329,.T.);
#916=EDGE_CURVE('',#740,#739,#330,.T.);
#917=EDGE_CURVE('',#740,#738,#331,.T.);
#918=EDGE_CURVE('',#738,#733,#332,.T.);
#919=EDGE_CURVE('',#735,#740,#333,.T.);
#920=EDGE_CURVE('',#741,#742,#334,.T.);
#921=EDGE_CURVE('',#743,#741,#335,.T.);
#922=EDGE_CURVE('',#744,#743,#336,.T.);
#923=EDGE_CURVE('',#744,#742,#337,.T.);
#924=EDGE_CURVE('',#742,#745,#338,.T.);
#925=EDGE_CURVE('',#746,#744,#339,.T.);
#926=EDGE_CURVE('',#746,#745,#340,.T.);
#927=EDGE_CURVE('',#747,#748,#341,.T.);
#928=EDGE_CURVE('',#749,#747,#342,.T.);
#929=EDGE_CURVE('',#750,#749,#343,.T.);
#930=EDGE_CURVE('',#750,#748,#344,.T.);
#931=EDGE_CURVE('',#748,#751,#345,.T.);
#932=EDGE_CURVE('',#752,#750,#346,.T.);
#933=EDGE_CURVE('',#752,#751,#347,.T.);
#934=EDGE_CURVE('',#751,#753,#348,.T.);
#935=EDGE_CURVE('',#754,#752,#349,.T.);
#936=EDGE_CURVE('',#754,#753,#350,.T.);
#937=EDGE_CURVE('',#753,#755,#351,.T.);
#938=EDGE_CURVE('',#756,#754,#352,.T.);
#939=EDGE_CURVE('',#756,#755,#353,.T.);
#940=EDGE_CURVE('',#755,#747,#354,.T.);
#941=EDGE_CURVE('',#749,#756,#355,.T.);
#942=EDGE_CURVE('',#757,#758,#356,.T.);
#943=EDGE_CURVE('',#759,#757,#357,.T.);
#944=EDGE_CURVE('',#760,#759,#358,.T.);
#945=EDGE_CURVE('',#760,#758,#359,.T.);
#946=EDGE_CURVE('',#758,#761,#360,.T.);
#947=EDGE_CURVE('',#762,#760,#361,.T.);
#948=EDGE_CURVE('',#762,#761,#362,.T.);
#949=EDGE_CURVE('',#761,#757,#363,.T.);
#950=EDGE_CURVE('',#759,#762,#364,.T.);
#951=EDGE_CURVE('',#763,#764,#365,.T.);
#952=EDGE_CURVE('',#765,#763,#366,.T.);
#953=EDGE_CURVE('',#766,#765,#367,.T.);
#954=EDGE_CURVE('',#766,#764,#368,.T.);
#955=EDGE_CURVE('',#764,#767,#369,.T.);
#956=EDGE_CURVE('',#768,#766,#370,.T.);
#957=EDGE_CURVE('',#768,#767,#371,.T.);
#958=EDGE_CURVE('',#767,#769,#372,.T.);
#959=EDGE_CURVE('',#770,#768,#373,.T.);
#960=EDGE_CURVE('',#770,#769,#374,.T.);
#961=EDGE_CURVE('',#769,#763,#375,.T.);
#962=EDGE_CURVE('',#765,#770,#376,.T.);
#963=EDGE_CURVE('',#771,#772,#377,.T.);
#964=EDGE_CURVE('',#773,#771,#378,.T.);
#965=EDGE_CURVE('',#774,#773,#379,.T.);
#966=EDGE_CURVE('',#774,#772,#380,.T.);
#967=EDGE_CURVE('',#772,#775,#381,.T.);
#968=EDGE_CURVE('',#776,#774,#382,.T.);
#969=EDGE_CURVE('',#776,#775,#383,.T.);
#970=EDGE_CURVE('',#777,#699,#384,.T.);
#971=EDGE_CURVE('',#746,#777,#385,.T.);
#972=EDGE_CURVE('',#714,#743,#386,.T.);
#973=EDGE_CURVE('',#778,#717,#387,.T.);
#974=EDGE_CURVE('',#778,#779,#388,.T.);
#975=EDGE_CURVE('',#736,#779,#389,.T.);
#976=EDGE_CURVE('',#732,#739,#390,.T.);
#977=EDGE_CURVE('',#780,#729,#391,.T.);
#978=EDGE_CURVE('',#776,#780,#392,.T.);
#979=EDGE_CURVE('',#702,#773,#393,.T.);
#980=EDGE_CURVE('',#712,#715,#394,.T.);
#981=EDGE_CURVE('',#745,#741,#395,.T.);
#982=EDGE_CURVE('',#777,#781,#396,.T.);
#983=EDGE_CURVE('',#782,#781,#397,.T.);
#984=EDGE_CURVE('',#778,#782,#398,.T.);
#985=EDGE_CURVE('',#783,#783,#49,.T.);
#986=EDGE_CURVE('',#783,#688,#399,.T.);
#987=EDGE_CURVE('',#678,#784,#400,.T.);
#988=EDGE_CURVE('',#785,#784,#401,.T.);
#989=EDGE_CURVE('',#679,#785,#402,.T.);
#990=EDGE_CURVE('',#786,#785,#50,.T.);
#991=EDGE_CURVE('',#680,#786,#403,.T.);
#992=EDGE_CURVE('',#787,#786,#404,.T.);
#993=EDGE_CURVE('',#681,#787,#405,.T.);
#994=EDGE_CURVE('',#788,#787,#51,.T.);
#995=EDGE_CURVE('',#682,#788,#406,.T.);
#996=EDGE_CURVE('',#789,#788,#407,.T.);
#997=EDGE_CURVE('',#683,#789,#408,.T.);
#998=EDGE_CURVE('',#790,#683,#409,.T.);
#999=EDGE_CURVE('',#791,#790,#410,.T.);
#1000=EDGE_CURVE('',#791,#678,#411,.T.);
#1001=EDGE_CURVE('',#792,#792,#52,.T.);
#1002=EDGE_CURVE('',#792,#669,#412,.T.);
#1003=EDGE_CURVE('',#663,#793,#413,.T.);
#1004=EDGE_CURVE('',#794,#793,#414,.T.);
#1005=EDGE_CURVE('',#664,#794,#415,.T.);
#1006=EDGE_CURVE('',#795,#794,#53,.T.);
#1007=EDGE_CURVE('',#665,#795,#416,.T.);
#1008=EDGE_CURVE('',#796,#795,#417,.T.);
#1009=EDGE_CURVE('',#666,#796,#418,.T.);
#1010=EDGE_CURVE('',#797,#796,#54,.T.);
#1011=EDGE_CURVE('',#667,#797,#419,.T.);
#1012=EDGE_CURVE('',#798,#797,#420,.T.);
#1013=EDGE_CURVE('',#668,#798,#421,.T.);
#1014=EDGE_CURVE('',#799,#668,#422,.T.);
#1015=EDGE_CURVE('',#800,#799,#423,.T.);
#1016=EDGE_CURVE('',#800,#663,#424,.T.);
#1017=EDGE_CURVE('',#799,#791,#425,.T.);
#1018=EDGE_CURVE('',#784,#798,#426,.T.);
#1019=EDGE_CURVE('',#790,#800,#427,.T.);
#1020=EDGE_CURVE('',#801,#789,#428,.T.);
#1021=EDGE_CURVE('',#779,#801,#429,.T.);
#1022=EDGE_CURVE('',#793,#782,#430,.T.);
#1023=EDGE_CURVE('',#731,#727,#431,.T.);
#1024=EDGE_CURVE('',#734,#737,#432,.T.);
#1025=EDGE_CURVE('',#802,#801,#433,.T.);
#1026=EDGE_CURVE('',#780,#802,#434,.T.);
#1027=EDGE_CURVE('',#701,#697,#435,.T.);
#1028=EDGE_CURVE('',#775,#771,#436,.T.);
#1029=EDGE_CURVE('',#781,#802,#437,.T.);
#1030=ORIENTED_EDGE('',*,*,#803,.T.);
#1031=ORIENTED_EDGE('',*,*,#804,.F.);
#1032=ORIENTED_EDGE('',*,*,#805,.F.);
#1033=ORIENTED_EDGE('',*,*,#806,.F.);
#1034=ORIENTED_EDGE('',*,*,#807,.F.);
#1035=ORIENTED_EDGE('',*,*,#808,.F.);
#1036=ORIENTED_EDGE('',*,*,#803,.F.);
#1037=ORIENTED_EDGE('',*,*,#809,.F.);
#1038=ORIENTED_EDGE('',*,*,#805,.T.);
#1039=ORIENTED_EDGE('',*,*,#810,.F.);
#1040=ORIENTED_EDGE('',*,*,#807,.T.);
#1041=ORIENTED_EDGE('',*,*,#806,.T.);
#1042=ORIENTED_EDGE('',*,*,#809,.T.);
#1043=ORIENTED_EDGE('',*,*,#811,.F.);
#1044=ORIENTED_EDGE('',*,*,#812,.T.);
#1045=ORIENTED_EDGE('',*,*,#813,.T.);
#1046=ORIENTED_EDGE('',*,*,#814,.T.);
#1047=ORIENTED_EDGE('',*,*,#815,.F.);
#1048=ORIENTED_EDGE('',*,*,#816,.T.);
#1049=ORIENTED_EDGE('',*,*,#817,.F.);
#1050=ORIENTED_EDGE('',*,*,#818,.T.);
#1051=ORIENTED_EDGE('',*,*,#819,.F.);
#1052=ORIENTED_EDGE('',*,*,#820,.F.);
#1053=ORIENTED_EDGE('',*,*,#821,.F.);
#1054=ORIENTED_EDGE('',*,*,#822,.F.);
#1055=ORIENTED_EDGE('',*,*,#823,.F.);
#1056=ORIENTED_EDGE('',*,*,#813,.F.);
#1057=ORIENTED_EDGE('',*,*,#824,.T.);
#1058=ORIENTED_EDGE('',*,*,#825,.F.);
#1059=ORIENTED_EDGE('',*,*,#814,.F.);
#1060=ORIENTED_EDGE('',*,*,#823,.T.);
#1061=ORIENTED_EDGE('',*,*,#826,.F.);
#1062=ORIENTED_EDGE('',*,*,#812,.F.);
#1063=ORIENTED_EDGE('',*,*,#827,.F.);
#1064=ORIENTED_EDGE('',*,*,#824,.F.);
#1065=ORIENTED_EDGE('',*,*,#828,.F.);
#1066=ORIENTED_EDGE('',*,*,#829,.F.);
#1067=ORIENTED_EDGE('',*,*,#830,.T.);
#1068=ORIENTED_EDGE('',*,*,#831,.F.);
#1069=ORIENTED_EDGE('',*,*,#832,.F.);
#1070=ORIENTED_EDGE('',*,*,#828,.T.);
#1071=ORIENTED_EDGE('',*,*,#833,.F.);
#1072=ORIENTED_EDGE('',*,*,#834,.F.);
#1073=ORIENTED_EDGE('',*,*,#835,.F.);
#1074=ORIENTED_EDGE('',*,*,#830,.F.);
#1075=ORIENTED_EDGE('',*,*,#834,.T.);
#1076=ORIENTED_EDGE('',*,*,#829,.T.);
#1077=ORIENTED_EDGE('',*,*,#832,.T.);
#1078=ORIENTED_EDGE('',*,*,#836,.F.);
#1079=ORIENTED_EDGE('',*,*,#837,.T.);
#1080=ORIENTED_EDGE('',*,*,#838,.F.);
#1081=ORIENTED_EDGE('',*,*,#839,.F.);
#1082=ORIENTED_EDGE('',*,*,#840,.F.);
#1083=ORIENTED_EDGE('',*,*,#841,.F.);
#1084=ORIENTED_EDGE('',*,*,#842,.F.);
#1085=ORIENTED_EDGE('',*,*,#843,.T.);
#1086=ORIENTED_EDGE('',*,*,#844,.T.);
#1087=ORIENTED_EDGE('',*,*,#845,.T.);
#1088=ORIENTED_EDGE('',*,*,#846,.F.);
#1089=ORIENTED_EDGE('',*,*,#847,.F.);
#1090=ORIENTED_EDGE('',*,*,#848,.T.);
#1091=ORIENTED_EDGE('',*,*,#849,.F.);
#1092=ORIENTED_EDGE('',*,*,#850,.F.);
#1093=ORIENTED_EDGE('',*,*,#844,.F.);
#1094=ORIENTED_EDGE('',*,*,#843,.F.);
#1095=ORIENTED_EDGE('',*,*,#851,.F.);
#1096=ORIENTED_EDGE('',*,*,#848,.F.);
#1097=ORIENTED_EDGE('',*,*,#845,.F.);
#1098=ORIENTED_EDGE('',*,*,#850,.T.);
#1099=ORIENTED_EDGE('',*,*,#852,.F.);
#1100=ORIENTED_EDGE('',*,*,#853,.F.);
#1101=ORIENTED_EDGE('',*,*,#854,.F.);
#1102=ORIENTED_EDGE('',*,*,#855,.F.);
#1103=ORIENTED_EDGE('',*,*,#856,.T.);
#1104=ORIENTED_EDGE('',*,*,#857,.F.);
#1105=ORIENTED_EDGE('',*,*,#856,.F.);
#1106=ORIENTED_EDGE('',*,*,#858,.F.);
#1107=ORIENTED_EDGE('',*,*,#859,.T.);
#1108=ORIENTED_EDGE('',*,*,#860,.F.);
#1109=ORIENTED_EDGE('',*,*,#859,.F.);
#1110=ORIENTED_EDGE('',*,*,#861,.F.);
#1111=ORIENTED_EDGE('',*,*,#854,.T.);
#1112=ORIENTED_EDGE('',*,*,#862,.F.);
#1113=ORIENTED_EDGE('',*,*,#863,.F.);
#1114=ORIENTED_EDGE('',*,*,#864,.F.);
#1115=ORIENTED_EDGE('',*,*,#865,.T.);
#1116=ORIENTED_EDGE('',*,*,#866,.F.);
#1117=ORIENTED_EDGE('',*,*,#865,.F.);
#1118=ORIENTED_EDGE('',*,*,#867,.F.);
#1119=ORIENTED_EDGE('',*,*,#868,.T.);
#1120=ORIENTED_EDGE('',*,*,#869,.F.);
#1121=ORIENTED_EDGE('',*,*,#870,.F.);
#1122=ORIENTED_EDGE('',*,*,#871,.F.);
#1123=ORIENTED_EDGE('',*,*,#872,.T.);
#1124=ORIENTED_EDGE('',*,*,#873,.F.);
#1125=ORIENTED_EDGE('',*,*,#872,.F.);
#1126=ORIENTED_EDGE('',*,*,#874,.F.);
#1127=ORIENTED_EDGE('',*,*,#875,.T.);
#1128=ORIENTED_EDGE('',*,*,#876,.F.);
#1129=ORIENTED_EDGE('',*,*,#875,.F.);
#1130=ORIENTED_EDGE('',*,*,#877,.F.);
#1131=ORIENTED_EDGE('',*,*,#878,.T.);
#1132=ORIENTED_EDGE('',*,*,#879,.F.);
#1133=ORIENTED_EDGE('',*,*,#878,.F.);
#1134=ORIENTED_EDGE('',*,*,#880,.F.);
#1135=ORIENTED_EDGE('',*,*,#870,.T.);
#1136=ORIENTED_EDGE('',*,*,#881,.F.);
#1137=ORIENTED_EDGE('',*,*,#882,.F.);
#1138=ORIENTED_EDGE('',*,*,#883,.F.);
#1139=ORIENTED_EDGE('',*,*,#884,.T.);
#1140=ORIENTED_EDGE('',*,*,#885,.F.);
#1141=ORIENTED_EDGE('',*,*,#886,.F.);
#1142=ORIENTED_EDGE('',*,*,#887,.F.);
#1143=ORIENTED_EDGE('',*,*,#888,.T.);
#1144=ORIENTED_EDGE('',*,*,#889,.F.);
#1145=ORIENTED_EDGE('',*,*,#888,.F.);
#1146=ORIENTED_EDGE('',*,*,#890,.F.);
#1147=ORIENTED_EDGE('',*,*,#882,.T.);
#1148=ORIENTED_EDGE('',*,*,#891,.F.);
#1149=ORIENTED_EDGE('',*,*,#892,.F.);
#1150=ORIENTED_EDGE('',*,*,#893,.F.);
#1151=ORIENTED_EDGE('',*,*,#894,.T.);
#1152=ORIENTED_EDGE('',*,*,#895,.F.);
#1153=ORIENTED_EDGE('',*,*,#894,.F.);
#1154=ORIENTED_EDGE('',*,*,#896,.F.);
#1155=ORIENTED_EDGE('',*,*,#897,.T.);
#1156=ORIENTED_EDGE('',*,*,#898,.F.);
#1157=ORIENTED_EDGE('',*,*,#897,.F.);
#1158=ORIENTED_EDGE('',*,*,#899,.F.);
#1159=ORIENTED_EDGE('',*,*,#900,.T.);
#1160=ORIENTED_EDGE('',*,*,#901,.F.);
#1161=ORIENTED_EDGE('',*,*,#900,.F.);
#1162=ORIENTED_EDGE('',*,*,#902,.F.);
#1163=ORIENTED_EDGE('',*,*,#892,.T.);
#1164=ORIENTED_EDGE('',*,*,#903,.F.);
#1165=ORIENTED_EDGE('',*,*,#904,.F.);
#1166=ORIENTED_EDGE('',*,*,#905,.F.);
#1167=ORIENTED_EDGE('',*,*,#906,.T.);
#1168=ORIENTED_EDGE('',*,*,#907,.F.);
#1169=ORIENTED_EDGE('',*,*,#906,.F.);
#1170=ORIENTED_EDGE('',*,*,#908,.F.);
#1171=ORIENTED_EDGE('',*,*,#909,.T.);
#1172=ORIENTED_EDGE('',*,*,#910,.F.);
#1173=ORIENTED_EDGE('',*,*,#911,.F.);
#1174=ORIENTED_EDGE('',*,*,#912,.F.);
#1175=ORIENTED_EDGE('',*,*,#913,.T.);
#1176=ORIENTED_EDGE('',*,*,#914,.F.);
#1177=ORIENTED_EDGE('',*,*,#915,.F.);
#1178=ORIENTED_EDGE('',*,*,#916,.F.);
#1179=ORIENTED_EDGE('',*,*,#917,.T.);
#1180=ORIENTED_EDGE('',*,*,#918,.F.);
#1181=ORIENTED_EDGE('',*,*,#917,.F.);
#1182=ORIENTED_EDGE('',*,*,#919,.F.);
#1183=ORIENTED_EDGE('',*,*,#911,.T.);
#1184=ORIENTED_EDGE('',*,*,#920,.F.);
#1185=ORIENTED_EDGE('',*,*,#921,.F.);
#1186=ORIENTED_EDGE('',*,*,#922,.F.);
#1187=ORIENTED_EDGE('',*,*,#923,.T.);
#1188=ORIENTED_EDGE('',*,*,#924,.F.);
#1189=ORIENTED_EDGE('',*,*,#923,.F.);
#1190=ORIENTED_EDGE('',*,*,#925,.F.);
#1191=ORIENTED_EDGE('',*,*,#926,.T.);
#1192=ORIENTED_EDGE('',*,*,#927,.F.);
#1193=ORIENTED_EDGE('',*,*,#928,.F.);
#1194=ORIENTED_EDGE('',*,*,#929,.F.);
#1195=ORIENTED_EDGE('',*,*,#930,.T.);
#1196=ORIENTED_EDGE('',*,*,#931,.F.);
#1197=ORIENTED_EDGE('',*,*,#930,.F.);
#1198=ORIENTED_EDGE('',*,*,#932,.F.);
#1199=ORIENTED_EDGE('',*,*,#933,.T.);
#1200=ORIENTED_EDGE('',*,*,#934,.F.);
#1201=ORIENTED_EDGE('',*,*,#933,.F.);
#1202=ORIENTED_EDGE('',*,*,#935,.F.);
#1203=ORIENTED_EDGE('',*,*,#936,.T.);
#1204=ORIENTED_EDGE('',*,*,#937,.F.);
#1205=ORIENTED_EDGE('',*,*,#936,.F.);
#1206=ORIENTED_EDGE('',*,*,#938,.F.);
#1207=ORIENTED_EDGE('',*,*,#939,.T.);
#1208=ORIENTED_EDGE('',*,*,#940,.F.);
#1209=ORIENTED_EDGE('',*,*,#939,.F.);
#1210=ORIENTED_EDGE('',*,*,#941,.F.);
#1211=ORIENTED_EDGE('',*,*,#928,.T.);
#1212=ORIENTED_EDGE('',*,*,#942,.F.);
#1213=ORIENTED_EDGE('',*,*,#943,.F.);
#1214=ORIENTED_EDGE('',*,*,#944,.F.);
#1215=ORIENTED_EDGE('',*,*,#945,.T.);
#1216=ORIENTED_EDGE('',*,*,#946,.F.);
#1217=ORIENTED_EDGE('',*,*,#945,.F.);
#1218=ORIENTED_EDGE('',*,*,#947,.F.);
#1219=ORIENTED_EDGE('',*,*,#948,.T.);
#1220=ORIENTED_EDGE('',*,*,#949,.F.);
#1221=ORIENTED_EDGE('',*,*,#948,.F.);
#1222=ORIENTED_EDGE('',*,*,#950,.F.);
#1223=ORIENTED_EDGE('',*,*,#943,.T.);
#1224=ORIENTED_EDGE('',*,*,#951,.F.);
#1225=ORIENTED_EDGE('',*,*,#952,.F.);
#1226=ORIENTED_EDGE('',*,*,#953,.F.);
#1227=ORIENTED_EDGE('',*,*,#954,.T.);
#1228=ORIENTED_EDGE('',*,*,#955,.F.);
#1229=ORIENTED_EDGE('',*,*,#954,.F.);
#1230=ORIENTED_EDGE('',*,*,#956,.F.);
#1231=ORIENTED_EDGE('',*,*,#957,.T.);
#1232=ORIENTED_EDGE('',*,*,#958,.F.);
#1233=ORIENTED_EDGE('',*,*,#957,.F.);
#1234=ORIENTED_EDGE('',*,*,#959,.F.);
#1235=ORIENTED_EDGE('',*,*,#960,.T.);
#1236=ORIENTED_EDGE('',*,*,#961,.F.);
#1237=ORIENTED_EDGE('',*,*,#960,.F.);
#1238=ORIENTED_EDGE('',*,*,#962,.F.);
#1239=ORIENTED_EDGE('',*,*,#952,.T.);
#1240=ORIENTED_EDGE('',*,*,#963,.F.);
#1241=ORIENTED_EDGE('',*,*,#964,.F.);
#1242=ORIENTED_EDGE('',*,*,#965,.F.);
#1243=ORIENTED_EDGE('',*,*,#966,.T.);
#1244=ORIENTED_EDGE('',*,*,#967,.F.);
#1245=ORIENTED_EDGE('',*,*,#966,.F.);
#1246=ORIENTED_EDGE('',*,*,#968,.F.);
#1247=ORIENTED_EDGE('',*,*,#969,.T.);
#1248=ORIENTED_EDGE('',*,*,#864,.T.);
#1249=ORIENTED_EDGE('',*,*,#970,.F.);
#1250=ORIENTED_EDGE('',*,*,#971,.F.);
#1251=ORIENTED_EDGE('',*,*,#925,.T.);
#1252=ORIENTED_EDGE('',*,*,#922,.T.);
#1253=ORIENTED_EDGE('',*,*,#972,.F.);
#1254=ORIENTED_EDGE('',*,*,#883,.T.);
#1255=ORIENTED_EDGE('',*,*,#890,.T.);
#1256=ORIENTED_EDGE('',*,*,#887,.T.);
#1257=ORIENTED_EDGE('',*,*,#973,.F.);
#1258=ORIENTED_EDGE('',*,*,#974,.T.);
#1259=ORIENTED_EDGE('',*,*,#975,.F.);
#1260=ORIENTED_EDGE('',*,*,#912,.T.);
#1261=ORIENTED_EDGE('',*,*,#919,.T.);
#1262=ORIENTED_EDGE('',*,*,#916,.T.);
#1263=ORIENTED_EDGE('',*,*,#976,.F.);
#1264=ORIENTED_EDGE('',*,*,#908,.T.);
#1265=ORIENTED_EDGE('',*,*,#905,.T.);
#1266=ORIENTED_EDGE('',*,*,#977,.F.);
#1267=ORIENTED_EDGE('',*,*,#978,.F.);
#1268=ORIENTED_EDGE('',*,*,#968,.T.);
#1269=ORIENTED_EDGE('',*,*,#965,.T.);
#1270=ORIENTED_EDGE('',*,*,#979,.F.);
#1271=ORIENTED_EDGE('',*,*,#867,.T.);
#1272=ORIENTED_EDGE('',*,*,#858,.T.);
#1273=ORIENTED_EDGE('',*,*,#855,.T.);
#1274=ORIENTED_EDGE('',*,*,#861,.T.);
#1275=ORIENTED_EDGE('',*,*,#877,.T.);
#1276=ORIENTED_EDGE('',*,*,#874,.T.);
#1277=ORIENTED_EDGE('',*,*,#871,.T.);
#1278=ORIENTED_EDGE('',*,*,#880,.T.);
#1279=ORIENTED_EDGE('',*,*,#899,.T.);
#1280=ORIENTED_EDGE('',*,*,#896,.T.);
#1281=ORIENTED_EDGE('',*,*,#893,.T.);
#1282=ORIENTED_EDGE('',*,*,#902,.T.);
#1283=ORIENTED_EDGE('',*,*,#935,.T.);
#1284=ORIENTED_EDGE('',*,*,#932,.T.);
#1285=ORIENTED_EDGE('',*,*,#929,.T.);
#1286=ORIENTED_EDGE('',*,*,#941,.T.);
#1287=ORIENTED_EDGE('',*,*,#938,.T.);
#1288=ORIENTED_EDGE('',*,*,#947,.T.);
#1289=ORIENTED_EDGE('',*,*,#944,.T.);
#1290=ORIENTED_EDGE('',*,*,#950,.T.);
#1291=ORIENTED_EDGE('',*,*,#959,.T.);
#1292=ORIENTED_EDGE('',*,*,#956,.T.);
#1293=ORIENTED_EDGE('',*,*,#953,.T.);
#1294=ORIENTED_EDGE('',*,*,#962,.T.);
#1295=ORIENTED_EDGE('',*,*,#973,.T.);
#1296=ORIENTED_EDGE('',*,*,#886,.T.);
#1297=ORIENTED_EDGE('',*,*,#980,.F.);
#1298=ORIENTED_EDGE('',*,*,#884,.F.);
#1299=ORIENTED_EDGE('',*,*,#972,.T.);
#1300=ORIENTED_EDGE('',*,*,#921,.T.);
#1301=ORIENTED_EDGE('',*,*,#981,.F.);
#1302=ORIENTED_EDGE('',*,*,#926,.F.);
#1303=ORIENTED_EDGE('',*,*,#971,.T.);
#1304=ORIENTED_EDGE('',*,*,#982,.T.);
#1305=ORIENTED_EDGE('',*,*,#983,.F.);
#1306=ORIENTED_EDGE('',*,*,#984,.F.);
#1307=ORIENTED_EDGE('',*,*,#985,.F.);
#1308=ORIENTED_EDGE('',*,*,#986,.T.);
#1309=ORIENTED_EDGE('',*,*,#847,.T.);
#1310=ORIENTED_EDGE('',*,*,#986,.F.);
#1311=ORIENTED_EDGE('',*,*,#837,.F.);
#1312=ORIENTED_EDGE('',*,*,#987,.T.);
#1313=ORIENTED_EDGE('',*,*,#988,.F.);
#1314=ORIENTED_EDGE('',*,*,#989,.F.);
#1315=ORIENTED_EDGE('',*,*,#838,.T.);
#1316=ORIENTED_EDGE('',*,*,#989,.T.);
#1317=ORIENTED_EDGE('',*,*,#990,.F.);
#1318=ORIENTED_EDGE('',*,*,#991,.F.);
#1319=ORIENTED_EDGE('',*,*,#839,.T.);
#1320=ORIENTED_EDGE('',*,*,#991,.T.);
#1321=ORIENTED_EDGE('',*,*,#992,.F.);
#1322=ORIENTED_EDGE('',*,*,#993,.F.);
#1323=ORIENTED_EDGE('',*,*,#840,.T.);
#1324=ORIENTED_EDGE('',*,*,#993,.T.);
#1325=ORIENTED_EDGE('',*,*,#994,.F.);
#1326=ORIENTED_EDGE('',*,*,#995,.F.);
#1327=ORIENTED_EDGE('',*,*,#841,.T.);
#1328=ORIENTED_EDGE('',*,*,#995,.T.);
#1329=ORIENTED_EDGE('',*,*,#996,.F.);
#1330=ORIENTED_EDGE('',*,*,#997,.F.);
#1331=ORIENTED_EDGE('',*,*,#835,.T.);
#1332=ORIENTED_EDGE('',*,*,#846,.T.);
#1333=ORIENTED_EDGE('',*,*,#852,.T.);
#1334=ORIENTED_EDGE('',*,*,#849,.T.);
#1335=ORIENTED_EDGE('',*,*,#851,.T.);
#1336=ORIENTED_EDGE('',*,*,#842,.T.);
#1337=ORIENTED_EDGE('',*,*,#998,.F.);
#1338=ORIENTED_EDGE('',*,*,#999,.F.);
#1339=ORIENTED_EDGE('',*,*,#1000,.T.);
#1340=ORIENTED_EDGE('',*,*,#836,.T.);
#1341=ORIENTED_EDGE('',*,*,#833,.T.);
#1342=ORIENTED_EDGE('',*,*,#831,.T.);
#1343=ORIENTED_EDGE('',*,*,#1001,.F.);
#1344=ORIENTED_EDGE('',*,*,#1002,.T.);
#1345=ORIENTED_EDGE('',*,*,#822,.T.);
#1346=ORIENTED_EDGE('',*,*,#1002,.F.);
#1347=ORIENTED_EDGE('',*,*,#816,.F.);
#1348=ORIENTED_EDGE('',*,*,#1003,.T.);
#1349=ORIENTED_EDGE('',*,*,#1004,.F.);
#1350=ORIENTED_EDGE('',*,*,#1005,.F.);
#1351=ORIENTED_EDGE('',*,*,#817,.T.);
#1352=ORIENTED_EDGE('',*,*,#1005,.T.);
#1353=ORIENTED_EDGE('',*,*,#1006,.F.);
#1354=ORIENTED_EDGE('',*,*,#1007,.F.);
#1355=ORIENTED_EDGE('',*,*,#818,.F.);
#1356=ORIENTED_EDGE('',*,*,#1007,.T.);
#1357=ORIENTED_EDGE('',*,*,#1008,.F.);
#1358=ORIENTED_EDGE('',*,*,#1009,.F.);
#1359=ORIENTED_EDGE('',*,*,#819,.T.);
#1360=ORIENTED_EDGE('',*,*,#1009,.T.);
#1361=ORIENTED_EDGE('',*,*,#1010,.F.);
#1362=ORIENTED_EDGE('',*,*,#1011,.F.);
#1363=ORIENTED_EDGE('',*,*,#820,.T.);
#1364=ORIENTED_EDGE('',*,*,#1011,.T.);
#1365=ORIENTED_EDGE('',*,*,#1012,.F.);
#1366=ORIENTED_EDGE('',*,*,#1013,.F.);
#1367=ORIENTED_EDGE('',*,*,#808,.T.);
#1368=ORIENTED_EDGE('',*,*,#821,.T.);
#1369=ORIENTED_EDGE('',*,*,#1014,.F.);
#1370=ORIENTED_EDGE('',*,*,#1015,.F.);
#1371=ORIENTED_EDGE('',*,*,#1016,.T.);
#1372=ORIENTED_EDGE('',*,*,#815,.T.);
#1373=ORIENTED_EDGE('',*,*,#826,.T.);
#1374=ORIENTED_EDGE('',*,*,#825,.T.);
#1375=ORIENTED_EDGE('',*,*,#827,.T.);
#1376=ORIENTED_EDGE('',*,*,#811,.T.);
#1377=ORIENTED_EDGE('',*,*,#810,.T.);
#1378=ORIENTED_EDGE('',*,*,#804,.T.);
#1379=ORIENTED_EDGE('',*,*,#1017,.F.);
#1380=ORIENTED_EDGE('',*,*,#1014,.T.);
#1381=ORIENTED_EDGE('',*,*,#1013,.T.);
#1382=ORIENTED_EDGE('',*,*,#1018,.F.);
#1383=ORIENTED_EDGE('',*,*,#987,.F.);
#1384=ORIENTED_EDGE('',*,*,#1000,.F.);
#1385=ORIENTED_EDGE('',*,*,#1019,.F.);
#1386=ORIENTED_EDGE('',*,*,#998,.T.);
#1387=ORIENTED_EDGE('',*,*,#997,.T.);
#1388=ORIENTED_EDGE('',*,*,#1020,.F.);
#1389=ORIENTED_EDGE('',*,*,#1021,.F.);
#1390=ORIENTED_EDGE('',*,*,#974,.F.);
#1391=ORIENTED_EDGE('',*,*,#984,.T.);
#1392=ORIENTED_EDGE('',*,*,#1022,.F.);
#1393=ORIENTED_EDGE('',*,*,#1003,.F.);
#1394=ORIENTED_EDGE('',*,*,#1016,.F.);
#1395=ORIENTED_EDGE('',*,*,#977,.T.);
#1396=ORIENTED_EDGE('',*,*,#904,.T.);
#1397=ORIENTED_EDGE('',*,*,#1023,.F.);
#1398=ORIENTED_EDGE('',*,*,#909,.F.);
#1399=ORIENTED_EDGE('',*,*,#976,.T.);
#1400=ORIENTED_EDGE('',*,*,#915,.T.);
#1401=ORIENTED_EDGE('',*,*,#1024,.F.);
#1402=ORIENTED_EDGE('',*,*,#913,.F.);
#1403=ORIENTED_EDGE('',*,*,#975,.T.);
#1404=ORIENTED_EDGE('',*,*,#1021,.T.);
#1405=ORIENTED_EDGE('',*,*,#1025,.F.);
#1406=ORIENTED_EDGE('',*,*,#1026,.F.);
#1407=ORIENTED_EDGE('',*,*,#970,.T.);
#1408=ORIENTED_EDGE('',*,*,#863,.T.);
#1409=ORIENTED_EDGE('',*,*,#1027,.F.);
#1410=ORIENTED_EDGE('',*,*,#868,.F.);
#1411=ORIENTED_EDGE('',*,*,#979,.T.);
#1412=ORIENTED_EDGE('',*,*,#964,.T.);
#1413=ORIENTED_EDGE('',*,*,#1028,.F.);
#1414=ORIENTED_EDGE('',*,*,#969,.F.);
#1415=ORIENTED_EDGE('',*,*,#978,.T.);
#1416=ORIENTED_EDGE('',*,*,#1026,.T.);
#1417=ORIENTED_EDGE('',*,*,#1029,.F.);
#1418=ORIENTED_EDGE('',*,*,#982,.F.);
#1419=ORIENTED_EDGE('',*,*,#1022,.T.);
#1420=ORIENTED_EDGE('',*,*,#983,.T.);
#1421=ORIENTED_EDGE('',*,*,#1029,.T.);
#1422=ORIENTED_EDGE('',*,*,#1025,.T.);
#1423=ORIENTED_EDGE('',*,*,#1020,.T.);
#1424=ORIENTED_EDGE('',*,*,#996,.T.);
#1425=ORIENTED_EDGE('',*,*,#994,.T.);
#1426=ORIENTED_EDGE('',*,*,#992,.T.);
#1427=ORIENTED_EDGE('',*,*,#990,.T.);
#1428=ORIENTED_EDGE('',*,*,#988,.T.);
#1429=ORIENTED_EDGE('',*,*,#1018,.T.);
#1430=ORIENTED_EDGE('',*,*,#1012,.T.);
#1431=ORIENTED_EDGE('',*,*,#1010,.T.);
#1432=ORIENTED_EDGE('',*,*,#1008,.T.);
#1433=ORIENTED_EDGE('',*,*,#1006,.T.);
#1434=ORIENTED_EDGE('',*,*,#1004,.T.);
#1435=ORIENTED_EDGE('',*,*,#985,.T.);
#1436=ORIENTED_EDGE('',*,*,#1001,.T.);
#1437=ORIENTED_EDGE('',*,*,#1015,.T.);
#1438=ORIENTED_EDGE('',*,*,#1017,.T.);
#1439=ORIENTED_EDGE('',*,*,#999,.T.);
#1440=ORIENTED_EDGE('',*,*,#1019,.T.);
#1441=ORIENTED_EDGE('',*,*,#857,.T.);
#1442=ORIENTED_EDGE('',*,*,#860,.T.);
#1443=ORIENTED_EDGE('',*,*,#853,.T.);
#1444=ORIENTED_EDGE('',*,*,#866,.T.);
#1445=ORIENTED_EDGE('',*,*,#1027,.T.);
#1446=ORIENTED_EDGE('',*,*,#862,.T.);
#1447=ORIENTED_EDGE('',*,*,#876,.T.);
#1448=ORIENTED_EDGE('',*,*,#879,.T.);
#1449=ORIENTED_EDGE('',*,*,#869,.T.);
#1450=ORIENTED_EDGE('',*,*,#873,.T.);
#1451=ORIENTED_EDGE('',*,*,#885,.T.);
#1452=ORIENTED_EDGE('',*,*,#889,.T.);
#1453=ORIENTED_EDGE('',*,*,#881,.T.);
#1454=ORIENTED_EDGE('',*,*,#980,.T.);
#1455=ORIENTED_EDGE('',*,*,#898,.T.);
#1456=ORIENTED_EDGE('',*,*,#901,.T.);
#1457=ORIENTED_EDGE('',*,*,#891,.T.);
#1458=ORIENTED_EDGE('',*,*,#895,.T.);
#1459=ORIENTED_EDGE('',*,*,#907,.T.);
#1460=ORIENTED_EDGE('',*,*,#1023,.T.);
#1461=ORIENTED_EDGE('',*,*,#903,.T.);
#1462=ORIENTED_EDGE('',*,*,#914,.T.);
#1463=ORIENTED_EDGE('',*,*,#918,.T.);
#1464=ORIENTED_EDGE('',*,*,#910,.T.);
#1465=ORIENTED_EDGE('',*,*,#1024,.T.);
#1466=ORIENTED_EDGE('',*,*,#924,.T.);
#1467=ORIENTED_EDGE('',*,*,#981,.T.);
#1468=ORIENTED_EDGE('',*,*,#920,.T.);
#1469=ORIENTED_EDGE('',*,*,#934,.T.);
#1470=ORIENTED_EDGE('',*,*,#937,.T.);
#1471=ORIENTED_EDGE('',*,*,#940,.T.);
#1472=ORIENTED_EDGE('',*,*,#927,.T.);
#1473=ORIENTED_EDGE('',*,*,#931,.T.);
#1474=ORIENTED_EDGE('',*,*,#946,.T.);
#1475=ORIENTED_EDGE('',*,*,#949,.T.);
#1476=ORIENTED_EDGE('',*,*,#942,.T.);
#1477=ORIENTED_EDGE('',*,*,#958,.T.);
#1478=ORIENTED_EDGE('',*,*,#961,.T.);
#1479=ORIENTED_EDGE('',*,*,#951,.T.);
#1480=ORIENTED_EDGE('',*,*,#955,.T.);
#1481=ORIENTED_EDGE('',*,*,#967,.T.);
#1482=ORIENTED_EDGE('',*,*,#1028,.T.);
#1483=ORIENTED_EDGE('',*,*,#963,.T.);
#1484=PLANE('',#1638);
#1485=PLANE('',#1639);
#1486=PLANE('',#1640);
#1487=PLANE('',#1641);
#1488=PLANE('',#1645);
#1489=PLANE('',#1646);
#1490=PLANE('',#1647);
#1491=PLANE('',#1648);
#1492=PLANE('',#1649);
#1493=PLANE('',#1650);
#1494=PLANE('',#1651);
#1495=PLANE('',#1655);
#1496=PLANE('',#1656);
#1497=PLANE('',#1657);
#1498=PLANE('',#1658);
#1499=PLANE('',#1659);
#1500=PLANE('',#1660);
#1501=PLANE('',#1661);
#1502=PLANE('',#1662);
#1503=PLANE('',#1663);
#1504=PLANE('',#1664);
#1505=PLANE('',#1665);
#1506=PLANE('',#1666);
#1507=PLANE('',#1667);
#1508=PLANE('',#1668);
#1509=PLANE('',#1669);
#1510=PLANE('',#1670);
#1511=PLANE('',#1671);
#1512=PLANE('',#1672);
#1513=PLANE('',#1673);
#1514=PLANE('',#1674);
#1515=PLANE('',#1675);
#1516=PLANE('',#1676);
#1517=PLANE('',#1677);
#1518=PLANE('',#1678);
#1519=PLANE('',#1679);
#1520=PLANE('',#1680);
#1521=PLANE('',#1681);
#1522=PLANE('',#1682);
#1523=PLANE('',#1683);
#1524=PLANE('',#1684);
#1525=PLANE('',#1685);
#1526=PLANE('',#1686);
#1527=PLANE('',#1687);
#1528=PLANE('',#1688);
#1529=PLANE('',#1689);
#1530=PLANE('',#1690);
#1531=PLANE('',#1691);
#1532=PLANE('',#1692);
#1533=PLANE('',#1693);
#1534=PLANE('',#1694);
#1535=PLANE('',#1695);
#1536=PLANE('',#1696);
#1537=PLANE('',#1699);
#1538=PLANE('',#1702);
#1539=PLANE('',#1705);
#1540=PLANE('',#1706);
#1541=PLANE('',#1709);
#1542=PLANE('',#1712);
#1543=PLANE('',#1715);
#1544=PLANE('',#1716);
#1545=PLANE('',#1717);
#1546=PLANE('',#1718);
#1547=PLANE('',#1719);
#1548=PLANE('',#1720);
#1549=PLANE('',#1721);
#1550=PLANE('',#1722);
#1551=ADVANCED_FACE('',(#55),#1484,.T.);
#1552=ADVANCED_FACE('',(#56),#1485,.T.);
#1553=ADVANCED_FACE('',(#57),#1486,.T.);
#1554=ADVANCED_FACE('',(#58,#21),#1487,.F.);
#1555=ADVANCED_FACE('',(#59),#1488,.F.);
#1556=ADVANCED_FACE('',(#60),#1489,.F.);
#1557=ADVANCED_FACE('',(#61),#1490,.F.);
#1558=ADVANCED_FACE('',(#62),#1491,.F.);
#1559=ADVANCED_FACE('',(#63),#1492,.F.);
#1560=ADVANCED_FACE('',(#64),#1493,.F.);
#1561=ADVANCED_FACE('',(#65,#22),#1494,.F.);
#1562=ADVANCED_FACE('',(#66),#1495,.T.);
#1563=ADVANCED_FACE('',(#67),#1496,.T.);
#1564=ADVANCED_FACE('',(#68),#1497,.T.);
#1565=ADVANCED_FACE('',(#69),#1498,.F.);
#1566=ADVANCED_FACE('',(#70),#1499,.F.);
#1567=ADVANCED_FACE('',(#71),#1500,.F.);
#1568=ADVANCED_FACE('',(#72),#1501,.F.);
#1569=ADVANCED_FACE('',(#73),#1502,.F.);
#1570=ADVANCED_FACE('',(#74),#1503,.F.);
#1571=ADVANCED_FACE('',(#75),#1504,.F.);
#1572=ADVANCED_FACE('',(#76),#1505,.F.);
#1573=ADVANCED_FACE('',(#77),#1506,.F.);
#1574=ADVANCED_FACE('',(#78),#1507,.F.);
#1575=ADVANCED_FACE('',(#79),#1508,.F.);
#1576=ADVANCED_FACE('',(#80),#1509,.F.);
#1577=ADVANCED_FACE('',(#81),#1510,.F.);
#1578=ADVANCED_FACE('',(#82),#1511,.F.);
#1579=ADVANCED_FACE('',(#83),#1512,.F.);
#1580=ADVANCED_FACE('',(#84),#1513,.F.);
#1581=ADVANCED_FACE('',(#85),#1514,.F.);
#1582=ADVANCED_FACE('',(#86),#1515,.F.);
#1583=ADVANCED_FACE('',(#87),#1516,.F.);
#1584=ADVANCED_FACE('',(#88),#1517,.F.);
#1585=ADVANCED_FACE('',(#89),#1518,.F.);
#1586=ADVANCED_FACE('',(#90),#1519,.F.);
#1587=ADVANCED_FACE('',(#91),#1520,.F.);
#1588=ADVANCED_FACE('',(#92),#1521,.F.);
#1589=ADVANCED_FACE('',(#93),#1522,.F.);
#1590=ADVANCED_FACE('',(#94),#1523,.F.);
#1591=ADVANCED_FACE('',(#95),#1524,.F.);
#1592=ADVANCED_FACE('',(#96),#1525,.F.);
#1593=ADVANCED_FACE('',(#97),#1526,.F.);
#1594=ADVANCED_FACE('',(#98),#1527,.F.);
#1595=ADVANCED_FACE('',(#99),#1528,.F.);
#1596=ADVANCED_FACE('',(#100),#1529,.F.);
#1597=ADVANCED_FACE('',(#101),#1530,.F.);
#1598=ADVANCED_FACE('',(#102),#1531,.F.);
#1599=ADVANCED_FACE('',(#103),#1532,.F.);
#1600=ADVANCED_FACE('',(#104),#1533,.F.);
#1601=ADVANCED_FACE('',(#105),#1534,.F.);
#1602=ADVANCED_FACE('',(#106,#23,#24,#25,#26,#27,#28),#1535,.T.);
#1603=ADVANCED_FACE('',(#107),#1536,.T.);
#1604=ADVANCED_FACE('',(#108),#15,.F.);
#1605=ADVANCED_FACE('',(#109),#1537,.T.);
#1606=ADVANCED_FACE('',(#110),#16,.T.);
#1607=ADVANCED_FACE('',(#111),#1538,.T.);
#1608=ADVANCED_FACE('',(#112),#17,.T.);
#1609=ADVANCED_FACE('',(#113),#1539,.T.);
#1610=ADVANCED_FACE('',(#114),#1540,.T.);
#1611=ADVANCED_FACE('',(#115),#18,.F.);
#1612=ADVANCED_FACE('',(#116),#1541,.T.);
#1613=ADVANCED_FACE('',(#117),#19,.T.);
#1614=ADVANCED_FACE('',(#118),#1542,.T.);
#1615=ADVANCED_FACE('',(#119),#20,.T.);
#1616=ADVANCED_FACE('',(#120),#1543,.T.);
#1617=ADVANCED_FACE('',(#121),#1544,.T.);
#1618=ADVANCED_FACE('',(#122),#1545,.T.);
#1619=ADVANCED_FACE('',(#123),#1546,.T.);
#1620=ADVANCED_FACE('',(#124),#1547,.T.);
#1621=ADVANCED_FACE('',(#125),#1548,.T.);
#1622=ADVANCED_FACE('',(#126,#29,#30),#1549,.T.);
#1623=ADVANCED_FACE('',(#127,#31,#32,#33,#34,#35,#36,#37,#38,#39,#40,#41,
#42),#1550,.F.);
#1624=CLOSED_SHELL('',(#1551,#1552,#1553,#1554,#1555,#1556,#1557,#1558,
#1559,#1560,#1561,#1562,#1563,#1564,#1565,#1566,#1567,#1568,#1569,#1570,
#1571,#1572,#1573,#1574,#1575,#1576,#1577,#1578,#1579,#1580,#1581,#1582,
#1583,#1584,#1585,#1586,#1587,#1588,#1589,#1590,#1591,#1592,#1593,#1594,
#1595,#1596,#1597,#1598,#1599,#1600,#1601,#1602,#1603,#1604,#1605,#1606,
#1607,#1608,#1609,#1610,#1611,#1612,#1613,#1614,#1615,#1616,#1617,#1618,
#1619,#1620,#1621,#1622,#1623));
#1625=DERIVED_UNIT_ELEMENT(#1627,1.);
#1626=DERIVED_UNIT_ELEMENT(#2566,-3.);
#1627=(
MASS_UNIT()
NAMED_UNIT(*)
SI_UNIT(.KILO.,.GRAM.)
);
#1628=DERIVED_UNIT((#1625,#1626));
#1629=MEASURE_REPRESENTATION_ITEM('density measure',
POSITIVE_RATIO_MEASURE(7850.),#1628);
#1630=PROPERTY_DEFINITION_REPRESENTATION(#1635,#1632);
#1631=PROPERTY_DEFINITION_REPRESENTATION(#1636,#1633);
#1632=REPRESENTATION('material name',(#1634),#2563);
#1633=REPRESENTATION('density',(#1629),#2563);
#1634=DESCRIPTIVE_REPRESENTATION_ITEM('Steel','Steel');
#1635=PROPERTY_DEFINITION('material property','material name',#2573);
#1636=PROPERTY_DEFINITION('material property','density of part',#2573);
#1637=AXIS2_PLACEMENT_3D('',#2110,#1723,#1724);
#1638=AXIS2_PLACEMENT_3D('',#2111,#1725,#1726);
#1639=AXIS2_PLACEMENT_3D('',#2120,#1731,#1732);
#1640=AXIS2_PLACEMENT_3D('',#2124,#1735,#1736);
#1641=AXIS2_PLACEMENT_3D('',#2128,#1739,#1740);
#1642=AXIS2_PLACEMENT_3D('',#2142,#1747,#1748);
#1643=AXIS2_PLACEMENT_3D('',#2146,#1750,#1751);
#1644=AXIS2_PLACEMENT_3D('',#2151,#1754,#1755);
#1645=AXIS2_PLACEMENT_3D('',#2152,#1756,#1757);
#1646=AXIS2_PLACEMENT_3D('',#2158,#1761,#1762);
#1647=AXIS2_PLACEMENT_3D('',#2160,#1764,#1765);
#1648=AXIS2_PLACEMENT_3D('',#2162,#1767,#1768);
#1649=AXIS2_PLACEMENT_3D('',#2171,#1773,#1774);
#1650=AXIS2_PLACEMENT_3D('',#2175,#1777,#1778);
#1651=AXIS2_PLACEMENT_3D('',#2179,#1781,#1782);
#1652=AXIS2_PLACEMENT_3D('',#2185,#1785,#1786);
#1653=AXIS2_PLACEMENT_3D('',#2189,#1788,#1789);
#1654=AXIS2_PLACEMENT_3D('',#2202,#1796,#1797);
#1655=AXIS2_PLACEMENT_3D('',#2203,#1798,#1799);
#1656=AXIS2_PLACEMENT_3D('',#2209,#1803,#1804);
#1657=AXIS2_PLACEMENT_3D('',#2211,#1806,#1807);
#1658=AXIS2_PLACEMENT_3D('',#2213,#1809,#1810);
#1659=AXIS2_PLACEMENT_3D('',#2222,#1815,#1816);
#1660=AXIS2_PLACEMENT_3D('',#2228,#1820,#1821);
#1661=AXIS2_PLACEMENT_3D('',#2231,#1824,#1825);
#1662=AXIS2_PLACEMENT_3D('',#2240,#1830,#1831);
#1663=AXIS2_PLACEMENT_3D('',#2246,#1835,#1836);
#1664=AXIS2_PLACEMENT_3D('',#2255,#1841,#1842);
#1665=AXIS2_PLACEMENT_3D('',#2261,#1846,#1847);
#1666=AXIS2_PLACEMENT_3D('',#2267,#1851,#1852);
#1667=AXIS2_PLACEMENT_3D('',#2270,#1855,#1856);
#1668=AXIS2_PLACEMENT_3D('',#2279,#1861,#1862);
#1669=AXIS2_PLACEMENT_3D('',#2288,#1867,#1868);
#1670=AXIS2_PLACEMENT_3D('',#2291,#1871,#1872);
#1671=AXIS2_PLACEMENT_3D('',#2300,#1877,#1878);
#1672=AXIS2_PLACEMENT_3D('',#2306,#1882,#1883);
#1673=AXIS2_PLACEMENT_3D('',#2312,#1887,#1888);
#1674=AXIS2_PLACEMENT_3D('',#2315,#1891,#1892);
#1675=AXIS2_PLACEMENT_3D('',#2324,#1897,#1898);
#1676=AXIS2_PLACEMENT_3D('',#2330,#1902,#1903);
#1677=AXIS2_PLACEMENT_3D('',#2339,#1908,#1909);
#1678=AXIS2_PLACEMENT_3D('',#2348,#1914,#1915);
#1679=AXIS2_PLACEMENT_3D('',#2351,#1918,#1919);
#1680=AXIS2_PLACEMENT_3D('',#2360,#1924,#1925);
#1681=AXIS2_PLACEMENT_3D('',#2366,#1929,#1930);
#1682=AXIS2_PLACEMENT_3D('',#2375,#1935,#1936);
#1683=AXIS2_PLACEMENT_3D('',#2381,#1940,#1941);
#1684=AXIS2_PLACEMENT_3D('',#2387,#1945,#1946);
#1685=AXIS2_PLACEMENT_3D('',#2393,#1950,#1951);
#1686=AXIS2_PLACEMENT_3D('',#2396,#1954,#1955);
#1687=AXIS2_PLACEMENT_3D('',#2405,#1960,#1961);
#1688=AXIS2_PLACEMENT_3D('',#2411,#1965,#1966);
#1689=AXIS2_PLACEMENT_3D('',#2414,#1969,#1970);
#1690=AXIS2_PLACEMENT_3D('',#2423,#1975,#1976);
#1691=AXIS2_PLACEMENT_3D('',#2429,#1980,#1981);
#1692=AXIS2_PLACEMENT_3D('',#2435,#1985,#1986);
#1693=AXIS2_PLACEMENT_3D('',#2438,#1989,#1990);
#1694=AXIS2_PLACEMENT_3D('',#2447,#1995,#1996);
#1695=AXIS2_PLACEMENT_3D('',#2453,#2000,#2001);
#1696=AXIS2_PLACEMENT_3D('',#2468,#2012,#2013);
#1697=AXIS2_PLACEMENT_3D('',#2476,#2019,#2020);
#1698=AXIS2_PLACEMENT_3D('',#2478,#2021,#2022);
#1699=AXIS2_PLACEMENT_3D('',#2480,#2024,#2025);
#1700=AXIS2_PLACEMENT_3D('',#2486,#2029,#2030);
#1701=AXIS2_PLACEMENT_3D('',#2488,#2031,#2032);
#1702=AXIS2_PLACEMENT_3D('',#2490,#2034,#2035);
#1703=AXIS2_PLACEMENT_3D('',#2494,#2038,#2039);
#1704=AXIS2_PLACEMENT_3D('',#2496,#2040,#2041);
#1705=AXIS2_PLACEMENT_3D('',#2498,#2043,#2044);
#1706=AXIS2_PLACEMENT_3D('',#2502,#2047,#2048);
#1707=AXIS2_PLACEMENT_3D('',#2508,#2052,#2053);
#1708=AXIS2_PLACEMENT_3D('',#2510,#2054,#2055);
#1709=AXIS2_PLACEMENT_3D('',#2512,#2057,#2058);
#1710=AXIS2_PLACEMENT_3D('',#2518,#2062,#2063);
#1711=AXIS2_PLACEMENT_3D('',#2520,#2064,#2065);
#1712=AXIS2_PLACEMENT_3D('',#2522,#2067,#2068);
#1713=AXIS2_PLACEMENT_3D('',#2526,#2071,#2072);
#1714=AXIS2_PLACEMENT_3D('',#2528,#2073,#2074);
#1715=AXIS2_PLACEMENT_3D('',#2530,#2076,#2077);
#1716=AXIS2_PLACEMENT_3D('',#2534,#2080,#2081);
#1717=AXIS2_PLACEMENT_3D('',#2540,#2085,#2086);
#1718=AXIS2_PLACEMENT_3D('',#2543,#2089,#2090);
#1719=AXIS2_PLACEMENT_3D('',#2549,#2095,#2096);
#1720=AXIS2_PLACEMENT_3D('',#2555,#2101,#2102);
#1721=AXIS2_PLACEMENT_3D('',#2559,#2106,#2107);
#1722=AXIS2_PLACEMENT_3D('',#2560,#2108,#2109);
#1723=DIRECTION('axis',(0.,0.,1.));
#1724=DIRECTION('refdir',(1.,0.,0.));
#1725=DIRECTION('center_axis',(1.19050125509423E-16,0.643384921059177,-0.765542842271859));
#1726=DIRECTION('ref_axis',(-1.12432895380956E-16,-0.765542842271859,-0.643384921059177));
#1727=DIRECTION('',(-1.12432895380956E-16,-0.765542842271859,-0.643384921059177));
#1728=DIRECTION('',(1.,0.,1.55510729035261E-16));
#1729=DIRECTION('',(-1.12432895380956E-16,-0.765542842271859,-0.643384921059177));
#1730=DIRECTION('',(-1.,1.85037170770859E-16,0.));
#1731=DIRECTION('center_axis',(1.,-1.31636993758505E-16,-3.33484346464736E-32));
#1732=DIRECTION('ref_axis',(1.31636993758505E-16,1.,0.));
#1733=DIRECTION('',(1.31636993758505E-16,1.,0.));
#1734=DIRECTION('',(3.33484346464736E-32,0.,1.));
#1735=DIRECTION('center_axis',(-1.,1.85037170770859E-16,0.));
#1736=DIRECTION('ref_axis',(0.,0.,-1.));
#1737=DIRECTION('',(-1.85037170770859E-16,-1.,0.));
#1738=DIRECTION('',(0.,0.,-1.));
#1739=DIRECTION('center_axis',(0.,0.,1.));
#1740=DIRECTION('ref_axis',(1.,0.,0.));
#1741=DIRECTION('',(1.,0.,0.));
#1742=DIRECTION('',(1.8503717077086E-16,1.,0.));
#1743=DIRECTION('',(-1.,1.8503717077086E-16,0.));
#1744=DIRECTION('',(-2.38437347783214E-16,-1.,0.));
#1745=DIRECTION('',(1.,0.,0.));
#1746=DIRECTION('',(0.828123163059515,0.560546186147318,0.));
#1747=DIRECTION('center_axis',(0.,0.,1.));
#1748=DIRECTION('ref_axis',(-5.55111512312578E-16,1.,0.));
#1749=DIRECTION('',(1.,0.,0.));
#1750=DIRECTION('center_axis',(0.,0.,1.));
#1751=DIRECTION('ref_axis',(1.,0.,0.));
#1752=DIRECTION('',(-0.873715880662266,0.486436593893347,0.));
#1753=DIRECTION('',(1.,0.,0.));
#1754=DIRECTION('center_axis',(0.,0.,-1.));
#1755=DIRECTION('ref_axis',(1.,0.,0.));
#1756=DIRECTION('center_axis',(-1.19050125509423E-16,-0.643384921059177,
0.765542842271859));
#1757=DIRECTION('ref_axis',(-1.70874867894778E-16,-0.765542842271859,-0.643384921059177));
#1758=DIRECTION('',(-1.70874867894778E-16,-0.765542842271859,-0.643384921059177));
#1759=DIRECTION('',(-1.70874867894778E-16,-0.765542842271859,-0.643384921059177));
#1760=DIRECTION('',(1.,0.,1.55510729035261E-16));
#1761=DIRECTION('center_axis',(1.,-2.38437347783214E-16,3.33484346464736E-32));
#1762=DIRECTION('ref_axis',(2.38437347783214E-16,1.,0.));
#1763=DIRECTION('',(3.33484346464736E-32,0.,-1.));
#1764=DIRECTION('center_axis',(-1.,1.8503717077086E-16,0.));
#1765=DIRECTION('ref_axis',(0.,0.,-1.));
#1766=DIRECTION('',(0.,0.,1.));
#1767=DIRECTION('center_axis',(-1.19050125509423E-16,0.643384921059177,
0.765542842271859));
#1768=DIRECTION('ref_axis',(-1.12432895380956E-16,0.765542842271859,-0.643384921059177));
#1769=DIRECTION('',(-1.12432895380956E-16,0.765542842271859,-0.643384921059177));
#1770=DIRECTION('',(1.,1.85037170770859E-16,0.));
#1771=DIRECTION('',(-1.12432895380956E-16,0.765542842271859,-0.643384921059177));
#1772=DIRECTION('',(-1.,0.,-1.55510729035261E-16));
#1773=DIRECTION('center_axis',(-1.,-1.31636993758505E-16,3.33484346464736E-32));
#1774=DIRECTION('ref_axis',(1.31636993758505E-16,-1.,0.));
#1775=DIRECTION('',(-1.31636993758505E-16,1.,0.));
#1776=DIRECTION('',(-3.33484346464736E-32,0.,-1.));
#1777=DIRECTION('center_axis',(1.,1.85037170770859E-16,0.));
#1778=DIRECTION('ref_axis',(0.,0.,-1.));
#1779=DIRECTION('',(1.85037170770859E-16,-1.,0.));
#1780=DIRECTION('',(0.,0.,1.));
#1781=DIRECTION('center_axis',(0.,0.,1.));
#1782=DIRECTION('ref_axis',(1.,0.,0.));
#1783=DIRECTION('',(-1.,0.,0.));
#1784=DIRECTION('',(-0.873715880662266,-0.486436593893347,0.));
#1785=DIRECTION('center_axis',(0.,0.,1.));
#1786=DIRECTION('ref_axis',(1.11022302462516E-15,-1.,0.));
#1787=DIRECTION('',(1.,-4.44089209850061E-15,0.));
#1788=DIRECTION('center_axis',(0.,0.,1.));
#1789=DIRECTION('ref_axis',(-1.,-2.22044604925031E-15,0.));
#1790=DIRECTION('',(0.828123163059515,-0.560546186147319,0.));
#1791=DIRECTION('',(-1.,0.,0.));
#1792=DIRECTION('',(2.38437347783214E-16,-1.,0.));
#1793=DIRECTION('',(1.,1.8503717077086E-16,0.));
#1794=DIRECTION('',(-1.8503717077086E-16,1.,0.));
#1795=DIRECTION('',(-1.,0.,0.));
#1796=DIRECTION('center_axis',(0.,0.,-1.));
#1797=DIRECTION('ref_axis',(1.,0.,0.));
#1798=DIRECTION('center_axis',(1.19050125509423E-16,-0.643384921059177,
-0.765542842271859));
#1799=DIRECTION('ref_axis',(-1.70874867894778E-16,0.765542842271859,-0.643384921059177));
#1800=DIRECTION('',(-1.70874867894778E-16,0.765542842271859,-0.643384921059177));
#1801=DIRECTION('',(-1.,0.,-1.55510729035261E-16));
#1802=DIRECTION('',(-1.70874867894778E-16,0.765542842271859,-0.643384921059177));
#1803=DIRECTION('center_axis',(-1.,-2.38437347783214E-16,-3.33484346464736E-32));
#1804=DIRECTION('ref_axis',(2.38437347783214E-16,-1.,0.));
#1805=DIRECTION('',(-3.33484346464736E-32,0.,1.));
#1806=DIRECTION('center_axis',(1.,1.8503717077086E-16,0.));
#1807=DIRECTION('ref_axis',(0.,0.,-1.));
#1808=DIRECTION('',(0.,0.,-1.));
#1809=DIRECTION('center_axis',(-1.,0.,0.));
#1810=DIRECTION('ref_axis',(0.,1.,0.));
#1811=DIRECTION('',(0.,-1.,0.));
#1812=DIRECTION('',(0.,0.,-1.));
#1813=DIRECTION('',(0.,1.,0.));
#1814=DIRECTION('',(0.,0.,-1.));
#1815=DIRECTION('center_axis',(0.777244870707486,-0.629198228667964,0.));
#1816=DIRECTION('ref_axis',(-0.629198228667964,-0.777244870707486,0.));
#1817=DIRECTION('',(0.629198228667964,0.777244870707486,0.));
#1818=DIRECTION('',(-0.629198228667964,-0.777244870707486,0.));
#1819=DIRECTION('',(0.,0.,-1.));
#1820=DIRECTION('center_axis',(0.777244870707486,0.629198228667964,0.));
#1821=DIRECTION('ref_axis',(0.629198228667964,-0.777244870707486,0.));
#1822=DIRECTION('',(-0.629198228667964,0.777244870707486,0.));
#1823=DIRECTION('',(0.629198228667964,-0.777244870707486,0.));
#1824=DIRECTION('center_axis',(-0.777244870707486,0.629198228667964,0.));
#1825=DIRECTION('ref_axis',(0.629198228667964,0.777244870707486,0.));
#1826=DIRECTION('',(-0.629198228667964,-0.777244870707486,0.));
#1827=DIRECTION('',(0.,0.,-1.));
#1828=DIRECTION('',(0.629198228667964,0.777244870707486,0.));
#1829=DIRECTION('',(0.,0.,-1.));
#1830=DIRECTION('center_axis',(-0.777244870707486,-0.629198228667964,0.));
#1831=DIRECTION('ref_axis',(-0.629198228667964,0.777244870707486,0.));
#1832=DIRECTION('',(0.629198228667964,-0.777244870707486,0.));
#1833=DIRECTION('',(-0.629198228667964,0.777244870707486,0.));
#1834=DIRECTION('',(0.,0.,-1.));
#1835=DIRECTION('center_axis',(0.777244870707486,0.629198228667964,0.));
#1836=DIRECTION('ref_axis',(0.629198228667964,-0.777244870707486,0.));
#1837=DIRECTION('',(-0.629198228667964,0.777244870707486,0.));
#1838=DIRECTION('',(0.,0.,-1.));
#1839=DIRECTION('',(0.629198228667964,-0.777244870707486,0.));
#1840=DIRECTION('',(0.,0.,-1.));
#1841=DIRECTION('center_axis',(-0.777244870707486,0.629198228667964,0.));
#1842=DIRECTION('ref_axis',(0.629198228667964,0.777244870707486,0.));
#1843=DIRECTION('',(-0.629198228667964,-0.777244870707486,0.));
#1844=DIRECTION('',(0.629198228667964,0.777244870707486,0.));
#1845=DIRECTION('',(0.,0.,-1.));
#1846=DIRECTION('center_axis',(-0.777244870707486,-0.629198228667964,0.));
#1847=DIRECTION('ref_axis',(-0.629198228667964,0.777244870707486,0.));
#1848=DIRECTION('',(0.629198228667964,-0.777244870707486,0.));
#1849=DIRECTION('',(-0.629198228667964,0.777244870707486,0.));
#1850=DIRECTION('',(0.,0.,-1.));
#1851=DIRECTION('center_axis',(0.777244870707486,-0.629198228667964,0.));
#1852=DIRECTION('ref_axis',(-0.629198228667964,-0.777244870707486,0.));
#1853=DIRECTION('',(0.629198228667964,0.777244870707486,0.));
#1854=DIRECTION('',(-0.629198228667964,-0.777244870707486,0.));
#1855=DIRECTION('center_axis',(0.777244870707486,-0.629198228667964,0.));
#1856=DIRECTION('ref_axis',(-0.629198228667964,-0.777244870707486,0.));
#1857=DIRECTION('',(0.629198228667964,0.777244870707486,0.));
#1858=DIRECTION('',(0.,0.,-1.));
#1859=DIRECTION('',(-0.629198228667964,-0.777244870707486,0.));
#1860=DIRECTION('',(0.,0.,-1.));
#1861=DIRECTION('center_axis',(-1.,0.,0.));
#1862=DIRECTION('ref_axis',(0.,1.,0.));
#1863=DIRECTION('',(0.,-1.,0.));
#1864=DIRECTION('',(0.,0.,-1.));
#1865=DIRECTION('',(0.,1.,0.));
#1866=DIRECTION('',(0.,0.,-1.));
#1867=DIRECTION('center_axis',(-0.777244870707486,-0.629198228667964,0.));
#1868=DIRECTION('ref_axis',(-0.629198228667964,0.777244870707486,0.));
#1869=DIRECTION('',(0.629198228667964,-0.777244870707486,0.));
#1870=DIRECTION('',(-0.629198228667964,0.777244870707486,0.));
#1871=DIRECTION('center_axis',(0.777244870707486,0.629198228667964,0.));
#1872=DIRECTION('ref_axis',(0.629198228667964,-0.777244870707486,0.));
#1873=DIRECTION('',(-0.629198228667964,0.777244870707486,0.));
#1874=DIRECTION('',(0.,0.,-1.));
#1875=DIRECTION('',(0.629198228667964,-0.777244870707486,0.));
#1876=DIRECTION('',(0.,0.,-1.));
#1877=DIRECTION('center_axis',(-0.777244870707486,0.629198228667964,0.));
#1878=DIRECTION('ref_axis',(0.629198228667964,0.777244870707486,0.));
#1879=DIRECTION('',(-0.629198228667964,-0.777244870707486,0.));
#1880=DIRECTION('',(0.629198228667964,0.777244870707486,0.));
#1881=DIRECTION('',(0.,0.,-1.));
#1882=DIRECTION('center_axis',(-0.777244870707486,-0.629198228667964,0.));
#1883=DIRECTION('ref_axis',(-0.629198228667964,0.777244870707486,0.));
#1884=DIRECTION('',(0.629198228667964,-0.777244870707486,0.));
#1885=DIRECTION('',(-0.629198228667964,0.777244870707486,0.));
#1886=DIRECTION('',(0.,0.,-1.));
#1887=DIRECTION('center_axis',(0.777244870707486,-0.629198228667964,0.));
#1888=DIRECTION('ref_axis',(-0.629198228667964,-0.777244870707486,0.));
#1889=DIRECTION('',(0.629198228667964,0.777244870707486,0.));
#1890=DIRECTION('',(-0.629198228667964,-0.777244870707486,0.));
#1891=DIRECTION('center_axis',(0.777244870707486,0.629198228667964,0.));
#1892=DIRECTION('ref_axis',(0.629198228667964,-0.777244870707486,0.));
#1893=DIRECTION('',(-0.629198228667964,0.777244870707486,0.));
#1894=DIRECTION('',(0.,0.,-1.));
#1895=DIRECTION('',(0.629198228667964,-0.777244870707486,0.));
#1896=DIRECTION('',(0.,0.,-1.));
#1897=DIRECTION('center_axis',(-0.777244870707486,0.629198228667964,0.));
#1898=DIRECTION('ref_axis',(0.629198228667964,0.777244870707486,0.));
#1899=DIRECTION('',(-0.629198228667964,-0.777244870707486,0.));
#1900=DIRECTION('',(0.629198228667964,0.777244870707486,0.));
#1901=DIRECTION('',(0.,0.,-1.));
#1902=DIRECTION('center_axis',(-1.,0.,0.));
#1903=DIRECTION('ref_axis',(0.,1.,0.));
#1904=DIRECTION('',(0.,-1.,0.));
#1905=DIRECTION('',(0.,0.,-1.));
#1906=DIRECTION('',(0.,1.,0.));
#1907=DIRECTION('',(0.,0.,-1.));
#1908=DIRECTION('center_axis',(0.777244870707486,0.629198228667964,0.));
#1909=DIRECTION('ref_axis',(0.629198228667964,-0.777244870707486,0.));
#1910=DIRECTION('',(-0.629198228667964,0.777244870707486,0.));
#1911=DIRECTION('',(0.,0.,-1.));
#1912=DIRECTION('',(0.629198228667964,-0.777244870707486,0.));
#1913=DIRECTION('',(0.,0.,-1.));
#1914=DIRECTION('center_axis',(-0.777244870707486,0.629198228667964,0.));
#1915=DIRECTION('ref_axis',(0.629198228667964,0.777244870707486,0.));
#1916=DIRECTION('',(-0.629198228667964,-0.777244870707486,0.));
#1917=DIRECTION('',(0.629198228667964,0.777244870707486,0.));
#1918=DIRECTION('center_axis',(-0.777244870707486,-0.629198228667964,0.));
#1919=DIRECTION('ref_axis',(-0.629198228667964,0.777244870707486,0.));
#1920=DIRECTION('',(0.629198228667964,-0.777244870707486,0.));
#1921=DIRECTION('',(0.,0.,-1.));
#1922=DIRECTION('',(-0.629198228667964,0.777244870707486,0.));
#1923=DIRECTION('',(0.,0.,-1.));
#1924=DIRECTION('center_axis',(0.777244870707486,-0.629198228667964,0.));
#1925=DIRECTION('ref_axis',(-0.629198228667964,-0.777244870707486,0.));
#1926=DIRECTION('',(0.629198228667964,0.777244870707486,0.));
#1927=DIRECTION('',(-0.629198228667964,-0.777244870707486,0.));
#1928=DIRECTION('',(0.,0.,-1.));
#1929=DIRECTION('center_axis',(0.777244870707486,-0.629198228667964,0.));
#1930=DIRECTION('ref_axis',(-0.629198228667964,-0.777244870707486,0.));
#1931=DIRECTION('',(0.629198228667964,0.777244870707486,0.));
#1932=DIRECTION('',(0.,0.,-1.));
#1933=DIRECTION('',(-0.629198228667964,-0.777244870707486,0.));
#1934=DIRECTION('',(0.,0.,-1.));
#1935=DIRECTION('center_axis',(0.777244870707486,0.629198228667964,0.));
#1936=DIRECTION('ref_axis',(0.629198228667964,-0.777244870707486,0.));
#1937=DIRECTION('',(-0.629198228667964,0.777244870707486,0.));
#1938=DIRECTION('',(0.629198228667964,-0.777244870707486,0.));
#1939=DIRECTION('',(0.,0.,-1.));
#1940=DIRECTION('center_axis',(-0.777244870707486,0.629198228667964,0.));
#1941=DIRECTION('ref_axis',(0.629198228667964,0.777244870707486,0.));
#1942=DIRECTION('',(-0.629198228667964,-0.777244870707486,0.));
#1943=DIRECTION('',(0.629198228667964,0.777244870707486,0.));
#1944=DIRECTION('',(0.,0.,-1.));
#1945=DIRECTION('center_axis',(-1.,0.,0.));
#1946=DIRECTION('ref_axis',(0.,1.,0.));
#1947=DIRECTION('',(0.,-1.,0.));
#1948=DIRECTION('',(0.,1.,0.));
#1949=DIRECTION('',(0.,0.,-1.));
#1950=DIRECTION('center_axis',(-0.777244870707486,-0.629198228667964,0.));
#1951=DIRECTION('ref_axis',(-0.629198228667964,0.777244870707486,0.));
#1952=DIRECTION('',(0.629198228667964,-0.777244870707486,0.));
#1953=DIRECTION('',(-0.629198228667964,0.777244870707486,0.));
#1954=DIRECTION('center_axis',(0.777244870707486,0.629198228667964,0.));
#1955=DIRECTION('ref_axis',(0.629198228667964,-0.777244870707486,0.));
#1956=DIRECTION('',(-0.629198228667964,0.777244870707486,0.));
#1957=DIRECTION('',(0.,0.,-1.));
#1958=DIRECTION('',(0.629198228667964,-0.777244870707486,0.));
#1959=DIRECTION('',(0.,0.,-1.));
#1960=DIRECTION('center_axis',(-1.,0.,0.));
#1961=DIRECTION('ref_axis',(0.,1.,0.));
#1962=DIRECTION('',(0.,-1.,0.));
#1963=DIRECTION('',(0.,1.,0.));
#1964=DIRECTION('',(0.,0.,-1.));
#1965=DIRECTION('center_axis',(0.777244870707486,-0.629198228667964,0.));
#1966=DIRECTION('ref_axis',(-0.629198228667964,-0.777244870707486,0.));
#1967=DIRECTION('',(0.629198228667964,0.777244870707486,0.));
#1968=DIRECTION('',(-0.629198228667964,-0.777244870707486,0.));
#1969=DIRECTION('center_axis',(0.777244870707486,-0.629198228667964,0.));
#1970=DIRECTION('ref_axis',(-0.629198228667964,-0.777244870707486,0.));
#1971=DIRECTION('',(0.629198228667964,0.777244870707486,0.));
#1972=DIRECTION('',(0.,0.,-1.));
#1973=DIRECTION('',(-0.629198228667964,-0.777244870707486,0.));
#1974=DIRECTION('',(0.,0.,-1.));
#1975=DIRECTION('center_axis',(0.777244870707486,0.629198228667964,0.));
#1976=DIRECTION('ref_axis',(0.629198228667964,-0.777244870707486,0.));
#1977=DIRECTION('',(-0.629198228667964,0.777244870707486,0.));
#1978=DIRECTION('',(0.629198228667964,-0.777244870707486,0.));
#1979=DIRECTION('',(0.,0.,-1.));
#1980=DIRECTION('center_axis',(-0.777244870707486,0.629198228667964,0.));
#1981=DIRECTION('ref_axis',(0.629198228667964,0.777244870707486,0.));
#1982=DIRECTION('',(-0.629198228667964,-0.777244870707486,0.));
#1983=DIRECTION('',(0.629198228667964,0.777244870707486,0.));
#1984=DIRECTION('',(0.,0.,-1.));
#1985=DIRECTION('center_axis',(-0.777244870707486,-0.629198228667964,0.));
#1986=DIRECTION('ref_axis',(-0.629198228667964,0.777244870707486,0.));
#1987=DIRECTION('',(0.629198228667964,-0.777244870707486,0.));
#1988=DIRECTION('',(-0.629198228667964,0.777244870707486,0.));
#1989=DIRECTION('center_axis',(-0.777244870707486,0.629198228667964,0.));
#1990=DIRECTION('ref_axis',(0.629198228667964,0.777244870707486,0.));
#1991=DIRECTION('',(-0.629198228667964,-0.777244870707486,0.));
#1992=DIRECTION('',(0.,0.,-1.));
#1993=DIRECTION('',(0.629198228667964,0.777244870707486,0.));
#1994=DIRECTION('',(0.,0.,-1.));
#1995=DIRECTION('center_axis',(-0.777244870707486,-0.629198228667964,0.));
#1996=DIRECTION('ref_axis',(-0.629198228667964,0.777244870707486,0.));
#1997=DIRECTION('',(0.629198228667964,-0.777244870707486,0.));
#1998=DIRECTION('',(-0.629198228667964,0.777244870707486,0.));
#1999=DIRECTION('',(0.,0.,-1.));
#2000=DIRECTION('center_axis',(0.,0.,1.));
#2001=DIRECTION('ref_axis',(1.,0.,0.));
#2002=DIRECTION('',(0.,-1.,0.));
#2003=DIRECTION('',(1.,0.,0.));
#2004=DIRECTION('',(1.,0.,0.));
#2005=DIRECTION('',(1.,0.,0.));
#2006=DIRECTION('',(1.85037170770859E-16,-1.,0.));
#2007=DIRECTION('',(-1.,0.,0.));
#2008=DIRECTION('',(-1.,0.,0.));
#2009=DIRECTION('',(-1.,0.,0.));
#2010=DIRECTION('',(0.,-1.,0.));
#2011=DIRECTION('',(0.,-1.,0.));
#2012=DIRECTION('center_axis',(0.,-1.,0.));
#2013=DIRECTION('ref_axis',(1.,0.,0.));
#2014=DIRECTION('',(-1.,0.,0.));
#2015=DIRECTION('',(-1.,0.,0.));
#2016=DIRECTION('',(0.,0.,1.));
#2017=DIRECTION('',(1.,0.,0.));
#2018=DIRECTION('',(0.,0.,1.));
#2019=DIRECTION('center_axis',(0.,0.,1.));
#2020=DIRECTION('ref_axis',(1.,0.,0.));
#2021=DIRECTION('center_axis',(0.,0.,-1.));
#2022=DIRECTION('ref_axis',(1.,0.,0.));
#2023=DIRECTION('',(0.,0.,-1.));
#2024=DIRECTION('center_axis',(0.486436593893347,-0.873715880662266,0.));
#2025=DIRECTION('ref_axis',(0.873715880662266,0.486436593893347,0.));
#2026=DIRECTION('',(0.,0.,1.));
#2027=DIRECTION('',(0.873715880662266,0.486436593893347,0.));
#2028=DIRECTION('',(0.,0.,1.));
#2029=DIRECTION('center_axis',(0.,0.,1.));
#2030=DIRECTION('ref_axis',(1.11022302462516E-15,-1.,0.));
#2031=DIRECTION('center_axis',(0.,0.,1.));
#2032=DIRECTION('ref_axis',(1.11022302462516E-15,-1.,0.));
#2033=DIRECTION('',(0.,0.,1.));
#2034=DIRECTION('center_axis',(-4.44089209850061E-15,-1.,0.));
#2035=DIRECTION('ref_axis',(1.,-4.44089209850061E-15,0.));
#2036=DIRECTION('',(1.,-4.44089209850061E-15,0.));
#2037=DIRECTION('',(0.,0.,1.));
#2038=DIRECTION('center_axis',(0.,0.,1.));
#2039=DIRECTION('ref_axis',(-1.,-2.22044604925031E-15,0.));
#2040=DIRECTION('center_axis',(0.,0.,1.));
#2041=DIRECTION('ref_axis',(-1.,-2.22044604925031E-15,0.));
#2042=DIRECTION('',(0.,0.,1.));
#2043=DIRECTION('center_axis',(-0.560546186147319,-0.828123163059515,0.));
#2044=DIRECTION('ref_axis',(0.828123163059515,-0.560546186147319,0.));
#2045=DIRECTION('',(0.828123163059515,-0.560546186147319,0.));
#2046=DIRECTION('',(0.,0.,1.));
#2047=DIRECTION('center_axis',(0.,-1.,0.));
#2048=DIRECTION('ref_axis',(1.,0.,0.));
#2049=DIRECTION('',(0.,0.,1.));
#2050=DIRECTION('',(-1.,0.,0.));
#2051=DIRECTION('',(0.,0.,1.));
#2052=DIRECTION('center_axis',(0.,0.,1.));
#2053=DIRECTION('ref_axis',(1.,0.,0.));
#2054=DIRECTION('center_axis',(0.,0.,-1.));
#2055=DIRECTION('ref_axis',(1.,0.,0.));
#2056=DIRECTION('',(0.,0.,-1.));
#2057=DIRECTION('center_axis',(-0.560546186147318,0.828123163059515,0.));
#2058=DIRECTION('ref_axis',(-0.828123163059515,-0.560546186147318,0.));
#2059=DIRECTION('',(0.,0.,1.));
#2060=DIRECTION('',(-0.828123163059515,-0.560546186147318,0.));
#2061=DIRECTION('',(0.,0.,1.));
#2062=DIRECTION('center_axis',(0.,0.,1.));
#2063=DIRECTION('ref_axis',(-5.55111512312578E-16,1.,0.));
#2064=DIRECTION('center_axis',(0.,0.,1.));
#2065=DIRECTION('ref_axis',(-5.55111512312578E-16,1.,0.));
#2066=DIRECTION('',(0.,0.,1.));
#2067=DIRECTION('center_axis',(0.,1.,0.));
#2068=DIRECTION('ref_axis',(-1.,0.,0.));
#2069=DIRECTION('',(-1.,0.,0.));
#2070=DIRECTION('',(0.,0.,1.));
#2071=DIRECTION('center_axis',(0.,0.,1.));
#2072=DIRECTION('ref_axis',(1.,0.,0.));
#2073=DIRECTION('center_axis',(0.,0.,1.));
#2074=DIRECTION('ref_axis',(1.,0.,0.));
#2075=DIRECTION('',(0.,0.,1.));
#2076=DIRECTION('center_axis',(0.486436593893347,0.873715880662266,0.));
#2077=DIRECTION('ref_axis',(-0.873715880662266,0.486436593893347,0.));
#2078=DIRECTION('',(-0.873715880662266,0.486436593893347,0.));
#2079=DIRECTION('',(0.,0.,1.));
#2080=DIRECTION('center_axis',(0.,1.,0.));
#2081=DIRECTION('ref_axis',(-1.,0.,0.));
#2082=DIRECTION('',(0.,0.,1.));
#2083=DIRECTION('',(1.,0.,0.));
#2084=DIRECTION('',(0.,0.,1.));
#2085=DIRECTION('center_axis',(1.,4.62592926927149E-17,0.));
#2086=DIRECTION('ref_axis',(-4.62592926927149E-17,1.,0.));
#2087=DIRECTION('',(4.62592926927149E-17,-1.,0.));
#2088=DIRECTION('',(-4.62592926927149E-17,1.,0.));
#2089=DIRECTION('center_axis',(-1.,-1.85037170770859E-16,0.));
#2090=DIRECTION('ref_axis',(1.85037170770859E-16,-1.,0.));
#2091=DIRECTION('',(-1.85037170770859E-16,1.,0.));
#2092=DIRECTION('',(1.85037170770859E-16,-1.,0.));
#2093=DIRECTION('',(0.,0.,1.));
#2094=DIRECTION('',(1.85037170770859E-16,-1.,0.));
#2095=DIRECTION('center_axis',(0.,1.,0.));
#2096=DIRECTION('ref_axis',(-1.,0.,0.));
#2097=DIRECTION('',(1.,0.,0.));
#2098=DIRECTION('',(1.,0.,0.));
#2099=DIRECTION('',(-1.,0.,0.));
#2100=DIRECTION('',(0.,0.,1.));
#2101=DIRECTION('center_axis',(-1.,0.,0.));
#2102=DIRECTION('ref_axis',(0.,-1.,0.));
#2103=DIRECTION('',(0.,1.,0.));
#2104=DIRECTION('',(0.,1.,0.));
#2105=DIRECTION('',(0.,-1.,0.));
#2106=DIRECTION('center_axis',(0.,0.,1.));
#2107=DIRECTION('ref_axis',(1.,0.,0.));
#2108=DIRECTION('center_axis',(0.,0.,1.));
#2109=DIRECTION('ref_axis',(1.,0.,0.));
#2110=CARTESIAN_POINT('',(0.,0.,0.));
#2111=CARTESIAN_POINT('Origin',(-9.99999999999999,51.5140827964136,8.));
#2112=CARTESIAN_POINT('',(-9.99999999999999,51.5140827964136,8.));
#2113=CARTESIAN_POINT('',(-10.,45.,2.52537152159125));
#2114=CARTESIAN_POINT('',(-9.99999999999999,51.5140827964136,8.));
#2115=CARTESIAN_POINT('',(-13.,45.,2.52537152159125));
#2116=CARTESIAN_POINT('',(-3.5,45.,2.52537152159125));
#2117=CARTESIAN_POINT('',(-13.,51.5140827964136,8.));
#2118=CARTESIAN_POINT('',(-13.,51.5140827964136,8.));
#2119=CARTESIAN_POINT('',(-12.75,51.5140827964136,8.));
#2120=CARTESIAN_POINT('Origin',(-9.99999999999999,48.2570413982068,5.26268576079562));
#2121=CARTESIAN_POINT('',(-10.,45.,8.));
#2122=CARTESIAN_POINT('',(-9.99999999999999,49.1285206991034,8.));
#2123=CARTESIAN_POINT('',(-9.99999999999999,45.,2.63134288039781));
#2124=CARTESIAN_POINT('Origin',(-13.,48.2570413982068,5.26268576079562));
#2125=CARTESIAN_POINT('',(-13.,45.,8.));
#2126=CARTESIAN_POINT('',(-13.,49.1285206991034,8.));
#2127=CARTESIAN_POINT('',(-13.,45.,2.63134288039781));
#2128=CARTESIAN_POINT('Origin',(-15.5,50.,8.));
#2129=CARTESIAN_POINT('',(-21.,45.,8.));
#2130=CARTESIAN_POINT('',(-6.25,45.,8.));
#2131=CARTESIAN_POINT('',(-21.,51.5140827964136,8.));
#2132=CARTESIAN_POINT('',(-21.,49.1285206991034,8.));
#2133=CARTESIAN_POINT('',(-24.,51.5140827964136,8.));
#2134=CARTESIAN_POINT('',(-19.75,51.5140827964136,8.));
#2135=CARTESIAN_POINT('',(-24.,45.,8.));
#2136=CARTESIAN_POINT('',(-24.,49.1285206991034,8.));
#2137=CARTESIAN_POINT('',(-34.,45.,8.));
#2138=CARTESIAN_POINT('',(-6.25,45.,8.));
#2139=CARTESIAN_POINT('',(-20.2421847445893,54.3124926522381,8.));
#2140=CARTESIAN_POINT('',(-34.,45.,8.));
#2141=CARTESIAN_POINT('',(-18.,55.,8.));
#2142=CARTESIAN_POINT('Origin',(-18.,51.,8.));
#2143=CARTESIAN_POINT('',(-16.,55.,8.));
#2144=CARTESIAN_POINT('',(-18.,55.,8.));
#2145=CARTESIAN_POINT('',(-14.0542536244266,54.4948635226491,8.));
#2146=CARTESIAN_POINT('Origin',(-16.,51.,8.));
#2147=CARTESIAN_POINT('',(3.,45.,8.));
#2148=CARTESIAN_POINT('',(3.,45.,8.));
#2149=CARTESIAN_POINT('',(-6.25,45.,8.));
#2150=CARTESIAN_POINT('',(-18.75,50.,8.));
#2151=CARTESIAN_POINT('Origin',(-17.,50.,8.));
#2152=CARTESIAN_POINT('Origin',(-24.,51.5140827964136,8.));
#2153=CARTESIAN_POINT('',(-24.,45.,2.52537152159125));
#2154=CARTESIAN_POINT('',(-24.,51.5140827964136,8.));
#2155=CARTESIAN_POINT('',(-21.,45.,2.52537152159125));
#2156=CARTESIAN_POINT('',(-21.,51.5140827964136,8.));
#2157=CARTESIAN_POINT('',(-10.5,45.,2.52537152159125));
#2158=CARTESIAN_POINT('Origin',(-24.,48.2570413982068,5.26268576079562));
#2159=CARTESIAN_POINT('',(-24.,45.,2.63134288039781));
#2160=CARTESIAN_POINT('Origin',(-21.,48.2570413982068,5.26268576079562));
#2161=CARTESIAN_POINT('',(-21.,45.,2.63134288039781));
#2162=CARTESIAN_POINT('Origin',(-9.99999999999999,-9.51408279641358,8.));
#2163=CARTESIAN_POINT('',(-9.99999999999999,-9.51408279641358,8.));
#2164=CARTESIAN_POINT('',(-10.,-2.99999999999999,2.52537152159125));
#2165=CARTESIAN_POINT('',(-9.99999999999999,-9.51408279641358,8.));
#2166=CARTESIAN_POINT('',(-13.,-9.51408279641358,8.));
#2167=CARTESIAN_POINT('',(-12.75,-9.51408279641358,8.));
#2168=CARTESIAN_POINT('',(-13.,-2.99999999999999,2.52537152159125));
#2169=CARTESIAN_POINT('',(-13.,-9.51408279641358,8.));
#2170=CARTESIAN_POINT('',(-22.,-3.,2.52537152159125));
#2171=CARTESIAN_POINT('Origin',(-9.99999999999999,-6.25704139820679,5.26268576079562));
#2172=CARTESIAN_POINT('',(-10.,-2.99999999999999,8.));
#2173=CARTESIAN_POINT('',(-9.99999999999999,-7.1285206991034,8.));
#2174=CARTESIAN_POINT('',(-9.99999999999999,-3.,2.63134288039781));
#2175=CARTESIAN_POINT('Origin',(-13.,-6.25704139820679,5.26268576079562));
#2176=CARTESIAN_POINT('',(-13.,-2.99999999999999,8.));
#2177=CARTESIAN_POINT('',(-13.,-7.1285206991034,8.));
#2178=CARTESIAN_POINT('',(-13.,-3.,2.63134288039781));
#2179=CARTESIAN_POINT('Origin',(-15.5,-8.,8.));
#2180=CARTESIAN_POINT('',(3.,-3.,8.));
#2181=CARTESIAN_POINT('',(-24.75,-3.,8.));
#2182=CARTESIAN_POINT('',(-14.0542536244266,-12.4948635226491,8.));
#2183=CARTESIAN_POINT('',(3.,-3.,8.));
#2184=CARTESIAN_POINT('',(-16.,-13.,8.));
#2185=CARTESIAN_POINT('Origin',(-16.,-9.,8.));
#2186=CARTESIAN_POINT('',(-18.,-13.,8.));
#2187=CARTESIAN_POINT('',(-18.,-13.,8.));
#2188=CARTESIAN_POINT('',(-20.2421847445893,-12.3124926522381,8.));
#2189=CARTESIAN_POINT('Origin',(-18.,-8.99999999999999,8.));
#2190=CARTESIAN_POINT('',(-34.,-3.,8.));
#2191=CARTESIAN_POINT('',(-34.,-3.,8.));
#2192=CARTESIAN_POINT('',(-24.,-3.,8.));
#2193=CARTESIAN_POINT('',(-24.75,-3.,8.));
#2194=CARTESIAN_POINT('',(-24.,-9.51408279641359,8.));
#2195=CARTESIAN_POINT('',(-24.,-7.1285206991034,8.));
#2196=CARTESIAN_POINT('',(-21.,-9.51408279641359,8.));
#2197=CARTESIAN_POINT('',(-19.75,-9.51408279641359,8.));
#2198=CARTESIAN_POINT('',(-21.,-3.,8.));
#2199=CARTESIAN_POINT('',(-21.,-7.1285206991034,8.));
#2200=CARTESIAN_POINT('',(-24.75,-3.,8.));
#2201=CARTESIAN_POINT('',(-18.75,-8.00000000000001,8.));
#2202=CARTESIAN_POINT('Origin',(-17.,-8.00000000000001,8.));
#2203=CARTESIAN_POINT('Origin',(-24.,-9.51408279641359,8.));
#2204=CARTESIAN_POINT('',(-24.,-3.,2.52537152159125));
#2205=CARTESIAN_POINT('',(-24.,-9.51408279641359,8.));
#2206=CARTESIAN_POINT('',(-21.,-2.99999999999999,2.52537152159125));
#2207=CARTESIAN_POINT('',(-29.,-3.,2.52537152159125));
#2208=CARTESIAN_POINT('',(-21.,-9.51408279641359,8.));
#2209=CARTESIAN_POINT('Origin',(-24.,-6.25704139820679,5.26268576079562));
#2210=CARTESIAN_POINT('',(-24.,-3.,2.63134288039781));
#2211=CARTESIAN_POINT('Origin',(-21.,-6.25704139820679,5.26268576079562));
#2212=CARTESIAN_POINT('',(-21.,-3.,2.63134288039781));
#2213=CARTESIAN_POINT('Origin',(-30.,7.32516283872461,3.));
#2214=CARTESIAN_POINT('',(-30.,13.6748371612754,0.));
#2215=CARTESIAN_POINT('',(-30.,7.32516283872461,0.));
#2216=CARTESIAN_POINT('',(-30.,14.1625814193623,0.));
#2217=CARTESIAN_POINT('',(-30.,13.6748371612754,3.));
#2218=CARTESIAN_POINT('',(-30.,13.6748371612754,3.));
#2219=CARTESIAN_POINT('',(-30.,7.32516283872461,3.));
#2220=CARTESIAN_POINT('',(-30.,14.1625814193623,3.));
#2221=CARTESIAN_POINT('',(-30.,7.32516283872461,3.));
#2222=CARTESIAN_POINT('Origin',(-27.4298937265866,10.5,3.));
#2223=CARTESIAN_POINT('',(-27.4298937265866,10.5,0.));
#2224=CARTESIAN_POINT('',(-22.5009627081047,16.5886794934188,0.));
#2225=CARTESIAN_POINT('',(-27.4298937265866,10.5,3.));
#2226=CARTESIAN_POINT('',(-22.7978805163239,16.221898671501,3.));
#2227=CARTESIAN_POINT('',(-27.4298937265866,10.5,3.));
#2228=CARTESIAN_POINT('Origin',(-30.,13.6748371612754,3.));
#2229=CARTESIAN_POINT('',(-28.9209473516608,12.3418897721504,0.));
#2230=CARTESIAN_POINT('',(-29.2178651598799,12.7086705940682,3.));
#2231=CARTESIAN_POINT('Origin',(-6.57010627341338,31.5,3.));
#2232=CARTESIAN_POINT('',(0.,39.6160136318636,0.));
#2233=CARTESIAN_POINT('',(-6.57010627341338,31.5,0.));
#2234=CARTESIAN_POINT('',(-10.9052016754569,26.1448821504168,0.));
#2235=CARTESIAN_POINT('',(0.,39.6160136318636,3.));
#2236=CARTESIAN_POINT('',(0.,39.6160136318636,3.));
#2237=CARTESIAN_POINT('',(-6.57010627341338,31.5,3.));
#2238=CARTESIAN_POINT('',(-11.2021194836761,25.778101328499,3.));
#2239=CARTESIAN_POINT('',(-6.57010627341338,31.5,3.));
#2240=CARTESIAN_POINT('Origin',(0.,23.3839863681364,3.));
#2241=CARTESIAN_POINT('',(0.,23.3839863681364,0.));
#2242=CARTESIAN_POINT('',(-2.48521703190089,26.4539603487199,2.77555756156289E-16));
#2243=CARTESIAN_POINT('',(0.,23.3839863681364,3.));
#2244=CARTESIAN_POINT('',(-2.78213484012007,26.8207411706377,3.));
#2245=CARTESIAN_POINT('',(0.,23.3839863681364,3.));
#2246=CARTESIAN_POINT('Origin',(-17.,39.6160136318636,3.));
#2247=CARTESIAN_POINT('',(-10.4298937265866,31.5,0.));
#2248=CARTESIAN_POINT('',(-17.,39.6160136318636,0.));
#2249=CARTESIAN_POINT('',(-12.1510843379621,33.6261766375815,2.77555756156289E-16));
#2250=CARTESIAN_POINT('',(-10.4298937265866,31.5,3.));
#2251=CARTESIAN_POINT('',(-10.4298937265866,31.5,3.));
#2252=CARTESIAN_POINT('',(-17.,39.6160136318636,3.));
#2253=CARTESIAN_POINT('',(-12.4480021461813,33.9929574594993,3.));
#2254=CARTESIAN_POINT('',(-17.,39.6160136318636,3.));
#2255=CARTESIAN_POINT('Origin',(-23.5701062734134,31.5,3.));
#2256=CARTESIAN_POINT('',(-23.5701062734134,31.5,0.));
#2257=CARTESIAN_POINT('',(-24.5401331823062,30.3017314654853,0.));
#2258=CARTESIAN_POINT('',(-23.5701062734134,31.5,3.));
#2259=CARTESIAN_POINT('',(-24.8370509905254,29.9349506435675,3.));
#2260=CARTESIAN_POINT('',(-23.5701062734134,31.5,3.));
#2261=CARTESIAN_POINT('Origin',(-17.,23.3839863681364,3.));
#2262=CARTESIAN_POINT('',(-17.,23.3839863681364,0.));
#2263=CARTESIAN_POINT('',(-16.1201485387502,22.2971110336514,0.));
#2264=CARTESIAN_POINT('',(-17.,23.3839863681364,3.));
#2265=CARTESIAN_POINT('',(-16.4170663469694,22.6638918555692,3.));
#2266=CARTESIAN_POINT('',(-17.,23.3839863681364,3.));
#2267=CARTESIAN_POINT('Origin',(-10.4298937265866,31.5,3.));
#2268=CARTESIAN_POINT('',(-14.0009627081047,27.0886794934188,0.));
#2269=CARTESIAN_POINT('',(-14.2978805163239,26.721898671501,3.));
#2270=CARTESIAN_POINT('Origin',(-18.9298937265866,42.,3.));
#2271=CARTESIAN_POINT('',(-25.5,33.8839863681364,0.));
#2272=CARTESIAN_POINT('',(-18.9298937265866,42.,0.));
#2273=CARTESIAN_POINT('',(-23.3858942149541,36.4955288084873,0.));
#2274=CARTESIAN_POINT('',(-25.5,33.8839863681364,3.));
#2275=CARTESIAN_POINT('',(-25.5,33.8839863681364,3.));
#2276=CARTESIAN_POINT('',(-18.9298937265866,42.,3.));
#2277=CARTESIAN_POINT('',(-23.6828120231732,36.1287479865695,3.));
#2278=CARTESIAN_POINT('',(-18.9298937265866,42.,3.));
#2279=CARTESIAN_POINT('Origin',(-30.,39.4428098975482,3.));
#2280=CARTESIAN_POINT('',(-30.,42.,0.));
#2281=CARTESIAN_POINT('',(-30.,39.4428098975482,0.));
#2282=CARTESIAN_POINT('',(-30.,30.2214049487741,0.));
#2283=CARTESIAN_POINT('',(-30.,42.,3.));
#2284=CARTESIAN_POINT('',(-30.,42.,3.));
#2285=CARTESIAN_POINT('',(-30.,39.4428098975482,3.));
#2286=CARTESIAN_POINT('',(-30.,30.2214049487741,3.));
#2287=CARTESIAN_POINT('',(-30.,39.4428098975482,3.));
#2288=CARTESIAN_POINT('Origin',(-25.5,33.8839863681364,3.));
#2289=CARTESIAN_POINT('',(-20.3701485387502,27.5471110336514,0.));
#2290=CARTESIAN_POINT('',(-20.6670663469694,27.9138918555692,3.));
#2291=CARTESIAN_POINT('Origin',(-8.49999999999999,29.1160136318636,3.));
#2292=CARTESIAN_POINT('',(-1.92989372658662,21.,0.));
#2293=CARTESIAN_POINT('',(-8.49999999999999,29.1160136318636,0.));
#2294=CARTESIAN_POINT('',(-7.90108433796212,28.3761766375815,2.77555756156289E-16));
#2295=CARTESIAN_POINT('',(-1.92989372658662,21.,3.));
#2296=CARTESIAN_POINT('',(-1.92989372658662,21.,3.));
#2297=CARTESIAN_POINT('',(-8.49999999999999,29.1160136318636,3.));
#2298=CARTESIAN_POINT('',(-8.1980021461813,28.7429574594993,3.));
#2299=CARTESIAN_POINT('',(-8.49999999999999,29.1160136318636,3.));
#2300=CARTESIAN_POINT('Origin',(-15.0701062734134,21.,3.));
#2301=CARTESIAN_POINT('',(-15.0701062734134,21.,0.));
#2302=CARTESIAN_POINT('',(-15.1552016754569,20.8948821504168,0.));
#2303=CARTESIAN_POINT('',(-15.0701062734134,21.,3.));
#2304=CARTESIAN_POINT('',(-15.4521194836761,20.528101328499,3.));
#2305=CARTESIAN_POINT('',(-15.0701062734134,21.,3.));
#2306=CARTESIAN_POINT('Origin',(-8.49999999999999,12.8839863681364,3.));
#2307=CARTESIAN_POINT('',(-8.49999999999999,12.8839863681364,0.));
#2308=CARTESIAN_POINT('',(-11.8701485387502,17.0471110336514,0.));
#2309=CARTESIAN_POINT('',(-8.49999999999999,12.8839863681364,3.));
#2310=CARTESIAN_POINT('',(-12.1670663469694,17.4138918555692,3.));
#2311=CARTESIAN_POINT('',(-8.49999999999999,12.8839863681364,3.));
#2312=CARTESIAN_POINT('Origin',(-1.92989372658662,21.,3.));
#2313=CARTESIAN_POINT('',(-4.61603120125543,17.6818301783503,0.));
#2314=CARTESIAN_POINT('',(-4.91294900947461,17.3150493564325,3.));
#2315=CARTESIAN_POINT('Origin',(-8.49999999999999,8.1160136318636,3.));
#2316=CARTESIAN_POINT('',(-1.92989372658661,0.,0.));
#2317=CARTESIAN_POINT('',(-8.49999999999999,8.1160136318636,0.));
#2318=CARTESIAN_POINT('',(-13.0360158448114,13.719327322513,0.));
#2319=CARTESIAN_POINT('',(-1.92989372658661,0.,3.));
#2320=CARTESIAN_POINT('',(-1.92989372658661,0.,3.));
#2321=CARTESIAN_POINT('',(-8.49999999999999,8.1160136318636,3.));
#2322=CARTESIAN_POINT('',(-13.3329336530306,14.0861081444308,3.));
#2323=CARTESIAN_POINT('',(-8.49999999999999,8.1160136318636,3.));
#2324=CARTESIAN_POINT('Origin',(-15.0701062734134,-2.22044604925031E-15,
3.));
#2325=CARTESIAN_POINT('',(-15.0701062734134,-2.22044604925031E-15,0.));
#2326=CARTESIAN_POINT('',(-10.0202701686076,6.23803283534834,-2.77555756156289E-16));
#2327=CARTESIAN_POINT('',(-15.0701062734134,-2.22044604925031E-15,3.));
#2328=CARTESIAN_POINT('',(-10.3171879768268,5.87125201343053,3.));
#2329=CARTESIAN_POINT('',(-15.0701062734134,-2.22044604925031E-15,3.));
#2330=CARTESIAN_POINT('Origin',(-30.,0.,3.));
#2331=CARTESIAN_POINT('',(-30.,2.55719010245179,0.));
#2332=CARTESIAN_POINT('',(-30.,0.,0.));
#2333=CARTESIAN_POINT('',(-30.,10.5,0.));
#2334=CARTESIAN_POINT('',(-30.,2.55719010245179,3.));
#2335=CARTESIAN_POINT('',(-30.,2.55719010245179,3.));
#2336=CARTESIAN_POINT('',(-30.,0.,3.));
#2337=CARTESIAN_POINT('',(-30.,10.5,3.));
#2338=CARTESIAN_POINT('',(-30.,0.,3.));
#2339=CARTESIAN_POINT('Origin',(-25.5,8.11601363186358,3.));
#2340=CARTESIAN_POINT('',(-18.9298937265866,0.,0.));
#2341=CARTESIAN_POINT('',(-25.5,8.11601363186358,0.));
#2342=CARTESIAN_POINT('',(-26.6709473516607,9.56247800744452,0.));
#2343=CARTESIAN_POINT('',(-18.9298937265866,0.,3.));
#2344=CARTESIAN_POINT('',(-18.9298937265866,0.,3.));
#2345=CARTESIAN_POINT('',(-25.5,8.11601363186358,3.));
#2346=CARTESIAN_POINT('',(-26.9678651598799,9.92925882936233,3.));
#2347=CARTESIAN_POINT('',(-25.5,8.11601363186358,3.));
#2348=CARTESIAN_POINT('Origin',(-30.,2.55719010245179,3.));
#2349=CARTESIAN_POINT('',(-22.6201485387502,11.6734772016427,0.));
#2350=CARTESIAN_POINT('',(-22.9170663469694,11.3066963797249,3.));
#2351=CARTESIAN_POINT('Origin',(-8.5,33.8839863681364,3.));
#2352=CARTESIAN_POINT('',(-15.0701062734134,42.,0.));
#2353=CARTESIAN_POINT('',(-8.5,33.8839863681364,0.));
#2354=CARTESIAN_POINT('',(-6.73521703190089,31.7039603487199,2.77555756156289E-16));
#2355=CARTESIAN_POINT('',(-15.0701062734134,42.,3.));
#2356=CARTESIAN_POINT('',(-15.0701062734134,42.,3.));
#2357=CARTESIAN_POINT('',(-8.5,33.8839863681364,3.));
#2358=CARTESIAN_POINT('',(-7.03213484012007,32.0707411706377,3.));
#2359=CARTESIAN_POINT('',(-8.5,33.8839863681364,3.));
#2360=CARTESIAN_POINT('Origin',(-1.92989372658662,42.,3.));
#2361=CARTESIAN_POINT('',(-1.92989372658662,42.,0.));
#2362=CARTESIAN_POINT('',(-9.75096270810474,32.3386794934188,0.));
#2363=CARTESIAN_POINT('',(-1.92989372658662,42.,3.));
#2364=CARTESIAN_POINT('',(-10.0478805163239,31.971898671501,3.));
#2365=CARTESIAN_POINT('',(-1.92989372658662,42.,3.));
#2366=CARTESIAN_POINT('Origin',(-18.9298937265866,21.,3.));
#2367=CARTESIAN_POINT('',(-25.5,12.8839863681364,0.));
#2368=CARTESIAN_POINT('',(-18.9298937265866,21.,0.));
#2369=CARTESIAN_POINT('',(-18.2509627081047,21.8386794934188,0.));
#2370=CARTESIAN_POINT('',(-25.5,12.8839863681364,3.));
#2371=CARTESIAN_POINT('',(-25.5,12.8839863681364,3.));
#2372=CARTESIAN_POINT('',(-18.9298937265866,21.,3.));
#2373=CARTESIAN_POINT('',(-18.5478805163239,21.471898671501,3.));
#2374=CARTESIAN_POINT('',(-18.9298937265866,21.,3.));
#2375=CARTESIAN_POINT('Origin',(-25.5,29.1160136318636,3.));
#2376=CARTESIAN_POINT('',(-25.5,29.1160136318636,0.));
#2377=CARTESIAN_POINT('',(-21.5360158448114,24.219327322513,0.));
#2378=CARTESIAN_POINT('',(-25.5,29.1160136318636,3.));
#2379=CARTESIAN_POINT('',(-21.8329336530306,24.5861081444308,3.));
#2380=CARTESIAN_POINT('',(-25.5,29.1160136318636,3.));
#2381=CARTESIAN_POINT('Origin',(-30.,23.5571901024518,3.));
#2382=CARTESIAN_POINT('',(-30.,23.5571901024518,0.));
#2383=CARTESIAN_POINT('',(-27.7550800455995,26.3303265167112,0.));
#2384=CARTESIAN_POINT('',(-30.,23.5571901024518,3.));
#2385=CARTESIAN_POINT('',(-28.0519978538187,25.9635456947934,3.));
#2386=CARTESIAN_POINT('',(-30.,23.5571901024518,3.));
#2387=CARTESIAN_POINT('Origin',(-30.,18.4428098975482,3.));
#2388=CARTESIAN_POINT('',(-30.,18.4428098975482,0.));
#2389=CARTESIAN_POINT('',(-30.,19.7214049487741,0.));
#2390=CARTESIAN_POINT('',(-30.,18.4428098975482,3.));
#2391=CARTESIAN_POINT('',(-30.,19.7214049487741,3.));
#2392=CARTESIAN_POINT('',(-30.,18.4428098975482,3.));
#2393=CARTESIAN_POINT('Origin',(-25.5,12.8839863681364,3.));
#2394=CARTESIAN_POINT('',(-25.5050800455995,12.8902617185829,0.));
#2395=CARTESIAN_POINT('',(-25.8019978538187,13.2570425405007,3.));
#2396=CARTESIAN_POINT('Origin',(-30.,34.6748371612754,3.));
#2397=CARTESIAN_POINT('',(-27.4298937265866,31.5,0.));
#2398=CARTESIAN_POINT('',(-30.,34.6748371612754,0.));
#2399=CARTESIAN_POINT('',(-23.7860158448114,26.9987390872189,0.));
#2400=CARTESIAN_POINT('',(-27.4298937265866,31.5,3.));
#2401=CARTESIAN_POINT('',(-27.4298937265866,31.5,3.));
#2402=CARTESIAN_POINT('',(-30.,34.6748371612754,3.));
#2403=CARTESIAN_POINT('',(-24.0829336530306,27.3655199091367,3.));
#2404=CARTESIAN_POINT('',(-30.,34.6748371612754,3.));
#2405=CARTESIAN_POINT('Origin',(-30.,28.3251628387246,3.));
#2406=CARTESIAN_POINT('',(-30.,28.3251628387246,0.));
#2407=CARTESIAN_POINT('',(-30.,24.6625814193623,0.));
#2408=CARTESIAN_POINT('',(-30.,28.3251628387246,3.));
#2409=CARTESIAN_POINT('',(-30.,24.6625814193623,3.));
#2410=CARTESIAN_POINT('',(-30.,28.3251628387246,3.));
#2411=CARTESIAN_POINT('Origin',(-27.4298937265866,31.5,3.));
#2412=CARTESIAN_POINT('',(-27.6358942149541,31.2455288084873,0.));
#2413=CARTESIAN_POINT('',(-27.9328120231732,30.8787479865695,3.));
#2414=CARTESIAN_POINT('Origin',(-10.4298937265866,10.5,3.));
#2415=CARTESIAN_POINT('',(-17.,2.38398636813641,0.));
#2416=CARTESIAN_POINT('',(-10.4298937265866,10.5,0.));
#2417=CARTESIAN_POINT('',(-8.86603120125543,12.4318301783503,0.));
#2418=CARTESIAN_POINT('',(-17.,2.38398636813641,3.));
#2419=CARTESIAN_POINT('',(-17.,2.38398636813641,3.));
#2420=CARTESIAN_POINT('',(-10.4298937265866,10.5,3.));
#2421=CARTESIAN_POINT('',(-9.1629490094746,12.0650493564325,3.));
#2422=CARTESIAN_POINT('',(-10.4298937265866,10.5,3.));
#2423=CARTESIAN_POINT('Origin',(-17.,18.6160136318636,3.));
#2424=CARTESIAN_POINT('',(-17.,18.6160136318636,0.));
#2425=CARTESIAN_POINT('',(-17.2860158448114,18.969327322513,0.));
#2426=CARTESIAN_POINT('',(-17.,18.6160136318636,3.));
#2427=CARTESIAN_POINT('',(-17.5829336530306,19.3361081444308,3.));
#2428=CARTESIAN_POINT('',(-17.,18.6160136318636,3.));
#2429=CARTESIAN_POINT('Origin',(-23.5701062734134,10.5,3.));
#2430=CARTESIAN_POINT('',(-23.5701062734134,10.5,0.));
#2431=CARTESIAN_POINT('',(-19.4052016754569,15.6448821504168,0.));
#2432=CARTESIAN_POINT('',(-23.5701062734134,10.5,3.));
#2433=CARTESIAN_POINT('',(-19.7021194836761,15.278101328499,3.));
#2434=CARTESIAN_POINT('',(-23.5701062734134,10.5,3.));
#2435=CARTESIAN_POINT('Origin',(-17.,2.38398636813641,3.));
#2436=CARTESIAN_POINT('',(-21.2550800455995,7.64026171858288,0.));
#2437=CARTESIAN_POINT('',(-21.5519978538187,8.00704254050069,3.));
#2438=CARTESIAN_POINT('Origin',(-6.57010627341338,10.5,3.));
#2439=CARTESIAN_POINT('',(0.,18.6160136318636,0.));
#2440=CARTESIAN_POINT('',(-6.57010627341338,10.5,0.));
#2441=CARTESIAN_POINT('',(-5.77027016860758,11.4880328353483,-2.77555756156289E-16));
#2442=CARTESIAN_POINT('',(0.,18.6160136318636,3.));
#2443=CARTESIAN_POINT('',(0.,18.6160136318636,3.));
#2444=CARTESIAN_POINT('',(-6.57010627341338,10.5,3.));
#2445=CARTESIAN_POINT('',(-6.06718797682676,11.1212520134305,3.));
#2446=CARTESIAN_POINT('',(-6.57010627341338,10.5,3.));
#2447=CARTESIAN_POINT('Origin',(0.,2.38398636813641,3.));
#2448=CARTESIAN_POINT('',(0.,2.38398636813641,0.));
#2449=CARTESIAN_POINT('',(-7.6201485387502,11.7971110336514,0.));
#2450=CARTESIAN_POINT('',(0.,2.38398636813641,3.));
#2451=CARTESIAN_POINT('',(-7.91706634696938,12.1638918555692,3.));
#2452=CARTESIAN_POINT('',(0.,2.38398636813641,3.));
#2453=CARTESIAN_POINT('Origin',(-17.,21.,3.));
#2454=CARTESIAN_POINT('',(0.,42.,3.));
#2455=CARTESIAN_POINT('',(0.,31.5,3.));
#2456=CARTESIAN_POINT('',(-25.5,42.,3.));
#2457=CARTESIAN_POINT('',(-25.5,42.,3.));
#2458=CARTESIAN_POINT('',(-34.,42.,3.));
#2459=CARTESIAN_POINT('',(-25.5,42.,3.));
#2460=CARTESIAN_POINT('',(-34.,0.,3.));
#2461=CARTESIAN_POINT('',(-34.,-3.,3.));
#2462=CARTESIAN_POINT('',(-8.5,0.,3.));
#2463=CARTESIAN_POINT('',(-8.5,0.,3.));
#2464=CARTESIAN_POINT('',(0.,0.,3.));
#2465=CARTESIAN_POINT('',(-8.5,0.,3.));
#2466=CARTESIAN_POINT('',(0.,31.5,3.));
#2467=CARTESIAN_POINT('',(0.,31.5,3.));
#2468=CARTESIAN_POINT('Origin',(-34.,42.,0.));
#2469=CARTESIAN_POINT('',(-22.75,42.,0.));
#2470=CARTESIAN_POINT('',(-15.2850531367067,42.,0.));
#2471=CARTESIAN_POINT('',(0.,42.,11.));
#2472=CARTESIAN_POINT('',(0.,42.,0.));
#2473=CARTESIAN_POINT('',(-34.,42.,11.));
#2474=CARTESIAN_POINT('',(-34.,42.,11.));
#2475=CARTESIAN_POINT('',(-34.,42.,0.));
#2476=CARTESIAN_POINT('Origin',(-17.,-8.00000000000001,8.));
#2477=CARTESIAN_POINT('',(-18.75,-8.00000000000001,11.));
#2478=CARTESIAN_POINT('Origin',(-17.,-8.00000000000001,11.));
#2479=CARTESIAN_POINT('',(-18.75,-8.00000000000001,8.));
#2480=CARTESIAN_POINT('Origin',(-14.0542536244266,-12.4948635226491,8.));
#2481=CARTESIAN_POINT('',(3.,-3.,11.));
#2482=CARTESIAN_POINT('',(3.,-3.,0.));
#2483=CARTESIAN_POINT('',(-14.0542536244266,-12.4948635226491,11.));
#2484=CARTESIAN_POINT('',(3.,-3.,11.));
#2485=CARTESIAN_POINT('',(-14.0542536244266,-12.4948635226491,8.));
#2486=CARTESIAN_POINT('Origin',(-16.,-9.,8.));
#2487=CARTESIAN_POINT('',(-16.,-13.,11.));
#2488=CARTESIAN_POINT('Origin',(-16.,-9.,11.));
#2489=CARTESIAN_POINT('',(-16.,-13.,8.));
#2490=CARTESIAN_POINT('Origin',(-18.,-13.,8.));
#2491=CARTESIAN_POINT('',(-18.,-13.,11.));
#2492=CARTESIAN_POINT('',(-18.,-13.,11.));
#2493=CARTESIAN_POINT('',(-18.,-13.,8.));
#2494=CARTESIAN_POINT('Origin',(-18.,-8.99999999999999,8.));
#2495=CARTESIAN_POINT('',(-20.2421847445893,-12.3124926522381,11.));
#2496=CARTESIAN_POINT('Origin',(-18.,-8.99999999999999,11.));
#2497=CARTESIAN_POINT('',(-20.2421847445893,-12.3124926522381,8.));
#2498=CARTESIAN_POINT('Origin',(-34.,-3.,8.));
#2499=CARTESIAN_POINT('',(-34.,-3.,11.));
#2500=CARTESIAN_POINT('',(-34.,-3.,11.));
#2501=CARTESIAN_POINT('',(-34.,-3.,0.));
#2502=CARTESIAN_POINT('Origin',(-34.,-3.,0.));
#2503=CARTESIAN_POINT('',(-34.,-3.,0.));
#2504=CARTESIAN_POINT('',(-34.,-3.,0.));
#2505=CARTESIAN_POINT('',(3.,-3.,0.));
#2506=CARTESIAN_POINT('',(3.,-3.,0.));
#2507=CARTESIAN_POINT('',(3.,-3.,0.));
#2508=CARTESIAN_POINT('Origin',(-17.,50.,8.));
#2509=CARTESIAN_POINT('',(-18.75,50.,11.));
#2510=CARTESIAN_POINT('Origin',(-17.,50.,11.));
#2511=CARTESIAN_POINT('',(-18.75,50.,8.));
#2512=CARTESIAN_POINT('Origin',(-20.2421847445893,54.3124926522381,8.));
#2513=CARTESIAN_POINT('',(-34.,45.,11.));
#2514=CARTESIAN_POINT('',(-34.,45.,0.));
#2515=CARTESIAN_POINT('',(-20.2421847445893,54.3124926522381,11.));
#2516=CARTESIAN_POINT('',(-34.,45.,11.));
#2517=CARTESIAN_POINT('',(-20.2421847445893,54.3124926522381,8.));
#2518=CARTESIAN_POINT('Origin',(-18.,51.,8.));
#2519=CARTESIAN_POINT('',(-18.,55.,11.));
#2520=CARTESIAN_POINT('Origin',(-18.,51.,11.));
#2521=CARTESIAN_POINT('',(-18.,55.,8.));
#2522=CARTESIAN_POINT('Origin',(-16.,55.,8.));
#2523=CARTESIAN_POINT('',(-16.,55.,11.));
#2524=CARTESIAN_POINT('',(-18.,55.,11.));
#2525=CARTESIAN_POINT('',(-16.,55.,8.));
#2526=CARTESIAN_POINT('Origin',(-16.,51.,8.));
#2527=CARTESIAN_POINT('',(-14.0542536244266,54.4948635226491,11.));
#2528=CARTESIAN_POINT('Origin',(-16.,51.,11.));
#2529=CARTESIAN_POINT('',(-14.0542536244266,54.4948635226491,8.));
#2530=CARTESIAN_POINT('Origin',(3.,45.,8.));
#2531=CARTESIAN_POINT('',(3.,45.,11.));
#2532=CARTESIAN_POINT('',(3.,45.,11.));
#2533=CARTESIAN_POINT('',(3.,45.,0.));
#2534=CARTESIAN_POINT('Origin',(3.,45.,0.));
#2535=CARTESIAN_POINT('',(3.,45.,0.));
#2536=CARTESIAN_POINT('',(3.,45.,0.));
#2537=CARTESIAN_POINT('',(-34.,45.,0.));
#2538=CARTESIAN_POINT('',(-34.,45.,0.));
#2539=CARTESIAN_POINT('',(-34.,45.,0.));
#2540=CARTESIAN_POINT('Origin',(3.,-3.,0.));
#2541=CARTESIAN_POINT('',(3.,45.,0.));
#2542=CARTESIAN_POINT('',(3.,45.,11.));
#2543=CARTESIAN_POINT('Origin',(-34.,0.,0.));
#2544=CARTESIAN_POINT('',(-34.,-3.,0.));
#2545=CARTESIAN_POINT('',(-34.,0.,11.));
#2546=CARTESIAN_POINT('',(-34.,-3.,11.));
#2547=CARTESIAN_POINT('',(-34.,0.,0.));
#2548=CARTESIAN_POINT('',(-34.,-3.,11.));
#2549=CARTESIAN_POINT('Origin',(0.,0.,0.));
#2550=CARTESIAN_POINT('',(-8.7149468632933,0.,0.));
#2551=CARTESIAN_POINT('',(-17.2149468632933,0.,0.));
#2552=CARTESIAN_POINT('',(0.,0.,11.));
#2553=CARTESIAN_POINT('',(0.,0.,11.));
#2554=CARTESIAN_POINT('',(0.,0.,0.));
#2555=CARTESIAN_POINT('Origin',(0.,42.,0.));
#2556=CARTESIAN_POINT('',(0.,30.3080068159318,0.));
#2557=CARTESIAN_POINT('',(0.,19.8080068159318,0.));
#2558=CARTESIAN_POINT('',(0.,42.,11.));
#2559=CARTESIAN_POINT('Origin',(-15.5,21.,11.));
#2560=CARTESIAN_POINT('Origin',(-15.5,21.,0.));
#2561=UNCERTAINTY_MEASURE_WITH_UNIT(LENGTH_MEASURE(0.01),#2565,
'DISTANCE_ACCURACY_VALUE',
'Maximum model space distance between geometric entities at asserted c
onnectivities');
#2562=UNCERTAINTY_MEASURE_WITH_UNIT(LENGTH_MEASURE(0.01),#2565,
'DISTANCE_ACCURACY_VALUE',
'Maximum model space distance between geometric entities at asserted c
onnectivities');
#2563=(
GEOMETRIC_REPRESENTATION_CONTEXT(3)
GLOBAL_UNCERTAINTY_ASSIGNED_CONTEXT((#2561))
GLOBAL_UNIT_ASSIGNED_CONTEXT((#2565,#2567,#2568))
REPRESENTATION_CONTEXT('','3D')
);
#2564=(
GEOMETRIC_REPRESENTATION_CONTEXT(3)
GLOBAL_UNCERTAINTY_ASSIGNED_CONTEXT((#2562))
GLOBAL_UNIT_ASSIGNED_CONTEXT((#2565,#2567,#2568))
REPRESENTATION_CONTEXT('','3D')
);
#2565=(
LENGTH_UNIT()
NAMED_UNIT(*)
SI_UNIT(.MILLI.,.METRE.)
);
#2566=(
LENGTH_UNIT()
NAMED_UNIT(*)
SI_UNIT($,.METRE.)
);
#2567=(
NAMED_UNIT(*)
PLANE_ANGLE_UNIT()
SI_UNIT($,.RADIAN.)
);
#2568=(
NAMED_UNIT(*)
SI_UNIT($,.STERADIAN.)
SOLID_ANGLE_UNIT()
);
#2569=SHAPE_DEFINITION_REPRESENTATION(#2570,#2571);
#2570=PRODUCT_DEFINITION_SHAPE('',$,#2573);
#2571=SHAPE_REPRESENTATION('',(#1637),#2563);
#2572=PRODUCT_DEFINITION_CONTEXT('part definition',#2577,'design');
#2573=PRODUCT_DEFINITION('\X2\01111EE1\X0\ \X2\01111ED9\X0\ng c\X2\01A1\X0\',
'\X2\01111EE1\X0\ \X2\01111ED9\X0\ng c\X2\01A1\X0\ v11',#2574,#2572);
#2574=PRODUCT_DEFINITION_FORMATION('',$,#2579);
#2575=PRODUCT_RELATED_PRODUCT_CATEGORY('\X2\01111EE1\X0\ \X2\01111ED9\X0\n
g c\X2\01A1\X0\ v11','\X2\01111EE1\X0\ \X2\01111ED9\X0\ng c\X2\01A1\X0\ 
v11',(#2579));
#2576=APPLICATION_PROTOCOL_DEFINITION('international standard',
'automotive_design',2009,#2577);
#2577=APPLICATION_CONTEXT(
'Core Data for Automotive Mechanical Design Process');
#2578=PRODUCT_CONTEXT('part definition',#2577,'mechanical');
#2579=PRODUCT('\X2\01111EE1\X0\ \X2\01111ED9\X0\ng c\X2\01A1\X0\',
'\X2\01111EE1\X0\ \X2\01111ED9\X0\ng c\X2\01A1\X0\ v11',$,(#2578));
#2580=PRESENTATION_STYLE_ASSIGNMENT((#2582));
#2581=PRESENTATION_STYLE_ASSIGNMENT((#2583));
#2582=SURFACE_STYLE_USAGE(.BOTH.,#2584);
#2583=SURFACE_STYLE_USAGE(.BOTH.,#2585);
#2584=SURFACE_SIDE_STYLE('',(#2586));
#2585=SURFACE_SIDE_STYLE('',(#2587));
#2586=SURFACE_STYLE_FILL_AREA(#2588);
#2587=SURFACE_STYLE_FILL_AREA(#2589);
#2588=FILL_AREA_STYLE('Steel - Satin',(#2590));
#2589=FILL_AREA_STYLE('ABS (White)',(#2591));
#2590=FILL_AREA_STYLE_COLOUR('Steel - Satin',#2592);
#2591=FILL_AREA_STYLE_COLOUR('ABS (White)',#2593);
#2592=COLOUR_RGB('Steel - Satin',0.627450980392157,0.627450980392157,0.627450980392157);
#2593=COLOUR_RGB('ABS (White)',0.964705882352941,0.964705882352941,0.952941176470588);
ENDSEC;
END-ISO-10303-21;
