ISO-10303-21;
HEADER;
FILE_DESCRIPTION (( 'STEP AP214' ),
    '1' );
FILE_NAME ('casing housing.STEP',
    '2026-03-05T04:54:52',
    ( '' ),
    ( '' ),
    'SwSTEP 2.0',
    'SolidWorks 2025',
    '' );
FILE_SCHEMA (( 'AUTOMOTIVE_DESIGN' ));
ENDSEC;

DATA;
#1 = ORIENTED_EDGE ( 'NONE', *, *, #1716, .T. ) ;
#2 = DIRECTION ( 'NONE',  ( 1.000000000000000000, 0.000000000000000000, 0.000000000000000000 ) ) ;
#3 = CYLINDRICAL_SURFACE ( 'NONE', #2090, 3.000000000000000000 ) ;
#4 = ADVANCED_FACE ( 'NONE', ( #912 ), #2131, .F. ) ;
#5 = ORIENTED_EDGE ( 'NONE', *, *, #383, .F. ) ;
#6 = CARTESIAN_POINT ( 'NONE',  ( -2.999999999999997780, 36.13151164933098869, 4.428787426962612628 ) ) ;
#7 = FACE_OUTER_BOUND ( 'NONE', #2050, .T. ) ;
#8 = FACE_OUTER_BOUND ( 'NONE', #2661, .T. ) ;
#9 = CARTESIAN_POINT ( 'NONE',  ( -6.000000000000000000, -36.00000000000000711, 0.000000000000000000 ) ) ;
#10 = VERTEX_POINT ( 'NONE', #1805 ) ;
#11 = DIRECTION ( 'NONE',  ( -1.000000000000000000, 0.000000000000000000, 0.000000000000000000 ) ) ;
#12 = ORIENTED_EDGE ( 'NONE', *, *, #1905, .T. ) ;
#13 = LINE ( 'NONE', #3299, #2425 ) ;
#14 = DIRECTION ( 'NONE',  ( -1.000000000000000000, -0.000000000000000000, -0.000000000000000000 ) ) ;
#15 = FACE_OUTER_BOUND ( 'NONE', #315, .T. ) ;
#16 = ORIENTED_EDGE ( 'NONE', *, *, #2940, .F. ) ;
#17 = AXIS2_PLACEMENT_3D ( 'NONE', #3937, #2417, #539 ) ;
#18 = CIRCLE ( 'NONE', #1017, 2.000000000000001776 ) ;
#19 = CARTESIAN_POINT ( 'NONE',  ( 45.50000000000001421, 3.199999999999946443, 4.000000000000000000 ) ) ;
#20 = ADVANCED_FACE ( 'NONE', ( #2435 ), #1512, .T. ) ;
#21 = ORIENTED_EDGE ( 'NONE', *, *, #1332, .F. ) ;
#22 = ORIENTED_EDGE ( 'NONE', *, *, #750, .F. ) ;
#23 = CARTESIAN_POINT ( 'NONE',  ( 18.00000000000000355, 35.77459666922658954, 4.738908646386315482 ) ) ;
#24 = CARTESIAN_POINT ( 'NONE',  ( 46.00000000000000711, 31.00000000000000355, 0.000000000000000000 ) ) ;
#25 = ORIENTED_EDGE ( 'NONE', *, *, #3178, .T. ) ;
#26 = AXIS2_PLACEMENT_3D ( 'NONE', #2855, #2612, #1024 ) ;
#27 = DIRECTION ( 'NONE',  ( -6.938893903907228378E-17, 1.000000000000000000, -0.000000000000000000 ) ) ;
#28 = DIRECTION ( 'NONE',  ( -6.938893903907228378E-17, 1.000000000000000000, -0.000000000000000000 ) ) ;
#29 = DIRECTION ( 'NONE',  ( 0.000000000000000000, 0.000000000000000000, -1.000000000000000000 ) ) ;
#30 = CARTESIAN_POINT ( 'NONE',  ( -45.99999999999999289, 30.99999999999999289, 4.000000000000000000 ) ) ;
#31 = PLANE ( 'NONE',  #3921 ) ;
#32 = CARTESIAN_POINT ( 'NONE',  ( 23.00000000000000355, 38.00000000000000711, 0.000000000000000000 ) ) ;
#33 = ORIENTED_EDGE ( 'NONE', *, *, #2315, .T. ) ;
#34 = APPLICATION_CONTEXT ( 'automotive_design' ) ;
#35 = AXIS2_PLACEMENT_3D ( 'NONE', #399, #2549, #1064 ) ;
#36 = CARTESIAN_POINT ( 'NONE',  ( 46.00000000000000711, 32.99999999999999289, 21.10000000000000142 ) ) ;
#37 = EDGE_CURVE ( 'NONE', #2378, #2787, #306, .T. ) ;
#38 = CARTESIAN_POINT ( 'NONE',  ( -41.99999999999999289, 32.50000000000000000, 4.000000000000000000 ) ) ;
#39 = VECTOR ( 'NONE', #2459, 1000.000000000000000 ) ;
#40 = FACE_OUTER_BOUND ( 'NONE', #3857, .T. ) ;
#41 = EDGE_CURVE ( 'NONE', #378, #210, #659, .T. ) ;
#42 = ORIENTED_EDGE ( 'NONE', *, *, #401, .F. ) ;
#43 = LINE ( 'NONE', #2158, #842 ) ;
#44 = ORIENTED_EDGE ( 'NONE', *, *, #2103, .T. ) ;
#45 = EDGE_CURVE ( 'NONE', #210, #80, #1209, .T. ) ;
#46 = ORIENTED_EDGE ( 'NONE', *, *, #1230, .F. ) ;
#47 = FACE_OUTER_BOUND ( 'NONE', #594, .T. ) ;
#48 = EDGE_CURVE ( 'NONE', #10, #752, #3660, .T. ) ;
#49 = AXIS2_PLACEMENT_3D ( 'NONE', #3056, #654, #1226 ) ;
#50 = FACE_BOUND ( 'NONE', #916, .T. ) ;
#51 = EDGE_LOOP ( 'NONE', ( #255, #3529, #2109, #1569, #3327, #1291, #3758, #77, #637, #205, #695, #2223, #2438, #2399, #42, #1156, #1479, #1440, #3324, #2508 ) ) ;
#52 = LINE ( 'NONE', #3713, #3288 ) ;
#53 = DIRECTION ( 'NONE',  ( 0.000000000000000000, -1.000000000000000000, 0.000000000000000000 ) ) ;
#54 = DIRECTION ( 'NONE',  ( -1.000000000000000000, -0.000000000000000000, -0.000000000000000000 ) ) ;
#55 = AXIS2_PLACEMENT_3D ( 'NONE', #331, #1003, #144 ) ;
#56 = DIRECTION ( 'NONE',  ( 0.000000000000000000, -1.000000000000000000, -0.000000000000000000 ) ) ;
#57 = CARTESIAN_POINT ( 'NONE',  ( 40.00000000000001421, 33.00000000000000000, 2.000000000000000000 ) ) ;
#58 = ORIENTED_EDGE ( 'NONE', *, *, #3763, .F. ) ;
#59 = EDGE_LOOP ( 'NONE', ( #1852, #1911, #1421, #1227 ) ) ;
#60 = ORIENTED_EDGE ( 'NONE', *, *, #1488, .T. ) ;
#61 = DIRECTION ( 'NONE',  ( 0.000000000000000000, 0.000000000000000000, -1.000000000000000000 ) ) ;
#62 = VERTEX_POINT ( 'NONE', #614 ) ;
#63 = DIRECTION ( 'NONE',  ( 0.000000000000000000, 0.000000000000000000, 1.000000000000000000 ) ) ;
#64 = EDGE_CURVE ( 'NONE', #1134, #1985, #1252, .T. ) ;
#65 = ORIENTED_EDGE ( 'NONE', *, *, #1363, .T. ) ;
#66 = CIRCLE ( 'NONE', #744, 3.500000000000006661 ) ;
#67 = LINE ( 'NONE', #86, #250 ) ;
#68 = DIRECTION ( 'NONE',  ( -1.000000000000000000, 0.000000000000000000, 0.000000000000000000 ) ) ;
#69 = EDGE_LOOP ( 'NONE', ( #3805, #3726, #1424, #1001 ) ) ;
#70 = CARTESIAN_POINT ( 'NONE',  ( 0.000000000000000000, 0.000000000000000000, 4.000000000000000000 ) ) ;
#71 = DIRECTION ( 'NONE',  ( 1.000000000000000000, 0.000000000000000000, 0.000000000000000000 ) ) ;
#72 = CARTESIAN_POINT ( 'NONE',  ( 30.11623481305345962, 35.46913160833857148, 2.848750066181807483 ) ) ;
#73 = CARTESIAN_POINT ( 'NONE',  ( 48.00000000000000711, 33.00000000000000000, 2.000000000000000000 ) ) ;
#74 = VECTOR ( 'NONE', #2492, 1000.000000000000000 ) ;
#75 = CYLINDRICAL_SURFACE ( 'NONE', #3854, 3.000000000000000000 ) ;
#76 = VERTEX_POINT ( 'NONE', #2759 ) ;
#77 = ORIENTED_EDGE ( 'NONE', *, *, #2258, .T. ) ;
#78 = EDGE_CURVE ( 'NONE', #1643, #975, #1870, .T. ) ;
#79 = FACE_OUTER_BOUND ( 'NONE', #151, .T. ) ;
#80 = VERTEX_POINT ( 'NONE', #3061 ) ;
#81 = DIRECTION ( 'NONE',  ( -1.000000000000000000, 0.000000000000000000, 0.000000000000000000 ) ) ;
#82 = EDGE_LOOP ( 'NONE', ( #309, #1754, #1660, #1277 ) ) ;
#83 = EDGE_CURVE ( 'NONE', #1340, #2165, #1572, .T. ) ;
#84 = ORIENTED_EDGE ( 'NONE', *, *, #2145, .F. ) ;
#85 = VERTEX_POINT ( 'NONE', #2499 ) ;
#86 = CARTESIAN_POINT ( 'NONE',  ( 20.99999999999999645, 38.00000000000000711, 5.000000000000000000 ) ) ;
#87 = ORIENTED_EDGE ( 'NONE', *, *, #214, .T. ) ;
#88 = EDGE_CURVE ( 'NONE', #1976, #2143, #3680, .T. ) ;
#89 = CARTESIAN_POINT ( 'NONE',  ( 32.00000000000001421, 33.00000000000000000, 4.500000000000000888 ) ) ;
#90 = DIRECTION ( 'NONE',  ( 1.000000000000000000, 0.000000000000000000, -0.000000000000000000 ) ) ;
#91 = LINE ( 'NONE', #2856, #249 ) ;
#92 = CARTESIAN_POINT ( 'NONE',  ( 29.50000000000001066, 35.87750100080079108, 4.669566645199089372 ) ) ;
#93 = DIRECTION ( 'NONE',  ( 0.000000000000000000, 0.000000000000000000, -1.000000000000000000 ) ) ;
#94 = ORIENTED_EDGE ( 'NONE', *, *, #83, .F. ) ;
#95 = VERTEX_POINT ( 'NONE', #3383 ) ;
#96 = CARTESIAN_POINT ( 'NONE',  ( 46.00000000000000711, 34.09999999999999432, 21.10000000000000142 ) ) ;
#97 = CIRCLE ( 'NONE', #583, 2.500000000000002220 ) ;
#98 = EDGE_CURVE ( 'NONE', #639, #1579, #371, .T. ) ;
#99 = CARTESIAN_POINT ( 'NONE',  ( -7.999999999999998224, 38.00000000000000711, 0.000000000000000000 ) ) ;
#100 = CIRCLE ( 'NONE', #1220, 2.000000000000001776 ) ;
#101 = ORIENTED_EDGE ( 'NONE', *, *, #2139, .T. ) ;
#102 = SURFACE_STYLE_FILL_AREA ( #2810 ) ;
#103 = ADVANCED_FACE ( 'NONE', ( #1850 ), #1164, .F. ) ;
#104 = CARTESIAN_POINT ( 'NONE',  ( -18.60000000000002629, 14.99999999999999645, 8.000000000000000000 ) ) ;
#105 = ORIENTED_EDGE ( 'NONE', *, *, #733, .T. ) ;
#106 = CARTESIAN_POINT ( 'NONE',  ( -49.99999999999999289, 34.99999999999999289, 0.000000000000000000 ) ) ;
#107 = APPLICATION_PROTOCOL_DEFINITION ( 'draft international standard', 'automotive_design', 1998, #34 ) ;
#108 = PLANE ( 'NONE',  #218 ) ;
#109 = LINE ( 'NONE', #1617, #1093 ) ;
#110 = FACE_OUTER_BOUND ( 'NONE', #2317, .T. ) ;
#111 = CARTESIAN_POINT ( 'NONE',  ( 31.17548005454158755, 35.08281030231180608, 2.134196957539378658 ) ) ;
#112 = DIRECTION ( 'NONE',  ( -1.000000000000000000, 0.000000000000000000, 0.000000000000000000 ) ) ;
#113 = CARTESIAN_POINT ( 'NONE',  ( 46.00000000000000711, 31.00000000000000000, 4.000000000000000000 ) ) ;
#114 = ORIENTED_EDGE ( 'NONE', *, *, #540, .F. ) ;
#115 = VECTOR ( 'NONE', #1218, 1000.000000000000000 ) ;
#116 = CARTESIAN_POINT ( 'NONE',  ( -12.99999999999999822, 35.00000000000000000, 5.000000000000000000 ) ) ;
#117 = ADVANCED_FACE ( 'NONE', ( #3352 ), #552, .T. ) ;
#118 = VECTOR ( 'NONE', #2568, 1000.000000000000000 ) ;
#119 = EDGE_LOOP ( 'NONE', ( #3385, #3212, #2443, #1163 ) ) ;
#120 = EDGE_CURVE ( 'NONE', #700, #2171, #2676, .T. ) ;
#121 = CIRCLE ( 'NONE', #3684, 2.500000000000002220 ) ;
#122 = CARTESIAN_POINT ( 'NONE',  ( 32.00000000000000000, 39.00000000000000000, 5.000000000000000000 ) ) ;
#123 = ORIENTED_EDGE ( 'NONE', *, *, #78, .T. ) ;
#124 = AXIS2_PLACEMENT_3D ( 'NONE', #1464, #3613, #261 ) ;
#125 = DIRECTION ( 'NONE',  ( -0.000000000000000000, -1.000000000000000000, -0.000000000000000000 ) ) ;
#126 = AXIS2_PLACEMENT_3D ( 'NONE', #449, #1667, #3220 ) ;
#127 = LINE ( 'NONE', #2301, #896 ) ;
#128 = CARTESIAN_POINT ( 'NONE',  ( 6.000000000000000000, -36.00000000000000711, 5.000000000000000000 ) ) ;
#129 = AXIS2_PLACEMENT_3D ( 'NONE', #3054, #266, #3617 ) ;
#130 = EDGE_CURVE ( 'NONE', #1248, #2119, #1763, .T. ) ;
#131 = DIRECTION ( 'NONE',  ( 0.000000000000000000, 0.000000000000000000, 1.000000000000000000 ) ) ;
#132 = VERTEX_POINT ( 'NONE', #265 ) ;
#133 = VECTOR ( 'NONE', #1829, 1000.000000000000000 ) ;
#134 = CARTESIAN_POINT ( 'NONE',  ( -4.410313921974896888E-17, 1.499999999999987566, 2.000000000000000000 ) ) ;
#135 = CARTESIAN_POINT ( 'NONE',  ( -18.10000000000001563, -29.50000000000001421, 4.000000000000000000 ) ) ;
#136 = VERTEX_POINT ( 'NONE', #1202 ) ;
#137 = AXIS2_PLACEMENT_3D ( 'NONE', #3376, #2546, #3765 ) ;
#138 = CARTESIAN_POINT ( 'NONE',  ( -6.000000000000001776, -36.00000000000000711, 5.000000000000000000 ) ) ;
#139 = ORIENTED_EDGE ( 'NONE', *, *, #2562, .F. ) ;
#140 = EDGE_CURVE ( 'NONE', #751, #3647, #846, .T. ) ;
#141 = FACE_OUTER_BOUND ( 'NONE', #1854, .T. ) ;
#142 = DIRECTION ( 'NONE',  ( -1.000000000000000000, 0.000000000000000000, 0.000000000000000000 ) ) ;
#143 = VERTEX_POINT ( 'NONE', #1780 ) ;
#144 = DIRECTION ( 'NONE',  ( -1.000000000000000000, 0.000000000000000000, 0.000000000000000000 ) ) ;
#145 = CARTESIAN_POINT ( 'NONE',  ( 20.50000000000000355, 5.000000000000000000, 4.000000000000000000 ) ) ;
#146 = LINE ( 'NONE', #764, #1408 ) ;
#147 = CARTESIAN_POINT ( 'NONE',  ( 40.00000000000001421, 34.99999999999999289, 4.500000000000000888 ) ) ;
#148 = VECTOR ( 'NONE', #3050, 1000.000000000000000 ) ;
#149 = CARTESIAN_POINT ( 'NONE',  ( 29.55051025721677505, 35.83772233983165734, 4.999999999999704237 ) ) ;
#150 = ADVANCED_FACE ( 'NONE', ( #246 ), #520, .F. ) ;
#151 = EDGE_LOOP ( 'NONE', ( #994, #923, #2520, #2042, #2404 ) ) ;
#152 = ORIENTED_EDGE ( 'NONE', *, *, #1351, .T. ) ;
#153 = CARTESIAN_POINT ( 'NONE',  ( 20.00000000000001776, 41.00000000000000000, 5.000000000000000000 ) ) ;
#154 = FACE_OUTER_BOUND ( 'NONE', #274, .T. ) ;
#155 = CARTESIAN_POINT ( 'NONE',  ( -10.99999999999999822, 39.00000000000000000, 5.000000000000000000 ) ) ;
#156 = EDGE_CURVE ( 'NONE', #1216, #1366, #316, .T. ) ;
#157 = EDGE_CURVE ( 'NONE', #1104, #1197, #2144, .T. ) ;
#158 = AXIS2_PLACEMENT_3D ( 'NONE', #1151, #3917, #558 ) ;
#159 = DIRECTION ( 'NONE',  ( 0.000000000000000000, 0.000000000000000000, -1.000000000000000000 ) ) ;
#160 = LINE ( 'NONE', #2586, #3661 ) ;
#161 = ORIENTED_EDGE ( 'NONE', *, *, #1471, .F. ) ;
#162 = CIRCLE ( 'NONE', #658, 3.000000000000000000 ) ;
#163 = EDGE_CURVE ( 'NONE', #888, #1591, #925, .T. ) ;
#164 = ORIENTED_EDGE ( 'NONE', *, *, #3532, .F. ) ;
#165 = DIRECTION ( 'NONE',  ( 0.000000000000000000, 0.000000000000000000, -1.000000000000000000 ) ) ;
#166 = CARTESIAN_POINT ( 'NONE',  ( -49.99999999999999289, -35.00000000000000711, 0.000000000000000000 ) ) ;
#167 = FACE_OUTER_BOUND ( 'NONE', #3476, .T. ) ;
#168 = DIRECTION ( 'NONE',  ( 0.000000000000000000, -1.000000000000000000, 0.000000000000000000 ) ) ;
#169 = VERTEX_POINT ( 'NONE', #628 ) ;
#170 = EDGE_CURVE ( 'NONE', #188, #136, #52, .T. ) ;
#171 = DIRECTION ( 'NONE',  ( -1.000000000000000000, -2.168404344971008868E-16, 0.000000000000000000 ) ) ;
#172 = VECTOR ( 'NONE', #3733, 1000.000000000000000 ) ;
#173 = VECTOR ( 'NONE', #3209, 1000.000000000000000 ) ;
#174 = CARTESIAN_POINT ( 'NONE',  ( -18.10000000000001563, -29.50000000000001421, 4.000000000000000000 ) ) ;
#175 = AXIS2_PLACEMENT_3D ( 'NONE', #1264, #1542, #965 ) ;
#176 = FACE_OUTER_BOUND ( 'NONE', #367, .T. ) ;
#177 = FACE_BOUND ( 'NONE', #3883, .T. ) ;
#178 = DIRECTION ( 'NONE',  ( 1.000000000000000000, 7.228014483236695816E-17, 0.000000000000000000 ) ) ;
#179 = DIRECTION ( 'NONE',  ( -6.938893903907228378E-17, 1.000000000000000000, -0.000000000000000000 ) ) ;
#180 = ORIENTED_EDGE ( 'NONE', *, *, #924, .T. ) ;
#181 = ORIENTED_EDGE ( 'NONE', *, *, #2103, .F. ) ;
#182 = CARTESIAN_POINT ( 'NONE',  ( 17.00000000000000000, 1.499999999999987788, 2.000000000000000000 ) ) ;
#183 = CARTESIAN_POINT ( 'NONE',  ( 2.000000000000000444, -38.00000000000000711, 5.000000000000000000 ) ) ;
#184 = DIRECTION ( 'NONE',  ( -1.000000000000000000, 0.000000000000000000, 0.000000000000000000 ) ) ;
#185 = CARTESIAN_POINT ( 'NONE',  ( -47.99999999999999289, 32.99999999999999289, 22.00000000000000000 ) ) ;
#186 = AXIS2_PLACEMENT_3D ( 'NONE', #3530, #227, #2918 ) ;
#187 = CARTESIAN_POINT ( 'NONE',  ( -45.50000000000000000, 4.999999999999986677, 2.000000000000000000 ) ) ;
#188 = VERTEX_POINT ( 'NONE', #1583 ) ;
#189 = ORIENTED_EDGE ( 'NONE', *, *, #2247, .F. ) ;
#190 = AXIS2_PLACEMENT_3D ( 'NONE', #3512, #3871, #1129 ) ;
#191 = DIRECTION ( 'NONE',  ( -1.000000000000000000, -0.000000000000000000, -0.000000000000000000 ) ) ;
#192 = DIRECTION ( 'NONE',  ( 0.000000000000000000, 0.000000000000000000, 1.000000000000000000 ) ) ;
#193 = CARTESIAN_POINT ( 'NONE',  ( -4.410313921974896888E-17, 1.499999999999987566, 4.000000000000000000 ) ) ;
#194 = ORIENTED_EDGE ( 'NONE', *, *, #1385, .T. ) ;
#195 = CARTESIAN_POINT ( 'NONE',  ( 30.45220272130279682, 35.30314524234458418, 2.511253138782353123 ) ) ;
#196 = FACE_OUTER_BOUND ( 'NONE', #3941, .T. ) ;
#197 = ORIENTED_EDGE ( 'NONE', *, *, #495, .T. ) ;
#198 = VERTEX_POINT ( 'NONE', #3072 ) ;
#199 = DIRECTION ( 'NONE',  ( -1.000000000000000000, 0.000000000000000000, 0.000000000000000000 ) ) ;
#200 = LINE ( 'NONE', #3490, #173 ) ;
#201 = EDGE_CURVE ( 'NONE', #352, #3889, #2530, .T. ) ;
#202 = DIRECTION ( 'NONE',  ( -0.000000000000000000, -0.000000000000000000, -1.000000000000000000 ) ) ;
#203 = EDGE_LOOP ( 'NONE', ( #161, #2062, #16, #1587 ) ) ;
#204 = DIRECTION ( 'NONE',  ( 1.000000000000000000, 0.000000000000000000, -0.000000000000000000 ) ) ;
#205 = ORIENTED_EDGE ( 'NONE', *, *, #904, .T. ) ;
#206 = CIRCLE ( 'NONE', #1913, 2.000000000000001776 ) ;
#207 = CARTESIAN_POINT ( 'NONE',  ( 28.00000000000000355, 38.99999999999998579, 5.000000000000000000 ) ) ;
#208 = ADVANCED_FACE ( 'NONE', ( #1222 ), #361, .T. ) ;
#209 = DIRECTION ( 'NONE',  ( 0.000000000000000000, 0.000000000000000000, -1.000000000000000000 ) ) ;
#210 = VERTEX_POINT ( 'NONE', #3128 ) ;
#211 = EDGE_LOOP ( 'NONE', ( #1020, #3101, #3549, #2376 ) ) ;
#212 = CYLINDRICAL_SURFACE ( 'NONE', #1225, 2.000000000000005329 ) ;
#213 = AXIS2_PLACEMENT_3D ( 'NONE', #2675, #823, #533 ) ;
#214 = EDGE_CURVE ( 'NONE', #997, #3071, #1242, .T. ) ;
#215 = ORIENTED_EDGE ( 'NONE', *, *, #2921, .T. ) ;
#216 = ORIENTED_EDGE ( 'NONE', *, *, #477, .F. ) ;
#217 = CARTESIAN_POINT ( 'NONE',  ( -2.999999999999997780, 38.46410161513774995, 5.000000000000000000 ) ) ;
#218 = AXIS2_PLACEMENT_3D ( 'NONE', #3809, #707, #1360 ) ;
#219 = EDGE_CURVE ( 'NONE', #808, #3851, #1876, .T. ) ;
#220 = DIRECTION ( 'NONE',  ( -0.000000000000000000, -0.000000000000000000, 1.000000000000000000 ) ) ;
#221 = CARTESIAN_POINT ( 'NONE',  ( 16.72301556883919815, 33.00000000000000000, 4.000000000000000000 ) ) ;
#222 = ORIENTED_EDGE ( 'NONE', *, *, #1748, .T. ) ;
#223 = VERTEX_POINT ( 'NONE', #2775 ) ;
#224 = EDGE_LOOP ( 'NONE', ( #1372, #3368, #579, #2426, #2346 ) ) ;
#225 = DIRECTION ( 'NONE',  ( 1.000000000000000000, 0.000000000000000000, 0.000000000000000000 ) ) ;
#226 = CARTESIAN_POINT ( 'NONE',  ( -0.9999999999999967804, 34.99999999999999289, 4.999999999999998224 ) ) ;
#227 = DIRECTION ( 'NONE',  ( -6.938893903907228378E-17, 1.000000000000000000, 0.000000000000000000 ) ) ;
#228 = CARTESIAN_POINT ( 'NONE',  ( 46.00000000000000711, 35.00000000000000000, 0.000000000000000000 ) ) ;
#229 = ADVANCED_FACE ( 'NONE', ( #385 ), #2186, .F. ) ;
#230 = VECTOR ( 'NONE', #730, 1000.000000000000000 ) ;
#231 = FACE_OUTER_BOUND ( 'NONE', #3420, .T. ) ;
#232 = ORIENTED_EDGE ( 'NONE', *, *, #953, .F. ) ;
#233 = EDGE_CURVE ( 'NONE', #2554, #2634, #728, .T. ) ;
#234 = EDGE_LOOP ( 'NONE', ( #2284, #3007, #1255, #271 ) ) ;
#235 = ORIENTED_EDGE ( 'NONE', *, *, #576, .T. ) ;
#236 = CARTESIAN_POINT ( 'NONE',  ( -12.99999999999999822, 38.74699879899323207, 4.894374764690224033 ) ) ;
#237 = VERTEX_POINT ( 'NONE', #2448 ) ;
#238 = ORIENTED_EDGE ( 'NONE', *, *, #41, .T. ) ;
#239 = CARTESIAN_POINT ( 'NONE',  ( -30.99999999999999645, -40.00000000000000711, 5.000000000000000000 ) ) ;
#240 = AXIS2_PLACEMENT_3D ( 'NONE', #2363, #1711, #1140 ) ;
#241 = LINE ( 'NONE', #2300, #1539 ) ;
#242 = CARTESIAN_POINT ( 'NONE',  ( 0.000000000000000000, 0.000000000000000000, 2.000000000000000000 ) ) ;
#243 = DIRECTION ( 'NONE',  ( 0.000000000000000000, 0.000000000000000000, -1.000000000000000000 ) ) ;
#244 = ORIENTED_EDGE ( 'NONE', *, *, #1629, .F. ) ;
#245 = EDGE_CURVE ( 'NONE', #2383, #2367, #650, .T. ) ;
#246 = FACE_OUTER_BOUND ( 'NONE', #3323, .T. ) ;
#247 = AXIS2_PLACEMENT_3D ( 'NONE', #2543, #3762, #2236 ) ;
#248 = CARTESIAN_POINT ( 'NONE',  ( 0.000000000000000000, -3.100000000000030731, 4.000000000000000000 ) ) ;
#249 = VECTOR ( 'NONE', #402, 1000.000000000000000 ) ;
#250 = VECTOR ( 'NONE', #899, 1000.000000000000000 ) ;
#251 = DIRECTION ( 'NONE',  ( 0.000000000000000000, 0.000000000000000000, -1.000000000000000000 ) ) ;
#252 = VECTOR ( 'NONE', #3729, 1000.000000000000000 ) ;
#253 = VERTEX_POINT ( 'NONE', #1861 ) ;
#254 = DIRECTION ( 'NONE',  ( -1.000000000000000000, 0.000000000000000000, 0.000000000000000000 ) ) ;
#255 = ORIENTED_EDGE ( 'NONE', *, *, #3395, .T. ) ;
#256 = VERTEX_POINT ( 'NONE', #1006 ) ;
#257 = ADVANCED_FACE ( 'NONE', ( #110 ), #3092, .T. ) ;
#258 = CIRCLE ( 'NONE', #447, 4.000000000000000000 ) ;
#259 = CARTESIAN_POINT ( 'NONE',  ( 50.00000000000000711, -18.99999999999998934, 2.000000000000000000 ) ) ;
#260 = DIRECTION ( 'NONE',  ( -1.000000000000000000, 0.000000000000000000, 0.000000000000000000 ) ) ;
#261 = DIRECTION ( 'NONE',  ( -1.000000000000000000, 0.000000000000000000, 0.000000000000000000 ) ) ;
#262 = CARTESIAN_POINT ( 'NONE',  ( -45.99999999999999289, 30.99999999999999289, 19.00000000000000000 ) ) ;
#263 = ORIENTED_EDGE ( 'NONE', *, *, #1702, .T. ) ;
#264 = FACE_OUTER_BOUND ( 'NONE', #599, .T. ) ;
#265 = CARTESIAN_POINT ( 'NONE',  ( 27.10000000000001208, 3.199999999999946443, 4.000000000000000000 ) ) ;
#266 = DIRECTION ( 'NONE',  ( 0.000000000000000000, -1.000000000000000000, 0.000000000000000000 ) ) ;
#267 = CARTESIAN_POINT ( 'NONE',  ( 46.00000000000000711, -34.10000000000000853, 21.10000000000000497 ) ) ;
#268 = ORIENTED_EDGE ( 'NONE', *, *, #2982, .T. ) ;
#269 = CARTESIAN_POINT ( 'NONE',  ( -7.999999999999998224, 38.00000000000000711, 0.000000000000000000 ) ) ;
#270 = DIRECTION ( 'NONE',  ( 0.000000000000000000, 0.000000000000000000, -1.000000000000000000 ) ) ;
#271 = ORIENTED_EDGE ( 'NONE', *, *, #499, .T. ) ;
#272 = EDGE_LOOP ( 'NONE', ( #2936, #427, #2419, #1106 ) ) ;
#273 = DIRECTION ( 'NONE',  ( 0.000000000000000000, 0.000000000000000000, -1.000000000000000000 ) ) ;
#274 = EDGE_LOOP ( 'NONE', ( #123, #1996, #2023 ) ) ;
#275 = ORIENTED_EDGE ( 'NONE', *, *, #2868, .T. ) ;
#276 = FACE_OUTER_BOUND ( 'NONE', #3619, .T. ) ;
#277 = ADVANCED_FACE ( 'NONE', ( #1285 ), #2511, .F. ) ;
#278 = CYLINDRICAL_SURFACE ( 'NONE', #1208, 3.000000000000002665 ) ;
#279 = VECTOR ( 'NONE', #376, 1000.000000000000000 ) ;
#280 = ORIENTED_EDGE ( 'NONE', *, *, #3470, .T. ) ;
#281 = EDGE_CURVE ( 'NONE', #2358, #626, #1555, .T. ) ;
#282 = CARTESIAN_POINT ( 'NONE',  ( 0.1707722953993437986, 34.99999999492834490, 2.619341187986202524 ) ) ;
#283 = CARTESIAN_POINT ( 'NONE',  ( -30.99999999999999645, -40.00000000000000711, 5.000000000000000000 ) ) ;
#284 = CARTESIAN_POINT ( 'NONE',  ( 18.00000000000000355, 38.99999999999998579, 5.000000000000000000 ) ) ;
#285 = FACE_OUTER_BOUND ( 'NONE', #526, .T. ) ;
#286 = EDGE_CURVE ( 'NONE', #779, #1628, #1601, .T. ) ;
#287 = DIRECTION ( 'NONE',  ( 1.000000000000000000, 0.000000000000000000, 0.000000000000000000 ) ) ;
#288 = ORIENTED_EDGE ( 'NONE', *, *, #812, .T. ) ;
#289 = DIRECTION ( 'NONE',  ( 1.000000000000000000, 0.000000000000000000, -0.000000000000000000 ) ) ;
#290 = ORIENTED_EDGE ( 'NONE', *, *, #1968, .F. ) ;
#291 = DIRECTION ( 'NONE',  ( 1.000000000000000000, 0.000000000000000000, 0.000000000000000000 ) ) ;
#292 = AXIS2_PLACEMENT_3D ( 'NONE', #3756, #3170, #1008 ) ;
#293 = ORIENTED_EDGE ( 'NONE', *, *, #1052, .F. ) ;
#294 = CIRCLE ( 'NONE', #984, 2.500000000000002220 ) ;
#295 = ORIENTED_EDGE ( 'NONE', *, *, #1091, .T. ) ;
#296 = CARTESIAN_POINT ( 'NONE',  ( 23.00000000000000355, 38.00000000000000711, 5.000000000000000000 ) ) ;
#297 = CARTESIAN_POINT ( 'NONE',  ( 46.00000000000000711, -33.00000000000000711, 19.90000000000000568 ) ) ;
#298 = AXIS2_PLACEMENT_3D ( 'NONE', #1734, #165, #1997 ) ;
#299 = ORIENTED_EDGE ( 'NONE', *, *, #2532, .T. ) ;
#300 = CARTESIAN_POINT ( 'NONE',  ( -2.999999999999998224, 38.46410161513774995, 5.000000000000000000 ) ) ;
#301 = CARTESIAN_POINT ( 'NONE',  ( 46.00000000000000711, 35.00000000000000000, 22.00000000000000000 ) ) ;
#302 = DIRECTION ( 'NONE',  ( -1.000000000000000000, 0.000000000000000000, 0.000000000000000000 ) ) ;
#303 = DIRECTION ( 'NONE',  ( 0.000000000000000000, -0.000000000000000000, -1.000000000000000000 ) ) ;
#304 = EDGE_LOOP ( 'NONE', ( #1491, #882, #2160, #1671 ) ) ;
#305 = ADVANCED_FACE ( 'NONE', ( #3053 ), #1694, .T. ) ;
#306 = LINE ( 'NONE', #3405, #3373 ) ;
#307 = VECTOR ( 'NONE', #1699, 1000.000000000000000 ) ;
#308 = LINE ( 'NONE', #2193, #3782 ) ;
#309 = ORIENTED_EDGE ( 'NONE', *, *, #3766, .F. ) ;
#310 = AXIS2_PLACEMENT_3D ( 'NONE', #2753, #2106, #553 ) ;
#311 = DIRECTION ( 'NONE',  ( 1.000000000000000000, -0.000000000000000000, -0.000000000000000000 ) ) ;
#312 = ORIENTED_EDGE ( 'NONE', *, *, #3060, .T. ) ;
#313 = CARTESIAN_POINT ( 'NONE',  ( 18.00000000000000355, 38.99269109584612636, 3.136315847471136120 ) ) ;
#314 = DIRECTION ( 'NONE',  ( 1.000000000000000000, 2.940209281316622371E-17, 0.000000000000000000 ) ) ;
#315 = EDGE_LOOP ( 'NONE', ( #1689, #1482, #2526, #2757 ) ) ;
#316 = LINE ( 'NONE', #2490, #3219 ) ;
#317 = EDGE_CURVE ( 'NONE', #132, #1015, #200, .T. ) ;
#318 = DIRECTION ( 'NONE',  ( 0.000000000000000000, 0.000000000000000000, 1.000000000000000000 ) ) ;
#319 = DIRECTION ( 'NONE',  ( -0.000000000000000000, -0.000000000000000000, -1.000000000000000000 ) ) ;
#320 = EDGE_CURVE ( 'NONE', #1033, #860, #2932, .T. ) ;
#321 = CARTESIAN_POINT ( 'NONE',  ( -30.99999999999999645, -40.00000000000000711, 5.000000000000000000 ) ) ;
#322 = CARTESIAN_POINT ( 'NONE',  ( 16.72301556883919815, 0.000000000000000000, 4.000000000000000000 ) ) ;
#323 = ADVANCED_FACE ( 'NONE', ( #167 ), #708, .F. ) ;
#324 = ORIENTED_EDGE ( 'NONE', *, *, #1968, .T. ) ;
#325 = DIRECTION ( 'NONE',  ( -1.000000000000000000, -0.000000000000000000, -0.000000000000000000 ) ) ;
#326 = VERTEX_POINT ( 'NONE', #1081 ) ;
#327 = ADVANCED_FACE ( 'NONE', ( #1398 ), #1962, .F. ) ;
#328 = AXIS2_PLACEMENT_3D ( 'NONE', #155, #811, #2028 ) ;
#329 = CIRCLE ( 'NONE', #2557, 3.500000000000003109 ) ;
#330 = DIRECTION ( 'NONE',  ( -1.000000000000000000, 0.000000000000000000, 0.000000000000000000 ) ) ;
#331 = CARTESIAN_POINT ( 'NONE',  ( -38.99999999999999289, -39.00000000000000711, 5.000000000000000000 ) ) ;
#332 = ORIENTED_EDGE ( 'NONE', *, *, #1471, .T. ) ;
#333 = ORIENTED_EDGE ( 'NONE', *, *, #64, .F. ) ;
#334 = DIRECTION ( 'NONE',  ( -1.000000000000000000, 0.000000000000000000, 0.000000000000000000 ) ) ;
#335 = CARTESIAN_POINT ( 'NONE',  ( -45.99999999999999289, 34.99999999999999289, 19.00000000000000000 ) ) ;
#336 = ORIENTED_EDGE ( 'NONE', *, *, #1755, .F. ) ;
#337 = DIRECTION ( 'NONE',  ( -0.000000000000000000, 0.000000000000000000, -1.000000000000000000 ) ) ;
#338 = FACE_OUTER_BOUND ( 'NONE', #1114, .T. ) ;
#339 = CARTESIAN_POINT ( 'NONE',  ( 46.00000000000000711, -33.00000000000000711, 21.10000000000000497 ) ) ;
#340 = CIRCLE ( 'NONE', #3654, 1.999999999999998224 ) ;
#341 = DIRECTION ( 'NONE',  ( -1.000000000000000000, -7.228014483236695816E-17, 0.000000000000000000 ) ) ;
#342 = DIRECTION ( 'NONE',  ( -0.000000000000000000, 0.000000000000000000, -1.000000000000000000 ) ) ;
#343 = ORIENTED_EDGE ( 'NONE', *, *, #2024, .T. ) ;
#344 = VERTEX_POINT ( 'NONE', #420 ) ;
#345 = AXIS2_PLACEMENT_3D ( 'NONE', #2176, #3409, #2580 ) ;
#346 = DIRECTION ( 'NONE',  ( 0.000000000000000000, 0.000000000000000000, -1.000000000000000000 ) ) ;
#347 = VECTOR ( 'NONE', #291, 1000.000000000000000 ) ;
#348 = DIRECTION ( 'NONE',  ( -1.000000000000000000, 0.000000000000000000, 0.000000000000000000 ) ) ;
#349 = ORIENTED_EDGE ( 'NONE', *, *, #3679, .F. ) ;
#350 = CARTESIAN_POINT ( 'NONE',  ( 48.00000000000000711, 33.00000000000000000, 2.000000000000000000 ) ) ;
#351 = ADVANCED_FACE ( 'NONE', ( #2571 ), #3810, .F. ) ;
#352 = VERTEX_POINT ( 'NONE', #1655 ) ;
#353 = CARTESIAN_POINT ( 'NONE',  ( 18.00000000000000355, 35.66424654398206684, 3.994702767768945506 ) ) ;
#354 = VECTOR ( 'NONE', #1783, 1000.000000000000000 ) ;
#355 = AXIS2_PLACEMENT_3D ( 'NONE', #3434, #1304, #692 ) ;
#356 = DIRECTION ( 'NONE',  ( -1.000000000000000000, 0.000000000000000000, 0.000000000000000000 ) ) ;
#357 = EDGE_CURVE ( 'NONE', #3078, #378, #3471, .T. ) ;
#358 = VECTOR ( 'NONE', #674, 1000.000000000000000 ) ;
#359 = ORIENTED_EDGE ( 'NONE', *, *, #233, .T. ) ;
#360 = CARTESIAN_POINT ( 'NONE',  ( -4.999999999999997335, 39.00000000000000000, 5.000000000000000000 ) ) ;
#361 = PLANE ( 'NONE',  #2583 ) ;
#362 = DIRECTION ( 'NONE',  ( -0.000000000000000000, 1.000000000000000000, 0.000000000000000000 ) ) ;
#363 = DIRECTION ( 'NONE',  ( 1.000000000000000000, 0.000000000000000000, 0.000000000000000000 ) ) ;
#364 = VECTOR ( 'NONE', #1105, 1000.000000000000000 ) ;
#365 = DIRECTION ( 'NONE',  ( -1.000000000000000000, 0.000000000000000000, -0.000000000000000000 ) ) ;
#366 = DIRECTION ( 'NONE',  ( 1.000000000000000000, 0.000000000000000000, -0.000000000000000000 ) ) ;
#367 = EDGE_LOOP ( 'NONE', ( #1855, #1946, #2340, #606, #1718, #2354, #2016, #3924 ) ) ;
#368 = ORIENTED_EDGE ( 'NONE', *, *, #2940, .T. ) ;
#369 = ADVANCED_FACE ( 'NONE', ( #2877 ), #1101, .F. ) ;
#370 = DIRECTION ( 'NONE',  ( -1.000000000000000000, -0.000000000000000000, -0.000000000000000000 ) ) ;
#371 = LINE ( 'NONE', #3721, #3423 ) ;
#372 = CARTESIAN_POINT ( 'NONE',  ( -46.00000000000000000, 34.99999999999999289, 2.000000000000000000 ) ) ;
#373 = ORIENTED_EDGE ( 'NONE', *, *, #771, .F. ) ;
#374 = CARTESIAN_POINT ( 'NONE',  ( 46.00000000000000711, 31.00000000000000000, 22.00000000000000000 ) ) ;
#375 = VECTOR ( 'NONE', #3719, 1000.000000000000000 ) ;
#376 = DIRECTION ( 'NONE',  ( -1.000000000000000000, -3.638262323776860755E-18, 0.000000000000000000 ) ) ;
#377 = ORIENTED_EDGE ( 'NONE', *, *, #3817, .T. ) ;
#378 = VERTEX_POINT ( 'NONE', #1981 ) ;
#379 = CARTESIAN_POINT ( 'NONE',  ( 23.00000000000000355, 38.00000000000000711, 5.000000000000000000 ) ) ;
#380 = ORIENTED_EDGE ( 'NONE', *, *, #1052, .T. ) ;
#381 = CARTESIAN_POINT ( 'NONE',  ( 26.00000000000000711, 39.00000000000000000, 5.000000000000000000 ) ) ;
#382 = DIRECTION ( 'NONE',  ( 7.228014483236695816E-17, -1.000000000000000000, 0.000000000000000000 ) ) ;
#383 = EDGE_CURVE ( 'NONE', #3194, #2554, #727, .T. ) ;
#384 = EDGE_CURVE ( 'NONE', #465, #1298, #2319, .T. ) ;
#385 = FACE_OUTER_BOUND ( 'NONE', #1176, .T. ) ;
#386 = AXIS2_PLACEMENT_3D ( 'NONE', #2102, #585, #1797 ) ;
#387 = DIRECTION ( 'NONE',  ( -0.000000000000000000, 0.000000000000000000, 1.000000000000000000 ) ) ;
#388 = ORIENTED_EDGE ( 'NONE', *, *, #1557, .T. ) ;
#389 = ORIENTED_EDGE ( 'NONE', *, *, #953, .T. ) ;
#390 = DIRECTION ( 'NONE',  ( -1.000000000000000000, 0.000000000000000000, 0.000000000000000000 ) ) ;
#391 = ADVANCED_FACE ( 'NONE', ( #1381 ), #1618, .F. ) ;
#392 = DIRECTION ( 'NONE',  ( -0.000000000000000000, 1.000000000000000000, -0.000000000000000000 ) ) ;
#393 = EDGE_LOOP ( 'NONE', ( #5, #1232, #3063, #2403 ) ) ;
#394 = DIRECTION ( 'NONE',  ( 0.000000000000000000, 0.000000000000000000, 1.000000000000000000 ) ) ;
#395 = DIRECTION ( 'NONE',  ( 0.000000000000000000, 0.000000000000000000, -1.000000000000000000 ) ) ;
#396 = VERTEX_POINT ( 'NONE', #3827 ) ;
#397 = CARTESIAN_POINT ( 'NONE',  ( 48.00000000000000711, 33.00000000000000000, 8.000000000000000000 ) ) ;
#398 = LINE ( 'NONE', #3126, #1603 ) ;
#399 = CARTESIAN_POINT ( 'NONE',  ( 0.000000000000000000, -38.00000000000000711, 0.000000000000000000 ) ) ;
#400 = DIRECTION ( 'NONE',  ( -1.000000000000000000, -2.081668171172168513E-16, 0.000000000000000000 ) ) ;
#401 = EDGE_CURVE ( 'NONE', #169, #1221, #127, .T. ) ;
#402 = DIRECTION ( 'NONE',  ( 1.000000000000000000, -0.000000000000000000, -0.000000000000000000 ) ) ;
#403 = CARTESIAN_POINT ( 'NONE',  ( -41.99999999999999289, 28.99999999999998934, 4.000000000000000000 ) ) ;
#404 = EDGE_CURVE ( 'NONE', #2999, #2674, #782, .T. ) ;
#405 = CARTESIAN_POINT ( 'NONE',  ( -46.00000000000000000, -31.00000000000001066, 0.000000000000000000 ) ) ;
#406 = ORIENTED_EDGE ( 'NONE', *, *, #3395, .F. ) ;
#407 = ORIENTED_EDGE ( 'NONE', *, *, #1762, .F. ) ;
#408 = LINE ( 'NONE', #116, #3939 ) ;
#409 = VECTOR ( 'NONE', #3441, 1000.000000000000000 ) ;
#410 = CARTESIAN_POINT ( 'NONE',  ( -32.99999999999999289, -41.00000000000000711, 0.000000000000000000 ) ) ;
#411 = VECTOR ( 'NONE', #3506, 1000.000000000000000 ) ;
#412 = ORIENTED_EDGE ( 'NONE', *, *, #3069, .F. ) ;
#413 = FILL_AREA_STYLE_COLOUR ( '', #3870 ) ;
#414 = EDGE_CURVE ( 'NONE', #970, #808, #3230, .T. ) ;
#415 = CARTESIAN_POINT ( 'NONE',  ( 50.00000000000000711, 31.00000000000000000, 2.000000000000000000 ) ) ;
#416 = ORIENTED_EDGE ( 'NONE', *, *, #1048, .F. ) ;
#417 = DIRECTION ( 'NONE',  ( -0.000000000000000000, -0.000000000000000000, -1.000000000000000000 ) ) ;
#418 = LINE ( 'NONE', #1342, #411 ) ;
#419 = CIRCLE ( 'NONE', #2581, 2.999999999999999112 ) ;
#420 = CARTESIAN_POINT ( 'NONE',  ( -11.59999999999999254, 0.9999999999999796829, 4.000000000000000000 ) ) ;
#421 = PLANE ( 'NONE',  #1760 ) ;
#422 = DIRECTION ( 'NONE',  ( 0.000000000000000000, 0.000000000000000000, 1.000000000000000000 ) ) ;
#423 = ORIENTED_EDGE ( 'NONE', *, *, #979, .F. ) ;
#424 = DIRECTION ( 'NONE',  ( 0.000000000000000000, 1.000000000000000000, -0.000000000000000000 ) ) ;
#425 = CIRCLE ( 'NONE', #1306, 3.500000000000003109 ) ;
#426 = EDGE_CURVE ( 'NONE', #1412, #95, #1677, .T. ) ;
#427 = ORIENTED_EDGE ( 'NONE', *, *, #870, .F. ) ;
#428 = DIRECTION ( 'NONE',  ( 0.000000000000000000, 0.000000000000000000, -1.000000000000000000 ) ) ;
#429 = ORIENTED_EDGE ( 'NONE', *, *, #918, .F. ) ;
#430 = AXIS2_PLACEMENT_3D ( 'NONE', #374, #394, #701 ) ;
#431 = CYLINDRICAL_SURFACE ( 'NONE', #126, 4.000000000000003553 ) ;
#432 = CARTESIAN_POINT ( 'NONE',  ( 46.00000000000000711, -32.99999999999998579, 4.000000000000000000 ) ) ;
#433 = ORIENTED_EDGE ( 'NONE', *, *, #2012, .T. ) ;
#434 = CIRCLE ( 'NONE', #3621, 2.999999999999999112 ) ;
#435 = DIRECTION ( 'NONE',  ( 1.000000000000000000, 0.000000000000000000, 0.000000000000000000 ) ) ;
#436 = DIRECTION ( 'NONE',  ( 0.000000000000000000, 0.000000000000000000, -1.000000000000000000 ) ) ;
#437 = VECTOR ( 'NONE', #2203, 1000.000000000000000 ) ;
#438 = DIRECTION ( 'NONE',  ( 1.000000000000000000, 0.000000000000000000, 0.000000000000000000 ) ) ;
#439 = CARTESIAN_POINT ( 'NONE',  ( 48.00000000000000711, 31.00000000000000000, 4.000000000000000000 ) ) ;
#440 = ORIENTED_EDGE ( 'NONE', *, *, #448, .F. ) ;
#441 = VECTOR ( 'NONE', #1529, 1000.000000000000000 ) ;
#442 = EDGE_CURVE ( 'NONE', #2949, #888, #294, .T. ) ;
#443 = CIRCLE ( 'NONE', #2673, 1.999999999999998224 ) ;
#444 = DIRECTION ( 'NONE',  ( -6.938893903907228378E-17, 1.000000000000000000, 0.000000000000000000 ) ) ;
#445 = EDGE_CURVE ( 'NONE', #2744, #855, #1463, .T. ) ;
#446 = LINE ( 'NONE', #1609, #1723 ) ;
#447 = AXIS2_PLACEMENT_3D ( 'NONE', #2885, #159, #1297 ) ;
#448 = EDGE_CURVE ( 'NONE', #2212, #3564, #600, .T. ) ;
#449 = CARTESIAN_POINT ( 'NONE',  ( -46.00000000000000000, -31.00000000000001066, 2.000000000000000000 ) ) ;
#450 = DIRECTION ( 'NONE',  ( -1.000000000000000000, 0.000000000000000000, 0.000000000000000000 ) ) ;
#451 = ORIENTED_EDGE ( 'NONE', *, *, #909, .T. ) ;
#452 = DIRECTION ( 'NONE',  ( 1.000000000000000000, 7.228014483236695816E-17, 0.000000000000000000 ) ) ;
#453 = ADVANCED_FACE ( 'NONE', ( #2691 ), #1499, .T. ) ;
#454 = CYLINDRICAL_SURFACE ( 'NONE', #3541, 2.000000000000000000 ) ;
#455 = CARTESIAN_POINT ( 'NONE',  ( -5.999999999999996447, 38.00000000000000711, 5.000000000000000000 ) ) ;
#456 = DIRECTION ( 'NONE',  ( -1.000000000000000000, 0.000000000000000000, 0.000000000000000000 ) ) ;
#457 = CARTESIAN_POINT ( 'NONE',  ( 29.51706609940490011, 35.86362807307832412, 4.836157756967184085 ) ) ;
#458 = ORIENTED_EDGE ( 'NONE', *, *, #2584, .F. ) ;
#459 = PLANE ( 'NONE',  #3755 ) ;
#460 = DIRECTION ( 'NONE',  ( -0.000000000000000000, 1.000000000000000000, -0.000000000000000000 ) ) ;
#461 = AXIS2_PLACEMENT_3D ( 'NONE', #930, #3195, #1483 ) ;
#462 = ORIENTED_EDGE ( 'NONE', *, *, #2613, .F. ) ;
#463 = LINE ( 'NONE', #3485, #3382 ) ;
#464 = CARTESIAN_POINT ( 'NONE',  ( -12.99999999999999822, 38.98787686214710391, 2.884916211680020659 ) ) ;
#465 = VERTEX_POINT ( 'NONE', #2060 ) ;
#466 = VECTOR ( 'NONE', #3533, 1000.000000000000000 ) ;
#467 = ORIENTED_EDGE ( 'NONE', *, *, #958, .T. ) ;
#468 = CARTESIAN_POINT ( 'NONE',  ( 32.00000000000001421, 14.99999999999999645, 4.500000000000000888 ) ) ;
#469 = CARTESIAN_POINT ( 'NONE',  ( 50.00000000000000711, -30.99999999999998934, 22.00000000000000000 ) ) ;
#470 = CARTESIAN_POINT ( 'NONE',  ( 50.00000000000000711, -34.99999999999999289, 22.00000000000000000 ) ) ;
#471 = EDGE_CURVE ( 'NONE', #700, #1040, #3738, .T. ) ;
#472 = CARTESIAN_POINT ( 'NONE',  ( -47.99999999999999289, -31.00000000000000711, 4.000000000000000000 ) ) ;
#473 = DIRECTION ( 'NONE',  ( 0.000000000000000000, -0.000000000000000000, 1.000000000000000000 ) ) ;
#474 = ORIENTED_EDGE ( 'NONE', *, *, #2258, .F. ) ;
#475 = DIRECTION ( 'NONE',  ( 0.000000000000000000, 0.000000000000000000, -1.000000000000000000 ) ) ;
#476 = VECTOR ( 'NONE', #1927, 1000.000000000000000 ) ;
#477 = EDGE_CURVE ( 'NONE', #639, #3091, #670, .T. ) ;
#478 = LINE ( 'NONE', #2922, #466 ) ;
#479 = AXIS2_PLACEMENT_3D ( 'NONE', #2627, #2590, #763 ) ;
#480 = VERTEX_POINT ( 'NONE', #2385 ) ;
#481 = ADVANCED_FACE ( 'NONE', ( #862 ), #530, .F. ) ;
#482 = DIRECTION ( 'NONE',  ( -1.000000000000000000, 0.000000000000000000, 0.000000000000000000 ) ) ;
#483 = CARTESIAN_POINT ( 'NONE',  ( -16.40084749354301508, 35.00000000646263487, 2.944995198291078697 ) ) ;
#484 = ORIENTED_EDGE ( 'NONE', *, *, #2845, .F. ) ;
#485 = DIRECTION ( 'NONE',  ( 1.000000000000000000, 0.000000000000000000, 0.000000000000000000 ) ) ;
#486 = ORIENTED_EDGE ( 'NONE', *, *, #3757, .F. ) ;
#487 = VECTOR ( 'NONE', #1676, 1000.000000000000000 ) ;
#488 = CARTESIAN_POINT ( 'NONE',  ( -5.000000000000011546, 41.00000000000000000, 5.000000000000000000 ) ) ;
#489 = CARTESIAN_POINT ( 'NONE',  ( 46.00000000000000711, 0.000000000000000000, 0.000000000000000000 ) ) ;
#490 = DIRECTION ( 'NONE',  ( 0.000000000000000000, 0.000000000000000000, -1.000000000000000000 ) ) ;
#491 = VECTOR ( 'NONE', #1969, 1000.000000000000000 ) ;
#492 = ORIENTED_EDGE ( 'NONE', *, *, #1840, .T. ) ;
#493 = CARTESIAN_POINT ( 'NONE',  ( 40.00000000000001421, 34.99999999999999289, 7.000000000000000888 ) ) ;
#494 = ORIENTED_EDGE ( 'NONE', *, *, #1183, .F. ) ;
#495 = EDGE_CURVE ( 'NONE', #626, #808, #2040, .T. ) ;
#496 = DIRECTION ( 'NONE',  ( 0.000000000000000000, 0.000000000000000000, -1.000000000000000000 ) ) ;
#497 = AXIS2_PLACEMENT_3D ( 'NONE', #3000, #629, #1505 ) ;
#498 = DIRECTION ( 'NONE',  ( -0.000000000000000000, -0.000000000000000000, -1.000000000000000000 ) ) ;
#499 = EDGE_CURVE ( 'NONE', #562, #1206, #3290, .T. ) ;
#500 = FACE_OUTER_BOUND ( 'NONE', #2333, .T. ) ;
#501 = VERTEX_POINT ( 'NONE', #2083 ) ;
#502 = ORIENTED_EDGE ( 'NONE', *, *, #2220, .F. ) ;
#503 = FACE_OUTER_BOUND ( 'NONE', #2362, .T. ) ;
#504 = ORIENTED_EDGE ( 'NONE', *, *, #1843, .T. ) ;
#505 = VERTEX_POINT ( 'NONE', #568 ) ;
#506 = CARTESIAN_POINT ( 'NONE',  ( 23.00000000000000355, 38.00000000000000711, 5.000000000000000000 ) ) ;
#507 = CARTESIAN_POINT ( 'NONE',  ( 48.00000000000000711, 0.9999999999999796829, 2.000000000000000000 ) ) ;
#508 = DIRECTION ( 'NONE',  ( 1.000000000000000000, 2.168404344971008868E-16, 0.000000000000000000 ) ) ;
#509 = LINE ( 'NONE', #843, #1822 ) ;
#510 = ORIENTED_EDGE ( 'NONE', *, *, #2504, .F. ) ;
#511 = EDGE_CURVE ( 'NONE', #975, #557, #3461, .T. ) ;
#512 = ORIENTED_EDGE ( 'NONE', *, *, #3443, .F. ) ;
#513 = VERTEX_POINT ( 'NONE', #820 ) ;
#514 = VECTOR ( 'NONE', #3320, 1000.000000000000000 ) ;
#515 = AXIS2_PLACEMENT_3D ( 'NONE', #3912, #302, #3595 ) ;
#516 = PLANE ( 'NONE',  #1509 ) ;
#517 = FACE_BOUND ( 'NONE', #3707, .T. ) ;
#518 = EDGE_CURVE ( 'NONE', #2422, #1200, #801, .T. ) ;
#519 = DIRECTION ( 'NONE',  ( 1.000000000000000000, 0.000000000000000000, 0.000000000000000000 ) ) ;
#520 =( BOUNDED_SURFACE ( )  B_SPLINE_SURFACE ( 3, 2, ( 
 ( #300, #3272, #226 ),
 ( #2044, #3890, #2065 ),
 ( #607, #6, #535 ),
 ( #825, #1146, #1467 ),
 ( #2369, #2124, #3593 ),
 ( #2696, #3929, #3910 ),
 ( #3295, #1742, #3616 ),
 ( #3315, #3651, #572 ),
 ( #905, #3014, #282 ),
 ( #1484, #1182, #2411 ),
 ( #2958, #883, #2105 ),
 ( #589, #1801, #3869 ),
 ( #2731, #2653, #1128 ),
 ( #2348, #3574, #3415 ) ),
 .UNSPECIFIED., .F., .F., .F. ) 
 B_SPLINE_SURFACE_WITH_KNOTS ( ( 4, 2, 2, 2, 2, 2, 4 ),
 ( 3, 3 ),
 ( 0.007148431053901295115, 0.007505400896313906521, 0.007862370738726517927, 0.008219340581139128465, 0.008576310423551740739, 0.009290250108376963550, 0.01000418979320218636 ),
 ( 0.000000000000000000, 1.000000000000000000 ),
 .UNSPECIFIED. ) 
 GEOMETRIC_REPRESENTATION_ITEM ( )  RATIONAL_B_SPLINE_SURFACE ( (
 ( 1.000000000000000000, 0.8660254037844384856, 1.000000000000000000),
 ( 1.000000000000000000, 0.8661036562302814046, 1.000000000000000000),
 ( 1.000000000000000000, 0.8607865455585836933, 1.000000000000000000),
 ( 1.000000000000000000, 0.8450298831644436071, 1.000000000000000000),
 ( 1.000000000000000000, 0.8347937422570308463, 1.000000000000000000),
 ( 1.000000000000000000, 0.8144350834575546649, 1.000000000000000000),
 ( 1.000000000000000000, 0.8042695242992586868, 1.000000000000000000),
 ( 1.000000000000000000, 0.7855748865199132513, 1.000000000000000000),
 ( 1.000000000000000000, 0.7769898910132445602, 1.000000000000000000),
 ( 1.000000000000000000, 0.7537853081123178089, 1.000000000000000000),
 ( 1.000000000000000000, 0.7416438667876265045, 1.000000000000000000),
 ( 1.000000000000000000, 0.7216619828418796567, 1.000000000000000000),
 ( 1.000000000000000000, 0.7137892573377685457, 1.000000000000000000),
 ( 1.000000000000000000, 0.7071067811865473507, 1.000000000000000000) ) ) 
 REPRESENTATION_ITEM ( '' )  SURFACE ( )  );
#521 = CYLINDRICAL_SURFACE ( 'NONE', #2569, 3.999999999999996447 ) ;
#522 = CARTESIAN_POINT ( 'NONE',  ( -13.00000000000027001, 35.97144413320219769, 4.825883299156588535 ) ) ;
#523 = AXIS2_PLACEMENT_3D ( 'NONE', #3531, #3760, #792 ) ;
#524 = ORIENTED_EDGE ( 'NONE', *, *, #735, .T. ) ;
#525 = ADVANCED_FACE ( 'NONE', ( #276 ), #1480, .F. ) ;
#526 = EDGE_LOOP ( 'NONE', ( #3607, #2812, #1547, #2152 ) ) ;
#527 = CARTESIAN_POINT ( 'NONE',  ( 48.00000000000000711, -32.99999999999998579, 22.00000000000000000 ) ) ;
#528 = CIRCLE ( 'NONE', #587, 2.000000000000001776 ) ;
#529 = CARTESIAN_POINT ( 'NONE',  ( -41.56416923747485725, 0.000000000000000000, 2.000000000000000000 ) ) ;
#530 = CYLINDRICAL_SURFACE ( 'NONE', #1490, 3.500000000000003109 ) ;
#531 = CARTESIAN_POINT ( 'NONE',  ( 46.00000000000000711, 33.00000000000000000, 22.00000000000000000 ) ) ;
#532 = ORIENTED_EDGE ( 'NONE', *, *, #3881, .T. ) ;
#533 = DIRECTION ( 'NONE',  ( 0.000000000000000000, 0.000000000000000000, -1.000000000000000000 ) ) ;
#534 = DIRECTION ( 'NONE',  ( -1.000000000000000000, -0.000000000000000000, -0.000000000000000000 ) ) ;
#535 = CARTESIAN_POINT ( 'NONE',  ( -0.9271312857534653729, 34.99999995839601041, 4.271301466523209633 ) ) ;
#536 = CARTESIAN_POINT ( 'NONE',  ( -34.99999999999999289, -35.00000000000000711, 5.000000000000000000 ) ) ;
#537 = DIRECTION ( 'NONE',  ( 0.000000000000000000, 0.000000000000000000, -1.000000000000000000 ) ) ;
#538 = VECTOR ( 'NONE', #1759, 1000.000000000000000 ) ;
#539 = DIRECTION ( 'NONE',  ( 1.000000000000000000, 0.000000000000000000, 0.000000000000000000 ) ) ;
#540 = EDGE_CURVE ( 'NONE', #480, #465, #3328, .T. ) ;
#541 = DIRECTION ( 'NONE',  ( -1.000000000000000000, 0.000000000000000000, 0.000000000000000000 ) ) ;
#542 = ORIENTED_EDGE ( 'NONE', *, *, #3828, .T. ) ;
#543 = CARTESIAN_POINT ( 'NONE',  ( -12.99999999999999645, 35.97144413308416944, 5.000000000000000000 ) ) ;
#544 = PRODUCT_DEFINITION_FORMATION_WITH_SPECIFIED_SOURCE ( 'ANY', '', #2867, .NOT_KNOWN. ) ;
#545 = ORIENTED_EDGE ( 'NONE', *, *, #3569, .F. ) ;
#546 = ORIENTED_EDGE ( 'NONE', *, *, #3601, .F. ) ;
#547 = EDGE_CURVE ( 'NONE', #237, #3783, #1300, .T. ) ;
#548 = CARTESIAN_POINT ( 'NONE',  ( -12.99999999999999822, 38.74699879903904076, 5.000000000000000000 ) ) ;
#549 = DIRECTION ( 'NONE',  ( -1.000000000000000000, -0.000000000000000000, -0.000000000000000000 ) ) ;
#550 = DIRECTION ( 'NONE',  ( 0.000000000000000000, 0.000000000000000000, -1.000000000000000000 ) ) ;
#551 = ORIENTED_EDGE ( 'NONE', *, *, #2680, .T. ) ;
#552 = PLANE ( 'NONE',  #1362 ) ;
#553 = DIRECTION ( 'NONE',  ( -0.000000000000000000, 0.000000000000000000, 1.000000000000000000 ) ) ;
#554 = ORIENTED_EDGE ( 'NONE', *, *, #3513, .F. ) ;
#555 = AXIS2_PLACEMENT_3D ( 'NONE', #995, #1893, #390 ) ;
#556 = CARTESIAN_POINT ( 'NONE',  ( 12.00000000000000711, 34.99999999999999289, 5.000000000000000888 ) ) ;
#557 = VERTEX_POINT ( 'NONE', #2952 ) ;
#558 = DIRECTION ( 'NONE',  ( 1.000000000000000000, 0.000000000000000000, 0.000000000000000000 ) ) ;
#559 = ORIENTED_EDGE ( 'NONE', *, *, #787, .T. ) ;
#560 = EDGE_CURVE ( 'NONE', #2373, #3807, #1419, .T. ) ;
#561 = CIRCLE ( 'NONE', #2807, 3.999999999999996447 ) ;
#562 = VERTEX_POINT ( 'NONE', #2973 ) ;
#563 = LINE ( 'NONE', #3064, #1626 ) ;
#564 = ORIENTED_EDGE ( 'NONE', *, *, #3546, .T. ) ;
#565 = ADVANCED_FACE ( 'NONE', ( #3266 ), #1142, .F. ) ;
#566 = ORIENTED_EDGE ( 'NONE', *, *, #1916, .T. ) ;
#567 = CARTESIAN_POINT ( 'NONE',  ( 20.50000000000000355, 29.00000000000000000, 4.000000000000000000 ) ) ;
#568 = CARTESIAN_POINT ( 'NONE',  ( -5.999999999999996447, 38.00000000000000711, 5.000000000000000000 ) ) ;
#569 = CARTESIAN_POINT ( 'NONE',  ( 40.00000000000001421, 14.99999999999999645, 7.000000000000000888 ) ) ;
#570 = EDGE_CURVE ( 'NONE', #344, #1461, #839, .T. ) ;
#571 = ORIENTED_EDGE ( 'NONE', *, *, #3398, .T. ) ;
#572 = CARTESIAN_POINT ( 'NONE',  ( 0.06367576631891234962, 35.00000001234428026, 2.702766369282342929 ) ) ;
#573 = CARTESIAN_POINT ( 'NONE',  ( -16.99999999999999289, 38.99999999999999289, 2.000000000000000000 ) ) ;
#574 = PLANE ( 'NONE',  #515 ) ;
#575 = DIRECTION ( 'NONE',  ( 1.000000000000000000, 0.000000000000000000, -0.000000000000000000 ) ) ;
#576 = EDGE_CURVE ( 'NONE', #2842, #198, #3690, .T. ) ;
#577 = CARTESIAN_POINT ( 'NONE',  ( 0.000000000000000000, -38.00000000000000711, 5.000000000000000000 ) ) ;
#578 = ORIENTED_EDGE ( 'NONE', *, *, #471, .T. ) ;
#579 = ORIENTED_EDGE ( 'NONE', *, *, #401, .T. ) ;
#580 = CARTESIAN_POINT ( 'NONE',  ( 30.99999999999999645, -38.00000000000000711, 5.000000000000000000 ) ) ;
#581 = ORIENTED_EDGE ( 'NONE', *, *, #1120, .F. ) ;
#582 = ORIENTED_EDGE ( 'NONE', *, *, #1023, .F. ) ;
#583 = AXIS2_PLACEMENT_3D ( 'NONE', #2660, #831, #3281 ) ;
#584 = DIRECTION ( 'NONE',  ( 0.000000000000000000, 0.000000000000000000, -1.000000000000000000 ) ) ;
#585 = DIRECTION ( 'NONE',  ( 0.000000000000000000, 0.000000000000000000, -1.000000000000000000 ) ) ;
#586 = ADVANCED_FACE ( 'NONE', ( #47 ), #921, .F. ) ;
#587 = AXIS2_PLACEMENT_3D ( 'NONE', #269, #3640, #1130 ) ;
#588 = ORIENTED_EDGE ( 'NONE', *, *, #2562, .T. ) ;
#589 = CARTESIAN_POINT ( 'NONE',  ( -2.999999999999997780, 38.98076291176711550, 2.649436961392495071 ) ) ;
#590 = DIRECTION ( 'NONE',  ( -6.938893903907228378E-17, 1.000000000000000000, -0.000000000000000000 ) ) ;
#591 = LINE ( 'NONE', #3893, #2749 ) ;
#592 = EDGE_CURVE ( 'NONE', #237, #2684, #1279, .T. ) ;
#593 = LINE ( 'NONE', #1864, #1233 ) ;
#594 = EDGE_LOOP ( 'NONE', ( #956, #2123, #2005, #1691 ) ) ;
#595 = EDGE_LOOP ( 'NONE', ( #1, #2793, #1866, #1901 ) ) ;
#596 = CARTESIAN_POINT ( 'NONE',  ( -34.99999999999999289, -39.00000000000000711, 0.000000000000000000 ) ) ;
#597 = VERTEX_POINT ( 'NONE', #2814 ) ;
#598 = FACE_OUTER_BOUND ( 'NONE', #1729, .T. ) ;
#599 = EDGE_LOOP ( 'NONE', ( #1241, #3604, #929, #189 ) ) ;
#600 = CIRCLE ( 'NONE', #2522, 4.000000000000003553 ) ;
#601 = EDGE_CURVE ( 'NONE', #3831, #888, #2507, .T. ) ;
#602 = ORIENTED_EDGE ( 'NONE', *, *, #2099, .F. ) ;
#603 = PLANE ( 'NONE',  #2474 ) ;
#604 = LINE ( 'NONE', #3926, #3698 ) ;
#605 = AXIS2_PLACEMENT_3D ( 'NONE', #468, #3565, #3263 ) ;
#606 = ORIENTED_EDGE ( 'NONE', *, *, #849, .T. ) ;
#607 = CARTESIAN_POINT ( 'NONE',  ( -2.999999999999998224, 38.47781802666749229, 4.755416772736289488 ) ) ;
#608 = PLANE ( 'NONE',  #619 ) ;
#609 = CARTESIAN_POINT ( 'NONE',  ( 46.00000000000000711, -33.00000000000000711, 21.10000000000000497 ) ) ;
#610 = FACE_OUTER_BOUND ( 'NONE', #595, .T. ) ;
#611 = ADVANCED_FACE ( 'NONE', ( #2423 ), #3430, .F. ) ;
#612 = CIRCLE ( 'NONE', #1442, 2.000000000000005329 ) ;
#613 = DIRECTION ( 'NONE',  ( 0.000000000000000000, 0.000000000000000000, 1.000000000000000000 ) ) ;
#614 = CARTESIAN_POINT ( 'NONE',  ( -44.50000000000001421, -29.50000000000001421, 2.000000000000000000 ) ) ;
#615 = CIRCLE ( 'NONE', #3493, 3.000000000000000000 ) ;
#616 = CARTESIAN_POINT ( 'NONE',  ( -18.10000000000001563, 0.000000000000000000, 2.000000000000000000 ) ) ;
#617 = ORIENTED_EDGE ( 'NONE', *, *, #2498, .F. ) ;
#618 = AXIS2_PLACEMENT_3D ( 'NONE', #1237, #2464, #1836 ) ;
#619 = AXIS2_PLACEMENT_3D ( 'NONE', #2697, #1165, #1184 ) ;
#620 = CARTESIAN_POINT ( 'NONE',  ( 15.00000000000000711, 34.99999999999999289, 5.000000000000000000 ) ) ;
#621 = ADVANCED_FACE ( 'NONE', ( #2834 ), #603, .F. ) ;
#622 = ORIENTED_EDGE ( 'NONE', *, *, #1597, .T. ) ;
#623 = EDGE_LOOP ( 'NONE', ( #2252, #407, #1770, #894, #293 ) ) ;
#624 = CARTESIAN_POINT ( 'NONE',  ( -44.50000000000001421, -3.100000000000030731, 4.000000000000000000 ) ) ;
#625 = CARTESIAN_POINT ( 'NONE',  ( 2.000000000000007550, 14.99999999999999645, 5.000000000000000888 ) ) ;
#626 = VERTEX_POINT ( 'NONE', #1518 ) ;
#627 = AXIS2_PLACEMENT_3D ( 'NONE', #721, #630, #1956 ) ;
#628 = CARTESIAN_POINT ( 'NONE',  ( 2.000000000000008882, 33.00000000000000000, 2.000000000000000000 ) ) ;
#629 = DIRECTION ( 'NONE',  ( 0.000000000000000000, 0.000000000000000000, -1.000000000000000000 ) ) ;
#630 = DIRECTION ( 'NONE',  ( 0.000000000000000000, 0.000000000000000000, -1.000000000000000000 ) ) ;
#631 = DIRECTION ( 'NONE',  ( -1.000000000000000000, 0.000000000000000000, -0.000000000000000000 ) ) ;
#632 = EDGE_CURVE ( 'NONE', #2383, #256, #2140, .T. ) ;
#633 = DIRECTION ( 'NONE',  ( 1.000000000000000000, 0.000000000000000000, 0.000000000000000000 ) ) ;
#634 = ORIENTED_EDGE ( 'NONE', *, *, #1510, .F. ) ;
#635 = ORIENTED_EDGE ( 'NONE', *, *, #3039, .F. ) ;
#636 = EDGE_CURVE ( 'NONE', #3091, #2641, #67, .T. ) ;
#637 = ORIENTED_EDGE ( 'NONE', *, *, #3589, .T. ) ;
#638 = CARTESIAN_POINT ( 'NONE',  ( 6.000000000000000000, -38.00000000000000711, 5.000000000000000000 ) ) ;
#639 = VERTEX_POINT ( 'NONE', #3089 ) ;
#640 = VECTOR ( 'NONE', #3274, 1000.000000000000000 ) ;
#641 = FACE_OUTER_BOUND ( 'NONE', #2682, .T. ) ;
#642 = EDGE_CURVE ( 'NONE', #2096, #3389, #807, .T. ) ;
#643 = ORIENTED_EDGE ( 'NONE', *, *, #3131, .F. ) ;
#644 = ORIENTED_EDGE ( 'NONE', *, *, #592, .F. ) ;
#645 = CARTESIAN_POINT ( 'NONE',  ( 18.00000000000000355, 38.96924145425944630, 3.509052354600592949 ) ) ;
#646 = DIRECTION ( 'NONE',  ( 0.000000000000000000, 0.000000000000000000, -1.000000000000000000 ) ) ;
#647 = EDGE_CURVE ( 'NONE', #2297, #2554, #2585, .T. ) ;
#648 = ORIENTED_EDGE ( 'NONE', *, *, #2900, .F. ) ;
#649 = CARTESIAN_POINT ( 'NONE',  ( 6.000000000000000000, -36.00000000000000711, 5.000000000000000000 ) ) ;
#650 = LINE ( 'NONE', #2818, #2064 ) ;
#651 = CARTESIAN_POINT ( 'NONE',  ( 32.00000000000001421, 34.99999999999999289, 2.000000000000000000 ) ) ;
#652 = DIRECTION ( 'NONE',  ( 0.000000000000000000, 0.000000000000000000, -1.000000000000000000 ) ) ;
#653 = AXIS2_PLACEMENT_3D ( 'NONE', #3426, #955, #1914 ) ;
#654 = DIRECTION ( 'NONE',  ( -6.938893903907228378E-17, 1.000000000000000000, -0.000000000000000000 ) ) ;
#655 = CARTESIAN_POINT ( 'NONE',  ( 0.000000000000000000, 0.000000000000000000, 22.00000000000000000 ) ) ;
#656 = ORIENTED_EDGE ( 'NONE', *, *, #3347, .F. ) ;
#657 = EDGE_LOOP ( 'NONE', ( #2335, #3337, #3776, #1391 ) ) ;
#658 = AXIS2_PLACEMENT_3D ( 'NONE', #2352, #519, #2884 ) ;
#659 = LINE ( 'NONE', #3425, #2154 ) ;
#660 = DIRECTION ( 'NONE',  ( -0.000000000000000000, 0.000000000000000000, -1.000000000000000000 ) ) ;
#661 = ORIENTED_EDGE ( 'NONE', *, *, #2518, .T. ) ;
#662 = LINE ( 'NONE', #1897, #1117 ) ;
#663 = EDGE_CURVE ( 'NONE', #3492, #2887, #1355, .T. ) ;
#664 = EDGE_CURVE ( 'NONE', #1235, #3876, #1317, .T. ) ;
#665 = LINE ( 'NONE', #1877, #279 ) ;
#666 = ORIENTED_EDGE ( 'NONE', *, *, #2393, .F. ) ;
#667 = CARTESIAN_POINT ( 'NONE',  ( 0.000000000000000000, -38.00000000000000711, 0.000000000000000000 ) ) ;
#668 = VECTOR ( 'NONE', #550, 1000.000000000000000 ) ;
#669 = VERTEX_POINT ( 'NONE', #2221 ) ;
#670 = CIRCLE ( 'NONE', #1169, 2.000000000000005329 ) ;
#671 = VECTOR ( 'NONE', #1272, 1000.000000000000000 ) ;
#672 = EDGE_LOOP ( 'NONE', ( #2644, #2325, #1321, #58 ) ) ;
#673 = LINE ( 'NONE', #2225, #1944 ) ;
#674 = DIRECTION ( 'NONE',  ( -1.000000000000000000, -7.228014483236695816E-17, 0.000000000000000000 ) ) ;
#675 = CIRCLE ( 'NONE', #1431, 2.000000000000001776 ) ;
#676 = DIRECTION ( 'NONE',  ( 1.000000000000000000, 0.000000000000000000, 0.000000000000000000 ) ) ;
#677 = VERTEX_POINT ( 'NONE', #1613 ) ;
#678 = ORIENTED_EDGE ( 'NONE', *, *, #1072, .T. ) ;
#679 = CARTESIAN_POINT ( 'NONE',  ( -30.99999999999999645, -36.00000000000000711, 5.000000000000000000 ) ) ;
#680 = DIRECTION ( 'NONE',  ( 0.000000000000000000, 0.000000000000000000, 1.000000000000000000 ) ) ;
#681 = VERTEX_POINT ( 'NONE', #3444 ) ;
#682 = FACE_OUTER_BOUND ( 'NONE', #686, .T. ) ;
#683 = VECTOR ( 'NONE', #549, 1000.000000000000000 ) ;
#684 = ORIENTED_EDGE ( 'NONE', *, *, #3695, .T. ) ;
#685 = ADVANCED_FACE ( 'NONE', ( #740 ), #2872, .F. ) ;
#686 = EDGE_LOOP ( 'NONE', ( #222, #1623, #1889, #2004, #3037, #3121, #2200, #268 ) ) ;
#687 = CARTESIAN_POINT ( 'NONE',  ( -11.59999999999999254, 0.9999999999999796829, 4.000000000000000000 ) ) ;
#688 = ADVANCED_FACE ( 'NONE', ( #3143 ), #1058, .F. ) ;
#689 = EDGE_LOOP ( 'NONE', ( #1459, #3309, #3536, #1992, #3026 ) ) ;
#690 = CARTESIAN_POINT ( 'NONE',  ( -11.59999999999999254, 0.000000000000000000, 4.000000000000000000 ) ) ;
#691 = DIRECTION ( 'NONE',  ( -0.000000000000000000, 0.000000000000000000, 1.000000000000000000 ) ) ;
#692 = DIRECTION ( 'NONE',  ( -1.000000000000000000, 0.000000000000000000, 0.000000000000000000 ) ) ;
#693 = DIRECTION ( 'NONE',  ( 1.000000000000000000, 0.000000000000000000, -0.000000000000000000 ) ) ;
#694 = DIRECTION ( 'NONE',  ( -1.000000000000000000, 0.000000000000000000, 0.000000000000000000 ) ) ;
#695 = ORIENTED_EDGE ( 'NONE', *, *, #3689, .F. ) ;
#696 = VERTEX_POINT ( 'NONE', #3803 ) ;
#697 = LINE ( 'NONE', #3740, #375 ) ;
#698 = ADVANCED_FACE ( 'NONE', ( #141 ), #2280, .T. ) ;
#699 = PLANE ( 'NONE',  #1856 ) ;
#700 = VERTEX_POINT ( 'NONE', #1918 ) ;
#701 = DIRECTION ( 'NONE',  ( 1.000000000000000000, 0.000000000000000000, 0.000000000000000000 ) ) ;
#702 = CIRCLE ( 'NONE', #3644, 4.000000000000003553 ) ;
#703 = VECTOR ( 'NONE', #1148, 1000.000000000000000 ) ;
#704 = CARTESIAN_POINT ( 'NONE',  ( 16.99999999999999645, 29.00000000000000000, 4.000000000000000000 ) ) ;
#705 = ORIENTED_EDGE ( 'NONE', *, *, #3279, .T. ) ;
#706 = CARTESIAN_POINT ( 'NONE',  ( -18.10000000000001563, -3.100000000000030731, 4.000000000000000000 ) ) ;
#707 = DIRECTION ( 'NONE',  ( -1.000000000000000000, 0.000000000000000000, 0.000000000000000000 ) ) ;
#708 = PLANE ( 'NONE',  #2416 ) ;
#709 = DIRECTION ( 'NONE',  ( 0.000000000000000000, -0.000000000000000000, 1.000000000000000000 ) ) ;
#710 = ADVANCED_FACE ( 'NONE', ( #1337 ), #431, .T. ) ;
#711 = DIRECTION ( 'NONE',  ( -0.000000000000000000, -0.000000000000000000, -1.000000000000000000 ) ) ;
#712 = ORIENTED_EDGE ( 'NONE', *, *, #844, .F. ) ;
#713 = DIRECTION ( 'NONE',  ( -1.000000000000000000, 0.000000000000000000, 0.000000000000000000 ) ) ;
#714 = VECTOR ( 'NONE', #125, 1000.000000000000000 ) ;
#715 = DIRECTION ( 'NONE',  ( -6.938893903907228378E-17, 1.000000000000000000, 0.000000000000000000 ) ) ;
#716 = VECTOR ( 'NONE', #2226, 1000.000000000000000 ) ;
#717 = ORIENTED_EDGE ( 'NONE', *, *, #2324, .F. ) ;
#718 = DIRECTION ( 'NONE',  ( 7.228014483236695816E-17, -1.000000000000000000, 0.000000000000000000 ) ) ;
#719 = AXIS2_PLACEMENT_3D ( 'NONE', #3942, #1811, #3683 ) ;
#720 = DIRECTION ( 'NONE',  ( -0.000000000000000000, -0.000000000000000000, -1.000000000000000000 ) ) ;
#721 = CARTESIAN_POINT ( 'NONE',  ( -10.99999999999999822, 39.00000000000000000, 0.000000000000000000 ) ) ;
#722 = ORIENTED_EDGE ( 'NONE', *, *, #3314, .F. ) ;
#723 = LINE ( 'NONE', #886, #74 ) ;
#724 = EDGE_CURVE ( 'NONE', #822, #3876, #3500, .T. ) ;
#725 = EDGE_CURVE ( 'NONE', #1412, #3098, #3176, .T. ) ;
#726 = LINE ( 'NONE', #2854, #3142 ) ;
#727 = LINE ( 'NONE', #470, #487 ) ;
#728 = CIRCLE ( 'NONE', #1741, 3.999999999999996447 ) ;
#729 = DIRECTION ( 'NONE',  ( 0.000000000000000000, -0.000000000000000000, -1.000000000000000000 ) ) ;
#730 = DIRECTION ( 'NONE',  ( -1.000000000000000000, -0.000000000000000000, -0.000000000000000000 ) ) ;
#731 = CARTESIAN_POINT ( 'NONE',  ( -47.99999999999999289, 30.99999999999999289, 4.000000000000000000 ) ) ;
#732 = VERTEX_POINT ( 'NONE', #1075 ) ;
#733 = EDGE_CURVE ( 'NONE', #3282, #997, #2238, .T. ) ;
#734 = CARTESIAN_POINT ( 'NONE',  ( 12.00000000000000711, 34.99999999999999289, 5.000000000000000888 ) ) ;
#735 = EDGE_CURVE ( 'NONE', #681, #3341, #3784, .T. ) ;
#736 = DIRECTION ( 'NONE',  ( 7.228014483236695816E-17, -1.000000000000000000, 0.000000000000000000 ) ) ;
#737 = ORIENTED_EDGE ( 'NONE', *, *, #2233, .F. ) ;
#738 = CARTESIAN_POINT ( 'NONE',  ( 2.000000000000006217, 34.99999999999999289, 8.000000000000000000 ) ) ;
#739 = AXIS2_PLACEMENT_3D ( 'NONE', #2420, #2381, #1175 ) ;
#740 = FACE_OUTER_BOUND ( 'NONE', #1067, .T. ) ;
#741 = DIRECTION ( 'NONE',  ( -0.000000000000000000, -0.000000000000000000, 1.000000000000000000 ) ) ;
#742 = EDGE_LOOP ( 'NONE', ( #3457, #1610, #1173, #959 ) ) ;
#743 =( NAMED_UNIT ( * ) PLANE_ANGLE_UNIT ( ) SI_UNIT ( $, .RADIAN. ) );
#744 = AXIS2_PLACEMENT_3D ( 'NONE', #1324, #2551, #1025 ) ;
#745 = PLANE ( 'NONE',  #3844 ) ;
#746 = AXIS2_PLACEMENT_3D ( 'NONE', #667, #2120, #1632 ) ;
#747 = DIRECTION ( 'NONE',  ( 1.000000000000000000, -0.000000000000000000, 0.000000000000000000 ) ) ;
#748 = LINE ( 'NONE', #2552, #476 ) ;
#749 = CARTESIAN_POINT ( 'NONE',  ( 45.50000000000001421, 33.00000000000000000, 4.000000000000000000 ) ) ;
#750 = EDGE_CURVE ( 'NONE', #975, #2415, #258, .T. ) ;
#751 = VERTEX_POINT ( 'NONE', #2525 ) ;
#752 = VERTEX_POINT ( 'NONE', #759 ) ;
#753 = VECTOR ( 'NONE', #1261, 1000.000000000000000 ) ;
#754 = DIRECTION ( 'NONE',  ( 0.000000000000000000, 1.000000000000000000, 0.000000000000000000 ) ) ;
#755 = CIRCLE ( 'NONE', #2679, 2.000000000000000000 ) ;
#756 = DIRECTION ( 'NONE',  ( -2.940209281316622371E-17, 1.000000000000000000, 0.000000000000000000 ) ) ;
#757 = VERTEX_POINT ( 'NONE', #2906 ) ;
#758 = ADVANCED_FACE ( 'NONE', ( #3517 ), #3748, .T. ) ;
#759 = CARTESIAN_POINT ( 'NONE',  ( -45.99999999999999289, 34.09999999999999432, 21.10000000000000142 ) ) ;
#760 = CARTESIAN_POINT ( 'NONE',  ( -16.79540028623416603, 35.00000000165145764, 2.597841333524085528 ) ) ;
#761 = ORIENTED_EDGE ( 'NONE', *, *, #3155, .F. ) ;
#762 = VERTEX_POINT ( 'NONE', #3201 ) ;
#763 = DIRECTION ( 'NONE',  ( -1.000000000000000000, 0.000000000000000000, 0.000000000000000000 ) ) ;
#764 = CARTESIAN_POINT ( 'NONE',  ( -45.99999999999999289, -33.00000000000000711, 22.00000000000000000 ) ) ;
#765 = DIRECTION ( 'NONE',  ( 0.000000000000000000, -1.000000000000000000, 0.000000000000000000 ) ) ;
#766 = EDGE_CURVE ( 'NONE', #1508, #3831, #463, .T. ) ;
#767 = DIRECTION ( 'NONE',  ( -0.000000000000000000, -0.000000000000000000, 1.000000000000000000 ) ) ;
#768 = ORIENTED_EDGE ( 'NONE', *, *, #37, .F. ) ;
#769 = ORIENTED_EDGE ( 'NONE', *, *, #163, .F. ) ;
#770 = CARTESIAN_POINT ( 'NONE',  ( 48.00000000000000711, -32.99999999999998579, 22.00000000000000000 ) ) ;
#771 = EDGE_CURVE ( 'NONE', #188, #3623, #1000, .T. ) ;
#772 = CARTESIAN_POINT ( 'NONE',  ( 46.00000000000000711, 34.09999999999999432, 19.90000000000000213 ) ) ;
#773 = AXIS2_PLACEMENT_3D ( 'NONE', #638, #1851, #81 ) ;
#774 = CYLINDRICAL_SURFACE ( 'NONE', #2253, 2.000000000000001776 ) ;
#775 = ORIENTED_EDGE ( 'NONE', *, *, #1700, .F. ) ;
#776 = DIRECTION ( 'NONE',  ( -1.000000000000000000, 0.000000000000000000, 0.000000000000000000 ) ) ;
#777 = CARTESIAN_POINT ( 'NONE',  ( -16.09816683856549346, 34.99999999353734381, 3.326636022969579276 ) ) ;
#778 = EDGE_CURVE ( 'NONE', #1643, #3563, #755, .T. ) ;
#779 = VERTEX_POINT ( 'NONE', #609 ) ;
#780 = ORIENTED_EDGE ( 'NONE', *, *, #1327, .T. ) ;
#781 = CARTESIAN_POINT ( 'NONE',  ( -2.999999999999997335, 38.99999999999999289, 2.656818215589661136 ) ) ;
#782 = LINE ( 'NONE', #2245, #2432 ) ;
#783 = CARTESIAN_POINT ( 'NONE',  ( -10.00000000000000000, 38.00000000000000711, 5.000000000000000000 ) ) ;
#784 = CARTESIAN_POINT ( 'NONE',  ( 27.10000000000001208, 3.199999999999946443, 2.000000000000000000 ) ) ;
#785 = VERTEX_POINT ( 'NONE', #1039 ) ;
#786 = LINE ( 'NONE', #749, #2003 ) ;
#787 = EDGE_CURVE ( 'NONE', #696, #3902, #3884, .T. ) ;
#788 = ORIENTED_EDGE ( 'NONE', *, *, #2498, .T. ) ;
#789 = EDGE_LOOP ( 'NONE', ( #2175, #798, #887, #1403, #2535 ) ) ;
#790 = LINE ( 'NONE', #2007, #2600 ) ;
#791 = VECTOR ( 'NONE', #584, 1000.000000000000000 ) ;
#792 = DIRECTION ( 'NONE',  ( -1.000000000000000000, 0.000000000000000000, -0.000000000000000000 ) ) ;
#793 = DIRECTION ( 'NONE',  ( -1.000000000000000000, -2.940209281316622371E-17, 0.000000000000000000 ) ) ;
#794 = AXIS2_PLACEMENT_3D ( 'NONE', #2528, #3446, #1920 ) ;
#795 = ORIENTED_EDGE ( 'NONE', *, *, #2220, .T. ) ;
#796 = CARTESIAN_POINT ( 'NONE',  ( -12.99999999999999822, 38.75098998113885784, 4.788706251700667771 ) ) ;
#797 = EDGE_LOOP ( 'NONE', ( #2851, #2909, #3879, #3119 ) ) ;
#798 = ORIENTED_EDGE ( 'NONE', *, *, #1339, .T. ) ;
#799 = LINE ( 'NONE', #529, #2248 ) ;
#800 = EDGE_CURVE ( 'NONE', #3522, #3503, #1544, .T. ) ;
#801 = LINE ( 'NONE', #3887, #3030 ) ;
#802 = CARTESIAN_POINT ( 'NONE',  ( -32.99999999999999289, -39.00000000000000711, 5.000000000000000000 ) ) ;
#803 = AXIS2_PLACEMENT_3D ( 'NONE', #3111, #1392, #3129 ) ;
#804 = ORIENTED_EDGE ( 'NONE', *, *, #2310, .F. ) ;
#805 = CARTESIAN_POINT ( 'NONE',  ( -11.59999999999999254, 0.000000000000000000, 4.000000000000000000 ) ) ;
#806 = ORIENTED_EDGE ( 'NONE', *, *, #281, .F. ) ;
#807 = CIRCLE ( 'NONE', #746, 2.000000000000000444 ) ;
#808 = VERTEX_POINT ( 'NONE', #3185 ) ;
#809 = AXIS2_PLACEMENT_3D ( 'NONE', #3273, #1147, #2308 ) ;
#810 = CARTESIAN_POINT ( 'NONE',  ( 50.00000000000000711, 31.00000000000000000, 22.00000000000000000 ) ) ;
#811 = DIRECTION ( 'NONE',  ( 0.000000000000000000, 0.000000000000000000, -1.000000000000000000 ) ) ;
#812 = EDGE_CURVE ( 'NONE', #3563, #3666, #3163, .T. ) ;
#813 = CARTESIAN_POINT ( 'NONE',  ( -32.99999999999999289, -41.00000000000000711, 5.000000000000000000 ) ) ;
#814 = ORIENTED_EDGE ( 'NONE', *, *, #3039, .T. ) ;
#815 = ORIENTED_EDGE ( 'NONE', *, *, #2751, .F. ) ;
#816 = CARTESIAN_POINT ( 'NONE',  ( -30.99999999999999645, -38.00000000000000711, 5.000000000000000000 ) ) ;
#817 = ORIENTED_EDGE ( 'NONE', *, *, #2328, .T. ) ;
#818 = EDGE_LOOP ( 'NONE', ( #3487, #3928, #3767, #2074, #940, #2217 ) ) ;
#819 = CARTESIAN_POINT ( 'NONE',  ( -45.50000000000000000, 0.000000000000000000, 4.000000000000000000 ) ) ;
#820 = CARTESIAN_POINT ( 'NONE',  ( -41.00000000000000000, 32.99999999999999289, 5.000000000000000888 ) ) ;
#821 = CARTESIAN_POINT ( 'NONE',  ( 45.50000000000001421, 3.199999999999946443, 4.000000000000000000 ) ) ;
#822 = VERTEX_POINT ( 'NONE', #1338 ) ;
#823 = DIRECTION ( 'NONE',  ( 1.000000000000000000, -0.000000000000000000, -0.000000000000000000 ) ) ;
#824 = VECTOR ( 'NONE', #2758, 1000.000000000000000 ) ;
#825 = CARTESIAN_POINT ( 'NONE',  ( -2.999999999999998224, 38.52269652103333186, 4.517838748387317693 ) ) ;
#826 = CIRCLE ( 'NONE', #1848, 4.000000000000000000 ) ;
#827 = LINE ( 'NONE', #1405, #1506 ) ;
#828 = EDGE_CURVE ( 'NONE', #3919, #681, #2799, .T. ) ;
#829 = LINE ( 'NONE', #3497, #2380 ) ;
#830 = ORIENTED_EDGE ( 'NONE', *, *, #2916, .F. ) ;
#831 = DIRECTION ( 'NONE',  ( 7.228014483236695816E-17, -1.000000000000000000, 0.000000000000000000 ) ) ;
#832 = ADVANCED_FACE ( 'NONE', ( #3354 ), #2450, .F. ) ;
#833 = DIRECTION ( 'NONE',  ( 0.000000000000000000, 0.000000000000000000, -1.000000000000000000 ) ) ;
#834 = VECTOR ( 'NONE', #1530, 1000.000000000000000 ) ;
#835 = VERTEX_POINT ( 'NONE', #1524 ) ;
#836 = ORIENTED_EDGE ( 'NONE', *, *, #3203, .T. ) ;
#837 = CYLINDRICAL_SURFACE ( 'NONE', #1497, 2.000000000000000444 ) ;
#838 = DIRECTION ( 'NONE',  ( 1.000000000000000000, 0.000000000000000000, 0.000000000000000000 ) ) ;
#839 = LINE ( 'NONE', #687, #115 ) ;
#840 = AXIS2_PLACEMENT_3D ( 'NONE', #193, #756, #793 ) ;
#841 = EDGE_CURVE ( 'NONE', #2635, #2098, #3001, .T. ) ;
#842 = VECTOR ( 'NONE', #858, 1000.000000000000000 ) ;
#843 = CARTESIAN_POINT ( 'NONE',  ( -41.56416923747485725, 33.00000000000000000, 4.000000000000000000 ) ) ;
#844 = EDGE_CURVE ( 'NONE', #557, #3851, #3566, .T. ) ;
#845 = ORIENTED_EDGE ( 'NONE', *, *, #1056, .F. ) ;
#846 = LINE ( 'NONE', #1426, #2716 ) ;
#847 = LINE ( 'NONE', #1683, #2213 ) ;
#848 = ORIENTED_EDGE ( 'NONE', *, *, #3484, .T. ) ;
#849 = EDGE_CURVE ( 'NONE', #2178, #3647, #1833, .T. ) ;
#850 = VECTOR ( 'NONE', #3437, 1000.000000000000000 ) ;
#851 = VECTOR ( 'NONE', #2227, 1000.000000000000000 ) ;
#852 = DIRECTION ( 'NONE',  ( -1.000000000000000000, 0.000000000000000000, 0.000000000000000000 ) ) ;
#853 = EDGE_LOOP ( 'NONE', ( #3711, #1085, #440, #617, #2970, #2480 ) ) ;
#854 = DIRECTION ( 'NONE',  ( -1.000000000000000000, 0.000000000000000000, 0.000000000000000000 ) ) ;
#855 = VERTEX_POINT ( 'NONE', #432 ) ;
#856 = EDGE_LOOP ( 'NONE', ( #3122, #3307, #2698, #1834, #2774, #3251 ) ) ;
#857 = EDGE_CURVE ( 'NONE', #1650, #2467, #2351, .T. ) ;
#858 = DIRECTION ( 'NONE',  ( 1.000000000000000000, 2.081668171172168513E-16, 0.000000000000000000 ) ) ;
#859 = VECTOR ( 'NONE', #1546, 1000.000000000000000 ) ;
#860 = VERTEX_POINT ( 'NONE', #1842 ) ;
#861 = ORIENTED_EDGE ( 'NONE', *, *, #2868, .F. ) ;
#862 = FACE_OUTER_BOUND ( 'NONE', #2989, .T. ) ;
#863 = CYLINDRICAL_SURFACE ( 'NONE', #2080, 1.999999999999998224 ) ;
#864 = DIRECTION ( 'NONE',  ( 1.000000000000000000, -0.000000000000000000, -0.000000000000000000 ) ) ;
#865 = EDGE_LOOP ( 'NONE', ( #406, #2649, #3538, #3079 ) ) ;
#866 = ORIENTED_EDGE ( 'NONE', *, *, #3679, .T. ) ;
#867 = CARTESIAN_POINT ( 'NONE',  ( 20.00000000000001776, 41.00000000000000000, 5.000000000000000000 ) ) ;
#868 = CARTESIAN_POINT ( 'NONE',  ( -2.999999999999999112, 35.00000000000000000, 5.000000000000000000 ) ) ;
#869 = CARTESIAN_POINT ( 'NONE',  ( 48.00000000000000711, -32.99999999999998579, 2.000000000000000000 ) ) ;
#870 = EDGE_CURVE ( 'NONE', #779, #501, #1356, .T. ) ;
#871 = ORIENTED_EDGE ( 'NONE', *, *, #1316, .F. ) ;
#872 = VECTOR ( 'NONE', #2146, 1000.000000000000000 ) ;
#873 = CARTESIAN_POINT ( 'NONE',  ( 18.00000000000000355, 38.87298334620740548, 4.251970460181897948 ) ) ;
#874 = DIRECTION ( 'NONE',  ( 1.000000000000000000, 0.000000000000000000, 0.000000000000000000 ) ) ;
#875 = DIRECTION ( 'NONE',  ( 0.000000000000000000, 0.000000000000000000, 1.000000000000000000 ) ) ;
#876 = VERTEX_POINT ( 'NONE', #2239 ) ;
#877 = ORIENTED_EDGE ( 'NONE', *, *, #979, .T. ) ;
#878 = LINE ( 'NONE', #1196, #3597 ) ;
#879 = ORIENTED_EDGE ( 'NONE', *, *, #48, .T. ) ;
#880 = CARTESIAN_POINT ( 'NONE',  ( -41.99999999999999289, 4.999999999999986677, 4.000000000000000000 ) ) ;
#881 = DIRECTION ( 'NONE',  ( -0.000000000000000000, -0.000000000000000000, -1.000000000000000000 ) ) ;
#882 = ORIENTED_EDGE ( 'NONE', *, *, #1170, .T. ) ;
#883 = CARTESIAN_POINT ( 'NONE',  ( -2.999999999999947597, 35.35721423692918108, 2.408738259546096216 ) ) ;
#884 = PLANE ( 'NONE',  #129 ) ;
#885 = DIRECTION ( 'NONE',  ( 0.000000000000000000, -0.000000000000000000, -1.000000000000000000 ) ) ;
#886 = CARTESIAN_POINT ( 'NONE',  ( -49.99999999999999289, 30.99999999999999289, 2.000000000000000000 ) ) ;
#887 = ORIENTED_EDGE ( 'NONE', *, *, #518, .T. ) ;
#888 = VERTEX_POINT ( 'NONE', #3094 ) ;
#889 = CIRCLE ( 'NONE', #2035, 2.000000000000005329 ) ;
#890 = LINE ( 'NONE', #3403, #2655 ) ;
#891 = LINE ( 'NONE', #911, #824 ) ;
#892 = EDGE_CURVE ( 'NONE', #1579, #2641, #2961, .T. ) ;
#893 = CARTESIAN_POINT ( 'NONE',  ( -41.56416923747485725, 0.000000000000000000, 4.000000000000000000 ) ) ;
#894 = ORIENTED_EDGE ( 'NONE', *, *, #1950, .F. ) ;
#895 = DIRECTION ( 'NONE',  ( 1.000000000000000000, 0.000000000000000000, 0.000000000000000000 ) ) ;
#896 = VECTOR ( 'NONE', #2550, 1000.000000000000000 ) ;
#897 = ORIENTED_EDGE ( 'NONE', *, *, #286, .F. ) ;
#898 = AXIS2_PLACEMENT_3D ( 'NONE', #1107, #3633, #3236 ) ;
#899 = DIRECTION ( 'NONE',  ( 0.000000000000000000, 0.000000000000000000, -1.000000000000000000 ) ) ;
#900 = ADVANCED_FACE ( 'NONE', ( #1244 ), #2471, .F. ) ;
#901 = LINE ( 'NONE', #2121, #2608 ) ;
#902 = VECTOR ( 'NONE', #2394, 1000.000000000000000 ) ;
#903 = EDGE_LOOP ( 'NONE', ( #635, #1710, #2136, #3904 ) ) ;
#904 = EDGE_CURVE ( 'NONE', #860, #3243, #160, .T. ) ;
#905 = CARTESIAN_POINT ( 'NONE',  ( -2.999999999999998668, 38.76125805869513385, 3.704602178939614632 ) ) ;
#906 = DIRECTION ( 'NONE',  ( -0.000000000000000000, 0.000000000000000000, 1.000000000000000000 ) ) ;
#907 = FACE_BOUND ( 'NONE', #1087, .T. ) ;
#908 = DIRECTION ( 'NONE',  ( -1.000000000000000000, 0.000000000000000000, 0.000000000000000000 ) ) ;
#909 = EDGE_CURVE ( 'NONE', #95, #3065, #2168, .T. ) ;
#910 = EDGE_CURVE ( 'NONE', #2104, #1973, #1863, .T. ) ;
#911 = CARTESIAN_POINT ( 'NONE',  ( 48.00000000000000711, 0.000000000000000000, 4.000000000000000000 ) ) ;
#912 = FACE_OUTER_BOUND ( 'NONE', #272, .T. ) ;
#913 = CARTESIAN_POINT ( 'NONE',  ( -46.00000000000000000, 30.99999999999999289, 2.000000000000000000 ) ) ;
#914 = ORIENTED_EDGE ( 'NONE', *, *, #1363, .F. ) ;
#915 = LINE ( 'NONE', #3344, #2466 ) ;
#916 = EDGE_LOOP ( 'NONE', ( #2737, #2574 ) ) ;
#917 = ORIENTED_EDGE ( 'NONE', *, *, #3886, .T. ) ;
#918 = EDGE_CURVE ( 'NONE', #2230, #2559, #3785, .T. ) ;
#919 = CARTESIAN_POINT ( 'NONE',  ( 18.00000000000000000, 34.99999999999998579, 2.763932022500207530 ) ) ;
#920 = DIRECTION ( 'NONE',  ( 1.000000000000000000, 0.000000000000000000, 0.000000000000000000 ) ) ;
#921 =( BOUNDED_SURFACE ( )  B_SPLINE_SURFACE ( 3, 2, ( 
 ( #3348, #3710, #2486 ),
 ( #1900, #23, #3105 ),
 ( #3370, #3390, #3048 ),
 ( #1537, #353, #942 ),
 ( #3067, #2444, #3667 ),
 ( #1260, #1560, #980 ),
 ( #1880, #1581, #645 ),
 ( #3123, #2163, #313 ),
 ( #3727, #2746, #3648 ),
 ( #1594, #919, #2771 ) ),
 .UNSPECIFIED., .F., .F., .F. ) 
 B_SPLINE_SURFACE_WITH_KNOTS ( ( 4, 2, 2, 2, 4 ),
 ( 3, 3 ),
 ( 0.006557296968657901071, 0.007111248771209794511, 0.007665200573761688820, 0.008219152376313583128, 0.008773104178865476568 ),
 ( 0.000000000000000000, 1.000000000000000000 ),
 .UNSPECIFIED. ) 
 GEOMETRIC_REPRESENTATION_ITEM ( )  RATIONAL_B_SPLINE_SURFACE ( (
 ( 1.000000000000000000, 0.7905694150420954358, 1.000000000000000000),
 ( 1.000000000000000000, 0.7906170600040514085, 1.000000000000000000),
 ( 1.000000000000000000, 0.7873442844588308676, 1.000000000000000000),
 ( 1.000000000000000000, 0.7761824319599249788, 1.000000000000000000),
 ( 1.000000000000000000, 0.7683618766747196682, 1.000000000000000000),
 ( 1.000000000000000000, 0.7512629477443594217, 1.000000000000000000),
 ( 1.000000000000000000, 0.7420193182407021082, 1.000000000000000000),
 ( 1.000000000000000000, 0.7240354508855849636, 1.000000000000000000),
 ( 1.000000000000000000, 0.7152555322313705055, 1.000000000000000000),
 ( 1.000000000000000000, 0.7071067811865475727, 1.000000000000000000) ) ) 
 REPRESENTATION_ITEM ( '' )  SURFACE ( )  );
#922 = AXIS2_PLACEMENT_3D ( 'NONE', #89, #3165, #435 ) ;
#923 = ORIENTED_EDGE ( 'NONE', *, *, #3448, .F. ) ;
#924 = EDGE_CURVE ( 'NONE', #396, #132, #1994, .T. ) ;
#925 = LINE ( 'NONE', #2752, #1492 ) ;
#926 = LINE ( 'NONE', #1543, #2408 ) ;
#927 = DIRECTION ( 'NONE',  ( -1.000000000000000000, 0.000000000000000000, 0.000000000000000000 ) ) ;
#928 = CARTESIAN_POINT ( 'NONE',  ( 29.50000000000001066, 35.87750100080078397, 4.500000000000012434 ) ) ;
#929 = ORIENTED_EDGE ( 'NONE', *, *, #2401, .T. ) ;
#930 = CARTESIAN_POINT ( 'NONE',  ( -46.00000000000000000, -31.00000000000001066, 19.00000000000000355 ) ) ;
#931 = VECTOR ( 'NONE', #3023, 1000.000000000000000 ) ;
#932 = CARTESIAN_POINT ( 'NONE',  ( 46.00000000000000711, -33.00000000000000711, 21.10000000000000497 ) ) ;
#933 = VECTOR ( 'NONE', #498, 1000.000000000000000 ) ;
#934 = DIRECTION ( 'NONE',  ( -1.000000000000000000, 0.000000000000000000, 0.000000000000000000 ) ) ;
#935 = ORIENTED_EDGE ( 'NONE', *, *, #647, .F. ) ;
#936 = VECTOR ( 'NONE', #2563, 1000.000000000000000 ) ;
#937 = ADVANCED_FACE ( 'NONE', ( #3518 ), #212, .F. ) ;
#938 = CARTESIAN_POINT ( 'NONE',  ( 20.00000000000000000, 39.00000000000000000, 5.000000000000000000 ) ) ;
#939 = ORIENTED_EDGE ( 'NONE', *, *, #3006, .F. ) ;
#940 = ORIENTED_EDGE ( 'NONE', *, *, #1849, .T. ) ;
#941 = VECTOR ( 'NONE', #3012, 1000.000000000000000 ) ;
#942 = CARTESIAN_POINT ( 'NONE',  ( 18.00000000000000355, 38.90387902851527002, 4.254537506369039157 ) ) ;
#943 = DIRECTION ( 'NONE',  ( 1.000000000000000000, -0.000000000000000000, -0.000000000000000000 ) ) ;
#944 = VERTEX_POINT ( 'NONE', #3858 ) ;
#945 = AXIS2_PLACEMENT_3D ( 'NONE', #30, #2262, #3486 ) ;
#946 = CARTESIAN_POINT ( 'NONE',  ( 46.00000000000000711, 31.00000000000000355, 22.00000000000000000 ) ) ;
#947 = DIRECTION ( 'NONE',  ( 1.000000000000000000, 0.000000000000000000, 0.000000000000000000 ) ) ;
#948 = DIRECTION ( 'NONE',  ( -0.000000000000000000, 1.000000000000000000, 0.000000000000000000 ) ) ;
#949 = CARTESIAN_POINT ( 'NONE',  ( -2.385244779468109755E-15, 33.00000000000000000, 4.000000000000000000 ) ) ;
#950 = CARTESIAN_POINT ( 'NONE',  ( 17.00000000000000355, 5.000000000000000888, 4.000000000000000000 ) ) ;
#951 = ORIENTED_EDGE ( 'NONE', *, *, #1072, .F. ) ;
#952 = VERTEX_POINT ( 'NONE', #1375 ) ;
#953 = EDGE_CURVE ( 'NONE', #513, #2358, #1460, .T. ) ;
#954 = DIRECTION ( 'NONE',  ( 3.638262323776860755E-18, -1.000000000000000000, 0.000000000000000000 ) ) ;
#955 = DIRECTION ( 'NONE',  ( 0.000000000000000000, 0.000000000000000000, -1.000000000000000000 ) ) ;
#956 = ORIENTED_EDGE ( 'NONE', *, *, #471, .F. ) ;
#957 = LINE ( 'NONE', #3179, #2857 ) ;
#958 = EDGE_CURVE ( 'NONE', #1628, #855, #3202, .T. ) ;
#959 = ORIENTED_EDGE ( 'NONE', *, *, #1309, .F. ) ;
#960 = CARTESIAN_POINT ( 'NONE',  ( 40.00000000000001421, 14.99999999999999645, 2.000000000000000000 ) ) ;
#961 = ORIENTED_EDGE ( 'NONE', *, *, #1439, .F. ) ;
#962 = CARTESIAN_POINT ( 'NONE',  ( 46.00000000000000711, -34.10000000000000853, 21.10000000000000497 ) ) ;
#963 = ORIENTED_EDGE ( 'NONE', *, *, #841, .T. ) ;
#964 = CARTESIAN_POINT ( 'NONE',  ( 31.99999999999999289, 35.00000000000000000, 0.000000000000000000 ) ) ;
#965 = DIRECTION ( 'NONE',  ( -1.000000000000000000, 0.000000000000000000, 0.000000000000000000 ) ) ;
#966 = VECTOR ( 'NONE', #3856, 1000.000000000000000 ) ;
#967 = CARTESIAN_POINT ( 'NONE',  ( 0.000000000000000000, -31.50000000000000711, 4.000000000000000000 ) ) ;
#968 = LINE ( 'NONE', #3735, #859 ) ;
#969 = VERTEX_POINT ( 'NONE', #3221 ) ;
#970 = VERTEX_POINT ( 'NONE', #2606 ) ;
#971 = LINE ( 'NONE', #2231, #1186 ) ;
#972 = ADVANCED_FACE ( 'NONE', ( #196 ), #2018, .F. ) ;
#973 = CARTESIAN_POINT ( 'NONE',  ( -3.638262323776786799E-18, 0.9999999999999796829, 4.000000000000000000 ) ) ;
#974 = DIRECTION ( 'NONE',  ( 0.000000000000000000, 0.000000000000000000, -1.000000000000000000 ) ) ;
#975 = VERTEX_POINT ( 'NONE', #3244 ) ;
#976 = ADVANCED_FACE ( 'NONE', ( #503 ), #3501, .T. ) ;
#977 = CYLINDRICAL_SURFACE ( 'NONE', #430, 2.000000000000001776 ) ;
#978 = ORIENTED_EDGE ( 'NONE', *, *, #2278, .T. ) ;
#979 = EDGE_CURVE ( 'NONE', #2290, #480, #1932, .T. ) ;
#980 = CARTESIAN_POINT ( 'NONE',  ( 18.00000000000000355, 38.95310178469535600, 3.695423510448514914 ) ) ;
#981 = AXIS2_PLACEMENT_3D ( 'NONE', #2593, #422, #2210 ) ;
#982 = ORIENTED_EDGE ( 'NONE', *, *, #1332, .T. ) ;
#983 = LINE ( 'NONE', #1882, #2283 ) ;
#984 = AXIS2_PLACEMENT_3D ( 'NONE', #147, #2270, #456 ) ;
#985 = DIRECTION ( 'NONE',  ( 1.000000000000000000, 0.000000000000000000, 0.000000000000000000 ) ) ;
#986 = AXIS2_PLACEMENT_3D ( 'NONE', #405, #1888, #2756 ) ;
#987 = DIRECTION ( 'NONE',  ( 1.000000000000000000, 0.000000000000000000, 0.000000000000000000 ) ) ;
#988 = DIRECTION ( 'NONE',  ( -2.081668171172168513E-16, 1.000000000000000000, 0.000000000000000000 ) ) ;
#989 = CARTESIAN_POINT ( 'NONE',  ( 29.50000000000001066, 35.87750100080078397, 4.500000000000012434 ) ) ;
#990 = AXIS2_PLACEMENT_3D ( 'NONE', #819, #3188, #1397 ) ;
#991 = DIRECTION ( 'NONE',  ( 0.000000000000000000, 0.000000000000000000, -1.000000000000000000 ) ) ;
#992 = CARTESIAN_POINT ( 'NONE',  ( -49.99999999999999289, 34.99999999999999289, 0.000000000000000000 ) ) ;
#993 = ORIENTED_EDGE ( 'NONE', *, *, #2938, .T. ) ;
#994 = ORIENTED_EDGE ( 'NONE', *, *, #2879, .F. ) ;
#995 = CARTESIAN_POINT ( 'NONE',  ( -4.999999999999997335, 39.00000000000000000, 5.000000000000000000 ) ) ;
#996 = DIRECTION ( 'NONE',  ( -1.000000000000000000, 0.000000000000000000, 0.000000000000000000 ) ) ;
#997 = VERTEX_POINT ( 'NONE', #1556 ) ;
#998 = AXIS2_PLACEMENT_3D ( 'NONE', #1949, #2865, #192 ) ;
#999 = EDGE_CURVE ( 'NONE', #1628, #76, #1496, .T. ) ;
#1000 = LINE ( 'NONE', #73, #1263 ) ;
#1001 = ORIENTED_EDGE ( 'NONE', *, *, #83, .T. ) ;
#1002 = CARTESIAN_POINT ( 'NONE',  ( -30.99999999999999645, -38.00000000000000711, 0.000000000000000000 ) ) ;
#1003 = DIRECTION ( 'NONE',  ( 0.000000000000000000, 0.000000000000000000, -1.000000000000000000 ) ) ;
#1004 = ADVANCED_FACE ( 'NONE', ( #2724 ), #1476, .T. ) ;
#1005 = FACE_OUTER_BOUND ( 'NONE', #1028, .T. ) ;
#1006 = CARTESIAN_POINT ( 'NONE',  ( -44.50000000000001421, -3.100000000000030731, 2.000000000000000000 ) ) ;
#1007 = CARTESIAN_POINT ( 'NONE',  ( -46.00000000000000000, -35.00000000000000711, 2.000000000000000000 ) ) ;
#1008 = DIRECTION ( 'NONE',  ( 0.000000000000000000, -0.000000000000000000, 1.000000000000000000 ) ) ;
#1009 = ORIENTED_EDGE ( 'NONE', *, *, #2894, .F. ) ;
#1010 = CARTESIAN_POINT ( 'NONE',  ( -18.60000000000002629, 34.99999999999999289, 2.000000000000000000 ) ) ;
#1011 = ORIENTED_EDGE ( 'NONE', *, *, #1682, .T. ) ;
#1012 = DIRECTION ( 'NONE',  ( 1.000000000000000000, 0.000000000000000000, -0.000000000000000000 ) ) ;
#1013 = ADVANCED_FACE ( 'NONE', ( #641 ), #3664, .T. ) ;
#1014 = EDGE_CURVE ( 'NONE', #169, #2750, #1771, .T. ) ;
#1015 = VERTEX_POINT ( 'NONE', #19 ) ;
#1016 = AXIS2_PLACEMENT_3D ( 'NONE', #36, #613, #575 ) ;
#1017 = AXIS2_PLACEMENT_3D ( 'NONE', #1428, #885, #2107 ) ;
#1018 = DIRECTION ( 'NONE',  ( 0.000000000000000000, 0.000000000000000000, -1.000000000000000000 ) ) ;
#1019 = CARTESIAN_POINT ( 'NONE',  ( 20.50000000000000355, 5.000000000000000000, 4.000000000000000000 ) ) ;
#1020 = ORIENTED_EDGE ( 'NONE', *, *, #2199, .F. ) ;
#1021 = EDGE_CURVE ( 'NONE', #2367, #2815, #3920, .T. ) ;
#1022 = LINE ( 'NONE', #3769, #1926 ) ;
#1023 = EDGE_CURVE ( 'NONE', #3141, #1474, #43, .T. ) ;
#1024 = DIRECTION ( 'NONE',  ( 1.000000000000000000, 6.938893903907228378E-17, 0.000000000000000000 ) ) ;
#1025 = DIRECTION ( 'NONE',  ( 1.000000000000000000, 0.000000000000000000, 0.000000000000000000 ) ) ;
#1026 = PLANE ( 'NONE',  #292 ) ;
#1027 = CARTESIAN_POINT ( 'NONE',  ( 48.00000000000000711, 0.9999999999999796829, 4.000000000000000000 ) ) ;
#1028 = EDGE_LOOP ( 'NONE', ( #412, #2809, #275, #2596 ) ) ;
#1029 = CARTESIAN_POINT ( 'NONE',  ( -2.999999999999997780, 38.99999999999998579, 5.000000000000000000 ) ) ;
#1030 = CIRCLE ( 'NONE', #1788, 3.000000000000002665 ) ;
#1031 = DIRECTION ( 'NONE',  ( 1.000000000000000000, 0.000000000000000000, 0.000000000000000000 ) ) ;
#1032 = VECTOR ( 'NONE', #2047, 1000.000000000000000 ) ;
#1033 = VERTEX_POINT ( 'NONE', #2402 ) ;
#1034 = MECHANICAL_DESIGN_GEOMETRIC_PRESENTATION_REPRESENTATION (  '', ( #2659 ), #2185 ) ;
#1035 = CARTESIAN_POINT ( 'NONE',  ( 0.000000000000000000, 0.000000000000000000, 2.000000000000000000 ) ) ;
#1036 = VECTOR ( 'NONE', #3397, 1000.000000000000000 ) ;
#1037 = ADVANCED_BREP_SHAPE_REPRESENTATION ( 'casing housing', ( #1191, #2457 ), #3675 ) ;
#1038 = CARTESIAN_POINT ( 'NONE',  ( -47.99999999999999289, -33.00000000000000711, 22.00000000000000000 ) ) ;
#1039 = CARTESIAN_POINT ( 'NONE',  ( -41.56416923747485725, 32.50000000000000000, 4.000000000000000000 ) ) ;
#1040 = VERTEX_POINT ( 'NONE', #620 ) ;
#1041 = DIRECTION ( 'NONE',  ( -0.000000000000000000, -0.000000000000000000, 1.000000000000000000 ) ) ;
#1042 = FACE_OUTER_BOUND ( 'NONE', #69, .T. ) ;
#1043 = EDGE_CURVE ( 'NONE', #2104, #2240, #878, .T. ) ;
#1044 = AXIS2_PLACEMENT_3D ( 'NONE', #802, #490, #2322 ) ;
#1045 = DIRECTION ( 'NONE',  ( 0.000000000000000000, -0.000000000000000000, -1.000000000000000000 ) ) ;
#1046 = AXIS2_PLACEMENT_3D ( 'NONE', #3110, #90, #2797 ) ;
#1047 = LINE ( 'NONE', #1621, #2779 ) ;
#1048 = EDGE_CURVE ( 'NONE', #253, #223, #1791, .T. ) ;
#1049 = CARTESIAN_POINT ( 'NONE',  ( -33.00000000000000000, -38.00000000000000711, 0.000000000000000000 ) ) ;
#1050 = ORIENTED_EDGE ( 'NONE', *, *, #3448, .T. ) ;
#1051 = CARTESIAN_POINT ( 'NONE',  ( -2.385244779468109755E-15, 33.00000000000000000, 4.000000000000000000 ) ) ;
#1052 = EDGE_CURVE ( 'NONE', #1831, #597, #3169, .T. ) ;
#1053 = CARTESIAN_POINT ( 'NONE',  ( -30.99999999999999645, -36.00000000000000711, 0.000000000000000000 ) ) ;
#1054 = DIRECTION ( 'NONE',  ( 0.000000000000000000, -0.000000000000000000, 1.000000000000000000 ) ) ;
#1055 = EDGE_LOOP ( 'NONE', ( #21, #1733, #288, #1050 ) ) ;
#1056 = EDGE_CURVE ( 'NONE', #2313, #2316, #3627, .T. ) ;
#1057 = VECTOR ( 'NONE', #2933, 1000.000000000000000 ) ;
#1058 = CYLINDRICAL_SURFACE ( 'NONE', #1954, 4.000000000000000000 ) ;
#1059 = CARTESIAN_POINT ( 'NONE',  ( -15.60000000000002451, 34.99999999999999289, 5.000000000000000000 ) ) ;
#1060 = ORIENTED_EDGE ( 'NONE', *, *, #1774, .F. ) ;
#1061 = AXIS2_PLACEMENT_3D ( 'NONE', #185, #3829, #2631 ) ;
#1062 = ORIENTED_EDGE ( 'NONE', *, *, #642, .T. ) ;
#1063 = FACE_OUTER_BOUND ( 'NONE', #3087, .T. ) ;
#1064 = DIRECTION ( 'NONE',  ( -1.000000000000000000, 0.000000000000000000, 0.000000000000000000 ) ) ;
#1065 = CARTESIAN_POINT ( 'NONE',  ( 46.00000000000000711, 33.00000000000000000, 22.00000000000000000 ) ) ;
#1066 = CARTESIAN_POINT ( 'NONE',  ( 45.50000000000001421, 3.199999999999946443, 2.000000000000000000 ) ) ;
#1067 = EDGE_LOOP ( 'NONE', ( #3560, #3164, #678, #3583 ) ) ;
#1068 = EDGE_LOOP ( 'NONE', ( #3663, #722, #524, #3609 ) ) ;
#1069 = CIRCLE ( 'NONE', #1959, 1.999999999999998224 ) ;
#1070 = DIRECTION ( 'NONE',  ( -0.000000000000000000, -0.000000000000000000, -1.000000000000000000 ) ) ;
#1071 = FACE_OUTER_BOUND ( 'NONE', #1358, .T. ) ;
#1072 = EDGE_CURVE ( 'NONE', #3338, #1033, #1250, .T. ) ;
#1073 = ADVANCED_FACE ( 'NONE', ( #1213 ), #2116, .F. ) ;
#1074 = CARTESIAN_POINT ( 'NONE',  ( -45.99999999999999289, -33.00000000000000711, 19.90000000000000568 ) ) ;
#1075 = CARTESIAN_POINT ( 'NONE',  ( 32.00000000000001421, 33.00000000000000000, 2.000000000000000000 ) ) ;
#1076 = CARTESIAN_POINT ( 'NONE',  ( -12.99999999999999822, 38.76595457826400093, 4.577295308100944204 ) ) ;
#1077 = PRODUCT_RELATED_PRODUCT_CATEGORY ( 'part', '', ( #2867 ) ) ;
#1078 = VERTEX_POINT ( 'NONE', #1514 ) ;
#1079 = ORIENTED_EDGE ( 'NONE', *, *, #1552, .F. ) ;
#1080 = CARTESIAN_POINT ( 'NONE',  ( -2.999999999999998224, 38.91888187326716064, 3.128746257891823479 ) ) ;
#1081 = CARTESIAN_POINT ( 'NONE',  ( 5.999999999999998224, -40.00000000000000711, 5.000000000000000000 ) ) ;
#1082 = CARTESIAN_POINT ( 'NONE',  ( 50.00000000000000711, 31.00000000000000000, 0.000000000000000000 ) ) ;
#1083 = APPLICATION_CONTEXT ( 'automotive_design' ) ;
#1084 = DIRECTION ( 'NONE',  ( 0.000000000000000000, 0.000000000000000000, -1.000000000000000000 ) ) ;
#1085 = ORIENTED_EDGE ( 'NONE', *, *, #1478, .F. ) ;
#1086 = EDGE_LOOP ( 'NONE', ( #1521, #1513, #3153, #788 ) ) ;
#1087 = EDGE_LOOP ( 'NONE', ( #1846, #581, #3582, #2133, #1152 ) ) ;
#1088 = DIRECTION ( 'NONE',  ( -1.000000000000000000, 0.000000000000000000, 0.000000000000000000 ) ) ;
#1089 = PLANE ( 'NONE',  #523 ) ;
#1090 = VECTOR ( 'NONE', #1806, 1000.000000000000000 ) ;
#1091 = EDGE_CURVE ( 'NONE', #1745, #3305, #915, .T. ) ;
#1092 = CARTESIAN_POINT ( 'NONE',  ( -0.9999999999999940048, 33.00000000000000000, 5.000000000000000888 ) ) ;
#1093 = VECTOR ( 'NONE', #2161, 1000.000000000000000 ) ;
#1094 = ADVANCED_FACE ( 'NONE', ( #598 ), #2134, .F. ) ;
#1095 = ORIENTED_EDGE ( 'NONE', *, *, #219, .F. ) ;
#1096 = CARTESIAN_POINT ( 'NONE',  ( -41.00000000000000000, 14.99999999999999645, 5.000000000000000888 ) ) ;
#1097 = VERTEX_POINT ( 'NONE', #3365 ) ;
#1098 = VERTEX_POINT ( 'NONE', #1832 ) ;
#1099 = DIRECTION ( 'NONE',  ( -0.000000000000000000, 0.000000000000000000, 1.000000000000000000 ) ) ;
#1100 = CARTESIAN_POINT ( 'NONE',  ( 6.000000000000000000, -38.00000000000000711, 0.000000000000000000 ) ) ;
#1101 = PLANE ( 'NONE',  #3935 ) ;
#1102 = CARTESIAN_POINT ( 'NONE',  ( -10.00000000000000000, 38.00000000000000711, 0.000000000000000000 ) ) ;
#1103 = CARTESIAN_POINT ( 'NONE',  ( 30.99999999999999645, -36.00000000000000711, 5.000000000000000000 ) ) ;
#1104 = VERTEX_POINT ( 'NONE', #3605 ) ;
#1105 = DIRECTION ( 'NONE',  ( 0.000000000000000000, -1.000000000000000000, 0.000000000000000000 ) ) ;
#1106 = ORIENTED_EDGE ( 'NONE', *, *, #1724, .T. ) ;
#1107 = CARTESIAN_POINT ( 'NONE',  ( -45.99999999999999289, 34.99999999999999289, 19.00000000000000000 ) ) ;
#1108 = EDGE_CURVE ( 'NONE', #1033, #2240, #563, .T. ) ;
#1109 = FACE_OUTER_BOUND ( 'NONE', #2955, .T. ) ;
#1110 = CARTESIAN_POINT ( 'NONE',  ( 18.00000000000000355, 39.00000000000000000, 3.510891347634064186 ) ) ;
#1111 = AXIS2_PLACEMENT_3D ( 'NONE', #950, #1605, #2841 ) ;
#1112 = DIRECTION ( 'NONE',  ( -6.938893903907228378E-17, 1.000000000000000000, -0.000000000000000000 ) ) ;
#1113 = CARTESIAN_POINT ( 'NONE',  ( -32.99999999999999289, -41.00000000000000711, 0.000000000000000000 ) ) ;
#1114 = EDGE_LOOP ( 'NONE', ( #1349, #780, #3205, #1769, #817, #2014 ) ) ;
#1115 = CARTESIAN_POINT ( 'NONE',  ( 47.00000000000000711, -10.99999999999998934, 1.999999999999999112 ) ) ;
#1116 = VERTEX_POINT ( 'NONE', #3481 ) ;
#1117 = VECTOR ( 'NONE', #1592, 1000.000000000000000 ) ;
#1118 = ORIENTED_EDGE ( 'NONE', *, *, #2379, .T. ) ;
#1119 = CARTESIAN_POINT ( 'NONE',  ( 16.99999999999999645, 29.00000000000000000, 2.000000000000000000 ) ) ;
#1120 = EDGE_CURVE ( 'NONE', #3318, #465, #612, .T. ) ;
#1121 = DIRECTION ( 'NONE',  ( 1.000000000000000000, 0.000000000000000000, 0.000000000000000000 ) ) ;
#1122 = DIRECTION ( 'NONE',  ( 0.000000000000000000, 0.000000000000000000, 1.000000000000000000 ) ) ;
#1123 = LINE ( 'NONE', #1382, #538 ) ;
#1124 = AXIS2_PLACEMENT_3D ( 'NONE', #2578, #1571, #1310 ) ;
#1125 = EDGE_LOOP ( 'NONE', ( #3058, #1772, #1331, #2323 ) ) ;
#1126 = AXIS2_PLACEMENT_3D ( 'NONE', #379, #395, #334 ) ;
#1127 = CYLINDRICAL_SURFACE ( 'NONE', #213, 3.000000000000000000 ) ;
#1128 = CARTESIAN_POINT ( 'NONE',  ( 0.9242133203055210577, 34.99999999999999289, 2.198367507098950124 ) ) ;
#1129 = DIRECTION ( 'NONE',  ( 0.000000000000000000, -0.000000000000000000, 1.000000000000000000 ) ) ;
#1130 = DIRECTION ( 'NONE',  ( -1.000000000000000000, 0.000000000000000000, 0.000000000000000000 ) ) ;
#1131 = DIRECTION ( 'NONE',  ( -1.000000000000000000, 0.000000000000000000, 0.000000000000000000 ) ) ;
#1132 = VECTOR ( 'NONE', #363, 1000.000000000000000 ) ;
#1133 = CARTESIAN_POINT ( 'NONE',  ( -45.99999999999999289, 34.09999999999999432, 21.10000000000000142 ) ) ;
#1134 = VERTEX_POINT ( 'NONE', #738 ) ;
#1135 = ADVANCED_FACE ( 'NONE', ( #682 ), #3159, .T. ) ;
#1136 = CARTESIAN_POINT ( 'NONE',  ( -12.99999999999999822, 38.81634763844515135, 4.154254868253048016 ) ) ;
#1137 = ADVANCED_FACE ( 'NONE', ( #1314 ), #977, .F. ) ;
#1138 = EDGE_LOOP ( 'NONE', ( #1919, #717, #1422, #684 ) ) ;
#1139 = ORIENTED_EDGE ( 'NONE', *, *, #3896, .T. ) ;
#1140 = DIRECTION ( 'NONE',  ( 0.000000000000000000, 0.000000000000000000, -1.000000000000000000 ) ) ;
#1141 = DIRECTION ( 'NONE',  ( -1.000000000000000000, 0.000000000000000000, 0.000000000000000000 ) ) ;
#1142 = CYLINDRICAL_SURFACE ( 'NONE', #2321, 2.500000000000002220 ) ;
#1143 = EDGE_CURVE ( 'NONE', #505, #2313, #1948, .T. ) ;
#1144 = PLANE ( 'NONE',  #1061 ) ;
#1145 = VERTEX_POINT ( 'NONE', #3102 ) ;
#1146 = CARTESIAN_POINT ( 'NONE',  ( -2.999999999999997780, 36.05664648390221316, 3.930945236799610054 ) ) ;
#1147 = DIRECTION ( 'NONE',  ( 7.228014483236695816E-17, -1.000000000000000000, 0.000000000000000000 ) ) ;
#1148 = DIRECTION ( 'NONE',  ( -0.000000000000000000, -0.000000000000000000, 1.000000000000000000 ) ) ;
#1149 = ORIENTED_EDGE ( 'NONE', *, *, #3191, .T. ) ;
#1150 = FACE_OUTER_BOUND ( 'NONE', #2476, .T. ) ;
#1151 = CARTESIAN_POINT ( 'NONE',  ( -45.99999999999999289, -31.00000000000000711, 22.00000000000000000 ) ) ;
#1152 = ORIENTED_EDGE ( 'NONE', *, *, #1387, .F. ) ;
#1153 = ORIENTED_EDGE ( 'NONE', *, *, #828, .F. ) ;
#1154 = DIRECTION ( 'NONE',  ( 1.000000000000000000, 0.000000000000000000, 0.000000000000000000 ) ) ;
#1155 = ORIENTED_EDGE ( 'NONE', *, *, #3913, .T. ) ;
#1156 = ORIENTED_EDGE ( 'NONE', *, *, #1014, .T. ) ;
#1157 = EDGE_CURVE ( 'NONE', #1474, #3539, #662, .T. ) ;
#1158 = FACE_OUTER_BOUND ( 'NONE', #1615, .T. ) ;
#1159 = DIRECTION ( 'NONE',  ( -0.000000000000000000, -0.000000000000000000, -1.000000000000000000 ) ) ;
#1160 = CIRCLE ( 'NONE', #2232, 3.500000000000003109 ) ;
#1161 = LINE ( 'NONE', #2386, #683 ) ;
#1162 = CARTESIAN_POINT ( 'NONE',  ( 2.000000000000006217, 33.00000000000000000, 5.000000000000000888 ) ) ;
#1163 = ORIENTED_EDGE ( 'NONE', *, *, #570, .T. ) ;
#1164 = PLANE ( 'NONE',  #2905 ) ;
#1165 = DIRECTION ( 'NONE',  ( 0.000000000000000000, 0.000000000000000000, 1.000000000000000000 ) ) ;
#1166 = CARTESIAN_POINT ( 'NONE',  ( 31.99999999999999289, 35.00000000000000000, 2.000000000000000000 ) ) ;
#1167 = CIRCLE ( 'NONE', #3798, 3.500000000000010214 ) ;
#1168 = LINE ( 'NONE', #3620, #1708 ) ;
#1169 = AXIS2_PLACEMENT_3D ( 'NONE', #296, #3630, #260 ) ;
#1170 = EDGE_CURVE ( 'NONE', #876, #732, #121, .T. ) ;
#1171 = VECTOR ( 'NONE', #3099, 1000.000000000000000 ) ;
#1172 = CARTESIAN_POINT ( 'NONE',  ( -4.999999999999997335, 39.00000000000000000, 0.000000000000000000 ) ) ;
#1173 = ORIENTED_EDGE ( 'NONE', *, *, #1251, .F. ) ;
#1174 = ORIENTED_EDGE ( 'NONE', *, *, #1212, .F. ) ;
#1175 = DIRECTION ( 'NONE',  ( -1.000000000000000000, 0.000000000000000000, 0.000000000000000000 ) ) ;
#1176 = EDGE_LOOP ( 'NONE', ( #1313, #44, #1396, #2739 ) ) ;
#1177 = EDGE_CURVE ( 'NONE', #969, #3204, #2332, .T. ) ;
#1178 = EDGE_LOOP ( 'NONE', ( #830, #3046, #1652, #3861 ) ) ;
#1179 = CARTESIAN_POINT ( 'NONE',  ( -12.99999999999999289, 38.81895102696242361, 4.152860438598088955 ) ) ;
#1180 = CYLINDRICAL_SURFACE ( 'NONE', #386, 4.000000000000000000 ) ;
#1181 = VERTEX_POINT ( 'NONE', #3725 ) ;
#1182 = CARTESIAN_POINT ( 'NONE',  ( -2.999999999999998668, 35.46664255183259229, 2.523520011950344699 ) ) ;
#1183 = EDGE_CURVE ( 'NONE', #3682, #344, #957, .T. ) ;
#1184 = DIRECTION ( 'NONE',  ( 1.000000000000000000, 0.000000000000000000, -0.000000000000000000 ) ) ;
#1185 = DIRECTION ( 'NONE',  ( -6.938893903907228378E-17, 1.000000000000000000, 0.000000000000000000 ) ) ;
#1186 = VECTOR ( 'NONE', #3477, 1000.000000000000000 ) ;
#1187 = CARTESIAN_POINT ( 'NONE',  ( -45.99999999999999289, 0.000000000000000000, 0.000000000000000000 ) ) ;
#1188 = ORIENTED_EDGE ( 'NONE', *, *, #2496, .T. ) ;
#1189 = VECTOR ( 'NONE', #3799, 1000.000000000000000 ) ;
#1190 = DIRECTION ( 'NONE',  ( 1.000000000000000000, 0.000000000000000000, 0.000000000000000000 ) ) ;
#1191 = MANIFOLD_SOLID_BREP ( 'Cut-Extrude4', #1635 ) ;
#1192 = ORIENTED_EDGE ( 'NONE', *, *, #849, .F. ) ;
#1193 = CARTESIAN_POINT ( 'NONE',  ( 1.000000000000000888, 35.00000000000000000, 2.000000000000000000 ) ) ;
#1194 = ORIENTED_EDGE ( 'NONE', *, *, #1385, .F. ) ;
#1195 = EDGE_CURVE ( 'NONE', #1116, #513, #1664, .T. ) ;
#1196 = CARTESIAN_POINT ( 'NONE',  ( 16.72301556883919815, 0.000000000000000000, 4.000000000000000000 ) ) ;
#1197 = VERTEX_POINT ( 'NONE', #2869 ) ;
#1198 = DIRECTION ( 'NONE',  ( 0.000000000000000000, 0.000000000000000000, -1.000000000000000000 ) ) ;
#1199 = DIRECTION ( 'NONE',  ( -6.938893903907228378E-17, 1.000000000000000000, -0.000000000000000000 ) ) ;
#1200 = VERTEX_POINT ( 'NONE', #138 ) ;
#1201 = EDGE_CURVE ( 'NONE', #3539, #3262, #1541, .T. ) ;
#1202 = CARTESIAN_POINT ( 'NONE',  ( -37.99999999999999289, 34.99999999999999289, 2.000000000000000000 ) ) ;
#1203 = FACE_OUTER_BOUND ( 'NONE', #2172, .T. ) ;
#1204 = CARTESIAN_POINT ( 'NONE',  ( 2.000000000000006217, 34.99999999999999289, 5.000000000000000888 ) ) ;
#1205 = CARTESIAN_POINT ( 'NONE',  ( -12.99999999999999822, 35.00000000000000000, 5.000000000000000000 ) ) ;
#1206 = VERTEX_POINT ( 'NONE', #3781 ) ;
#1207 = AXIS2_PLACEMENT_3D ( 'NONE', #2983, #1767, #1511 ) ;
#1208 = AXIS2_PLACEMENT_3D ( 'NONE', #3312, #3391, #1219 ) ;
#1209 = LINE ( 'NONE', #1550, #3878 ) ;
#1210 = CARTESIAN_POINT ( 'NONE',  ( 20.50000000000000355, 0.000000000000000000, 4.000000000000000000 ) ) ;
#1211 = ORIENTED_EDGE ( 'NONE', *, *, #1724, .F. ) ;
#1212 = EDGE_CURVE ( 'NONE', #3262, #2924, #2788, .T. ) ;
#1213 = FACE_OUTER_BOUND ( 'NONE', #2237, .T. ) ;
#1214 = EDGE_LOOP ( 'NONE', ( #2975, #3687, #3085, #2118 ) ) ;
#1215 = EDGE_CURVE ( 'NONE', #3889, #1793, #3788, .T. ) ;
#1216 = VERTEX_POINT ( 'NONE', #1074 ) ;
#1217 = VECTOR ( 'NONE', #3166, 1000.000000000000000 ) ;
#1218 = DIRECTION ( 'NONE',  ( -0.000000000000000000, -0.000000000000000000, -1.000000000000000000 ) ) ;
#1219 = DIRECTION ( 'NONE',  ( -1.000000000000000000, 0.000000000000000000, 0.000000000000000000 ) ) ;
#1220 = AXIS2_PLACEMENT_3D ( 'NONE', #1100, #2972, #3264 ) ;
#1221 = VERTEX_POINT ( 'NONE', #2312 ) ;
#1222 = FACE_OUTER_BOUND ( 'NONE', #82, .T. ) ;
#1223 = CARTESIAN_POINT ( 'NONE',  ( 12.00000000000000888, 14.99999999999999645, 5.000000000000000888 ) ) ;
#1224 = DIRECTION ( 'NONE',  ( 0.000000000000000000, 0.000000000000000000, -1.000000000000000000 ) ) ;
#1225 = AXIS2_PLACEMENT_3D ( 'NONE', #816, #2055, #254 ) ;
#1226 = DIRECTION ( 'NONE',  ( -1.000000000000000000, 0.000000000000000000, 0.000000000000000000 ) ) ;
#1227 = ORIENTED_EDGE ( 'NONE', *, *, #3308, .T. ) ;
#1228 = EDGE_CURVE ( 'NONE', #1461, #997, #478, .T. ) ;
#1229 = CARTESIAN_POINT ( 'NONE',  ( 48.00000000000000711, 33.00000000000000000, 8.000000000000000000 ) ) ;
#1230 = EDGE_CURVE ( 'NONE', #2143, #1134, #2601, .T. ) ;
#1231 = LINE ( 'NONE', #616, #2699 ) ;
#1232 = ORIENTED_EDGE ( 'NONE', *, *, #2792, .T. ) ;
#1233 = VECTOR ( 'NONE', #2149, 1000.000000000000000 ) ;
#1234 = DIRECTION ( 'NONE',  ( 0.000000000000000000, -1.000000000000000000, 0.000000000000000000 ) ) ;
#1235 = VERTEX_POINT ( 'NONE', #2293 ) ;
#1236 = EDGE_LOOP ( 'NONE', ( #2769, #114, #423, #3252 ) ) ;
#1237 = CARTESIAN_POINT ( 'NONE',  ( 46.00000000000001421, -30.99999999999998934, 0.000000000000000000 ) ) ;
#1238 = DIRECTION ( 'NONE',  ( 0.000000000000000000, 0.000000000000000000, 1.000000000000000000 ) ) ;
#1239 = VECTOR ( 'NONE', #2410, 1000.000000000000000 ) ;
#1240 = ADVANCED_FACE ( 'NONE', ( #231 ), #3818, .T. ) ;
#1241 = ORIENTED_EDGE ( 'NONE', *, *, #3739, .T. ) ;
#1242 = LINE ( 'NONE', #2838, #3610 ) ;
#1243 = CARTESIAN_POINT ( 'NONE',  ( 33.00000000000000711, -41.00000000000000711, 0.000000000000000000 ) ) ;
#1244 = FACE_OUTER_BOUND ( 'NONE', #1384, .T. ) ;
#1245 = FACE_OUTER_BOUND ( 'NONE', #3379, .T. ) ;
#1246 = CARTESIAN_POINT ( 'NONE',  ( -45.99999999999999289, -34.10000000000000853, 21.10000000000000497 ) ) ;
#1247 = EDGE_LOOP ( 'NONE', ( #3411, #181, #1472, #963, #1155, #2689, #3466, #546 ) ) ;
#1248 = VERTEX_POINT ( 'NONE', #3239 ) ;
#1249 = DIRECTION ( 'NONE',  ( -1.000000000000000000, 0.000000000000000000, 0.000000000000000000 ) ) ;
#1250 = CIRCLE ( 'NONE', #1311, 3.500000000000003109 ) ;
#1251 = EDGE_CURVE ( 'NONE', #3305, #2400, #2657, .T. ) ;
#1252 = LINE ( 'NONE', #2478, #133 ) ;
#1253 = VECTOR ( 'NONE', #1947, 1000.000000000000000 ) ;
#1254 = CARTESIAN_POINT ( 'NONE',  ( 12.00000000000000888, 33.00000000000000000, 2.000000000000000000 ) ) ;
#1255 = ORIENTED_EDGE ( 'NONE', *, *, #3155, .T. ) ;
#1256 = DIRECTION ( 'NONE',  ( 1.000000000000000000, 0.000000000000000000, 0.000000000000000000 ) ) ;
#1257 = ADVANCED_FACE ( 'NONE', ( #500 ), #774, .F. ) ;
#1258 = VERTEX_POINT ( 'NONE', #3514 ) ;
#1259 = CIRCLE ( 'NONE', #1766, 2.000000000000005329 ) ;
#1260 = CARTESIAN_POINT ( 'NONE',  ( 14.51458338700063599, 35.00000000298953040, 3.350081494711826036 ) ) ;
#1261 = DIRECTION ( 'NONE',  ( -1.000000000000000000, -7.228014483236695816E-17, 0.000000000000000000 ) ) ;
#1262 = ORIENTED_EDGE ( 'NONE', *, *, #1639, .T. ) ;
#1263 = VECTOR ( 'NONE', #2777, 1000.000000000000000 ) ;
#1264 = CARTESIAN_POINT ( 'NONE',  ( -18.60000000000002629, 34.99999999999999289, 5.000000000000000000 ) ) ;
#1265 = EDGE_CURVE ( 'NONE', #143, #2069, #3855, .T. ) ;
#1266 = CARTESIAN_POINT ( 'NONE',  ( 30.01398005449007655, 35.52630779923442361, 2.973197919295925473 ) ) ;
#1267 = CARTESIAN_POINT ( 'NONE',  ( -10.99999999999999822, 39.00000000000000000, 5.000000000000000000 ) ) ;
#1268 = CARTESIAN_POINT ( 'NONE',  ( 48.00000000000000711, 33.00000000000000000, 2.000000000000000000 ) ) ;
#1269 = VERTEX_POINT ( 'NONE', #1092 ) ;
#1270 = VERTEX_POINT ( 'NONE', #2621 ) ;
#1271 = LINE ( 'NONE', #1292, #3108 ) ;
#1272 = DIRECTION ( 'NONE',  ( -0.000000000000000000, -0.000000000000000000, -1.000000000000000000 ) ) ;
#1273 = EDGE_CURVE ( 'NONE', #3603, #779, #829, .T. ) ;
#1274 = CARTESIAN_POINT ( 'NONE',  ( 27.10000000000001208, 3.199999999999946443, 4.000000000000000000 ) ) ;
#1275 = VERTEX_POINT ( 'NONE', #1972 ) ;
#1276 = ORIENTED_EDGE ( 'NONE', *, *, #2536, .F. ) ;
#1277 = ORIENTED_EDGE ( 'NONE', *, *, #1957, .T. ) ;
#1278 = UNCERTAINTY_MEASURE_WITH_UNIT (LENGTH_MEASURE( 1.000000000000000082E-05 ), #1902, 'distance_accuracy_value', 'NONE');
#1279 = LINE ( 'NONE', #2790, #437 ) ;
#1280 = ORIENTED_EDGE ( 'NONE', *, *, #445, .T. ) ;
#1281 = CARTESIAN_POINT ( 'NONE',  ( -45.99999999999999289, -35.00000000000000711, 22.00000000000000000 ) ) ;
#1282 = EDGE_CURVE ( 'NONE', #2290, #3318, #1353, .T. ) ;
#1283 = LINE ( 'NONE', #1885, #118 ) ;
#1284 = AXIS2_PLACEMENT_3D ( 'NONE', #1388, #2292, #2541 ) ;
#1285 = FACE_OUTER_BOUND ( 'NONE', #2183, .T. ) ;
#1286 = CARTESIAN_POINT ( 'NONE',  ( 31.66312508619431654, 35.01081698345917914, 2.017205476158565602 ) ) ;
#1287 = VECTOR ( 'NONE', #1380, 1000.000000000000000 ) ;
#1288 = LINE ( 'NONE', #1887, #3734 ) ;
#1289 = LINE ( 'NONE', #1909, #1879 ) ;
#1290 = EDGE_LOOP ( 'NONE', ( #2633, #578, #3579, #1517, #3115, #2058, #761, #3786 ) ) ;
#1291 = ORIENTED_EDGE ( 'NONE', *, *, #2353, .T. ) ;
#1292 = CARTESIAN_POINT ( 'NONE',  ( 45.50000000000001421, 0.000000000000000000, 4.000000000000000000 ) ) ;
#1293 = DIRECTION ( 'NONE',  ( -1.000000000000000000, 0.000000000000000000, 0.000000000000000000 ) ) ;
#1294 = ORIENTED_EDGE ( 'NONE', *, *, #1014, .F. ) ;
#1295 = CARTESIAN_POINT ( 'NONE',  ( 0.000000000000000000, -38.00000000000000711, 5.000000000000000000 ) ) ;
#1296 =( NAMED_UNIT ( * ) PLANE_ANGLE_UNIT ( ) SI_UNIT ( $, .RADIAN. ) );
#1297 = DIRECTION ( 'NONE',  ( -1.000000000000000000, 0.000000000000000000, 0.000000000000000000 ) ) ;
#1298 = VERTEX_POINT ( 'NONE', #3835 ) ;
#1299 = DIRECTION ( 'NONE',  ( -1.000000000000000000, -6.938893903907228378E-17, -0.000000000000000000 ) ) ;
#1300 = CIRCLE ( 'NONE', #2000, 4.000000000000000000 ) ;
#1301 = CARTESIAN_POINT ( 'NONE',  ( -32.99999999999999289, -39.00000000000000711, 5.000000000000000000 ) ) ;
#1302 = VECTOR ( 'NONE', #27, 1000.000000000000000 ) ;
#1303 = DIRECTION ( 'NONE',  ( 0.000000000000000000, -0.000000000000000000, -1.000000000000000000 ) ) ;
#1304 = DIRECTION ( 'NONE',  ( -6.938893903907228378E-17, 1.000000000000000000, 0.000000000000000000 ) ) ;
#1305 = LINE ( 'NONE', #1007, #1570 ) ;
#1306 = AXIS2_PLACEMENT_3D ( 'NONE', #1119, #1099, #3808 ) ;
#1307 = CARTESIAN_POINT ( 'NONE',  ( -47.99999999999999289, 32.99999999999999289, 19.00000000000000000 ) ) ;
#1308 = ORIENTED_EDGE ( 'NONE', *, *, #3200, .T. ) ;
#1309 = EDGE_CURVE ( 'NONE', #2559, #3305, #162, .T. ) ;
#1310 = DIRECTION ( 'NONE',  ( 1.000000000000000000, 0.000000000000000000, 0.000000000000000000 ) ) ;
#1311 = AXIS2_PLACEMENT_3D ( 'NONE', #3901, #1532, #1853 ) ;
#1312 = CARTESIAN_POINT ( 'NONE',  ( 48.00000000000000711, -32.99999999999998579, 2.000000000000000000 ) ) ;
#1313 = ORIENTED_EDGE ( 'NONE', *, *, #2532, .F. ) ;
#1314 = FACE_OUTER_BOUND ( 'NONE', #3671, .T. ) ;
#1315 = VECTOR ( 'NONE', #1758, 1000.000000000000000 ) ;
#1316 = EDGE_CURVE ( 'NONE', #1097, #2725, #1160, .T. ) ;
#1317 = CIRCLE ( 'NONE', #2539, 2.000000000000005329 ) ;
#1318 = ORIENTED_EDGE ( 'NONE', *, *, #518, .F. ) ;
#1319 = AXIS2_PLACEMENT_3D ( 'NONE', #3594, #1661, #1427 ) ;
#1320 = DIRECTION ( 'NONE',  ( 0.000000000000000000, -0.000000000000000000, -1.000000000000000000 ) ) ;
#1321 = ORIENTED_EDGE ( 'NONE', *, *, #1762, .T. ) ;
#1322 = CARTESIAN_POINT ( 'NONE',  ( 16.72301556883919815, 32.50000000000000000, 2.000000000000000000 ) ) ;
#1323 = DIRECTION ( 'NONE',  ( 0.000000000000000000, -0.000000000000000000, -1.000000000000000000 ) ) ;
#1324 = CARTESIAN_POINT ( 'NONE',  ( 17.00000000000000355, 5.000000000000000888, 2.000000000000000000 ) ) ;
#1325 = CARTESIAN_POINT ( 'NONE',  ( -30.99999999999999645, -38.00000000000000711, 5.000000000000000000 ) ) ;
#1326 = AXIS2_PLACEMENT_3D ( 'NONE', #1361, #3149, #2629 ) ;
#1327 = EDGE_CURVE ( 'NONE', #1976, #1985, #1432, .T. ) ;
#1328 = ORIENTED_EDGE ( 'NONE', *, *, #1327, .F. ) ;
#1329 = LINE ( 'NONE', #1912, #3047 ) ;
#1330 = DIRECTION ( 'NONE',  ( 7.228014483236695816E-17, -1.000000000000000000, 0.000000000000000000 ) ) ;
#1331 = ORIENTED_EDGE ( 'NONE', *, *, #317, .T. ) ;
#1332 = EDGE_CURVE ( 'NONE', #2467, #3838, #3215, .T. ) ;
#1333 = CARTESIAN_POINT ( 'NONE',  ( -38.99999999999999289, -39.00000000000000711, 5.000000000000000000 ) ) ;
#1334 = ADVANCED_FACE ( 'NONE', ( #2330, #176 ), #3875, .F. ) ;
#1335 = ORIENTED_EDGE ( 'NONE', *, *, #2987, .F. ) ;
#1336 = VECTOR ( 'NONE', #314, 1000.000000000000000 ) ;
#1337 = FACE_OUTER_BOUND ( 'NONE', #2663, .T. ) ;
#1338 = CARTESIAN_POINT ( 'NONE',  ( -33.00000000000000000, -38.00000000000000711, 5.000000000000000000 ) ) ;
#1339 = EDGE_CURVE ( 'NONE', #822, #2422, #889, .T. ) ;
#1340 = VERTEX_POINT ( 'NONE', #3280 ) ;
#1341 = LINE ( 'NONE', #706, #2135 ) ;
#1342 = CARTESIAN_POINT ( 'NONE',  ( 48.00000000000000711, -32.99999999999998579, 8.000000000000000000 ) ) ;
#1343 = DIRECTION ( 'NONE',  ( 0.000000000000000000, 1.000000000000000000, 0.000000000000000000 ) ) ;
#1344 = DIRECTION ( 'NONE',  ( -1.000000000000000000, 0.000000000000000000, 0.000000000000000000 ) ) ;
#1345 = EDGE_CURVE ( 'NONE', #1588, #3194, #702, .T. ) ;
#1346 = LINE ( 'NONE', #1656, #2452 ) ;
#1347 = DIRECTION ( 'NONE',  ( -0.000000000000000000, -0.000000000000000000, -1.000000000000000000 ) ) ;
#1348 = ORIENTED_EDGE ( 'NONE', *, *, #3044, .F. ) ;
#1349 = ORIENTED_EDGE ( 'NONE', *, *, #1436, .T. ) ;
#1350 = CARTESIAN_POINT ( 'NONE',  ( -44.50000000000001421, -29.50000000000001421, 4.000000000000000000 ) ) ;
#1351 = EDGE_CURVE ( 'NONE', #3919, #1275, #1371, .T. ) ;
#1352 = PLANE ( 'NONE',  #2114 ) ;
#1353 = LINE ( 'NONE', #1646, #2768 ) ;
#1354 = VECTOR ( 'NONE', #1668, 1000.000000000000000 ) ;
#1355 = LINE ( 'NONE', #3821, #2151 ) ;
#1356 = LINE ( 'NONE', #339, #2871 ) ;
#1357 = ORIENTED_EDGE ( 'NONE', *, *, #3572, .F. ) ;
#1358 = EDGE_LOOP ( 'NONE', ( #84, #2115, #2588, #1062 ) ) ;
#1359 = DIRECTION ( 'NONE',  ( 0.000000000000000000, 1.000000000000000000, 0.000000000000000000 ) ) ;
#1360 = DIRECTION ( 'NONE',  ( 0.000000000000000000, 0.000000000000000000, 1.000000000000000000 ) ) ;
#1361 = CARTESIAN_POINT ( 'NONE',  ( -7.999999999999998224, 38.00000000000000711, 5.000000000000000000 ) ) ;
#1362 = AXIS2_PLACEMENT_3D ( 'NONE', #868, #1504, #2714 ) ;
#1363 = EDGE_CURVE ( 'NONE', #2924, #1474, #3451, .T. ) ;
#1364 = LINE ( 'NONE', #2288, #3216 ) ;
#1365 = DIRECTION ( 'NONE',  ( 1.000000000000000000, -0.000000000000000000, -0.000000000000000000 ) ) ;
#1366 = VERTEX_POINT ( 'NONE', #2397 ) ;
#1367 = EDGE_CURVE ( 'NONE', #2887, #2924, #206, .T. ) ;
#1368 = FACE_OUTER_BOUND ( 'NONE', #3665, .T. ) ;
#1369 = FACE_BOUND ( 'NONE', #742, .T. ) ;
#1370 = EDGE_CURVE ( 'NONE', #2782, #1831, #13, .T. ) ;
#1371 = LINE ( 'NONE', #2153, #3772 ) ;
#1372 = ORIENTED_EDGE ( 'NONE', *, *, #3404, .F. ) ;
#1373 = CIRCLE ( 'NONE', #1124, 4.000000000000003553 ) ;
#1374 = DIRECTION ( 'NONE',  ( -1.000000000000000000, -7.228014483236695816E-17, 0.000000000000000000 ) ) ;
#1375 = CARTESIAN_POINT ( 'NONE',  ( -2.999999999999997780, 38.99999999999998579, 0.000000000000000000 ) ) ;
#1376 = ORIENTED_EDGE ( 'NONE', *, *, #3542, .T. ) ;
#1377 = CIRCLE ( 'NONE', #809, 2.999999999999999112 ) ;
#1378 = ORIENTED_EDGE ( 'NONE', *, *, #2421, .T. ) ;
#1379 = DIRECTION ( 'NONE',  ( -1.000000000000000000, 0.000000000000000000, 0.000000000000000000 ) ) ;
#1380 = DIRECTION ( 'NONE',  ( -0.000000000000000000, -0.000000000000000000, -1.000000000000000000 ) ) ;
#1381 = FACE_OUTER_BOUND ( 'NONE', #856, .T. ) ;
#1382 = CARTESIAN_POINT ( 'NONE',  ( 48.00000000000000711, 31.00000000000000000, 2.000000000000001776 ) ) ;
#1383 = ORIENTED_EDGE ( 'NONE', *, *, #3814, .F. ) ;
#1384 = EDGE_LOOP ( 'NONE', ( #1896, #510, #768, #3077 ) ) ;
#1385 = EDGE_CURVE ( 'NONE', #2415, #3592, #1168, .T. ) ;
#1386 = LINE ( 'NONE', #2618, #933 ) ;
#1387 = EDGE_CURVE ( 'NONE', #1298, #85, #3257, .T. ) ;
#1388 = CARTESIAN_POINT ( 'NONE',  ( 0.000000000000000000, -38.00000000000000711, 5.000000000000000000 ) ) ;
#1389 = DIRECTION ( 'NONE',  ( 0.000000000000000000, 0.000000000000000000, 1.000000000000000000 ) ) ;
#1390 = EDGE_CURVE ( 'NONE', #3071, #253, #2942, .T. ) ;
#1391 = ORIENTED_EDGE ( 'NONE', *, *, #910, .T. ) ;
#1392 = DIRECTION ( 'NONE',  ( -0.000000000000000000, 0.000000000000000000, 1.000000000000000000 ) ) ;
#1393 = CARTESIAN_POINT ( 'NONE',  ( -12.99999999999999822, 38.94598309729813934, 3.307865879651807006 ) ) ;
#1394 = EDGE_LOOP ( 'NONE', ( #1698, #2741, #1318, #1881 ) ) ;
#1395 = VECTOR ( 'NONE', #1665, 1000.000000000000000 ) ;
#1396 = ORIENTED_EDGE ( 'NONE', *, *, #2315, .F. ) ;
#1397 = DIRECTION ( 'NONE',  ( -0.000000000000000000, 0.000000000000000000, -1.000000000000000000 ) ) ;
#1398 = FACE_OUTER_BOUND ( 'NONE', #1401, .T. ) ;
#1399 = LINE ( 'NONE', #2630, #2148 ) ;
#1400 = DIRECTION ( 'NONE',  ( 7.228014483236695816E-17, -1.000000000000000000, 0.000000000000000000 ) ) ;
#1401 = EDGE_LOOP ( 'NONE', ( #2447, #1357, #3402, #312 ) ) ;
#1402 = LINE ( 'NONE', #2935, #364 ) ;
#1403 = ORIENTED_EDGE ( 'NONE', *, *, #2656, .T. ) ;
#1404 = ORIENTED_EDGE ( 'NONE', *, *, #3739, .F. ) ;
#1405 = CARTESIAN_POINT ( 'NONE',  ( 46.00000000000000711, -32.99999999999998579, 2.000000000000001776 ) ) ;
#1406 = CARTESIAN_POINT ( 'NONE',  ( 50.00000000000000711, -18.99999999999998934, 8.000000000000000000 ) ) ;
#1407 = EDGE_CURVE ( 'NONE', #1181, #785, #3895, .T. ) ;
#1408 = VECTOR ( 'NONE', #3489, 1000.000000000000000 ) ;
#1409 = ORIENTED_EDGE ( 'NONE', *, *, #48, .F. ) ;
#1410 = VECTOR ( 'NONE', #2564, 1000.000000000000000 ) ;
#1411 = EDGE_CURVE ( 'NONE', #1985, #1040, #3130, .T. ) ;
#1412 = VERTEX_POINT ( 'NONE', #2375 ) ;
#1413 = CARTESIAN_POINT ( 'NONE',  ( -15.62013718033071186, 34.99999999566743725, 4.604034796991681944 ) ) ;
#1414 = ORIENTED_EDGE ( 'NONE', *, *, #3766, .T. ) ;
#1415 = SHAPE_DEFINITION_REPRESENTATION ( #2251, #1037 ) ;
#1416 = ORIENTED_EDGE ( 'NONE', *, *, #3496, .F. ) ;
#1417 = CARTESIAN_POINT ( 'NONE',  ( 48.00000000000000711, 0.9999999999999796829, 4.000000000000000000 ) ) ;
#1418 = LINE ( 'NONE', #259, #2309 ) ;
#1419 = LINE ( 'NONE', #1736, #3535 ) ;
#1420 = CARTESIAN_POINT ( 'NONE',  ( -2.000000000000000444, -38.00000000000000711, 0.000000000000000000 ) ) ;
#1421 = ORIENTED_EDGE ( 'NONE', *, *, #1108, .T. ) ;
#1422 = ORIENTED_EDGE ( 'NONE', *, *, #999, .F. ) ;
#1423 = AXIS2_PLACEMENT_3D ( 'NONE', #2755, #56, #2128 ) ;
#1424 = ORIENTED_EDGE ( 'NONE', *, *, #1700, .T. ) ;
#1425 = CARTESIAN_POINT ( 'NONE',  ( 46.00000000000000711, -33.00000000000000711, 19.90000000000000568 ) ) ;
#1426 = CARTESIAN_POINT ( 'NONE',  ( -2.999999999999999112, 35.00000000000000000, 5.000000000000000000 ) ) ;
#1427 = DIRECTION ( 'NONE',  ( -1.000000000000000000, 0.000000000000000000, 0.000000000000000000 ) ) ;
#1428 = CARTESIAN_POINT ( 'NONE',  ( 6.000000000000000000, -38.00000000000000711, 5.000000000000000000 ) ) ;
#1429 = EDGE_CURVE ( 'NONE', #3682, #2022, #891, .T. ) ;
#1430 = ADVANCED_FACE ( 'NONE', ( #1150 ), #3002, .F. ) ;
#1431 = AXIS2_PLACEMENT_3D ( 'NONE', #113, #1586, #633 ) ;
#1432 = LINE ( 'NONE', #2049, #2556 ) ;
#1433 = VECTOR ( 'NONE', #1041, 1000.000000000000000 ) ;
#1434 = DIRECTION ( 'NONE',  ( -6.938893903907228378E-17, 1.000000000000000000, 0.000000000000000000 ) ) ;
#1435 = VERTEX_POINT ( 'NONE', #2433 ) ;
#1436 = EDGE_CURVE ( 'NONE', #2999, #1976, #2622, .T. ) ;
#1437 = EDGE_LOOP ( 'NONE', ( #215, #2272, #2356, #3736 ) ) ;
#1438 = CARTESIAN_POINT ( 'NONE',  ( -15.69426557694594493, 35.00000000433254144, 4.229884118157538175 ) ) ;
#1439 = EDGE_CURVE ( 'NONE', #2634, #1884, #2111, .T. ) ;
#1440 = ORIENTED_EDGE ( 'NONE', *, *, #2544, .T. ) ;
#1441 = APPLICATION_PROTOCOL_DEFINITION ( 'draft international standard', 'automotive_design', 1998, #1083 ) ;
#1442 = AXIS2_PLACEMENT_3D ( 'NONE', #1952, #3428, #1576 ) ;
#1443 = ORIENTED_EDGE ( 'NONE', *, *, #3814, .T. ) ;
#1444 = CARTESIAN_POINT ( 'NONE',  ( -2.999999999999998224, 38.46410161513775705, 4.753419484178991183 ) ) ;
#1445 = DIRECTION ( 'NONE',  ( 1.000000000000000000, -0.000000000000000000, -0.000000000000000000 ) ) ;
#1446 = FACE_OUTER_BOUND ( 'NONE', #2037, .T. ) ;
#1447 = VECTOR ( 'NONE', #3852, 1000.000000000000000 ) ;
#1448 = ORIENTED_EDGE ( 'NONE', *, *, #1043, .T. ) ;
#1449 = AXIS2_PLACEMENT_3D ( 'NONE', #1937, #1320, #2545 ) ;
#1450 = DIRECTION ( 'NONE',  ( 1.000000000000000000, 0.000000000000000000, 0.000000000000000000 ) ) ;
#1451 = DIRECTION ( 'NONE',  ( 0.000000000000000000, 0.000000000000000000, -1.000000000000000000 ) ) ;
#1452 = DIRECTION ( 'NONE',  ( -1.000000000000000000, 0.000000000000000000, 0.000000000000000000 ) ) ;
#1453 = DIRECTION ( 'NONE',  ( 1.000000000000000000, 0.000000000000000000, 0.000000000000000000 ) ) ;
#1454 = ORIENTED_EDGE ( 'NONE', *, *, #426, .T. ) ;
#1455 = VECTOR ( 'NONE', #864, 1000.000000000000000 ) ;
#1456 = ORIENTED_EDGE ( 'NONE', *, *, #1722, .T. ) ;
#1457 = AXIS2_PLACEMENT_3D ( 'NONE', #2147, #652, #3074 ) ;
#1458 = LINE ( 'NONE', #3940, #966 ) ;
#1459 = ORIENTED_EDGE ( 'NONE', *, *, #857, .F. ) ;
#1460 = LINE ( 'NONE', #1096, #1730 ) ;
#1461 = VERTEX_POINT ( 'NONE', #1827 ) ;
#1462 = ORIENTED_EDGE ( 'NONE', *, *, #3044, .T. ) ;
#1463 = LINE ( 'NONE', #2994, #3923 ) ;
#1464 = CARTESIAN_POINT ( 'NONE',  ( 12.00000000000000711, 34.99999999999999289, 5.000000000000000888 ) ) ;
#1465 = CARTESIAN_POINT ( 'NONE',  ( -47.99999999999999289, -31.00000000000000711, 2.000000000000001776 ) ) ;
#1466 = ORIENTED_EDGE ( 'NONE', *, *, #1784, .F. ) ;
#1467 = CARTESIAN_POINT ( 'NONE',  ( -0.7121074682520609489, 35.00000004160398248, 3.679555718707139267 ) ) ;
#1468 = EDGE_CURVE ( 'NONE', #2178, #1134, #1709, .T. ) ;
#1469 = LINE ( 'NONE', #283, #872 ) ;
#1470 = ORIENTED_EDGE ( 'NONE', *, *, #2445, .T. ) ;
#1471 = EDGE_CURVE ( 'NONE', #952, #3909, #826, .T. ) ;
#1472 = ORIENTED_EDGE ( 'NONE', *, *, #2421, .F. ) ;
#1473 = CYLINDRICAL_SURFACE ( 'NONE', #2831, 2.000000000000001776 ) ;
#1474 = VERTEX_POINT ( 'NONE', #3297 ) ;
#1475 = ORIENTED_EDGE ( 'NONE', *, *, #2763, .T. ) ;
#1476 = CYLINDRICAL_SURFACE ( 'NONE', #719, 4.000000000000003553 ) ;
#1477 = ORIENTED_EDGE ( 'NONE', *, *, #2233, .T. ) ;
#1478 = EDGE_CURVE ( 'NONE', #3564, #1591, #2350, .T. ) ;
#1479 = ORIENTED_EDGE ( 'NONE', *, *, #1577, .T. ) ;
#1480 = PLANE ( 'NONE',  #3422 ) ;
#1481 = LINE ( 'NONE', #569, #2943 ) ;
#1482 = ORIENTED_EDGE ( 'NONE', *, *, #1557, .F. ) ;
#1483 = DIRECTION ( 'NONE',  ( -1.000000000000000000, 0.000000000000000000, 0.000000000000000000 ) ) ;
#1484 = CARTESIAN_POINT ( 'NONE',  ( -2.999999999999998668, 38.85666094377015867, 3.355407580493529274 ) ) ;
#1485 = CARTESIAN_POINT ( 'NONE',  ( 48.00000000000000711, -18.99999999999998934, 2.000000000000000000 ) ) ;
#1486 = DIRECTION ( 'NONE',  ( 0.000000000000000000, 0.000000000000000000, -1.000000000000000000 ) ) ;
#1487 = CARTESIAN_POINT ( 'NONE',  ( 28.00000000000000355, 38.99999999999998579, 5.000000000000000000 ) ) ;
#1488 = EDGE_CURVE ( 'NONE', #975, #1650, #591, .T. ) ;
#1489 = VECTOR ( 'NONE', #168, 1000.000000000000000 ) ;
#1490 = AXIS2_PLACEMENT_3D ( 'NONE', #880, #1159, #3568 ) ;
#1491 = ORIENTED_EDGE ( 'NONE', *, *, #2948, .F. ) ;
#1492 = VECTOR ( 'NONE', #3374, 1000.000000000000000 ) ;
#1493 = DIRECTION ( 'NONE',  ( -1.000000000000000000, 0.000000000000000000, 0.000000000000000000 ) ) ;
#1494 = VECTOR ( 'NONE', #2306, 1000.000000000000000 ) ;
#1495 = ORIENTED_EDGE ( 'NONE', *, *, #3191, .F. ) ;
#1496 = LINE ( 'NONE', #2097, #39 ) ;
#1497 = AXIS2_PLACEMENT_3D ( 'NONE', #1295, #2784, #1249 ) ;
#1498 = ORIENTED_EDGE ( 'NONE', *, *, #37, .T. ) ;
#1499 = PLANE ( 'NONE',  #2847 ) ;
#1500 = CARTESIAN_POINT ( 'NONE',  ( 17.00000000000000355, 5.000000000000000888, 4.000000000000000000 ) ) ;
#1501 = AXIS2_PLACEMENT_3D ( 'NONE', #3190, #3846, #1344 ) ;
#1502 = EDGE_LOOP ( 'NONE', ( #474, #1701, #3066, #280 ) ) ;
#1503 = CARTESIAN_POINT ( 'NONE',  ( 32.00000000000001421, 14.99999999999999645, 2.000000000000000000 ) ) ;
#1504 = DIRECTION ( 'NONE',  ( 1.000000000000000000, -3.252606517456527107E-16, 0.000000000000000000 ) ) ;
#1505 = DIRECTION ( 'NONE',  ( -1.000000000000000000, 0.000000000000000000, 0.000000000000000000 ) ) ;
#1506 = VECTOR ( 'NONE', #475, 1000.000000000000000 ) ;
#1507 = DIRECTION ( 'NONE',  ( -1.000000000000000000, -7.228014483236695816E-17, 0.000000000000000000 ) ) ;
#1508 = VERTEX_POINT ( 'NONE', #2678 ) ;
#1509 = AXIS2_PLACEMENT_3D ( 'NONE', #2291, #1743, #171 ) ;
#1510 = EDGE_CURVE ( 'NONE', #76, #3603, #3317, .T. ) ;
#1511 = DIRECTION ( 'NONE',  ( 1.000000000000000000, 0.000000000000000000, 0.000000000000000000 ) ) ;
#1512 = PLANE ( 'NONE',  #3242 ) ;
#1513 = ORIENTED_EDGE ( 'NONE', *, *, #499, .F. ) ;
#1514 = CARTESIAN_POINT ( 'NONE',  ( -18.10000000000001563, -3.100000000000030731, 2.000000000000000000 ) ) ;
#1515 = VECTOR ( 'NONE', #3167, 1000.000000000000000 ) ;
#1516 = ORIENTED_EDGE ( 'NONE', *, *, #2127, .T. ) ;
#1517 = ORIENTED_EDGE ( 'NONE', *, *, #201, .T. ) ;
#1518 = CARTESIAN_POINT ( 'NONE',  ( -38.00000000000000000, 34.99999999999999289, 8.000000000000000000 ) ) ;
#1519 = CARTESIAN_POINT ( 'NONE',  ( 0.000000000000000000, 0.000000000000000000, 0.000000000000000000 ) ) ;
#1520 = ADVANCED_FACE ( 'NONE', ( #2371 ), #574, .T. ) ;
#1521 = ORIENTED_EDGE ( 'NONE', *, *, #2518, .F. ) ;
#1522 = CARTESIAN_POINT ( 'NONE',  ( 48.00000000000000711, 33.00000000000000000, 7.000000000000000888 ) ) ;
#1523 = FACE_OUTER_BOUND ( 'NONE', #1540, .T. ) ;
#1524 = CARTESIAN_POINT ( 'NONE',  ( 20.00000000000001776, 41.00000000000000000, 5.000000000000000000 ) ) ;
#1525 = ADVANCED_FACE ( 'NONE', ( #8 ), #2392, .T. ) ;
#1526 = LINE ( 'NONE', #3932, #354 ) ;
#1527 = AXIS2_PLACEMENT_3D ( 'NONE', #2092, #2681, #874 ) ;
#1528 = VECTOR ( 'NONE', #1486, 1000.000000000000000 ) ;
#1529 = DIRECTION ( 'NONE',  ( 0.000000000000000000, 1.000000000000000000, 0.000000000000000000 ) ) ;
#1530 = DIRECTION ( 'NONE',  ( 0.000000000000000000, 1.000000000000000000, -0.000000000000000000 ) ) ;
#1531 = ORIENTED_EDGE ( 'NONE', *, *, #857, .T. ) ;
#1532 = DIRECTION ( 'NONE',  ( -0.000000000000000000, 0.000000000000000000, 1.000000000000000000 ) ) ;
#1533 = EDGE_CURVE ( 'NONE', #2171, #237, #3033, .T. ) ;
#1534 = VERTEX_POINT ( 'NONE', #228 ) ;
#1535 = ORIENTED_EDGE ( 'NONE', *, *, #130, .T. ) ;
#1536 = CIRCLE ( 'NONE', #3207, 4.000000000000000000 ) ;
#1537 = CARTESIAN_POINT ( 'NONE',  ( 14.81942416868167278, 35.00000000348629925, 3.942607591319813309 ) ) ;
#1538 = DIRECTION ( 'NONE',  ( 0.000000000000000000, -1.000000000000000000, 0.000000000000000000 ) ) ;
#1539 = VECTOR ( 'NONE', #3289, 1000.000000000000000 ) ;
#1540 = EDGE_LOOP ( 'NONE', ( #3849, #3445, #3615, #1328 ) ) ;
#1541 = CIRCLE ( 'NONE', #3086, 4.000000000000003553 ) ;
#1542 = DIRECTION ( 'NONE',  ( -6.938893903907228378E-17, 1.000000000000000000, 0.000000000000000000 ) ) ;
#1543 = CARTESIAN_POINT ( 'NONE',  ( -45.99999999999999289, -33.00000000000000711, 19.90000000000000568 ) ) ;
#1544 = LINE ( 'NONE', #1019, #3183 ) ;
#1545 = LINE ( 'NONE', #949, #2195 ) ;
#1546 = DIRECTION ( 'NONE',  ( 0.000000000000000000, 0.000000000000000000, -1.000000000000000000 ) ) ;
#1547 = ORIENTED_EDGE ( 'NONE', *, *, #3646, .F. ) ;
#1548 = ORIENTED_EDGE ( 'NONE', *, *, #3136, .T. ) ;
#1549 = EDGE_CURVE ( 'NONE', #352, #3842, #3773, .T. ) ;
#1550 = CARTESIAN_POINT ( 'NONE',  ( -45.99999999999999289, 32.99999999999999289, 2.000000000000001776 ) ) ;
#1551 = LINE ( 'NONE', #1274, #2179 ) ;
#1552 = EDGE_CURVE ( 'NONE', #3900, #3429, #329, .T. ) ;
#1553 = ORIENTED_EDGE ( 'NONE', *, *, #1809, .T. ) ;
#1554 = VECTOR ( 'NONE', #3268, 1000.000000000000000 ) ;
#1555 = CIRCLE ( 'NONE', #355, 3.000000000000002665 ) ;
#1556 = CARTESIAN_POINT ( 'NONE',  ( -11.59999999999999254, -31.50000000000000711, 2.000000000000000000 ) ) ;
#1557 = EDGE_CURVE ( 'NONE', #326, #3894, #18, .T. ) ;
#1558 = ORIENTED_EDGE ( 'NONE', *, *, #2819, .F. ) ;
#1559 = VECTOR ( 'NONE', #3509, 1000.000000000000000 ) ;
#1560 = CARTESIAN_POINT ( 'NONE',  ( 18.00000000000000000, 35.45182898342083178, 3.387397202306666522 ) ) ;
#1561 = LINE ( 'NONE', #2791, #941 ) ;
#1562 = EDGE_LOOP ( 'NONE', ( #3511, #94, #566, #1188 ) ) ;
#1563 = DIRECTION ( 'NONE',  ( 1.000000000000000000, 0.000000000000000000, 0.000000000000000000 ) ) ;
#1564 = CARTESIAN_POINT ( 'NONE',  ( 30.99999999999999645, -36.00000000000000711, 5.000000000000000000 ) ) ;
#1565 = DIRECTION ( 'NONE',  ( -1.000000000000000000, 0.000000000000000000, 0.000000000000000000 ) ) ;
#1566 = ADVANCED_FACE ( 'NONE', ( #3653, #907, #3254, #517, #50, #2465 ), #3669, .F. ) ;
#1567 = LINE ( 'NONE', #2188, #2129 ) ;
#1568 = ORIENTED_EDGE ( 'NONE', *, *, #2043, .T. ) ;
#1569 = ORIENTED_EDGE ( 'NONE', *, *, #2845, .T. ) ;
#1570 = VECTOR ( 'NONE', #3416, 1000.000000000000000 ) ;
#1571 = DIRECTION ( 'NONE',  ( -0.000000000000000000, -0.000000000000000000, -1.000000000000000000 ) ) ;
#1572 = LINE ( 'NONE', #38, #671 ) ;
#1573 = CIRCLE ( 'NONE', #2017, 2.999999999999999112 ) ;
#1574 = CARTESIAN_POINT ( 'NONE',  ( 46.00000000000000711, 33.00000000000000000, 4.000000000000000000 ) ) ;
#1575 = EDGE_LOOP ( 'NONE', ( #1738, #775, #2029, #2607, #559, #1568, #2094, #1280, #1477, #1466, #554, #494, #2707, #1443, #12, #2835, #3639, #1707, #1872, #1448, #1878, #951, #2730, #2880, #2071, #871, #3246 ) ) ;
#1576 = DIRECTION ( 'NONE',  ( 1.000000000000000000, 0.000000000000000000, 0.000000000000000000 ) ) ;
#1577 = EDGE_CURVE ( 'NONE', #2750, #2462, #3349, .T. ) ;
#1578 = CARTESIAN_POINT ( 'NONE',  ( -32.99999999999999289, -41.00000000000000711, 5.000000000000000000 ) ) ;
#1579 = VERTEX_POINT ( 'NONE', #3614 ) ;
#1580 = AXIS2_PLACEMENT_3D ( 'NONE', #1500, #2728, #920 ) ;
#1581 = CARTESIAN_POINT ( 'NONE',  ( 18.00000000000000355, 35.36554097275400466, 3.223667080266736207 ) ) ;
#1582 = EDGE_LOOP ( 'NONE', ( #1808, #2897, #3717, #2625 ) ) ;
#1583 = CARTESIAN_POINT ( 'NONE',  ( -37.99999999999999289, 33.00000000000000000, 2.000000000000000000 ) ) ;
#1584 = CARTESIAN_POINT ( 'NONE',  ( 28.00000000000000355, 38.99999999999998579, 0.000000000000000000 ) ) ;
#1585 = CARTESIAN_POINT ( 'NONE',  ( -16.99999999999999289, 38.99999999999999289, 0.000000000000000000 ) ) ;
#1586 = DIRECTION ( 'NONE',  ( -0.000000000000000000, 0.000000000000000000, 1.000000000000000000 ) ) ;
#1587 = ORIENTED_EDGE ( 'NONE', *, *, #2981, .F. ) ;
#1588 = VERTEX_POINT ( 'NONE', #2772 ) ;
#1589 = PLANE ( 'NONE',  #2013 ) ;
#1590 = CARTESIAN_POINT ( 'NONE',  ( -7.999999999999998224, 38.00000000000000711, 5.000000000000000000 ) ) ;
#1591 = VERTEX_POINT ( 'NONE', #3649 ) ;
#1592 = DIRECTION ( 'NONE',  ( -0.000000000000000000, -0.000000000000000000, 1.000000000000000000 ) ) ;
#1593 = ORIENTED_EDGE ( 'NONE', *, *, #2320, .F. ) ;
#1594 = CARTESIAN_POINT ( 'NONE',  ( 14.00000000000000355, 34.99999999999999289, 2.763932022500207530 ) ) ;
#1595 = ORIENTED_EDGE ( 'NONE', *, *, #384, .T. ) ;
#1596 = LINE ( 'NONE', #106, #2997 ) ;
#1597 = EDGE_CURVE ( 'NONE', #2934, #3318, #3631, .T. ) ;
#1598 = DIRECTION ( 'NONE',  ( -1.000000000000000000, -6.938893903907228378E-17, -0.000000000000000000 ) ) ;
#1599 = CIRCLE ( 'NONE', #2304, 2.000000000000001776 ) ;
#1600 = CARTESIAN_POINT ( 'NONE',  ( 0.000000000000000000, 32.50000000000000000, 4.000000000000000000 ) ) ;
#1601 = LINE ( 'NONE', #3753, #851 ) ;
#1602 = CARTESIAN_POINT ( 'NONE',  ( 20.50000000000000355, 0.000000000000000000, 2.000000000000000000 ) ) ;
#1603 = VECTOR ( 'NONE', #1598, 1000.000000000000000 ) ;
#1604 = LINE ( 'NONE', #1307, #172 ) ;
#1605 = DIRECTION ( 'NONE',  ( -0.000000000000000000, -0.000000000000000000, -1.000000000000000000 ) ) ;
#1606 = ORIENTED_EDGE ( 'NONE', *, *, #3443, .T. ) ;
#1607 = DIRECTION ( 'NONE',  ( 1.000000000000000000, 0.000000000000000000, -0.000000000000000000 ) ) ;
#1608 = EDGE_CURVE ( 'NONE', #2725, #1706, #3028, .T. ) ;
#1609 = CARTESIAN_POINT ( 'NONE',  ( -45.50000000000000000, 0.000000000000000000, 2.000000000000000000 ) ) ;
#1610 = ORIENTED_EDGE ( 'NONE', *, *, #2401, .F. ) ;
#1611 = CARTESIAN_POINT ( 'NONE',  ( -38.00000000000000000, 32.99999999999999289, 5.000000000000000888 ) ) ;
#1612 = VECTOR ( 'NONE', #711, 1000.000000000000000 ) ;
#1613 = CARTESIAN_POINT ( 'NONE',  ( -6.000000000000000000, -40.00000000000000711, 5.000000000000000000 ) ) ;
#1614 = ADVANCED_FACE ( 'NONE', ( #2747 ), #278, .F. ) ;
#1615 = EDGE_LOOP ( 'NONE', ( #139, #2937, #2194, #861, #3372, #1454 ) ) ;
#1616 = CARTESIAN_POINT ( 'NONE',  ( -41.99999999999999289, 28.99999999999998934, 2.000000000000000000 ) ) ;
#1617 = CARTESIAN_POINT ( 'NONE',  ( -6.000000000000000000, -40.00000000000000711, 5.000000000000000000 ) ) ;
#1618 = PLANE ( 'NONE',  #26 ) ;
#1619 = LINE ( 'NONE', #2491, #3432 ) ;
#1620 = VECTOR ( 'NONE', #2610, 1000.000000000000000 ) ;
#1621 = CARTESIAN_POINT ( 'NONE',  ( -30.99999999999999645, -40.00000000000000711, 0.000000000000000000 ) ) ;
#1622 = CARTESIAN_POINT ( 'NONE',  ( 3.999999999999998224, -38.00000000000000711, 5.000000000000000000 ) ) ;
#1623 = ORIENTED_EDGE ( 'NONE', *, *, #766, .T. ) ;
#1624 = LINE ( 'NONE', #1051, #1253 ) ;
#1625 = EDGE_CURVE ( 'NONE', #1104, #2949, #1481, .T. ) ;
#1626 = VECTOR ( 'NONE', #330, 1000.000000000000000 ) ;
#1627 = LINE ( 'NONE', #1970, #2729 ) ;
#1628 = VERTEX_POINT ( 'NONE', #297 ) ;
#1629 = EDGE_CURVE ( 'NONE', #2634, #1534, #604, .T. ) ;
#1630 = PRESENTATION_STYLE_ASSIGNMENT (( #3120 ) ) ;
#1631 = VECTOR ( 'NONE', #243, 1000.000000000000000 ) ;
#1632 = DIRECTION ( 'NONE',  ( -1.000000000000000000, 0.000000000000000000, 0.000000000000000000 ) ) ;
#1633 = DIRECTION ( 'NONE',  ( 0.000000000000000000, 0.000000000000000000, -1.000000000000000000 ) ) ;
#1634 = ORIENTED_EDGE ( 'NONE', *, *, #383, .T. ) ;
#1635 = CLOSED_SHELL ( 'NONE', ( #2998, #611, #1977, #937, #3686, #1898, #1614, #1675, #758, #2620, #3836, #2222, #1135, #3562, #391, #525, #1073, #277, #2796, #1566, #2567, #3933, #2122, #2587, #2742, #2668, #1796, #2598, #3388, #621, #565, #2357, #3608, #2964, #1257, #1137, #229, #1004, #976, #3036, #710, #3175, #1094, #3670, #2057, #3321, #3351, #3364, #2822, #1940, #1868, #832, #2732, #2883, #2604, #3103, #1826, #3914, #2870, #3255, #2337, #3891, #1013, #2849, #2095, #2860, #117, #2343, #2267, #3643, #1334, #327, #688, #3003, #586, #1714, #150, #2693, #972, #1520, #1990, #208, #351, #3332, #2863, #1525, #3853, #20, #698, #3474, #257, #3820, #3277, #685, #3106, #3800, #1240, #481, #3624, #2652, #3495, #453, #3162, #2685, #1883, #1869, #900, #1430, #323, #4, #369, #103, #305 ) ) ;
#1636 = CARTESIAN_POINT ( 'NONE',  ( 20.50000000000000355, 5.000000000000000000, 2.000000000000000000 ) ) ;
#1637 = DIRECTION ( 'NONE',  ( 0.000000000000000000, 0.000000000000000000, -1.000000000000000000 ) ) ;
#1638 = CARTESIAN_POINT ( 'NONE',  ( 46.00000000000000711, -34.10000000000000853, 21.10000000000000497 ) ) ;
#1639 = EDGE_CURVE ( 'NONE', #1534, #2297, #561, .T. ) ;
#1640 = VECTOR ( 'NONE', #720, 1000.000000000000000 ) ;
#1641 = FACE_OUTER_BOUND ( 'NONE', #3401, .T. ) ;
#1642 = PLANE ( 'NONE',  #2070 ) ;
#1643 = VERTEX_POINT ( 'NONE', #2446 ) ;
#1644 = DIRECTION ( 'NONE',  ( -1.000000000000000000, 0.000000000000000000, 0.000000000000000000 ) ) ;
#1645 = DIRECTION ( 'NONE',  ( 0.000000000000000000, -1.000000000000000000, 0.000000000000000000 ) ) ;
#1646 = CARTESIAN_POINT ( 'NONE',  ( 30.99999999999999645, -36.00000000000000711, 5.000000000000000000 ) ) ;
#1647 = EDGE_CURVE ( 'NONE', #1706, #3522, #3819, .T. ) ;
#1648 = DIRECTION ( 'NONE',  ( -1.000000000000000000, 0.000000000000000000, 0.000000000000000000 ) ) ;
#1649 = CARTESIAN_POINT ( 'NONE',  ( -10.99999999999998401, 41.00000000000000000, 5.000000000000000000 ) ) ;
#1650 = VERTEX_POINT ( 'NONE', #1815 ) ;
#1651 = DIRECTION ( 'NONE',  ( -1.000000000000000000, 0.000000000000000000, 0.000000000000000000 ) ) ;
#1652 = ORIENTED_EDGE ( 'NONE', *, *, #3267, .T. ) ;
#1653 = CARTESIAN_POINT ( 'NONE',  ( -16.99999999999999289, 34.99999999999999289, 0.000000000000000000 ) ) ;
#1654 = CARTESIAN_POINT ( 'NONE',  ( -11.59999999999999254, -31.50000000000000711, 4.000000000000000000 ) ) ;
#1655 = CARTESIAN_POINT ( 'NONE',  ( 29.55051025721683544, 34.99999999999999289, 5.000000000000000000 ) ) ;
#1656 = CARTESIAN_POINT ( 'NONE',  ( -38.00000000000000000, 14.99999999999999645, 8.000000000000000000 ) ) ;
#1657 = LINE ( 'NONE', #3152, #1747 ) ;
#1658 = PRODUCT_DEFINITION ( 'UNKNOWN', '', #544, #2201 ) ;
#1659 = EDGE_LOOP ( 'NONE', ( #2832, #2806, #2076, #2542 ) ) ;
#1660 = ORIENTED_EDGE ( 'NONE', *, *, #245, .T. ) ;
#1661 = DIRECTION ( 'NONE',  ( -6.938893903907228378E-17, 1.000000000000000000, -0.000000000000000000 ) ) ;
#1662 = VECTOR ( 'NONE', #3602, 1000.000000000000000 ) ;
#1663 = CARTESIAN_POINT ( 'NONE',  ( -38.00000000000000000, 32.99999999999999289, 5.000000000000000888 ) ) ;
#1664 = CIRCLE ( 'NONE', #3410, 3.000000000000002665 ) ;
#1665 = DIRECTION ( 'NONE',  ( 1.000000000000000000, 0.000000000000000000, 0.000000000000000000 ) ) ;
#1666 = ORIENTED_EDGE ( 'NONE', *, *, #1849, .F. ) ;
#1667 = DIRECTION ( 'NONE',  ( 0.000000000000000000, 0.000000000000000000, -1.000000000000000000 ) ) ;
#1668 = DIRECTION ( 'NONE',  ( 0.000000000000000000, 0.000000000000000000, -1.000000000000000000 ) ) ;
#1669 = ORIENTED_EDGE ( 'NONE', *, *, #445, .F. ) ;
#1670 = EDGE_CURVE ( 'NONE', #1681, #2400, #2710, .T. ) ;
#1671 = ORIENTED_EDGE ( 'NONE', *, *, #2265, .T. ) ;
#1672 = CARTESIAN_POINT ( 'NONE',  ( -41.56416923747485725, 33.00000000000000000, 2.000000000000000000 ) ) ;
#1673 = PLANE ( 'NONE',  #3020 ) ;
#1674 = AXIS2_PLACEMENT_3D ( 'NONE', #1325, #2249, #694 ) ;
#1675 = ADVANCED_FACE ( 'NONE', ( #3371 ), #3, .F. ) ;
#1676 = DIRECTION ( 'NONE',  ( 0.000000000000000000, 1.000000000000000000, 0.000000000000000000 ) ) ;
#1677 = CIRCLE ( 'NONE', #2904, 3.999999999999996447 ) ;
#1678 = VECTOR ( 'NONE', #2427, 1000.000000000000000 ) ;
#1679 = CARTESIAN_POINT ( 'NONE',  ( 23.00000000000000355, 38.00000000000000711, 5.000000000000000000 ) ) ;
#1680 = ORIENTED_EDGE ( 'NONE', *, *, #1799, .F. ) ;
#1681 = VERTEX_POINT ( 'NONE', #1837 ) ;
#1682 = EDGE_CURVE ( 'NONE', #1366, #1275, #3068, .T. ) ;
#1683 = CARTESIAN_POINT ( 'NONE',  ( -45.50000000000000000, 28.99999999999998934, 4.000000000000000000 ) ) ;
#1684 = DIRECTION ( 'NONE',  ( -6.938893903907228378E-17, 1.000000000000000000, -0.000000000000000000 ) ) ;
#1685 = AXIS2_PLACEMENT_3D ( 'NONE', #3291, #2974, #2303 ) ;
#1686 = DIRECTION ( 'NONE',  ( -1.000000000000000000, 0.000000000000000000, 0.000000000000000000 ) ) ;
#1687 = DIRECTION ( 'NONE',  ( 0.000000000000000000, 0.000000000000000000, 1.000000000000000000 ) ) ;
#1688 = CARTESIAN_POINT ( 'NONE',  ( -12.99999999999999822, 38.91604654044746781, 3.519436722728008338 ) ) ;
#1689 = ORIENTED_EDGE ( 'NONE', *, *, #2051, .F. ) ;
#1690 = AXIS2_PLACEMENT_3D ( 'NONE', #1663, #1330, #1031 ) ;
#1691 = ORIENTED_EDGE ( 'NONE', *, *, #2477, .F. ) ;
#1692 = FACE_OUTER_BOUND ( 'NONE', #2703, .T. ) ;
#1693 = CARTESIAN_POINT ( 'NONE',  ( 2.000000000000006217, 34.99999999999999289, 5.000000000000000888 ) ) ;
#1694 = PLANE ( 'NONE',  #1874 ) ;
#1695 = LINE ( 'NONE', #1103, #2968 ) ;
#1696 = ORIENTED_EDGE ( 'NONE', *, *, #2544, .F. ) ;
#1697 = CARTESIAN_POINT ( 'NONE',  ( 1.000000000000000888, 35.00000000000000000, 0.000000000000000000 ) ) ;
#1698 = ORIENTED_EDGE ( 'NONE', *, *, #1370, .T. ) ;
#1699 = DIRECTION ( 'NONE',  ( 0.000000000000000000, 0.000000000000000000, -1.000000000000000000 ) ) ;
#1700 = EDGE_CURVE ( 'NONE', #785, #1340, #1561, .T. ) ;
#1701 = ORIENTED_EDGE ( 'NONE', *, *, #800, .F. ) ;
#1702 = EDGE_CURVE ( 'NONE', #2171, #835, #1069, .T. ) ;
#1703 = FACE_OUTER_BOUND ( 'NONE', #3380, .T. ) ;
#1704 = CARTESIAN_POINT ( 'NONE',  ( 27.10000000000001208, 0.000000000000000000, 2.000000000000000000 ) ) ;
#1705 = ORIENTED_EDGE ( 'NONE', *, *, #156, .F. ) ;
#1706 = VERTEX_POINT ( 'NONE', #2424 ) ;
#1707 = ORIENTED_EDGE ( 'NONE', *, *, #924, .F. ) ;
#1708 = VECTOR ( 'NONE', #3599, 1000.000000000000000 ) ;
#1709 = CIRCLE ( 'NONE', #3258, 3.000000000000000000 ) ;
#1710 = ORIENTED_EDGE ( 'NONE', *, *, #1957, .F. ) ;
#1711 = DIRECTION ( 'NONE',  ( 1.000000000000000000, -0.000000000000000000, -0.000000000000000000 ) ) ;
#1712 = CARTESIAN_POINT ( 'NONE',  ( 33.00000000000000711, -39.00000000000000711, 5.000000000000000000 ) ) ;
#1713 = DIRECTION ( 'NONE',  ( -1.000000000000000000, 0.000000000000000000, 0.000000000000000000 ) ) ;
#1714 = ADVANCED_FACE ( 'NONE', ( #2387 ), #1180, .F. ) ;
#1715 = CARTESIAN_POINT ( 'NONE',  ( 33.00000000000000711, -41.00000000000000711, 5.000000000000000000 ) ) ;
#1716 = EDGE_CURVE ( 'NONE', #2431, #210, #901, .T. ) ;
#1717 = ORIENTED_EDGE ( 'NONE', *, *, #1023, .T. ) ;
#1718 = ORIENTED_EDGE ( 'NONE', *, *, #140, .F. ) ;
#1719 = EDGE_LOOP ( 'NONE', ( #3922, #3097, #197, #3702 ) ) ;
#1720 = LINE ( 'NONE', #536, #1447 ) ;
#1721 = DIRECTION ( 'NONE',  ( 0.000000000000000000, 1.000000000000000000, 0.000000000000000000 ) ) ;
#1722 = EDGE_CURVE ( 'NONE', #669, #3071, #983, .T. ) ;
#1723 = VECTOR ( 'NONE', #1645, 1000.000000000000000 ) ;
#1724 = EDGE_CURVE ( 'NONE', #3603, #3807, #3750, .T. ) ;
#1725 = CYLINDRICAL_SURFACE ( 'NONE', #55, 4.000000000000003553 ) ;
#1726 = CARTESIAN_POINT ( 'NONE',  ( -41.99999999999999289, 4.999999999999986677, 4.000000000000000000 ) ) ;
#1727 = AXIS2_PLACEMENT_3D ( 'NONE', #3543, #3567, #1141 ) ;
#1728 = DIRECTION ( 'NONE',  ( 0.000000000000000000, 0.000000000000000000, -1.000000000000000000 ) ) ;
#1729 = EDGE_LOOP ( 'NONE', ( #705, #295, #1847, #3824 ) ) ;
#1730 = VECTOR ( 'NONE', #179, 1000.000000000000000 ) ;
#1731 = CARTESIAN_POINT ( 'NONE',  ( -13.00000000000018652, 35.51288446472394611, 3.016379695937883909 ) ) ;
#1732 = ORIENTED_EDGE ( 'NONE', *, *, #3458, .T. ) ;
#1733 = ORIENTED_EDGE ( 'NONE', *, *, #3269, .F. ) ;
#1734 = CARTESIAN_POINT ( 'NONE',  ( -7.999999999999998224, 38.00000000000000711, 5.000000000000000000 ) ) ;
#1735 = DIRECTION ( 'NONE',  ( 0.000000000000000000, 1.000000000000000000, 0.000000000000000000 ) ) ;
#1736 = CARTESIAN_POINT ( 'NONE',  ( -45.99999999999999289, -34.10000000000000853, 21.10000000000000497 ) ) ;
#1737 = DIRECTION ( 'NONE',  ( -1.000000000000000000, 0.000000000000000000, 0.000000000000000000 ) ) ;
#1738 = ORIENTED_EDGE ( 'NONE', *, *, #1916, .F. ) ;
#1739 = CIRCLE ( 'NONE', #2903, 2.000000000000001776 ) ;
#1740 = CARTESIAN_POINT ( 'NONE',  ( 46.00000000000000711, -30.99999999999998579, 22.00000000000000000 ) ) ;
#1741 = AXIS2_PLACEMENT_3D ( 'NONE', #946, #2166, #3394 ) ;
#1742 = CARTESIAN_POINT ( 'NONE',  ( -3.000000000000024869, 35.83118960548453202, 3.180774568754632270 ) ) ;
#1743 = DIRECTION ( 'NONE',  ( -2.168404344971008868E-16, 1.000000000000000000, 0.000000000000000000 ) ) ;
#1744 = EDGE_CURVE ( 'NONE', #562, #1793, #443, .T. ) ;
#1745 = VERTEX_POINT ( 'NONE', #2816 ) ;
#1746 = FACE_OUTER_BOUND ( 'NONE', #1125, .T. ) ;
#1747 = VECTOR ( 'NONE', #2594, 1000.000000000000000 ) ;
#1748 = EDGE_CURVE ( 'NONE', #1967, #1508, #2888, .T. ) ;
#1749 = DIRECTION ( 'NONE',  ( -6.938893903907228378E-17, 1.000000000000000000, 0.000000000000000000 ) ) ;
#1750 = DIRECTION ( 'NONE',  ( -0.000000000000000000, -0.000000000000000000, -1.000000000000000000 ) ) ;
#1751 = EDGE_CURVE ( 'NONE', #970, #1116, #3768, .T. ) ;
#1752 = EDGE_LOOP ( 'NONE', ( #486, #235, #2846, #3181, #1516, #2623, #3571, #65, #582, #1934, #1495, #1470, #336, #2006, #1531, #982, #2928, #332, #3749, #433, #993, #2616, #661, #3331, #1416, #1262 ) ) ;
#1753 = CARTESIAN_POINT ( 'NONE',  ( -12.99999999999990585, 35.96219084120166798, 4.651249041992616462 ) ) ;
#1754 = ORIENTED_EDGE ( 'NONE', *, *, #632, .F. ) ;
#1755 = EDGE_CURVE ( 'NONE', #3592, #1794, #1596, .T. ) ;
#1756 = VERTEX_POINT ( 'NONE', #3145 ) ;
#1757 = CARTESIAN_POINT ( 'NONE',  ( 25.99999999999998934, 41.00000000000000000, 5.000000000000000000 ) ) ;
#1758 = DIRECTION ( 'NONE',  ( -1.000000000000000000, -7.228014483236695816E-17, 0.000000000000000000 ) ) ;
#1759 = DIRECTION ( 'NONE',  ( 0.000000000000000000, 0.000000000000000000, -1.000000000000000000 ) ) ;
#1760 = AXIS2_PLACEMENT_3D ( 'NONE', #3450, #362, #709 ) ;
#1761 = ORIENTED_EDGE ( 'NONE', *, *, #214, .F. ) ;
#1762 = EDGE_CURVE ( 'NONE', #3876, #2782, #1259, .T. ) ;
#1763 = LINE ( 'NONE', #3634, #2197 ) ;
#1764 = PLANE ( 'NONE',  #2540 ) ;
#1765 = VERTEX_POINT ( 'NONE', #3467 ) ;
#1766 = AXIS2_PLACEMENT_3D ( 'NONE', #1002, #2527, #2241 ) ;
#1767 = DIRECTION ( 'NONE',  ( 0.000000000000000000, 0.000000000000000000, 1.000000000000000000 ) ) ;
#1768 = CARTESIAN_POINT ( 'NONE',  ( -45.99999999999999289, 32.99999999999999289, 22.00000000000000000 ) ) ;
#1769 = ORIENTED_EDGE ( 'NONE', *, *, #2477, .T. ) ;
#1770 = ORIENTED_EDGE ( 'NONE', *, *, #664, .F. ) ;
#1771 = LINE ( 'NONE', #350, #2254 ) ;
#1772 = ORIENTED_EDGE ( 'NONE', *, *, #3136, .F. ) ;
#1773 = ORIENTED_EDGE ( 'NONE', *, *, #1345, .T. ) ;
#1774 = EDGE_CURVE ( 'NONE', #2098, #1258, #723, .T. ) ;
#1775 = DIRECTION ( 'NONE',  ( 0.000000000000000000, -0.000000000000000000, -1.000000000000000000 ) ) ;
#1776 = CARTESIAN_POINT ( 'NONE',  ( -12.99999999999999822, 38.99999999999998579, 2.462284491910116113 ) ) ;
#1777 = EDGE_CURVE ( 'NONE', #2178, #3851, #2430, .T. ) ;
#1778 = DIRECTION ( 'NONE',  ( -6.938893903907228378E-17, 1.000000000000000000, -0.000000000000000000 ) ) ;
#1779 = ORIENTED_EDGE ( 'NONE', *, *, #1411, .F. ) ;
#1780 = CARTESIAN_POINT ( 'NONE',  ( 27.10000000000001208, 33.00000000000000000, 2.000000000000000000 ) ) ;
#1781 = CYLINDRICAL_SURFACE ( 'NONE', #3112, 3.000000000000000888 ) ;
#1782 = DIRECTION ( 'NONE',  ( 0.000000000000000000, -0.000000000000000000, 1.000000000000000000 ) ) ;
#1783 = DIRECTION ( 'NONE',  ( 1.000000000000000000, 2.081668171172168513E-16, 0.000000000000000000 ) ) ;
#1784 = EDGE_CURVE ( 'NONE', #3282, #669, #3715, .T. ) ;
#1785 = DIRECTION ( 'NONE',  ( 7.228014483236695816E-17, -1.000000000000000000, 0.000000000000000000 ) ) ;
#1786 = VERTEX_POINT ( 'NONE', #3095 ) ;
#1787 = FACE_OUTER_BOUND ( 'NONE', #1817, .T. ) ;
#1788 = AXIS2_PLACEMENT_3D ( 'NONE', #3302, #1434, #2073 ) ;
#1789 = ORIENTED_EDGE ( 'NONE', *, *, #2987, .T. ) ;
#1790 = VERTEX_POINT ( 'NONE', #928 ) ;
#1791 = LINE ( 'NONE', #3325, #931 ) ;
#1792 = CIRCLE ( 'NONE', #2506, 3.000000000000000000 ) ;
#1793 = VERTEX_POINT ( 'NONE', #1487 ) ;
#1794 = VERTEX_POINT ( 'NONE', #3655 ) ;
#1795 = DIRECTION ( 'NONE',  ( -1.000000000000000000, 0.000000000000000000, 0.000000000000000000 ) ) ;
#1796 = ADVANCED_FACE ( 'NONE', ( #2801 ), #75, .F. ) ;
#1797 = DIRECTION ( 'NONE',  ( -1.000000000000000000, 0.000000000000000000, 0.000000000000000000 ) ) ;
#1798 = ORIENTED_EDGE ( 'NONE', *, *, #3521, .T. ) ;
#1799 = EDGE_CURVE ( 'NONE', #1973, #2999, #3676, .T. ) ;
#1800 = CARTESIAN_POINT ( 'NONE',  ( 48.00000000000000711, -18.99999999999998934, 5.000000000000000000 ) ) ;
#1801 = CARTESIAN_POINT ( 'NONE',  ( -3.000000000000050626, 35.16062614496623695, 2.243771552921540735 ) ) ;
#1802 = CARTESIAN_POINT ( 'NONE',  ( -45.99999999999999289, -33.00000000000000711, 4.000000000000000000 ) ) ;
#1803 = PLANE ( 'NONE',  #3284 ) ;
#1804 = CARTESIAN_POINT ( 'NONE',  ( 50.00000000000000711, 35.00000000000000000, 22.00000000000000000 ) ) ;
#1805 = CARTESIAN_POINT ( 'NONE',  ( -45.99999999999999289, 32.99999999999999289, 21.10000000000000142 ) ) ;
#1806 = DIRECTION ( 'NONE',  ( 1.000000000000000000, 0.000000000000000000, 0.000000000000000000 ) ) ;
#1807 = AXIS2_PLACEMENT_3D ( 'NONE', #655, #1865, #366 ) ;
#1808 = ORIENTED_EDGE ( 'NONE', *, *, #286, .T. ) ;
#1809 = EDGE_CURVE ( 'NONE', #2744, #1366, #1567, .T. ) ;
#1810 = B_SPLINE_CURVE_WITH_KNOTS ( 'NONE', 3,
 ( #217, #1444, #3247, #3523, #3825, #1080, #781, #3226 ),
 .UNSPECIFIED., .F., .F.,
 ( 4, 2, 2, 4 ),
 ( 0.000000000000000000, 0.0007397402573261352421, 0.001479480514652270484, 0.002958961029304533596 ),
 .UNSPECIFIED. ) ;
#1811 = DIRECTION ( 'NONE',  ( 0.000000000000000000, 0.000000000000000000, -1.000000000000000000 ) ) ;
#1812 = CIRCLE ( 'NONE', #3038, 2.000000000000001776 ) ;
#1813 = ORIENTED_EDGE ( 'NONE', *, *, #1390, .F. ) ;
#1814 = DIRECTION ( 'NONE',  ( 1.000000000000000000, 0.000000000000000000, -0.000000000000000000 ) ) ;
#1815 = CARTESIAN_POINT ( 'NONE',  ( -12.99999999999999822, 38.99999999999998579, 0.000000000000000000 ) ) ;
#1816 = AXIS2_PLACEMENT_3D ( 'NONE', #3306, #3043, #2743 ) ;
#1817 = EDGE_LOOP ( 'NONE', ( #3172, #3427, #3022, #3104 ) ) ;
#1818 = DIRECTION ( 'NONE',  ( -1.000000000000000000, 0.000000000000000000, 0.000000000000000000 ) ) ;
#1819 = DIRECTION ( 'NONE',  ( 1.000000000000000000, 0.000000000000000000, -0.000000000000000000 ) ) ;
#1820 = DIRECTION ( 'NONE',  ( 0.000000000000000000, -0.000000000000000000, 1.000000000000000000 ) ) ;
#1821 = CARTESIAN_POINT ( 'NONE',  ( -16.99999999999999645, 38.74699879903904076, 5.000000000000000000 ) ) ;
#1822 = VECTOR ( 'NONE', #2345, 1000.000000000000000 ) ;
#1823 = FACE_OUTER_BOUND ( 'NONE', #3780, .T. ) ;
#1824 = VECTOR ( 'NONE', #3412, 1000.000000000000000 ) ;
#1825 = VECTOR ( 'NONE', #2776, 1000.000000000000000 ) ;
#1826 = ADVANCED_FACE ( 'NONE', ( #1245 ), #2735, .F. ) ;
#1827 = CARTESIAN_POINT ( 'NONE',  ( -11.59999999999999254, 0.9999999999999796829, 2.000000000000000000 ) ) ;
#1828 = AXIS2_PLACEMENT_3D ( 'NONE', #932, #3704, #2455 ) ;
#1829 = DIRECTION ( 'NONE',  ( 1.000000000000000000, -0.000000000000000000, -0.000000000000000000 ) ) ;
#1830 = LINE ( 'NONE', #410, #3081 ) ;
#1831 = VERTEX_POINT ( 'NONE', #9 ) ;
#1832 = CARTESIAN_POINT ( 'NONE',  ( 48.00000000000000711, 31.00000000000000000, 22.00000000000000000 ) ) ;
#1833 = CIRCLE ( 'NONE', #137, 4.000000000000000000 ) ;
#1834 = ORIENTED_EDGE ( 'NONE', *, *, #2981, .T. ) ;
#1835 = EDGE_LOOP ( 'NONE', ( #2475, #3199, #1139, #3586 ) ) ;
#1836 = DIRECTION ( 'NONE',  ( 1.000000000000000000, 0.000000000000000000, 0.000000000000000000 ) ) ;
#1837 = CARTESIAN_POINT ( 'NONE',  ( 48.00000000000000711, -18.99999999999998934, 8.000000000000000000 ) ) ;
#1838 = ORIENTED_EDGE ( 'NONE', *, *, #3542, .F. ) ;
#1839 = DIRECTION ( 'NONE',  ( -6.938893903907228378E-17, 1.000000000000000000, -0.000000000000000000 ) ) ;
#1840 = EDGE_CURVE ( 'NONE', #3830, #1097, #593, .T. ) ;
#1841 = CARTESIAN_POINT ( 'NONE',  ( 12.00000000000001066, 35.00000000000000000, 2.000000000000000000 ) ) ;
#1842 = CARTESIAN_POINT ( 'NONE',  ( 16.99999999999999645, 32.50000000000000000, 2.000000000000000000 ) ) ;
#1843 = EDGE_CURVE ( 'NONE', #3065, #198, #1526, .T. ) ;
#1844 = CYLINDRICAL_SURFACE ( 'NONE', #49, 2.500000000000002220 ) ;
#1845 = PLANE ( 'NONE',  #2268 ) ;
#1846 = ORIENTED_EDGE ( 'NONE', *, *, #384, .F. ) ;
#1847 = ORIENTED_EDGE ( 'NONE', *, *, #1251, .T. ) ;
#1848 = AXIS2_PLACEMENT_3D ( 'NONE', #3872, #2067, #3335 ) ;
#1849 = EDGE_CURVE ( 'NONE', #2415, #2462, #419, .T. ) ;
#1850 = FACE_OUTER_BOUND ( 'NONE', #1138, .T. ) ;
#1851 = DIRECTION ( 'NONE',  ( 0.000000000000000000, 0.000000000000000000, -1.000000000000000000 ) ) ;
#1852 = ORIENTED_EDGE ( 'NONE', *, *, #904, .F. ) ;
#1853 = DIRECTION ( 'NONE',  ( 1.000000000000000000, 0.000000000000000000, 0.000000000000000000 ) ) ;
#1854 = EDGE_LOOP ( 'NONE', ( #2305, #3650, #1118, #2944 ) ) ;
#1855 = ORIENTED_EDGE ( 'NONE', *, *, #2434, .F. ) ;
#1856 = AXIS2_PLACEMENT_3D ( 'NONE', #1210, #3362, #680 ) ;
#1857 = DIRECTION ( 'NONE',  ( -6.938893903907228378E-17, 1.000000000000000000, -0.000000000000000000 ) ) ;
#1858 = DIRECTION ( 'NONE',  ( 1.000000000000000000, 0.000000000000000000, -0.000000000000000000 ) ) ;
#1859 = EDGE_LOOP ( 'NONE', ( #238, #3343, #299, #2803, #3107, #373, #1558, #3841, #3408, #458, #1294, #2929, #2339, #3718, #3632, #1680, #2723, #666, #1376, #3421, #1951, #2966, #2273, #2859, #3832, #2190, #3139, #1915 ) ) ;
#1860 = VECTOR ( 'NONE', #1991, 1000.000000000000000 ) ;
#1861 = CARTESIAN_POINT ( 'NONE',  ( 48.00000000000000711, -30.99999999999998579, 2.000000000000000000 ) ) ;
#1862 = CARTESIAN_POINT ( 'NONE',  ( 29.58405156680342785, 35.81174523106345475, 3.836063779951164321 ) ) ;
#1863 = LINE ( 'NONE', #2126, #1410 ) ;
#1864 = CARTESIAN_POINT ( 'NONE',  ( -45.50000000000000000, 0.000000000000000000, 4.000000000000000000 ) ) ;
#1865 = DIRECTION ( 'NONE',  ( 0.000000000000000000, -0.000000000000000000, 1.000000000000000000 ) ) ;
#1866 = ORIENTED_EDGE ( 'NONE', *, *, #3203, .F. ) ;
#1867 = ORIENTED_EDGE ( 'NONE', *, *, #1928, .F. ) ;
#1868 = ADVANCED_FACE ( 'NONE', ( #285 ), #1803, .F. ) ;
#1869 = ADVANCED_FACE ( 'NONE', ( #610 ), #31, .F. ) ;
#1870 = LINE ( 'NONE', #2155, #2671 ) ;
#1871 = CYLINDRICAL_SURFACE ( 'NONE', #1988, 4.000000000000003553 ) ;
#1872 = ORIENTED_EDGE ( 'NONE', *, *, #2393, .T. ) ;
#1873 = VECTOR ( 'NONE', #341, 1000.000000000000000 ) ;
#1874 = AXIS2_PLACEMENT_3D ( 'NONE', #489, #2592, #3770 ) ;
#1875 = CARTESIAN_POINT ( 'NONE',  ( 32.00000000000001421, 33.00000000000000000, 4.500000000000000888 ) ) ;
#1876 = CIRCLE ( 'NONE', #175, 2.999999999999999112 ) ;
#1877 = CARTESIAN_POINT ( 'NONE',  ( -3.638262323776786799E-18, 0.9999999999999796829, 2.000000000000000000 ) ) ;
#1878 = ORIENTED_EDGE ( 'NONE', *, *, #1108, .F. ) ;
#1879 = VECTOR ( 'NONE', #3114, 1000.000000000000000 ) ;
#1880 = CARTESIAN_POINT ( 'NONE',  ( 14.40409451051972134, 34.99999999885429958, 3.197983156127864213 ) ) ;
#1881 = ORIENTED_EDGE ( 'NONE', *, *, #3763, .T. ) ;
#1882 = CARTESIAN_POINT ( 'NONE',  ( 47.93649167310370984, -31.50000000000000711, 4.000000000000000000 ) ) ;
#1883 = ADVANCED_FACE ( 'NONE', ( #2717 ), #3035, .T. ) ;
#1884 = VERTEX_POINT ( 'NONE', #3399 ) ;
#1885 = CARTESIAN_POINT ( 'NONE',  ( 27.10000000000001208, 33.00000000000000000, 4.000000000000000000 ) ) ;
#1886 = DIRECTION ( 'NONE',  ( 0.000000000000000000, -1.000000000000000000, 0.000000000000000000 ) ) ;
#1887 = CARTESIAN_POINT ( 'NONE',  ( 3.999999999999998224, -38.00000000000000711, 5.000000000000000000 ) ) ;
#1888 = DIRECTION ( 'NONE',  ( -0.000000000000000000, -0.000000000000000000, -1.000000000000000000 ) ) ;
#1889 = ORIENTED_EDGE ( 'NONE', *, *, #601, .T. ) ;
#1890 = ORIENTED_EDGE ( 'NONE', *, *, #3572, .T. ) ;
#1891 = EDGE_CURVE ( 'NONE', #1181, #696, #3699, .T. ) ;
#1892 = VECTOR ( 'NONE', #3759, 1000.000000000000000 ) ;
#1893 = DIRECTION ( 'NONE',  ( 0.000000000000000000, 0.000000000000000000, -1.000000000000000000 ) ) ;
#1894 = CIRCLE ( 'NONE', #2602, 3.999999999999996447 ) ;
#1895 = CARTESIAN_POINT ( 'NONE',  ( -5.999999999999996447, 38.00000000000000711, 0.000000000000000000 ) ) ;
#1896 = ORIENTED_EDGE ( 'NONE', *, *, #2900, .T. ) ;
#1897 = CARTESIAN_POINT ( 'NONE',  ( -38.99999999999999289, -35.00000000000000711, 2.000000000000000000 ) ) ;
#1898 = ADVANCED_FACE ( 'NONE', ( #1823 ), #1844, .F. ) ;
#1899 = ORIENTED_EDGE ( 'NONE', *, *, #725, .T. ) ;
#1900 = CARTESIAN_POINT ( 'NONE',  ( 14.99999999993776711, 34.99999999998392042, 4.719954836313901225 ) ) ;
#1901 = ORIENTED_EDGE ( 'NONE', *, *, #2504, .T. ) ;
#1902 =( LENGTH_UNIT ( ) NAMED_UNIT ( * ) SI_UNIT ( .MILLI., .METRE. ) );
#1903 = DIRECTION ( 'NONE',  ( 0.000000000000000000, 0.000000000000000000, -1.000000000000000000 ) ) ;
#1904 = FACE_OUTER_BOUND ( 'NONE', #3005, .T. ) ;
#1905 = EDGE_CURVE ( 'NONE', #3078, #2204, #1545, .T. ) ;
#1906 = CARTESIAN_POINT ( 'NONE',  ( 29.55051025721677505, 35.83772233983165734, 4.999999999999704237 ) ) ;
#1907 = FACE_OUTER_BOUND ( 'NONE', #3387, .T. ) ;
#1908 = DIRECTION ( 'NONE',  ( -1.000000000000000000, -0.000000000000000000, -0.000000000000000000 ) ) ;
#1909 = CARTESIAN_POINT ( 'NONE',  ( 50.00000000000000711, -34.99999999999999289, 0.000000000000000000 ) ) ;
#1910 = EDGE_LOOP ( 'NONE', ( #2360, #3796, #3009, #46 ) ) ;
#1911 = ORIENTED_EDGE ( 'NONE', *, *, #320, .F. ) ;
#1912 = CARTESIAN_POINT ( 'NONE',  ( 46.00000000000000711, 32.99999999999999289, 21.10000000000000142 ) ) ;
#1913 = AXIS2_PLACEMENT_3D ( 'NONE', #2721, #2738, #1190 ) ;
#1914 = DIRECTION ( 'NONE',  ( -1.000000000000000000, 0.000000000000000000, 0.000000000000000000 ) ) ;
#1915 = ORIENTED_EDGE ( 'NONE', *, *, #357, .T. ) ;
#1916 = EDGE_CURVE ( 'NONE', #1340, #3830, #1167, .T. ) ;
#1917 = CARTESIAN_POINT ( 'NONE',  ( -7.999999999999998224, 38.00000000000000711, 5.000000000000000000 ) ) ;
#1918 = CARTESIAN_POINT ( 'NONE',  ( 18.00000000000000355, 38.87298334620740548, 5.000000000000000000 ) ) ;
#1919 = ORIENTED_EDGE ( 'NONE', *, *, #2751, .T. ) ;
#1920 = DIRECTION ( 'NONE',  ( 1.000000000000000000, 0.000000000000000000, -0.000000000000000000 ) ) ;
#1921 = CIRCLE ( 'NONE', #2437, 2.000000000000001776 ) ;
#1922 = LINE ( 'NONE', #2570, #716 ) ;
#1923 = EDGE_CURVE ( 'NONE', #732, #143, #3811, .T. ) ;
#1924 = DIRECTION ( 'NONE',  ( 0.000000000000000000, 0.000000000000000000, -1.000000000000000000 ) ) ;
#1925 = DIRECTION ( 'NONE',  ( 0.000000000000000000, 0.000000000000000000, -1.000000000000000000 ) ) ;
#1926 = VECTOR ( 'NONE', #2244, 1000.000000000000000 ) ;
#1927 = DIRECTION ( 'NONE',  ( -0.000000000000000000, -0.000000000000000000, 1.000000000000000000 ) ) ;
#1928 = EDGE_CURVE ( 'NONE', #2378, #752, #3473, .T. ) ;
#1929 = DIRECTION ( 'NONE',  ( -1.000000000000000000, 0.000000000000000000, 0.000000000000000000 ) ) ;
#1930 = ORIENTED_EDGE ( 'NONE', *, *, #2819, .T. ) ;
#1931 = B_SPLINE_CURVE_WITH_KNOTS ( 'NONE', 3,
 ( #651, #3150, #1286, #2246, #111, #2839, #195, #72, #1266, #2512, #3732, #3771, #1862, #3472, #3754, #989 ),
 .UNSPECIFIED., .F., .F.,
 ( 4, 2, 2, 2, 2, 2, 2, 4 ),
 ( 2.103687508156985773E-17, 0.0005027377712015562369, 0.001005475542403091440, 0.002010951084806152089, 0.002513688856007678402, 0.003016426627209204282, 0.003519164398410730595, 0.004021902169612255606 ),
 .UNSPECIFIED. ) ;
#1932 = CIRCLE ( 'NONE', #3468, 2.000000000000005329 ) ;
#1933 = CARTESIAN_POINT ( 'NONE',  ( -16.99999999999999289, 34.99999999999999289, 2.462284491910116113 ) ) ;
#1934 = ORIENTED_EDGE ( 'NONE', *, *, #3793, .T. ) ;
#1935 = DIRECTION ( 'NONE',  ( 1.000000000000000000, 0.000000000000000000, 0.000000000000000000 ) ) ;
#1936 = EDGE_CURVE ( 'NONE', #3592, #1650, #3418, .T. ) ;
#1937 = CARTESIAN_POINT ( 'NONE',  ( 33.00000000000000711, -39.00000000000000711, 5.000000000000000000 ) ) ;
#1938 = CARTESIAN_POINT ( 'NONE',  ( -45.99999999999999289, 34.99999999999999289, 22.00000000000000000 ) ) ;
#1939 = ORIENTED_EDGE ( 'NONE', *, *, #2199, .T. ) ;
#1940 = ADVANCED_FACE ( 'NONE', ( #1641 ), #2878, .F. ) ;
#1941 = DIRECTION ( 'NONE',  ( 1.000000000000000000, 0.000000000000000000, 0.000000000000000000 ) ) ;
#1942 = LINE ( 'NONE', #2591, #1217 ) ;
#1943 = CARTESIAN_POINT ( 'NONE',  ( -18.60000000000002629, 14.99999999999999645, 8.000000000000000000 ) ) ;
#1944 = VECTOR ( 'NONE', #1960, 1000.000000000000000 ) ;
#1945 = CARTESIAN_POINT ( 'NONE',  ( 16.72301556883919815, 33.00000000000000000, 2.000000000000000000 ) ) ;
#1946 = ORIENTED_EDGE ( 'NONE', *, *, #844, .T. ) ;
#1947 = DIRECTION ( 'NONE',  ( -1.000000000000000000, -7.228014483236695816E-17, 0.000000000000000000 ) ) ;
#1948 = CIRCLE ( 'NONE', #3366, 2.000000000000001776 ) ;
#1949 = CARTESIAN_POINT ( 'NONE',  ( 50.00000000000000711, -34.99999999999999289, 2.000000000000000000 ) ) ;
#1950 = EDGE_CURVE ( 'NONE', #597, #1235, #1047, .T. ) ;
#1951 = ORIENTED_EDGE ( 'NONE', *, *, #1170, .F. ) ;
#1952 = CARTESIAN_POINT ( 'NONE',  ( 30.99999999999999645, -38.00000000000000711, 0.000000000000000000 ) ) ;
#1953 = VECTOR ( 'NONE', #3591, 1000.000000000000000 ) ;
#1954 = AXIS2_PLACEMENT_3D ( 'NONE', #122, #3184, #1648 ) ;
#1955 = CARTESIAN_POINT ( 'NONE',  ( -30.99999999999999645, -38.00000000000000711, 0.000000000000000000 ) ) ;
#1956 = DIRECTION ( 'NONE',  ( -1.000000000000000000, 0.000000000000000000, 0.000000000000000000 ) ) ;
#1957 = EDGE_CURVE ( 'NONE', #2367, #62, #2229, .T. ) ;
#1958 = ORIENTED_EDGE ( 'NONE', *, *, #2763, .F. ) ;
#1959 = AXIS2_PLACEMENT_3D ( 'NONE', #2407, #3330, #68 ) ;
#1960 = DIRECTION ( 'NONE',  ( 0.000000000000000000, 0.000000000000000000, -1.000000000000000000 ) ) ;
#1961 = FACE_OUTER_BOUND ( 'NONE', #59, .T. ) ;
#1962 = CYLINDRICAL_SURFACE ( 'NONE', #1326, 2.000000000000001776 ) ;
#1963 = AXIS2_PLACEMENT_3D ( 'NONE', #2754, #741, #1565 ) ;
#1964 = CARTESIAN_POINT ( 'NONE',  ( 12.00000000000000711, 33.00000000000000000, 8.000000000000000000 ) ) ;
#1965 = CARTESIAN_POINT ( 'NONE',  ( 32.00000000000001421, 34.99999999999999289, 7.000000000000000888 ) ) ;
#1966 = ORIENTED_EDGE ( 'NONE', *, *, #1777, .T. ) ;
#1967 = VERTEX_POINT ( 'NONE', #1066 ) ;
#1968 = EDGE_CURVE ( 'NONE', #378, #1248, #748, .T. ) ;
#1969 = DIRECTION ( 'NONE',  ( 0.000000000000000000, 0.000000000000000000, -1.000000000000000000 ) ) ;
#1970 = CARTESIAN_POINT ( 'NONE',  ( 50.00000000000000711, -30.99999999999998934, 2.000000000000000000 ) ) ;
#1971 = EDGE_CURVE ( 'NONE', #2701, #1435, #1604, .T. ) ;
#1972 = CARTESIAN_POINT ( 'NONE',  ( -46.00000000000000000, -35.00000000000000711, 19.00000000000000355 ) ) ;
#1973 = VERTEX_POINT ( 'NONE', #1945 ) ;
#1974 = DIRECTION ( 'NONE',  ( 7.228014483236695816E-17, -1.000000000000000000, 0.000000000000000000 ) ) ;
#1975 = CARTESIAN_POINT ( 'NONE',  ( -12.99999999999999822, 38.77689451037758772, 4.471552909017962207 ) ) ;
#1976 = VERTEX_POINT ( 'NONE', #1964 ) ;
#1977 = ADVANCED_FACE ( 'NONE', ( #3794 ), #3132, .F. ) ;
#1978 = ORIENTED_EDGE ( 'NONE', *, *, #1478, .T. ) ;
#1979 = CARTESIAN_POINT ( 'NONE',  ( 46.00000000000000711, -34.10000000000000853, 21.10000000000000497 ) ) ;
#1980 = CARTESIAN_POINT ( 'NONE',  ( 30.99999999999999645, -36.00000000000000711, 0.000000000000000000 ) ) ;
#1981 = CARTESIAN_POINT ( 'NONE',  ( 46.00000000000000711, 32.99999999999999289, 19.90000000000000213 ) ) ;
#1982 = CARTESIAN_POINT ( 'NONE',  ( -41.99999999999999289, 32.50000000000000000, 2.000000000000000000 ) ) ;
#1983 = VECTOR ( 'NONE', #3100, 1000.000000000000000 ) ;
#1984 = DIRECTION ( 'NONE',  ( -0.000000000000000000, 1.000000000000000000, 0.000000000000000000 ) ) ;
#1985 = VERTEX_POINT ( 'NONE', #2533 ) ;
#1986 = ORIENTED_EDGE ( 'NONE', *, *, #1316, .T. ) ;
#1987 = DIRECTION ( 'NONE',  ( 0.000000000000000000, 0.000000000000000000, -1.000000000000000000 ) ) ;
#1988 = AXIS2_PLACEMENT_3D ( 'NONE', #913, #974, #934 ) ;
#1989 = PLANE ( 'NONE',  #998 ) ;
#1990 = ADVANCED_FACE ( 'NONE', ( #3192 ), #1026, .T. ) ;
#1991 = DIRECTION ( 'NONE',  ( 0.000000000000000000, -1.000000000000000000, 0.000000000000000000 ) ) ;
#1992 = ORIENTED_EDGE ( 'NONE', *, *, #778, .T. ) ;
#1993 = DIRECTION ( 'NONE',  ( 0.000000000000000000, 0.000000000000000000, 1.000000000000000000 ) ) ;
#1994 = LINE ( 'NONE', #2907, #3088 ) ;
#1995 = ORIENTED_EDGE ( 'NONE', *, *, #426, .F. ) ;
#1996 = ORIENTED_EDGE ( 'NONE', *, *, #511, .T. ) ;
#1997 = DIRECTION ( 'NONE',  ( -1.000000000000000000, 0.000000000000000000, 0.000000000000000000 ) ) ;
#1998 = AXIS2_PLACEMENT_3D ( 'NONE', #1679, #2953, #2913 ) ;
#1999 = DIRECTION ( 'NONE',  ( -6.938893903907228378E-17, 1.000000000000000000, -0.000000000000000000 ) ) ;
#2000 = AXIS2_PLACEMENT_3D ( 'NONE', #3544, #2020, #1713 ) ;
#2001 = LINE ( 'NONE', #2302, #2988 ) ;
#2002 = CARTESIAN_POINT ( 'NONE',  ( -49.99999999999999289, 30.99999999999999289, 19.00000000000000000 ) ) ;
#2003 = VECTOR ( 'NONE', #1347, 1000.000000000000000 ) ;
#2004 = ORIENTED_EDGE ( 'NONE', *, *, #163, .T. ) ;
#2005 = ORIENTED_EDGE ( 'NONE', *, *, #547, .T. ) ;
#2006 = ORIENTED_EDGE ( 'NONE', *, *, #1936, .T. ) ;
#2007 = CARTESIAN_POINT ( 'NONE',  ( -18.60000000000002629, 34.99999999999999289, 2.000000000000000000 ) ) ;
#2008 = VECTOR ( 'NONE', #1359, 1000.000000000000000 ) ;
#2009 = CARTESIAN_POINT ( 'NONE',  ( 46.00000000000000711, -30.99999999999998579, 22.00000000000000000 ) ) ;
#2010 = VECTOR ( 'NONE', #2286, 1000.000000000000000 ) ;
#2011 = ORIENTED_EDGE ( 'NONE', *, *, #2536, .T. ) ;
#2012 = EDGE_CURVE ( 'NONE', #762, #2684, #3606, .T. ) ;
#2013 = AXIS2_PLACEMENT_3D ( 'NONE', #2517, #2214, #1607 ) ;
#2014 = ORIENTED_EDGE ( 'NONE', *, *, #404, .F. ) ;
#2015 = CARTESIAN_POINT ( 'NONE',  ( -12.99999999999999822, 38.85118600116540222, 3.942631674234962524 ) ) ;
#2016 = ORIENTED_EDGE ( 'NONE', *, *, #812, .F. ) ;
#2017 = AXIS2_PLACEMENT_3D ( 'NONE', #3456, #715, #2558 ) ;
#2018 =( BOUNDED_SURFACE ( )  B_SPLINE_SURFACE ( 3, 2, ( 
 ( #1059, #543, #3822 ),
 ( #2336, #522, #236 ),
 ( #1413, #1753, #796 ),
 ( #1438, #2359, #1076 ),
 ( #3561, #2033, #1975 ),
 ( #2296, #3880, #1136 ),
 ( #777, #2642, #2015 ),
 ( #483, #1731, #1688 ),
 ( #3839, #2927, #1393 ),
 ( #760, #2624, #464 ),
 ( #2967, #2314, #2281 ),
 ( #2664, #2990, #3537 ) ),
 .UNSPECIFIED., .F., .F., .F. ) 
 B_SPLINE_SURFACE_WITH_KNOTS ( ( 4, 2, 2, 2, 2, 4 ),
 ( 3, 3 ),
 ( 0.007808911833675304982, 0.008122047250445178779, 0.008435182667215053443, 0.009061453500754802770, 0.009687724334294552098, 0.01031399516783429969 ),
 ( 0.000000000000000000, 1.000000000000000000 ),
 .UNSPECIFIED. ) 
 GEOMETRIC_REPRESENTATION_ITEM ( )  RATIONAL_B_SPLINE_SURFACE ( (
 ( 1.000000000000000000, 0.8215838362577470022, 1.000000000000000000),
 ( 1.000000000000000000, 0.8215970947480842890, 1.000000000000000000),
 ( 1.000000000000000000, 0.8200554173735853380, 1.000000000000000000),
 ( 1.000000000000000000, 0.8143861724915387734, 1.000000000000000000),
 ( 1.000000000000000000, 0.8102653931157968170, 1.000000000000000000),
 ( 1.000000000000000000, 0.7955624619931231933, 1.000000000000000000),
 ( 1.000000000000000000, 0.7828664080613739751, 1.000000000000000000),
 ( 1.000000000000000000, 0.7583170388302905573, 1.000000000000000000),
 ( 1.000000000000000000, 0.7463941940908519479, 1.000000000000000000),
 ( 1.000000000000000000, 0.7250440822689544484, 1.000000000000000000),
 ( 1.000000000000000000, 0.7155180935254171759, 1.000000000000000000),
 ( 1.000000000000000000, 0.7071067811865475727, 1.000000000000000000) ) ) 
 REPRESENTATION_ITEM ( '' )  SURFACE ( )  );
#2019 = ORIENTED_EDGE ( 'NONE', *, *, #1755, .T. ) ;
#2020 = DIRECTION ( 'NONE',  ( 0.000000000000000000, 0.000000000000000000, -1.000000000000000000 ) ) ;
#2021 = CARTESIAN_POINT ( 'NONE',  ( 2.000000000000006217, 33.00000000000000000, 8.000000000000000000 ) ) ;
#2022 = VERTEX_POINT ( 'NONE', #439 ) ;
#2023 = ORIENTED_EDGE ( 'NONE', *, *, #2434, .T. ) ;
#2024 = EDGE_CURVE ( 'NONE', #1790, #3889, #3462, .T. ) ;
#2025 = ORIENTED_EDGE ( 'NONE', *, *, #1549, .F. ) ;
#2026 = DIRECTION ( 'NONE',  ( 0.000000000000000000, 0.000000000000000000, 1.000000000000000000 ) ) ;
#2027 = CARTESIAN_POINT ( 'NONE',  ( 0.000000000000000000, 3.199999999999946443, 4.000000000000000000 ) ) ;
#2028 = DIRECTION ( 'NONE',  ( -1.000000000000000000, 0.000000000000000000, -0.000000000000000000 ) ) ;
#2029 = ORIENTED_EDGE ( 'NONE', *, *, #1407, .F. ) ;
#2030 = EDGE_CURVE ( 'NONE', #1116, #626, #1346, .T. ) ;
#2031 = DIRECTION ( 'NONE',  ( 0.000000000000000000, 0.000000000000000000, -1.000000000000000000 ) ) ;
#2032 = ORIENTED_EDGE ( 'NONE', *, *, #2247, .T. ) ;
#2033 = CARTESIAN_POINT ( 'NONE',  ( -13.00000000000008882, 35.90073528610403031, 4.153062522440701620 ) ) ;
#2034 = ORIENTED_EDGE ( 'NONE', *, *, #2792, .F. ) ;
#2035 = AXIS2_PLACEMENT_3D ( 'NONE', #2962, #3256, #1131 ) ;
#2036 = AXIS2_PLACEMENT_3D ( 'NONE', #3931, #1185, #2413 ) ;
#2037 = EDGE_LOOP ( 'NONE', ( #2736, #349, #3024, #542 ) ) ;
#2038 = DIRECTION ( 'NONE',  ( -1.000000000000000000, 0.000000000000000000, 0.000000000000000000 ) ) ;
#2039 = DIRECTION ( 'NONE',  ( -6.938893903907228378E-17, 1.000000000000000000, 0.000000000000000000 ) ) ;
#2040 = LINE ( 'NONE', #3311, #2713 ) ;
#2041 = CYLINDRICAL_SURFACE ( 'NONE', #1044, 2.000000000000001776 ) ;
#2042 = ORIENTED_EDGE ( 'NONE', *, *, #3241, .T. ) ;
#2043 = EDGE_CURVE ( 'NONE', #3902, #2056, #2895, .T. ) ;
#2044 = CARTESIAN_POINT ( 'NONE',  ( -2.999999999999998224, 38.46410160550212964, 4.876141525932967014 ) ) ;
#2045 = CARTESIAN_POINT ( 'NONE',  ( -45.99999999999999289, 32.99999999999999289, 2.000000000000001776 ) ) ;
#2046 = EDGE_CURVE ( 'NONE', #2263, #1206, #1364, .T. ) ;
#2047 = DIRECTION ( 'NONE',  ( -0.000000000000000000, -0.000000000000000000, -1.000000000000000000 ) ) ;
#2048 = AXIS2_PLACEMENT_3D ( 'NONE', #1590, #3662, #1293 ) ;
#2049 = CARTESIAN_POINT ( 'NONE',  ( 12.00000000000000888, 14.99999999999999645, 8.000000000000000000 ) ) ;
#2050 = EDGE_LOOP ( 'NONE', ( #2181, #1194, #22, #60 ) ) ;
#2051 = EDGE_CURVE ( 'NONE', #3894, #85, #1288, .T. ) ;
#2052 = DIRECTION ( 'NONE',  ( -1.000000000000000000, 0.000000000000000000, 0.000000000000000000 ) ) ;
#2053 = AXIS2_PLACEMENT_3D ( 'NONE', #3584, #833, #3283 ) ;
#2054 = ORIENTED_EDGE ( 'NONE', *, *, #2372, .T. ) ;
#2055 = DIRECTION ( 'NONE',  ( 0.000000000000000000, 0.000000000000000000, -1.000000000000000000 ) ) ;
#2056 = VERTEX_POINT ( 'NONE', #472 ) ;
#2057 = ADVANCED_FACE ( 'NONE', ( #2061 ), #2041, .T. ) ;
#2058 = ORIENTED_EDGE ( 'NONE', *, *, #1744, .F. ) ;
#2059 = CARTESIAN_POINT ( 'NONE',  ( -32.99999999999999289, -39.00000000000000711, 5.000000000000000000 ) ) ;
#2060 = CARTESIAN_POINT ( 'NONE',  ( 30.99999999999999289, -40.00000000000000711, 0.000000000000000000 ) ) ;
#2061 = FACE_OUTER_BOUND ( 'NONE', #1659, .T. ) ;
#2062 = ORIENTED_EDGE ( 'NONE', *, *, #2463, .F. ) ;
#2063 = AXIS2_PLACEMENT_3D ( 'NONE', #1585, #131, #2821 ) ;
#2064 = VECTOR ( 'NONE', #1886, 1000.000000000000000 ) ;
#2065 = CARTESIAN_POINT ( 'NONE',  ( -1.000000037474680248, 35.00000002163601209, 4.626373944780679537 ) ) ;
#2066 = CARTESIAN_POINT ( 'NONE',  ( -45.99999999999999289, 34.99999999999999289, 19.00000000000000000 ) ) ;
#2067 = DIRECTION ( 'NONE',  ( 0.000000000000000000, 0.000000000000000000, 1.000000000000000000 ) ) ;
#2068 = VECTOR ( 'NONE', #1839, 1000.000000000000000 ) ;
#2069 = VERTEX_POINT ( 'NONE', #784 ) ;
#2070 = AXIS2_PLACEMENT_3D ( 'NONE', #805, #204, #3775 ) ;
#2071 = ORIENTED_EDGE ( 'NONE', *, *, #1608, .F. ) ;
#2072 = EDGE_CURVE ( 'NONE', #3098, #2762, #2996, .T. ) ;
#2073 = DIRECTION ( 'NONE',  ( -1.000000000000000000, 0.000000000000000000, 0.000000000000000000 ) ) ;
#2074 = ORIENTED_EDGE ( 'NONE', *, *, #2773, .T. ) ;
#2075 = EDGE_CURVE ( 'NONE', #3744, #2290, #1695, .T. ) ;
#2076 = ORIENTED_EDGE ( 'NONE', *, *, #3515, .T. ) ;
#2077 = DIRECTION ( 'NONE',  ( 0.000000000000000000, 0.000000000000000000, -1.000000000000000000 ) ) ;
#2078 = ORIENTED_EDGE ( 'NONE', *, *, #841, .F. ) ;
#2079 = ORIENTED_EDGE ( 'NONE', *, *, #2938, .F. ) ;
#2080 = AXIS2_PLACEMENT_3D ( 'NONE', #2084, #3117, #713 ) ;
#2081 = CYLINDRICAL_SURFACE ( 'NONE', #1727, 2.999999999999999112 ) ;
#2082 = EDGE_CURVE ( 'NONE', #1098, #2022, #1123, .T. ) ;
#2083 = CARTESIAN_POINT ( 'NONE',  ( -45.99999999999999289, -33.00000000000000711, 21.10000000000000497 ) ) ;
#2084 = CARTESIAN_POINT ( 'NONE',  ( 26.00000000000000711, 39.00000000000000000, 5.000000000000000000 ) ) ;
#2085 = CARTESIAN_POINT ( 'NONE',  ( 30.99999999999999645, -36.00000000000000711, 0.000000000000000000 ) ) ;
#2086 = AXIS2_PLACEMENT_3D ( 'NONE', #573, #29, #3930 ) ;
#2087 = ORIENTED_EDGE ( 'NONE', *, *, #750, .T. ) ;
#2088 = DIRECTION ( 'NONE',  ( -1.000000000000000000, 0.000000000000000000, -0.000000000000000000 ) ) ;
#2089 = DIRECTION ( 'NONE',  ( 0.000000000000000000, 1.000000000000000000, 0.000000000000000000 ) ) ;
#2090 = AXIS2_PLACEMENT_3D ( 'NONE', #625, #1199, #356 ) ;
#2091 = CARTESIAN_POINT ( 'NONE',  ( 18.00000000000000355, 38.87298334620740548, 5.000000000000000000 ) ) ;
#2092 = CARTESIAN_POINT ( 'NONE',  ( 46.00000000000000711, -30.99999999999998579, 2.000000000000001776 ) ) ;
#2093 = FACE_OUTER_BOUND ( 'NONE', #1236, .T. ) ;
#2094 = ORIENTED_EDGE ( 'NONE', *, *, #2640, .T. ) ;
#2095 = ADVANCED_FACE ( 'NONE', ( #1446 ), #3888, .F. ) ;
#2096 = VERTEX_POINT ( 'NONE', #1420 ) ;
#2097 = CARTESIAN_POINT ( 'NONE',  ( 46.00000000000000711, -33.00000000000000711, 19.90000000000000568 ) ) ;
#2098 = VERTEX_POINT ( 'NONE', #2002 ) ;
#2099 = EDGE_CURVE ( 'NONE', #1884, #2635, #2614, .T. ) ;
#2100 = ORIENTED_EDGE ( 'NONE', *, *, #540, .T. ) ;
#2101 = DIRECTION ( 'NONE',  ( 1.000000000000000000, 0.000000000000000000, 0.000000000000000000 ) ) ;
#2102 = CARTESIAN_POINT ( 'NONE',  ( 1.000000000000002220, 38.99999999999999289, 5.000000000000000000 ) ) ;
#2103 = EDGE_CURVE ( 'NONE', #80, #1435, #1739, .T. ) ;
#2104 = VERTEX_POINT ( 'NONE', #221 ) ;
#2105 = CARTESIAN_POINT ( 'NONE',  ( 0.6005135481153882626, 34.99999999858636102, 2.343277189889183543 ) ) ;
#2106 = DIRECTION ( 'NONE',  ( -1.000000000000000000, 0.000000000000000000, -0.000000000000000000 ) ) ;
#2107 = DIRECTION ( 'NONE',  ( 1.000000000000000000, 0.000000000000000000, 0.000000000000000000 ) ) ;
#2108 = DIRECTION ( 'NONE',  ( -0.000000000000000000, 0.000000000000000000, 1.000000000000000000 ) ) ;
#2109 = ORIENTED_EDGE ( 'NONE', *, *, #3229, .T. ) ;
#2110 = CARTESIAN_POINT ( 'NONE',  ( 18.00000000000000355, 38.99999999999998579, 2.763932022500209751 ) ) ;
#2111 = LINE ( 'NONE', #1804, #2882 ) ;
#2112 = EDGE_CURVE ( 'NONE', #1412, #3813, #2648, .T. ) ;
#2113 = LINE ( 'NONE', #1133, #3460 ) ;
#2114 = AXIS2_PLACEMENT_3D ( 'NONE', #2579, #11, #875 ) ;
#2115 = ORIENTED_EDGE ( 'NONE', *, *, #1177, .F. ) ;
#2116 = PLANE ( 'NONE',  #2142 ) ;
#2117 = AXIS2_PLACEMENT_3D ( 'NONE', #1616, #691, #987 ) ;
#2118 = ORIENTED_EDGE ( 'NONE', *, *, #592, .T. ) ;
#2119 = VERTEX_POINT ( 'NONE', #531 ) ;
#2120 = DIRECTION ( 'NONE',  ( 0.000000000000000000, 0.000000000000000000, -1.000000000000000000 ) ) ;
#2121 = CARTESIAN_POINT ( 'NONE',  ( -45.99999999999999289, 32.99999999999999289, 19.90000000000000213 ) ) ;
#2122 = ADVANCED_FACE ( 'NONE', ( #3848 ), #1144, .T. ) ;
#2123 = ORIENTED_EDGE ( 'NONE', *, *, #3458, .F. ) ;
#2124 = CARTESIAN_POINT ( 'NONE',  ( -2.999999999999945377, 36.00500438494449185, 3.712392014398683493 ) ) ;
#2125 = CARTESIAN_POINT ( 'NONE',  ( -30.99999999999999645, -36.00000000000000711, 5.000000000000000000 ) ) ;
#2126 = CARTESIAN_POINT ( 'NONE',  ( 16.72301556883919815, 33.00000000000000000, 4.000000000000000000 ) ) ;
#2127 = EDGE_CURVE ( 'NONE', #3813, #2762, #3552, .T. ) ;
#2128 = DIRECTION ( 'NONE',  ( 0.000000000000000000, 0.000000000000000000, -1.000000000000000000 ) ) ;
#2129 = VECTOR ( 'NONE', #2169, 1000.000000000000000 ) ;
#2130 = DIRECTION ( 'NONE',  ( 0.000000000000000000, 0.000000000000000000, -1.000000000000000000 ) ) ;
#2131 = PLANE ( 'NONE',  #1828 ) ;
#2132 = CARTESIAN_POINT ( 'NONE',  ( -0.000000000000000000, -3.100000000000030731, 2.000000000000000000 ) ) ;
#2133 = ORIENTED_EDGE ( 'NONE', *, *, #3381, .F. ) ;
#2134 = PLANE ( 'NONE',  #1816 ) ;
#2135 = VECTOR ( 'NONE', #2206, 1000.000000000000000 ) ;
#2136 = ORIENTED_EDGE ( 'NONE', *, *, #1021, .T. ) ;
#2137 = EDGE_CURVE ( 'NONE', #785, #1765, #3231, .T. ) ;
#2138 = ORIENTED_EDGE ( 'NONE', *, *, #3329, .F. ) ;
#2139 = EDGE_CURVE ( 'NONE', #2701, #2056, #3865, .T. ) ;
#2140 = LINE ( 'NONE', #624, #1824 ) ;
#2141 = CARTESIAN_POINT ( 'NONE',  ( 47.00000000000000711, -18.99999999999998934, 8.000000000000000000 ) ) ;
#2142 = AXIS2_PLACEMENT_3D ( 'NONE', #2439, #1154, #2077 ) ;
#2143 = VERTEX_POINT ( 'NONE', #2021 ) ;
#2144 = LINE ( 'NONE', #1522, #358 ) ;
#2145 = EDGE_CURVE ( 'NONE', #3204, #3389, #3249, .T. ) ;
#2146 = DIRECTION ( 'NONE',  ( 0.000000000000000000, 0.000000000000000000, -1.000000000000000000 ) ) ;
#2147 = CARTESIAN_POINT ( 'NONE',  ( -6.000000000000000000, -38.00000000000000711, 5.000000000000000000 ) ) ;
#2148 = VECTOR ( 'NONE', #3847, 1000.000000000000000 ) ;
#2149 = DIRECTION ( 'NONE',  ( 0.000000000000000000, -1.000000000000000000, 0.000000000000000000 ) ) ;
#2150 = EDGE_CURVE ( 'NONE', #1181, #3623, #509, .T. ) ;
#2151 = VECTOR ( 'NONE', #2925, 1000.000000000000000 ) ;
#2152 = ORIENTED_EDGE ( 'NONE', *, *, #3479, .T. ) ;
#2153 = CARTESIAN_POINT ( 'NONE',  ( -46.00000000000000000, -35.00000000000000711, 2.000000000000000000 ) ) ;
#2154 = VECTOR ( 'NONE', #14, 1000.000000000000000 ) ;
#2155 = CARTESIAN_POINT ( 'NONE',  ( -12.99999999999999822, 38.99999999999998579, 5.000000000000000000 ) ) ;
#2156 = CYLINDRICAL_SURFACE ( 'NONE', #2048, 2.000000000000001776 ) ;
#2157 = ORIENTED_EDGE ( 'NONE', *, *, #664, .T. ) ;
#2158 = CARTESIAN_POINT ( 'NONE',  ( -49.99999999999999289, -35.00000000000000711, 0.000000000000000000 ) ) ;
#2159 = VECTOR ( 'NONE', #2605, 1000.000000000000000 ) ;
#2160 = ORIENTED_EDGE ( 'NONE', *, *, #3746, .T. ) ;
#2161 = DIRECTION ( 'NONE',  ( 0.000000000000000000, 0.000000000000000000, -1.000000000000000000 ) ) ;
#2162 = ORIENTED_EDGE ( 'NONE', *, *, #3131, .T. ) ;
#2163 = CARTESIAN_POINT ( 'NONE',  ( 18.00000000000000000, 35.18537764398499945, 2.952268250587213760 ) ) ;
#2164 = CARTESIAN_POINT ( 'NONE',  ( -4.410313921974896888E-17, 1.499999999999987566, 4.000000000000000000 ) ) ;
#2165 = VERTEX_POINT ( 'NONE', #1982 ) ;
#2166 = DIRECTION ( 'NONE',  ( 0.000000000000000000, -0.000000000000000000, 1.000000000000000000 ) ) ;
#2167 = DIRECTION ( 'NONE',  ( 0.000000000000000000, 1.000000000000000000, -0.000000000000000000 ) ) ;
#2168 = LINE ( 'NONE', #3804, #1036 ) ;
#2169 = DIRECTION ( 'NONE',  ( -0.000000000000000000, -0.000000000000000000, 1.000000000000000000 ) ) ;
#2170 = CARTESIAN_POINT ( 'NONE',  ( 14.00000000000000533, 34.99999999999999289, 2.763932022500209751 ) ) ;
#2171 = VERTEX_POINT ( 'NONE', #2366 ) ;
#2172 = EDGE_LOOP ( 'NONE', ( #643, #164, #2235, #2917 ) ) ;
#2173 = DIRECTION ( 'NONE',  ( 1.000000000000000000, 3.638262323776860755E-18, 0.000000000000000000 ) ) ;
#2174 = LINE ( 'NONE', #2740, #834 ) ;
#2175 = ORIENTED_EDGE ( 'NONE', *, *, #3580, .T. ) ;
#2176 = CARTESIAN_POINT ( 'NONE',  ( 32.00000000000000000, 39.00000000000000000, 5.000000000000000000 ) ) ;
#2177 = EDGE_CURVE ( 'NONE', #1015, #1967, #3570, .T. ) ;
#2178 = VERTEX_POINT ( 'NONE', #2694 ) ;
#2179 = VECTOR ( 'NONE', #3118, 1000.000000000000000 ) ;
#2180 = DIRECTION ( 'NONE',  ( 0.000000000000000000, 0.000000000000000000, 1.000000000000000000 ) ) ;
#2181 = ORIENTED_EDGE ( 'NONE', *, *, #1936, .F. ) ;
#2182 = EDGE_CURVE ( 'NONE', #1269, #169, #2537, .T. ) ;
#2183 = EDGE_LOOP ( 'NONE', ( #1717, #3656, #588, #451, #504, #1798, #3326, #152, #795 ) ) ;
#2184 = LINE ( 'NONE', #3790, #1433 ) ;
#2185 =( GEOMETRIC_REPRESENTATION_CONTEXT ( 3 ) GLOBAL_UNCERTAINTY_ASSIGNED_CONTEXT ( ( #2813 ) ) GLOBAL_UNIT_ASSIGNED_CONTEXT ( ( #2848, #1296, #2218 ) ) REPRESENTATION_CONTEXT ( 'NONE', 'WORKASPACE' ) );
#2186 = CYLINDRICAL_SURFACE ( 'NONE', #2260, 2.000000000000001776 ) ;
#2187 = CARTESIAN_POINT ( 'NONE',  ( 6.000000000000000000, -38.00000000000000711, 5.000000000000000000 ) ) ;
#2188 = CARTESIAN_POINT ( 'NONE',  ( -45.99999999999999289, -33.00000000000000711, 22.00000000000000000 ) ) ;
#2189 = VERTEX_POINT ( 'NONE', #2798 ) ;
#2190 = ORIENTED_EDGE ( 'NONE', *, *, #3859, .F. ) ;
#2191 = CARTESIAN_POINT ( 'NONE',  ( 50.00000000000000711, -18.99999999999998934, 8.000000000000000000 ) ) ;
#2192 = DIRECTION ( 'NONE',  ( 0.000000000000000000, 0.000000000000000000, -1.000000000000000000 ) ) ;
#2193 = CARTESIAN_POINT ( 'NONE',  ( -45.99999999999999289, 34.99999999999999289, 22.00000000000000000 ) ) ;
#2194 = ORIENTED_EDGE ( 'NONE', *, *, #3515, .F. ) ;
#2195 = VECTOR ( 'NONE', #2271, 1000.000000000000000 ) ;
#2196 = AXIS2_PLACEMENT_3D ( 'NONE', #3905, #3248, #1795 ) ;
#2197 = VECTOR ( 'NONE', #2978, 1000.000000000000000 ) ;
#2198 = VECTOR ( 'NONE', #1365, 1000.000000000000000 ) ;
#2199 = EDGE_CURVE ( 'NONE', #3894, #3744, #3873, .T. ) ;
#2200 = ORIENTED_EDGE ( 'NONE', *, *, #1265, .T. ) ;
#2201 = PRODUCT_DEFINITION_CONTEXT ( 'detailed design', #1083, 'design' ) ;
#2202 = CIRCLE ( 'NONE', #3160, 2.000000000000000888 ) ;
#2203 = DIRECTION ( 'NONE',  ( 0.000000000000000000, 0.000000000000000000, -1.000000000000000000 ) ) ;
#2204 = VERTEX_POINT ( 'NONE', #3714 ) ;
#2205 = DIRECTION ( 'NONE',  ( -0.000000000000000000, -1.000000000000000000, -0.000000000000000000 ) ) ;
#2206 = DIRECTION ( 'NONE',  ( -0.000000000000000000, -0.000000000000000000, -1.000000000000000000 ) ) ;
#2207 = CARTESIAN_POINT ( 'NONE',  ( -18.10000000000001563, -3.100000000000030731, 4.000000000000000000 ) ) ;
#2208 = DIRECTION ( 'NONE',  ( 0.000000000000000000, -0.000000000000000000, 1.000000000000000000 ) ) ;
#2209 = LINE ( 'NONE', #128, #2472 ) ;
#2210 = DIRECTION ( 'NONE',  ( 1.000000000000000000, 0.000000000000000000, 0.000000000000000000 ) ) ;
#2211 = ORIENTED_EDGE ( 'NONE', *, *, #2521, .F. ) ;
#2212 = VERTEX_POINT ( 'NONE', #1584 ) ;
#2213 = VECTOR ( 'NONE', #1070, 1000.000000000000000 ) ;
#2214 = DIRECTION ( 'NONE',  ( 0.000000000000000000, 0.000000000000000000, 1.000000000000000000 ) ) ;
#2215 = VECTOR ( 'NONE', #2089, 1000.000000000000000 ) ;
#2216 = CARTESIAN_POINT ( 'NONE',  ( 32.00000000000001421, 14.99999999999999645, 7.000000000000000888 ) ) ;
#2217 = ORIENTED_EDGE ( 'NONE', *, *, #1577, .F. ) ;
#2218 =( NAMED_UNIT ( * ) SI_UNIT ( $, .STERADIAN. ) SOLID_ANGLE_UNIT ( ) );
#2219 = ORIENTED_EDGE ( 'NONE', *, *, #3936, .F. ) ;
#2220 = EDGE_CURVE ( 'NONE', #1275, #3141, #1305, .T. ) ;
#2221 = CARTESIAN_POINT ( 'NONE',  ( 47.93649167310370984, -31.50000000000000711, 4.000000000000000000 ) ) ;
#2222 = ADVANCED_FACE ( 'NONE', ( #1907 ), #2531, .T. ) ;
#2223 = ORIENTED_EDGE ( 'NONE', *, *, #1799, .T. ) ;
#2224 = PLANE ( 'NONE',  #3222 ) ;
#2225 = CARTESIAN_POINT ( 'NONE',  ( -45.99999999999999289, 32.99999999999999289, 2.000000000000001776 ) ) ;
#2226 = DIRECTION ( 'NONE',  ( 0.000000000000000000, 0.000000000000000000, -1.000000000000000000 ) ) ;
#2227 = DIRECTION ( 'NONE',  ( 0.000000000000000000, 0.000000000000000000, -1.000000000000000000 ) ) ;
#2228 = CARTESIAN_POINT ( 'NONE',  ( 16.72301556883919815, 32.50000000000000000, 4.000000000000000000 ) ) ;
#2229 = LINE ( 'NONE', #3452, #1612 ) ;
#2230 = VERTEX_POINT ( 'NONE', #3168 ) ;
#2231 = CARTESIAN_POINT ( 'NONE',  ( 12.00000000000000888, 34.99999999999999289, 2.000000000000000000 ) ) ;
#2232 = AXIS2_PLACEMENT_3D ( 'NONE', #1726, #2902, #2941 ) ;
#2233 = EDGE_CURVE ( 'NONE', #855, #669, #2861, .T. ) ;
#2234 = AXIS2_PLACEMENT_3D ( 'NONE', #3618, #1721, #1782 ) ;
#2235 = ORIENTED_EDGE ( 'NONE', *, *, #2613, .T. ) ;
#2236 = DIRECTION ( 'NONE',  ( -1.000000000000000000, 0.000000000000000000, 0.000000000000000000 ) ) ;
#2237 = EDGE_LOOP ( 'NONE', ( #532, #3234, #2454, #1149 ) ) ;
#2238 = LINE ( 'NONE', #3464, #1640 ) ;
#2239 = CARTESIAN_POINT ( 'NONE',  ( 29.50000000000001066, 33.00000000000000000, 4.500000000000000888 ) ) ;
#2240 = VERTEX_POINT ( 'NONE', #2228 ) ;
#2241 = DIRECTION ( 'NONE',  ( -1.000000000000000000, 0.000000000000000000, 0.000000000000000000 ) ) ;
#2242 = LINE ( 'NONE', #2264, #2523 ) ;
#2243 = AXIS2_PLACEMENT_3D ( 'NONE', #893, #289, #2965 ) ;
#2244 = DIRECTION ( 'NONE',  ( -0.000000000000000000, -1.000000000000000000, -0.000000000000000000 ) ) ;
#2245 = CARTESIAN_POINT ( 'NONE',  ( 12.00000000000001066, 14.99999999999999645, 2.000000000000000000 ) ) ;
#2246 = CARTESIAN_POINT ( 'NONE',  ( 31.33667280979630121, 35.05195454867274663, 2.083856296925806095 ) ) ;
#2247 = EDGE_CURVE ( 'NONE', #2626, #757, #91, .T. ) ;
#2248 = VECTOR ( 'NONE', #3588, 1000.000000000000000 ) ;
#2249 = DIRECTION ( 'NONE',  ( 0.000000000000000000, 0.000000000000000000, -1.000000000000000000 ) ) ;
#2250 = FACE_OUTER_BOUND ( 'NONE', #234, .T. ) ;
#2251 = PRODUCT_DEFINITION_SHAPE ( 'NONE', 'NONE',  #1658 ) ;
#2252 = ORIENTED_EDGE ( 'NONE', *, *, #1370, .F. ) ;
#2253 = AXIS2_PLACEMENT_3D ( 'NONE', #2009, #1389, #3577 ) ;
#2254 = VECTOR ( 'NONE', #2764, 1000.000000000000000 ) ;
#2255 = CARTESIAN_POINT ( 'NONE',  ( -10.99999999999998401, 41.00000000000000000, 0.000000000000000000 ) ) ;
#2256 = CYLINDRICAL_SURFACE ( 'NONE', #1284, 2.000000000000000444 ) ;
#2257 = ORIENTED_EDGE ( 'NONE', *, *, #1533, .T. ) ;
#2258 = EDGE_CURVE ( 'NONE', #3503, #1145, #2926, .T. ) ;
#2259 = DIRECTION ( 'NONE',  ( -1.000000000000000000, 0.000000000000000000, 0.000000000000000000 ) ) ;
#2260 = AXIS2_PLACEMENT_3D ( 'NONE', #2469, #3694, #1563 ) ;
#2261 = CARTESIAN_POINT ( 'NONE',  ( 48.00000000000000711, 33.00000000000000000, 22.00000000000000000 ) ) ;
#2262 = DIRECTION ( 'NONE',  ( -0.000000000000000000, 0.000000000000000000, 1.000000000000000000 ) ) ;
#2263 = VERTEX_POINT ( 'NONE', #3396 ) ;
#2264 = CARTESIAN_POINT ( 'NONE',  ( 46.00000000000000711, 32.99999999999999289, 21.10000000000000142 ) ) ;
#2265 = EDGE_CURVE ( 'NONE', #1591, #1790, #1931, .T. ) ;
#2266 = DIRECTION ( 'NONE',  ( 0.000000000000000000, -0.000000000000000000, -1.000000000000000000 ) ) ;
#2267 = ADVANCED_FACE ( 'NONE', ( #3093 ), #421, .T. ) ;
#2268 = AXIS2_PLACEMENT_3D ( 'NONE', #322, #3076, #342 ) ;
#2269 = CARTESIAN_POINT ( 'NONE',  ( 0.000000000000000000, 32.50000000000000000, 4.000000000000000000 ) ) ;
#2270 = DIRECTION ( 'NONE',  ( -6.938893903907228378E-17, 1.000000000000000000, 0.000000000000000000 ) ) ;
#2271 = DIRECTION ( 'NONE',  ( -1.000000000000000000, -7.228014483236695816E-17, 0.000000000000000000 ) ) ;
#2272 = ORIENTED_EDGE ( 'NONE', *, *, #1625, .T. ) ;
#2273 = ORIENTED_EDGE ( 'NONE', *, *, #157, .F. ) ;
#2274 = EDGE_CURVE ( 'NONE', #3744, #2934, #2209, .T. ) ;
#2275 = CYLINDRICAL_SURFACE ( 'NONE', #555, 2.000000000000000888 ) ;
#2276 = DIRECTION ( 'NONE',  ( 1.000000000000000000, 0.000000000000000000, 0.000000000000000000 ) ) ;
#2277 = AXIS2_PLACEMENT_3D ( 'NONE', #2326, #3253, #2939 ) ;
#2278 = EDGE_CURVE ( 'NONE', #3919, #1588, #1619, .T. ) ;
#2279 = ORIENTED_EDGE ( 'NONE', *, *, #828, .T. ) ;
#2280 = PLANE ( 'NONE',  #2338 ) ;
#2281 = CARTESIAN_POINT ( 'NONE',  ( -12.99999999999999822, 38.99999999583333476, 2.673534959075881456 ) ) ;
#2282 = ORIENTED_EDGE ( 'NONE', *, *, #3057, .T. ) ;
#2283 = VECTOR ( 'NONE', #417, 1000.000000000000000 ) ;
#2284 = ORIENTED_EDGE ( 'NONE', *, *, #2046, .F. ) ;
#2285 = DIRECTION ( 'NONE',  ( 0.000000000000000000, -1.000000000000000000, 0.000000000000000000 ) ) ;
#2286 = DIRECTION ( 'NONE',  ( -0.000000000000000000, -0.000000000000000000, 1.000000000000000000 ) ) ;
#2287 = EDGE_CURVE ( 'NONE', #3642, #3503, #66, .T. ) ;
#2288 = CARTESIAN_POINT ( 'NONE',  ( 20.00000000000001776, 41.00000000000000000, 0.000000000000000000 ) ) ;
#2289 = CARTESIAN_POINT ( 'NONE',  ( 14.00000000000000533, 35.00000000000000000, 2.000000000000000000 ) ) ;
#2290 = VERTEX_POINT ( 'NONE', #1564 ) ;
#2291 = CARTESIAN_POINT ( 'NONE',  ( -47.99999999999999289, -33.00000000000000711, 22.00000000000000000 ) ) ;
#2292 = DIRECTION ( 'NONE',  ( 0.000000000000000000, 0.000000000000000000, -1.000000000000000000 ) ) ;
#2293 = CARTESIAN_POINT ( 'NONE',  ( -30.99999999999999645, -40.00000000000000711, 0.000000000000000000 ) ) ;
#2294 = ORIENTED_EDGE ( 'NONE', *, *, #3496, .T. ) ;
#2295 = CARTESIAN_POINT ( 'NONE',  ( 45.50000000000001421, 0.000000000000000000, 4.000000000000000000 ) ) ;
#2296 = CARTESIAN_POINT ( 'NONE',  ( -15.93741157911293982, 35.00000001178700870, 3.575881894653683890 ) ) ;
#2297 = VERTEX_POINT ( 'NONE', #1082 ) ;
#2298 = ORIENTED_EDGE ( 'NONE', *, *, #2442, .F. ) ;
#2299 = LINE ( 'NONE', #239, #1620 ) ;
#2300 = CARTESIAN_POINT ( 'NONE',  ( -0.9999999999999926725, 14.99999999999999645, 5.000000000000000888 ) ) ;
#2301 = CARTESIAN_POINT ( 'NONE',  ( 2.000000000000007105, 14.99999999999999645, 2.000000000000000888 ) ) ;
#2302 = CARTESIAN_POINT ( 'NONE',  ( 30.99999999999999645, -40.00000000000000711, 5.000000000000000000 ) ) ;
#2303 = DIRECTION ( 'NONE',  ( 1.000000000000000000, 0.000000000000000000, 0.000000000000000000 ) ) ;
#2304 = AXIS2_PLACEMENT_3D ( 'NONE', #3138, #660, #3080 ) ;
#2305 = ORIENTED_EDGE ( 'NONE', *, *, #1748, .F. ) ;
#2306 = DIRECTION ( 'NONE',  ( 0.000000000000000000, 0.000000000000000000, -1.000000000000000000 ) ) ;
#2307 = ORIENTED_EDGE ( 'NONE', *, *, #1157, .F. ) ;
#2308 = DIRECTION ( 'NONE',  ( 1.000000000000000000, 0.000000000000000000, 0.000000000000000000 ) ) ;
#2309 = VECTOR ( 'NONE', #1735, 1000.000000000000000 ) ;
#2310 = EDGE_CURVE ( 'NONE', #480, #326, #2001, .T. ) ;
#2311 = CARTESIAN_POINT ( 'NONE',  ( 50.00000000000000711, -30.99999999999998934, 0.000000000000000000 ) ) ;
#2312 = CARTESIAN_POINT ( 'NONE',  ( 2.000000000000005773, 34.99999999999999289, 2.000000000000000888 ) ) ;
#2313 = VERTEX_POINT ( 'NONE', #783 ) ;
#2314 = CARTESIAN_POINT ( 'NONE',  ( -12.99999999999999645, 35.09413036012227138, 2.521632566321320379 ) ) ;
#2315 = EDGE_CURVE ( 'NONE', #3902, #1435, #1399, .T. ) ;
#2316 = VERTEX_POINT ( 'NONE', #1102 ) ;
#2317 = EDGE_LOOP ( 'NONE', ( #3628, #1838, #180, #1548 ) ) ;
#2318 = FACE_OUTER_BOUND ( 'NONE', #818, .T. ) ;
#2319 = LINE ( 'NONE', #2912, #3265 ) ;
#2320 = EDGE_CURVE ( 'NONE', #2119, #2969, #3906, .T. ) ;
#2321 = AXIS2_PLACEMENT_3D ( 'NONE', #2670, #2365, #3590 ) ;
#2322 = DIRECTION ( 'NONE',  ( -1.000000000000000000, 0.000000000000000000, 0.000000000000000000 ) ) ;
#2323 = ORIENTED_EDGE ( 'NONE', *, *, #2177, .T. ) ;
#2324 = EDGE_CURVE ( 'NONE', #76, #2373, #1161, .T. ) ;
#2325 = ORIENTED_EDGE ( 'NONE', *, *, #724, .T. ) ;
#2326 = CARTESIAN_POINT ( 'NONE',  ( 26.00000000000000711, 39.00000000000000000, 0.000000000000000000 ) ) ;
#2327 = CIRCLE ( 'NONE', #3863, 2.000000000000005329 ) ;
#2328 = EDGE_CURVE ( 'NONE', #3783, #2674, #3812, .T. ) ;
#2329 = CARTESIAN_POINT ( 'NONE',  ( 20.50000000000000355, 29.00000000000000000, 4.000000000000000000 ) ) ;
#2330 = FACE_BOUND ( 'NONE', #3346, .T. ) ;
#2331 = ORIENTED_EDGE ( 'NONE', *, *, #636, .F. ) ;
#2332 = CIRCLE ( 'NONE', #247, 2.000000000000000444 ) ;
#2333 = EDGE_LOOP ( 'NONE', ( #1813, #3313, #737, #3938, #897, #2211, #2409, #416 ) ) ;
#2334 = VECTOR ( 'NONE', #3440, 1000.000000000000000 ) ;
#2335 = ORIENTED_EDGE ( 'NONE', *, *, #3689, .T. ) ;
#2336 = CARTESIAN_POINT ( 'NONE',  ( -15.59999999982404084, 35.00000000006573941, 4.801856932513510756 ) ) ;
#2337 = ADVANCED_FACE ( 'NONE', ( #2692 ), #863, .T. ) ;
#2338 = AXIS2_PLACEMENT_3D ( 'NONE', #2295, #482, #1993 ) ;
#2339 = ORIENTED_EDGE ( 'NONE', *, *, #2827, .F. ) ;
#2340 = ORIENTED_EDGE ( 'NONE', *, *, #1777, .F. ) ;
#2341 = FACE_OUTER_BOUND ( 'NONE', #304, .T. ) ;
#2342 = FACE_BOUND ( 'NONE', #3235, .T. ) ;
#2343 = ADVANCED_FACE ( 'NONE', ( #79 ), #2275, .T. ) ;
#2344 = DIRECTION ( 'NONE',  ( 1.000000000000000000, 0.000000000000000000, -0.000000000000000000 ) ) ;
#2345 = DIRECTION ( 'NONE',  ( -0.000000000000000000, -0.000000000000000000, -1.000000000000000000 ) ) ;
#2346 = ORIENTED_EDGE ( 'NONE', *, *, #3347, .T. ) ;
#2347 = LINE ( 'NONE', #867, #3016 ) ;
#2348 = CARTESIAN_POINT ( 'NONE',  ( -2.999999999999997780, 38.99999999999999289, 2.171572875253811929 ) ) ;
#2349 = LINE ( 'NONE', #3892, #2662 ) ;
#2350 = LINE ( 'NONE', #1166, #640 ) ;
#2351 = CIRCLE ( 'NONE', #627, 2.000000000000000000 ) ;
#2352 = CARTESIAN_POINT ( 'NONE',  ( 50.00000000000000711, -10.99999999999998934, 4.999999999999999112 ) ) ;
#2353 = EDGE_CURVE ( 'NONE', #3429, #3642, #2805, .T. ) ;
#2354 = ORIENTED_EDGE ( 'NONE', *, *, #3559, .F. ) ;
#2355 = CARTESIAN_POINT ( 'NONE',  ( 20.00000000000000000, 39.00000000000000000, 0.000000000000000000 ) ) ;
#2356 = ORIENTED_EDGE ( 'NONE', *, *, #442, .T. ) ;
#2357 = ADVANCED_FACE ( 'NONE', ( #2555 ), #1589, .F. ) ;
#2358 = VERTEX_POINT ( 'NONE', #2538 ) ;
#2359 = CARTESIAN_POINT ( 'NONE',  ( -13.00000000000008882, 35.92691067486899215, 4.315231998493426424 ) ) ;
#2360 = ORIENTED_EDGE ( 'NONE', *, *, #2827, .T. ) ;
#2361 = VECTOR ( 'NONE', #943, 1000.000000000000000 ) ;
#2362 = EDGE_LOOP ( 'NONE', ( #2889, #935, #3626, #244 ) ) ;
#2363 = CARTESIAN_POINT ( 'NONE',  ( 47.00000000000000711, -10.99999999999998934, 4.999999999999999112 ) ) ;
#2364 = PLANE ( 'NONE',  #2960 ) ;
#2365 = DIRECTION ( 'NONE',  ( -6.938893903907228378E-17, 1.000000000000000000, -0.000000000000000000 ) ) ;
#2366 = CARTESIAN_POINT ( 'NONE',  ( 18.00000000000000355, 38.99999999999998579, 5.000000000000000000 ) ) ;
#2367 = VERTEX_POINT ( 'NONE', #1350 ) ;
#2368 = LINE ( 'NONE', #3868, #3519 ) ;
#2369 = CARTESIAN_POINT ( 'NONE',  ( -2.999999999999998224, 38.55344670561798637, 4.400919510975088045 ) ) ;
#2370 = FACE_OUTER_BOUND ( 'NONE', #3158, .T. ) ;
#2371 = FACE_OUTER_BOUND ( 'NONE', #797, .T. ) ;
#2372 = EDGE_CURVE ( 'NONE', #1248, #10, #1329, .T. ) ;
#2373 = VERTEX_POINT ( 'NONE', #2826 ) ;
#2374 = AXIS2_PLACEMENT_3D ( 'NONE', #577, #251, #2052 ) ;
#2375 = CARTESIAN_POINT ( 'NONE',  ( 35.00000000000000711, -39.00000000000000711, 5.000000000000000000 ) ) ;
#2376 = ORIENTED_EDGE ( 'NONE', *, *, #2274, .F. ) ;
#2377 = PLANE ( 'NONE',  #2243 ) ;
#2378 = VERTEX_POINT ( 'NONE', #96 ) ;
#2379 = EDGE_CURVE ( 'NONE', #1015, #2204, #1271, .T. ) ;
#2380 = VECTOR ( 'NONE', #460, 1000.000000000000000 ) ;
#2381 = DIRECTION ( 'NONE',  ( 0.000000000000000000, 0.000000000000000000, -1.000000000000000000 ) ) ;
#2382 = EDGE_LOOP ( 'NONE', ( #2986, #3018, #2487 ) ) ;
#2383 = VERTEX_POINT ( 'NONE', #2497 ) ;
#2384 = DIRECTION ( 'NONE',  ( -0.000000000000000000, 0.000000000000000000, 1.000000000000000000 ) ) ;
#2385 = CARTESIAN_POINT ( 'NONE',  ( 30.99999999999999645, -40.00000000000000711, 5.000000000000000000 ) ) ;
#2386 = CARTESIAN_POINT ( 'NONE',  ( 46.00000000000000711, -34.10000000000000853, 19.90000000000000568 ) ) ;
#2387 = FACE_OUTER_BOUND ( 'NONE', #203, .T. ) ;
#2388 = ORIENTED_EDGE ( 'NONE', *, *, #357, .F. ) ;
#2389 = AXIS2_PLACEMENT_3D ( 'NONE', #3151, #2840, #112 ) ;
#2390 = CARTESIAN_POINT ( 'NONE',  ( 46.00000000000000711, -33.00000000000000711, 19.90000000000000568 ) ) ;
#2391 = CYLINDRICAL_SURFACE ( 'NONE', #2086, 4.000000000000000000 ) ;
#2392 = PLANE ( 'NONE',  #2234 ) ;
#2393 = EDGE_CURVE ( 'NONE', #396, #2104, #1624, .T. ) ;
#2394 = DIRECTION ( 'NONE',  ( 0.000000000000000000, 0.000000000000000000, -1.000000000000000000 ) ) ;
#2395 = VECTOR ( 'NONE', #2453, 1000.000000000000000 ) ;
#2396 = EDGE_CURVE ( 'NONE', #326, #1298, #697, .T. ) ;
#2397 = CARTESIAN_POINT ( 'NONE',  ( -45.99999999999999289, -33.00000000000000711, 19.00000000000000000 ) ) ;
#2398 = CARTESIAN_POINT ( 'NONE',  ( 39.00000000000000000, -38.99999999999998579, 2.000000000000000000 ) ) ;
#2399 = ORIENTED_EDGE ( 'NONE', *, *, #2468, .T. ) ;
#2400 = VERTEX_POINT ( 'NONE', #2191 ) ;
#2401 = EDGE_CURVE ( 'NONE', #2400, #757, #615, .T. ) ;
#2402 = CARTESIAN_POINT ( 'NONE',  ( 16.99999999999999645, 32.50000000000000000, 4.000000000000000000 ) ) ;
#2403 = ORIENTED_EDGE ( 'NONE', *, *, #647, .T. ) ;
#2404 = ORIENTED_EDGE ( 'NONE', *, *, #2463, .T. ) ;
#2405 = AXIS2_PLACEMENT_3D ( 'NONE', #2820, #1687, #693 ) ;
#2406 = DIRECTION ( 'NONE',  ( 1.000000000000000000, 6.938893903907228378E-17, 0.000000000000000000 ) ) ;
#2407 = CARTESIAN_POINT ( 'NONE',  ( 20.00000000000000000, 39.00000000000000000, 5.000000000000000000 ) ) ;
#2408 = VECTOR ( 'NONE', #53, 1000.000000000000000 ) ;
#2409 = ORIENTED_EDGE ( 'NONE', *, *, #3178, .F. ) ;
#2410 = DIRECTION ( 'NONE',  ( -1.000000000000000000, -0.000000000000000000, -0.000000000000000000 ) ) ;
#2411 = CARTESIAN_POINT ( 'NONE',  ( 0.4563761791656493760, 35.00000001014330309, 2.417042868516910747 ) ) ;
#2412 = LINE ( 'NONE', #3635, #1825 ) ;
#2413 = DIRECTION ( 'NONE',  ( -1.000000000000000000, 0.000000000000000000, 0.000000000000000000 ) ) ;
#2414 = CARTESIAN_POINT ( 'NONE',  ( -2.385244779468109755E-15, 33.00000000000000000, 4.000000000000000000 ) ) ;
#2415 = VERTEX_POINT ( 'NONE', #1933 ) ;
#2416 = AXIS2_PLACEMENT_3D ( 'NONE', #3507, #747, #1924 ) ;
#2417 = DIRECTION ( 'NONE',  ( 0.000000000000000000, -0.000000000000000000, -1.000000000000000000 ) ) ;
#2418 = CARTESIAN_POINT ( 'NONE',  ( -0.000000000000000000, 3.199999999999946443, 2.000000000000000000 ) ) ;
#2419 = ORIENTED_EDGE ( 'NONE', *, *, #1273, .F. ) ;
#2420 = CARTESIAN_POINT ( 'NONE',  ( -6.000000000000000000, -38.00000000000000711, 0.000000000000000000 ) ) ;
#2421 = EDGE_CURVE ( 'NONE', #2635, #80, #3494, .T. ) ;
#2422 = VERTEX_POINT ( 'NONE', #679 ) ;
#2423 = FACE_OUTER_BOUND ( 'NONE', #3439, .T. ) ;
#2424 = CARTESIAN_POINT ( 'NONE',  ( 17.00000000000000000, 1.499999999999987788, 4.000000000000000000 ) ) ;
#2425 = VECTOR ( 'NONE', #2700, 1000.000000000000000 ) ;
#2426 = ORIENTED_EDGE ( 'NONE', *, *, #2561, .T. ) ;
#2427 = DIRECTION ( 'NONE',  ( 0.000000000000000000, 1.000000000000000000, 0.000000000000000000 ) ) ;
#2428 = CARTESIAN_POINT ( 'NONE',  ( -47.99999999999999289, -31.00000000000000711, 19.00000000000000000 ) ) ;
#2429 = DIRECTION ( 'NONE',  ( 1.000000000000000000, 0.000000000000000000, 0.000000000000000000 ) ) ;
#2430 = LINE ( 'NONE', #1205, #2712 ) ;
#2431 = VERTEX_POINT ( 'NONE', #3137 ) ;
#2432 = VECTOR ( 'NONE', #1999, 1000.000000000000000 ) ;
#2433 = CARTESIAN_POINT ( 'NONE',  ( -47.99999999999999289, 30.99999999999999289, 19.00000000000000000 ) ) ;
#2434 = EDGE_CURVE ( 'NONE', #557, #1643, #408, .T. ) ;
#2435 = FACE_OUTER_BOUND ( 'NONE', #119, .T. ) ;
#2436 = LINE ( 'NONE', #2132, #3407 ) ;
#2437 = AXIS2_PLACEMENT_3D ( 'NONE', #1740, #2976, #1450 ) ;
#2438 = ORIENTED_EDGE ( 'NONE', *, *, #404, .T. ) ;
#2439 = CARTESIAN_POINT ( 'NONE',  ( -49.99999999999999289, -35.00000000000000711, 2.000000000000000000 ) ) ;
#2440 = CIRCLE ( 'NONE', #35, 2.000000000000000444 ) ;
#2441 = ORIENTED_EDGE ( 'NONE', *, *, #2082, .F. ) ;
#2442 = EDGE_CURVE ( 'NONE', #3807, #501, #3154, .T. ) ;
#2443 = ORIENTED_EDGE ( 'NONE', *, *, #1183, .T. ) ;
#2444 = CARTESIAN_POINT ( 'NONE',  ( 18.00000000000000355, 35.60091942407694887, 3.772848263984744932 ) ) ;
#2445 = EDGE_CURVE ( 'NONE', #1258, #1794, #1373, .T. ) ;
#2446 = CARTESIAN_POINT ( 'NONE',  ( -12.99999999999999822, 38.99999999999998579, 5.000000000000000000 ) ) ;
#2447 = ORIENTED_EDGE ( 'NONE', *, *, #3182, .F. ) ;
#2448 = CARTESIAN_POINT ( 'NONE',  ( 18.00000000000000355, 38.99999999999998579, 2.763932022500209751 ) ) ;
#2449 = CARTESIAN_POINT ( 'NONE',  ( -18.60000000000002629, 33.00000000000000000, 2.000000000000000000 ) ) ;
#2450 = CYLINDRICAL_SURFACE ( 'NONE', #1457, 2.000000000000001776 ) ;
#2451 = DIRECTION ( 'NONE',  ( 0.000000000000000000, 0.000000000000000000, -1.000000000000000000 ) ) ;
#2452 = VECTOR ( 'NONE', #2572, 1000.000000000000000 ) ;
#2453 = DIRECTION ( 'NONE',  ( 0.000000000000000000, -1.000000000000000000, 0.000000000000000000 ) ) ;
#2454 = ORIENTED_EDGE ( 'NONE', *, *, #1774, .T. ) ;
#2455 = DIRECTION ( 'NONE',  ( 1.000000000000000000, 0.000000000000000000, 0.000000000000000000 ) ) ;
#2456 = CYLINDRICAL_SURFACE ( 'NONE', #773, 2.000000000000001776 ) ;
#2457 = AXIS2_PLACEMENT_3D ( 'NONE', #3903, #2992, #485 ) ;
#2458 = ORIENTED_EDGE ( 'NONE', *, *, #3569, .T. ) ;
#2459 = DIRECTION ( 'NONE',  ( 0.000000000000000000, -1.000000000000000000, 0.000000000000000000 ) ) ;
#2460 = CIRCLE ( 'NONE', #479, 2.000000000000005329 ) ;
#2461 = ORIENTED_EDGE ( 'NONE', *, *, #511, .F. ) ;
#2462 = VERTEX_POINT ( 'NONE', #1010 ) ;
#2463 = EDGE_CURVE ( 'NONE', #944, #952, #3797, .T. ) ;
#2464 = DIRECTION ( 'NONE',  ( -0.000000000000000000, -0.000000000000000000, -1.000000000000000000 ) ) ;
#2465 = FACE_BOUND ( 'NONE', #2589, .T. ) ;
#2466 = VECTOR ( 'NONE', #311, 1000.000000000000000 ) ;
#2467 = VERTEX_POINT ( 'NONE', #2255 ) ;
#2468 = EDGE_CURVE ( 'NONE', #2674, #1221, #971, .T. ) ;
#2469 = CARTESIAN_POINT ( 'NONE',  ( -45.99999999999999289, 30.99999999999999289, 22.00000000000000000 ) ) ;
#2470 = LINE ( 'NONE', #1312, #3304 ) ;
#2471 = PLANE ( 'NONE',  #3789 ) ;
#2472 = VECTOR ( 'NONE', #1925, 1000.000000000000000 ) ;
#2473 = CARTESIAN_POINT ( 'NONE',  ( 46.00000000000000711, 32.99999999999999289, 19.90000000000000213 ) ) ;
#2474 = AXIS2_PLACEMENT_3D ( 'NONE', #104, #2180, #1814 ) ;
#2475 = ORIENTED_EDGE ( 'NONE', *, *, #157, .T. ) ;
#2476 = EDGE_LOOP ( 'NONE', ( #879, #1867, #2219, #2054 ) ) ;
#2477 = EDGE_CURVE ( 'NONE', #1040, #3783, #434, .T. ) ;
#2478 = CARTESIAN_POINT ( 'NONE',  ( 12.00000000000000711, 34.99999999999999289, 8.000000000000000000 ) ) ;
#2479 = FACE_OUTER_BOUND ( 'NONE', #3483, .T. ) ;
#2480 = ORIENTED_EDGE ( 'NONE', *, *, #2024, .F. ) ;
#2481 = EDGE_CURVE ( 'NONE', #835, #2263, #2881, .T. ) ;
#2482 = CARTESIAN_POINT ( 'NONE',  ( -34.99999999999999289, -39.00000000000000711, 5.000000000000000000 ) ) ;
#2483 = AXIS2_PLACEMENT_3D ( 'NONE', #1821, #3674, #927 ) ;
#2484 = ORIENTED_EDGE ( 'NONE', *, *, #1282, .F. ) ;
#2485 = B_SPLINE_CURVE_WITH_KNOTS ( 'NONE', 3,
 ( #2110, #1110, #873, #2091 ),
 .UNSPECIFIED., .F., .F.,
 ( 4, 4 ),
 ( 4.336808689942017736E-19, 0.002240585916420888626 ),
 .UNSPECIFIED. ) ;
#2486 = CARTESIAN_POINT ( 'NONE',  ( 18.00000000000000355, 38.87298334620740548, 5.000000000000000000 ) ) ;
#2487 = ORIENTED_EDGE ( 'NONE', *, *, #3241, .F. ) ;
#2488 = FACE_OUTER_BOUND ( 'NONE', #51, .T. ) ;
#2489 = LINE ( 'NONE', #1503, #1302 ) ;
#2490 = CARTESIAN_POINT ( 'NONE',  ( -45.99999999999999289, -33.00000000000000711, 22.00000000000000000 ) ) ;
#2491 = CARTESIAN_POINT ( 'NONE',  ( -49.99999999999999289, -35.00000000000000711, 22.00000000000000000 ) ) ;
#2492 = DIRECTION ( 'NONE',  ( 0.000000000000000000, 0.000000000000000000, -1.000000000000000000 ) ) ;
#2493 = FACE_OUTER_BOUND ( 'NONE', #3029, .T. ) ;
#2494 = EDGE_LOOP ( 'NONE', ( #2829, #3534, #3692, #3413 ) ) ;
#2495 = ORIENTED_EDGE ( 'NONE', *, *, #156, .T. ) ;
#2496 = EDGE_CURVE ( 'NONE', #3830, #2515, #847, .T. ) ;
#2497 = CARTESIAN_POINT ( 'NONE',  ( -44.50000000000001421, -3.100000000000030731, 4.000000000000000000 ) ) ;
#2498 = EDGE_CURVE ( 'NONE', #1793, #2212, #3575, .T. ) ;
#2499 = CARTESIAN_POINT ( 'NONE',  ( 3.999999999999998224, -38.00000000000000711, 0.000000000000000000 ) ) ;
#2500 = CARTESIAN_POINT ( 'NONE',  ( 0.000000000000000000, -29.50000000000001421, 2.000000000000000000 ) ) ;
#2501 = ORIENTED_EDGE ( 'NONE', *, *, #560, .T. ) ;
#2502 = DIRECTION ( 'NONE',  ( 1.000000000000000000, 0.000000000000000000, 0.000000000000000000 ) ) ;
#2503 = CIRCLE ( 'NONE', #2374, 2.000000000000000444 ) ;
#2504 = EDGE_CURVE ( 'NONE', #2787, #2431, #2349, .T. ) ;
#2505 = ORIENTED_EDGE ( 'NONE', *, *, #1091, .F. ) ;
#2506 = AXIS2_PLACEMENT_3D ( 'NONE', #1693, #2039, #1121 ) ;
#2507 = LINE ( 'NONE', #960, #2864 ) ;
#2508 = ORIENTED_EDGE ( 'NONE', *, *, #771, .T. ) ;
#2509 = CARTESIAN_POINT ( 'NONE',  ( 48.00000000000000711, 33.00000000000000000, 22.00000000000000000 ) ) ;
#2510 = DIRECTION ( 'NONE',  ( -1.000000000000000000, 0.000000000000000000, 0.000000000000000000 ) ) ;
#2511 = PLANE ( 'NONE',  #3286 ) ;
#2512 = CARTESIAN_POINT ( 'NONE',  ( 29.83617981419656928, 35.63418732946523448, 3.237747243570011868 ) ) ;
#2513 = CARTESIAN_POINT ( 'NONE',  ( 48.00000000000000711, 33.00000000000000000, 2.000000000000000000 ) ) ;
#2514 = LINE ( 'NONE', #2289, #1494 ) ;
#2515 = VERTEX_POINT ( 'NONE', #3213 ) ;
#2516 = ORIENTED_EDGE ( 'NONE', *, *, #2948, .T. ) ;
#2517 = CARTESIAN_POINT ( 'NONE',  ( 40.00000000000001421, 14.99999999999999645, 7.000000000000000888 ) ) ;
#2518 = EDGE_CURVE ( 'NONE', #1206, #2212, #3369, .T. ) ;
#2519 = LINE ( 'NONE', #372, #3140 ) ;
#2520 = ORIENTED_EDGE ( 'NONE', *, *, #3559, .T. ) ;
#2521 = EDGE_CURVE ( 'NONE', #3341, #779, #827, .T. ) ;
#2522 = AXIS2_PLACEMENT_3D ( 'NONE', #3027, #3864, #2101 ) ;
#2523 = VECTOR ( 'NONE', #3187, 1000.000000000000000 ) ;
#2524 = VECTOR ( 'NONE', #2795, 1000.000000000000000 ) ;
#2525 = CARTESIAN_POINT ( 'NONE',  ( -2.999999999999997780, 38.99999999999998579, 5.000000000000000000 ) ) ;
#2526 = ORIENTED_EDGE ( 'NONE', *, *, #2396, .T. ) ;
#2527 = DIRECTION ( 'NONE',  ( 0.000000000000000000, 0.000000000000000000, -1.000000000000000000 ) ) ;
#2528 = CARTESIAN_POINT ( 'NONE',  ( 0.000000000000000000, 0.000000000000000000, 2.000000000000000000 ) ) ;
#2529 = CARTESIAN_POINT ( 'NONE',  ( 50.00000000000000711, -10.99999999999998934, 8.000000000000000000 ) ) ;
#2530 = LINE ( 'NONE', #1906, #2068 ) ;
#2531 = PLANE ( 'NONE',  #2405 ) ;
#2532 = EDGE_CURVE ( 'NONE', #80, #696, #3551, .T. ) ;
#2533 = CARTESIAN_POINT ( 'NONE',  ( 12.00000000000000711, 34.99999999999999289, 8.000000000000000000 ) ) ;
#2534 = DIRECTION ( 'NONE',  ( 0.000000000000000000, 0.000000000000000000, 1.000000000000000000 ) ) ;
#2535 = ORIENTED_EDGE ( 'NONE', *, *, #3646, .T. ) ;
#2536 = EDGE_CURVE ( 'NONE', #1097, #3900, #1386, .T. ) ;
#2537 = CIRCLE ( 'NONE', #3301, 3.000000000000000000 ) ;
#2538 = CARTESIAN_POINT ( 'NONE',  ( -41.00000000000000000, 34.99999999999999289, 5.000000000000000888 ) ) ;
#2539 = AXIS2_PLACEMENT_3D ( 'NONE', #1955, #1018, #776 ) ;
#2540 = AXIS2_PLACEMENT_3D ( 'NONE', #2125, #3316, #1820 ) ;
#2541 = DIRECTION ( 'NONE',  ( -1.000000000000000000, 0.000000000000000000, 0.000000000000000000 ) ) ;
#2542 = ORIENTED_EDGE ( 'NONE', *, *, #1212, .T. ) ;
#2543 = CARTESIAN_POINT ( 'NONE',  ( 0.000000000000000000, -38.00000000000000711, 5.000000000000000000 ) ) ;
#2544 = EDGE_CURVE ( 'NONE', #2462, #136, #790, .T. ) ;
#2545 = DIRECTION ( 'NONE',  ( 1.000000000000000000, 0.000000000000000000, 0.000000000000000000 ) ) ;
#2546 = DIRECTION ( 'NONE',  ( 0.000000000000000000, 0.000000000000000000, -1.000000000000000000 ) ) ;
#2547 = ORIENTED_EDGE ( 'NONE', *, *, #2916, .T. ) ;
#2548 = DIRECTION ( 'NONE',  ( 0.000000000000000000, 1.000000000000000000, -0.000000000000000000 ) ) ;
#2549 = DIRECTION ( 'NONE',  ( 0.000000000000000000, 0.000000000000000000, -1.000000000000000000 ) ) ;
#2550 = DIRECTION ( 'NONE',  ( -6.938893903907228378E-17, 1.000000000000000000, -0.000000000000000000 ) ) ;
#2551 = DIRECTION ( 'NONE',  ( -0.000000000000000000, 0.000000000000000000, 1.000000000000000000 ) ) ;
#2552 = CARTESIAN_POINT ( 'NONE',  ( 46.00000000000000711, 32.99999999999999289, 21.10000000000000142 ) ) ;
#2553 = CARTESIAN_POINT ( 'NONE',  ( -5.000000000000011546, 41.00000000000000000, 0.000000000000000000 ) ) ;
#2554 = VERTEX_POINT ( 'NONE', #810 ) ;
#2555 = FACE_OUTER_BOUND ( 'NONE', #1835, .T. ) ;
#2556 = VECTOR ( 'NONE', #1112, 1000.000000000000000 ) ;
#2557 = AXIS2_PLACEMENT_3D ( 'NONE', #2734, #3636, #2429 ) ;
#2558 = DIRECTION ( 'NONE',  ( -1.000000000000000000, 0.000000000000000000, 0.000000000000000000 ) ) ;
#2559 = VERTEX_POINT ( 'NONE', #2636 ) ;
#2560 = DIRECTION ( 'NONE',  ( 0.000000000000000000, -0.000000000000000000, -1.000000000000000000 ) ) ;
#2561 = EDGE_CURVE ( 'NONE', #1221, #1270, #3173, .T. ) ;
#2562 = EDGE_CURVE ( 'NONE', #3539, #95, #1720, .T. ) ;
#2563 = DIRECTION ( 'NONE',  ( 0.000000000000000000, 0.000000000000000000, -1.000000000000000000 ) ) ;
#2564 = DIRECTION ( 'NONE',  ( -0.000000000000000000, -0.000000000000000000, -1.000000000000000000 ) ) ;
#2565 = ORIENTED_EDGE ( 'NONE', *, *, #2481, .T. ) ;
#2566 = CARTESIAN_POINT ( 'NONE',  ( -18.10000000000001563, -29.50000000000001421, 2.000000000000000000 ) ) ;
#2567 = ADVANCED_FACE ( 'NONE', ( #1109 ), #3833, .T. ) ;
#2568 = DIRECTION ( 'NONE',  ( -0.000000000000000000, -0.000000000000000000, -1.000000000000000000 ) ) ;
#2569 = AXIS2_PLACEMENT_3D ( 'NONE', #2398, #1728, #3557 ) ;
#2570 = CARTESIAN_POINT ( 'NONE',  ( -10.99999999999998401, 41.00000000000000000, 5.000000000000000000 ) ) ;
#2571 = FACE_OUTER_BOUND ( 'NONE', #1562, .T. ) ;
#2572 = DIRECTION ( 'NONE',  ( -6.938893903907228378E-17, 1.000000000000000000, -0.000000000000000000 ) ) ;
#2573 = LINE ( 'NONE', #1027, #1559 ) ;
#2574 = ORIENTED_EDGE ( 'NONE', *, *, #892, .F. ) ;
#2575 = ORIENTED_EDGE ( 'NONE', *, *, #1629, .T. ) ;
#2576 = VECTOR ( 'NONE', #1684, 1000.000000000000000 ) ;
#2577 = AXIS2_PLACEMENT_3D ( 'NONE', #938, #3083, #3386 ) ;
#2578 = CARTESIAN_POINT ( 'NONE',  ( -46.00000000000000000, 30.99999999999999289, 0.000000000000000000 ) ) ;
#2579 = CARTESIAN_POINT ( 'NONE',  ( -12.99999999999999822, 35.00000000000000000, 5.000000000000000000 ) ) ;
#2580 = DIRECTION ( 'NONE',  ( -1.000000000000000000, 0.000000000000000000, 0.000000000000000000 ) ) ;
#2581 = AXIS2_PLACEMENT_3D ( 'NONE', #3637, #3377, #3017 ) ;
#2582 = ORIENTED_EDGE ( 'NONE', *, *, #3705, .T. ) ;
#2583 = AXIS2_PLACEMENT_3D ( 'NONE', #3449, #1819, #337 ) ;
#2584 = EDGE_CURVE ( 'NONE', #2750, #970, #1377, .T. ) ;
#2585 = LINE ( 'NONE', #415, #3874 ) ;
#2586 = CARTESIAN_POINT ( 'NONE',  ( 0.000000000000000000, 32.50000000000000000, 2.000000000000000000 ) ) ;
#2587 = ADVANCED_FACE ( 'NONE', ( #1368 ), #516, .T. ) ;
#2588 = ORIENTED_EDGE ( 'NONE', *, *, #3171, .T. ) ;
#2589 = EDGE_LOOP ( 'NONE', ( #3761, #512 ) ) ;
#2590 = DIRECTION ( 'NONE',  ( 0.000000000000000000, 0.000000000000000000, -1.000000000000000000 ) ) ;
#2591 = CARTESIAN_POINT ( 'NONE',  ( 17.00000000000000000, 1.499999999999987788, 4.000000000000000000 ) ) ;
#2592 = DIRECTION ( 'NONE',  ( -1.000000000000000000, 0.000000000000000000, -0.000000000000000000 ) ) ;
#2593 = CARTESIAN_POINT ( 'NONE',  ( 14.00000000000000533, 39.00000000000000000, 0.000000000000000000 ) ) ;
#2594 = DIRECTION ( 'NONE',  ( -0.000000000000000000, -0.000000000000000000, 1.000000000000000000 ) ) ;
#2595 = ORIENTED_EDGE ( 'NONE', *, *, #560, .F. ) ;
#2596 = ORIENTED_EDGE ( 'NONE', *, *, #663, .T. ) ;
#2597 = CYLINDRICAL_SURFACE ( 'NONE', #1319, 3.000000000000002665 ) ;
#2598 = ADVANCED_FACE ( 'NONE', ( #2370 ), #2597, .F. ) ;
#2599 = LINE ( 'NONE', #174, #2923 ) ;
#2600 = VECTOR ( 'NONE', #3237, 1000.000000000000000 ) ;
#2601 = LINE ( 'NONE', #3554, #2576 ) ;
#2602 = AXIS2_PLACEMENT_3D ( 'NONE', #3032, #318, #2733 ) ;
#2603 = EDGE_LOOP ( 'NONE', ( #3431, #389, #3712, #3701 ) ) ;
#2604 = ADVANCED_FACE ( 'NONE', ( #2654 ), #3196, .F. ) ;
#2605 = DIRECTION ( 'NONE',  ( 1.000000000000000000, 2.168404344971008868E-16, 0.000000000000000000 ) ) ;
#2606 = CARTESIAN_POINT ( 'NONE',  ( -18.60000000000002629, 32.99999999999999289, 8.000000000000000000 ) ) ;
#2607 = ORIENTED_EDGE ( 'NONE', *, *, #1891, .T. ) ;
#2608 = VECTOR ( 'NONE', #2205, 1000.000000000000000 ) ;
#2609 = ORIENTED_EDGE ( 'NONE', *, *, #2127, .F. ) ;
#2610 = DIRECTION ( 'NONE',  ( -1.000000000000000000, -0.000000000000000000, -0.000000000000000000 ) ) ;
#2611 = PLANE ( 'NONE',  #3524 ) ;
#2612 = DIRECTION ( 'NONE',  ( 6.938893903907228378E-17, -1.000000000000000000, 0.000000000000000000 ) ) ;
#2613 = EDGE_CURVE ( 'NONE', #3250, #2383, #2979, .T. ) ;
#2614 = LINE ( 'NONE', #3907, #3478 ) ;
#2615 = ORIENTED_EDGE ( 'NONE', *, *, #1439, .T. ) ;
#2616 = ORIENTED_EDGE ( 'NONE', *, *, #2046, .T. ) ;
#2617 = ORIENTED_EDGE ( 'NONE', *, *, #1228, .T. ) ;
#2618 = CARTESIAN_POINT ( 'NONE',  ( -45.50000000000000000, 4.999999999999986677, 4.000000000000000000 ) ) ;
#2619 = CARTESIAN_POINT ( 'NONE',  ( 2.000000000000006217, 33.00000000000000000, 5.000000000000000888 ) ) ;
#2620 = ADVANCED_FACE ( 'NONE', ( #2677 ), #459, .T. ) ;
#2621 = CARTESIAN_POINT ( 'NONE',  ( 1.000000000000000888, 34.99999999999999289, 2.171572875253812818 ) ) ;
#2622 = CIRCLE ( 'NONE', #3578, 2.999999999999999112 ) ;
#2623 = ORIENTED_EDGE ( 'NONE', *, *, #3069, .T. ) ;
#2624 = CARTESIAN_POINT ( 'NONE',  ( -12.99999999999999822, 35.19626803361060041, 2.607374070847682468 ) ) ;
#2625 = ORIENTED_EDGE ( 'NONE', *, *, #1273, .T. ) ;
#2626 = VERTEX_POINT ( 'NONE', #1485 ) ;
#2627 = CARTESIAN_POINT ( 'NONE',  ( -30.99999999999999645, -38.00000000000000711, 5.000000000000000000 ) ) ;
#2628 = DIRECTION ( 'NONE',  ( 0.000000000000000000, 0.000000000000000000, -1.000000000000000000 ) ) ;
#2629 = DIRECTION ( 'NONE',  ( -1.000000000000000000, 0.000000000000000000, 0.000000000000000000 ) ) ;
#2630 = CARTESIAN_POINT ( 'NONE',  ( -47.99999999999999289, 30.99999999999999289, 22.00000000000000000 ) ) ;
#2631 = DIRECTION ( 'NONE',  ( -0.000000000000000000, 0.000000000000000000, -1.000000000000000000 ) ) ;
#2632 = CIRCLE ( 'NONE', #461, 4.000000000000003553 ) ;
#2633 = ORIENTED_EDGE ( 'NONE', *, *, #120, .F. ) ;
#2634 = VERTEX_POINT ( 'NONE', #301 ) ;
#2635 = VERTEX_POINT ( 'NONE', #2066 ) ;
#2636 = CARTESIAN_POINT ( 'NONE',  ( 50.00000000000000711, -10.99999999999998934, 1.999999999999999112 ) ) ;
#2637 = EDGE_CURVE ( 'NONE', #3065, #3813, #1894, .T. ) ;
#2638 = DIRECTION ( 'NONE',  ( -0.000000000000000000, -1.000000000000000000, -0.000000000000000000 ) ) ;
#2639 = ORIENTED_EDGE ( 'NONE', *, *, #3314, .T. ) ;
#2640 = EDGE_CURVE ( 'NONE', #2056, #2744, #3625, .T. ) ;
#2641 = VERTEX_POINT ( 'NONE', #3911 ) ;
#2642 = CARTESIAN_POINT ( 'NONE',  ( -12.99999999999981526, 35.71104279755545718, 3.436625237715707382 ) ) ;
#2643 = AXIS2_PLACEMENT_3D ( 'NONE', #1187, #365, #2108 ) ;
#2644 = ORIENTED_EDGE ( 'NONE', *, *, #1339, .F. ) ;
#2645 = ORIENTED_EDGE ( 'NONE', *, *, #1021, .F. ) ;
#2646 = LINE ( 'NONE', #527, #2008 ) ;
#2647 = CARTESIAN_POINT ( 'NONE',  ( 30.99999999999999645, -40.00000000000000711, 5.000000000000000000 ) ) ;
#2648 = LINE ( 'NONE', #2672, #1554 ) ;
#2649 = ORIENTED_EDGE ( 'NONE', *, *, #2150, .F. ) ;
#2650 = ORIENTED_EDGE ( 'NONE', *, *, #2112, .T. ) ;
#2651 = FACE_OUTER_BOUND ( 'NONE', #1247, .T. ) ;
#2652 = ADVANCED_FACE ( 'NONE', ( #1203 ), #884, .T. ) ;
#2653 = CARTESIAN_POINT ( 'NONE',  ( -2.999999999999688693, 35.07480597157715607, 2.198020766619831257 ) ) ;
#2654 = FACE_OUTER_BOUND ( 'NONE', #2947, .T. ) ;
#2655 = VECTOR ( 'NONE', #3339, 1000.000000000000000 ) ;
#2656 = EDGE_CURVE ( 'NONE', #1200, #677, #3051, .T. ) ;
#2657 = LINE ( 'NONE', #1406, #2898 ) ;
#2658 = ORIENTED_EDGE ( 'NONE', *, *, #1549, .T. ) ;
#2659 = STYLED_ITEM ( 'NONE', ( #1630 ), #1191 ) ;
#2660 = CARTESIAN_POINT ( 'NONE',  ( 40.00000000000001421, 33.00000000000000000, 4.500000000000000888 ) ) ;
#2661 = EDGE_LOOP ( 'NONE', ( #1761, #3300, #3510, #1456 ) ) ;
#2662 = VECTOR ( 'NONE', #191, 1000.000000000000000 ) ;
#2663 = EDGE_LOOP ( 'NONE', ( #3285, #2908, #2991, #502 ) ) ;
#2664 = CARTESIAN_POINT ( 'NONE',  ( -16.99999999999999645, 34.99999999999999289, 2.462284491910113893 ) ) ;
#2665 = ORIENTED_EDGE ( 'NONE', *, *, #45, .F. ) ;
#2666 = PRODUCT_CONTEXT ( 'NONE', #34, 'mechanical' ) ;
#2667 = ORIENTED_EDGE ( 'NONE', *, *, #3521, .F. ) ;
#2668 = ADVANCED_FACE ( 'NONE', ( #1523 ), #608, .F. ) ;
#2669 = CARTESIAN_POINT ( 'NONE',  ( 46.00000000000000711, -32.99999999999998579, 22.00000000000000000 ) ) ;
#2670 = CARTESIAN_POINT ( 'NONE',  ( 40.00000000000001421, 14.99999999999999645, 4.500000000000000888 ) ) ;
#2671 = VECTOR ( 'NONE', #3040, 1000.000000000000000 ) ;
#2672 = CARTESIAN_POINT ( 'NONE',  ( 35.00000000000000711, -39.00000000000000711, 5.000000000000000000 ) ) ;
#2673 = AXIS2_PLACEMENT_3D ( 'NONE', #381, #2836, #1651 ) ;
#2674 = VERTEX_POINT ( 'NONE', #1841 ) ;
#2675 = CARTESIAN_POINT ( 'NONE',  ( 47.00000000000000711, -18.99999999999998934, 5.000000000000000000 ) ) ;
#2676 = LINE ( 'NONE', #3031, #1678 ) ;
#2677 = FACE_OUTER_BOUND ( 'NONE', #1068, .T. ) ;
#2678 = CARTESIAN_POINT ( 'NONE',  ( 45.50000000000001421, 33.00000000000000000, 2.000000000000000000 ) ) ;
#2679 = AXIS2_PLACEMENT_3D ( 'NONE', #1267, #1224, #3055 ) ;
#2680 = EDGE_CURVE ( 'NONE', #1756, #1235, #1469, .T. ) ;
#2681 = DIRECTION ( 'NONE',  ( 0.000000000000000000, 0.000000000000000000, 1.000000000000000000 ) ) ;
#2682 = EDGE_LOOP ( 'NONE', ( #2079, #644, #3747, #263, #2565 ) ) ;
#2683 = CARTESIAN_POINT ( 'NONE',  ( 30.99999999999999645, -38.00000000000000711, 5.000000000000000000 ) ) ;
#2684 = VERTEX_POINT ( 'NONE', #2715 ) ;
#2685 = ADVANCED_FACE ( 'NONE', ( #3334 ), #3015, .T. ) ;
#2686 = ORIENTED_EDGE ( 'NONE', *, *, #3502, .T. ) ;
#2687 = CARTESIAN_POINT ( 'NONE',  ( 46.00000000000000711, -32.99999999999998579, 2.000000000000001776 ) ) ;
#2688 = EDGE_CURVE ( 'NONE', #2230, #3350, #3696, .T. ) ;
#2689 = ORIENTED_EDGE ( 'NONE', *, *, #3146, .T. ) ;
#2690 = ORIENTED_EDGE ( 'NONE', *, *, #724, .F. ) ;
#2691 = FACE_OUTER_BOUND ( 'NONE', #3124, .T. ) ;
#2692 = FACE_OUTER_BOUND ( 'NONE', #1086, .T. ) ;
#2693 = ADVANCED_FACE ( 'NONE', ( #7 ), #2391, .F. ) ;
#2694 = CARTESIAN_POINT ( 'NONE',  ( -0.9999999999999940048, 34.99999999999999289, 5.000000000000000000 ) ) ;
#2695 = ORIENTED_EDGE ( 'NONE', *, *, #2082, .T. ) ;
#2696 = CARTESIAN_POINT ( 'NONE',  ( -2.999999999999998224, 38.62025995037489423, 4.168276314157271401 ) ) ;
#2697 = CARTESIAN_POINT ( 'NONE',  ( 12.00000000000000888, 14.99999999999999645, 8.000000000000000000 ) ) ;
#2698 = ORIENTED_EDGE ( 'NONE', *, *, #3778, .T. ) ;
#2699 = VECTOR ( 'NONE', #3406, 1000.000000000000000 ) ;
#2700 = DIRECTION ( 'NONE',  ( 1.000000000000000000, 0.000000000000000000, 0.000000000000000000 ) ) ;
#2701 = VERTEX_POINT ( 'NONE', #2428 ) ;
#2702 = CYLINDRICAL_SURFACE ( 'NONE', #158, 2.000000000000001776 ) ;
#2703 = EDGE_LOOP ( 'NONE', ( #377, #3042, #3638, #2505 ) ) ;
#2704 = ORIENTED_EDGE ( 'NONE', *, *, #2324, .T. ) ;
#2705 = DIRECTION ( 'NONE',  ( 0.000000000000000000, -0.000000000000000000, -1.000000000000000000 ) ) ;
#2706 = ORIENTED_EDGE ( 'NONE', *, *, #1143, .F. ) ;
#2707 = ORIENTED_EDGE ( 'NONE', *, *, #1429, .T. ) ;
#2708 = EDGE_CURVE ( 'NONE', #1200, #1831, #2412, .T. ) ;
#2709 = CARTESIAN_POINT ( 'NONE',  ( -49.99999999999999289, 34.99999999999999289, 2.000000000000000000 ) ) ;
#2710 = LINE ( 'NONE', #2141, #1455 ) ;
#2711 = ORIENTED_EDGE ( 'NONE', *, *, #3817, .F. ) ;
#2712 = VECTOR ( 'NONE', #3417, 1000.000000000000000 ) ;
#2713 = VECTOR ( 'NONE', #1445, 1000.000000000000000 ) ;
#2714 = DIRECTION ( 'NONE',  ( 3.252606517456527107E-16, 1.000000000000000000, 0.000000000000000000 ) ) ;
#2715 = CARTESIAN_POINT ( 'NONE',  ( 18.00000000000000355, 38.99999999999998579, 0.000000000000000000 ) ) ;
#2716 = VECTOR ( 'NONE', #3333, 1000.000000000000000 ) ;
#2717 = FACE_OUTER_BOUND ( 'NONE', #3438, .T. ) ;
#2718 = ORIENTED_EDGE ( 'NONE', *, *, #3479, .F. ) ;
#2719 = ORIENTED_EDGE ( 'NONE', *, *, #495, .F. ) ;
#2720 = AXIS2_PLACEMENT_3D ( 'NONE', #3206, #3505, #2038 ) ;
#2721 = CARTESIAN_POINT ( 'NONE',  ( -32.99999999999999289, -39.00000000000000711, 0.000000000000000000 ) ) ;
#2722 = DIRECTION ( 'NONE',  ( 0.000000000000000000, 0.000000000000000000, -1.000000000000000000 ) ) ;
#2723 = ORIENTED_EDGE ( 'NONE', *, *, #910, .F. ) ;
#2724 = FACE_OUTER_BOUND ( 'NONE', #3357, .T. ) ;
#2725 = VERTEX_POINT ( 'NONE', #3673 ) ;
#2726 = VECTOR ( 'NONE', #2167, 1000.000000000000000 ) ;
#2727 = CARTESIAN_POINT ( 'NONE',  ( -13.00000000000000355, 38.74699879903904787, 4.572843528825192294 ) ) ;
#2728 = DIRECTION ( 'NONE',  ( -0.000000000000000000, 0.000000000000000000, 1.000000000000000000 ) ) ;
#2729 = VECTOR ( 'NONE', #3197, 1000.000000000000000 ) ;
#2730 = ORIENTED_EDGE ( 'NONE', *, *, #2783, .F. ) ;
#2731 = CARTESIAN_POINT ( 'NONE',  ( -2.999999999999997780, 38.99999999655651806, 2.411600475350415884 ) ) ;
#2732 = ADVANCED_FACE ( 'NONE', ( #3073 ), #1764, .F. ) ;
#2733 = DIRECTION ( 'NONE',  ( 1.000000000000000000, 0.000000000000000000, 0.000000000000000000 ) ) ;
#2734 = CARTESIAN_POINT ( 'NONE',  ( -41.99999999999999289, 4.999999999999986677, 2.000000000000000000 ) ) ;
#2735 = PLANE ( 'NONE',  #1423 ) ;
#2736 = ORIENTED_EDGE ( 'NONE', *, *, #98, .F. ) ;
#2737 = ORIENTED_EDGE ( 'NONE', *, *, #3828, .F. ) ;
#2738 = DIRECTION ( 'NONE',  ( 0.000000000000000000, -0.000000000000000000, -1.000000000000000000 ) ) ;
#2739 = ORIENTED_EDGE ( 'NONE', *, *, #787, .F. ) ;
#2740 = CARTESIAN_POINT ( 'NONE',  ( -18.10000000000001563, 0.000000000000000000, 4.000000000000000000 ) ) ;
#2741 = ORIENTED_EDGE ( 'NONE', *, *, #2708, .F. ) ;
#2742 = ADVANCED_FACE ( 'NONE', ( #338 ), #1781, .F. ) ;
#2743 = DIRECTION ( 'NONE',  ( 1.000000000000000000, 0.000000000000000000, -0.000000000000000000 ) ) ;
#2744 = VERTEX_POINT ( 'NONE', #1802 ) ;
#2745 = EDGE_LOOP ( 'NONE', ( #3245, #1535, #3934, #564 ) ) ;
#2746 = CARTESIAN_POINT ( 'NONE',  ( 18.00000000000000000, 35.09122671440248808, 2.845527657788906151 ) ) ;
#2747 = FACE_OUTER_BOUND ( 'NONE', #2603, .T. ) ;
#2748 = AXIS2_PLACEMENT_3D ( 'NONE', #556, #1749, #852 ) ;
#2749 = VECTOR ( 'NONE', #537, 1000.000000000000000 ) ;
#2750 = VERTEX_POINT ( 'NONE', #2449 ) ;
#2751 = EDGE_CURVE ( 'NONE', #1216, #2373, #926, .T. ) ;
#2752 = CARTESIAN_POINT ( 'NONE',  ( 40.00000000000001421, 34.99999999999999289, 2.000000000000000000 ) ) ;
#2753 = CARTESIAN_POINT ( 'NONE',  ( -45.99999999999999289, 0.000000000000000000, 0.000000000000000000 ) ) ;
#2754 = CARTESIAN_POINT ( 'NONE',  ( -46.00000000000000000, 30.99999999999999289, 19.00000000000000355 ) ) ;
#2755 = CARTESIAN_POINT ( 'NONE',  ( 30.99999999999999645, -40.00000000000000711, 5.000000000000000000 ) ) ;
#2756 = DIRECTION ( 'NONE',  ( 1.000000000000000000, 0.000000000000000000, 0.000000000000000000 ) ) ;
#2757 = ORIENTED_EDGE ( 'NONE', *, *, #1387, .T. ) ;
#2758 = DIRECTION ( 'NONE',  ( 0.000000000000000000, 1.000000000000000000, -0.000000000000000000 ) ) ;
#2759 = CARTESIAN_POINT ( 'NONE',  ( 46.00000000000000711, -34.10000000000000853, 19.90000000000000568 ) ) ;
#2760 = CARTESIAN_POINT ( 'NONE',  ( 20.99999999999999645, 38.00000000000000711, 5.000000000000000000 ) ) ;
#2761 = AXIS2_PLACEMENT_3D ( 'NONE', #1172, #270, #1493 ) ;
#2762 = VERTEX_POINT ( 'NONE', #1243 ) ;
#2763 = EDGE_CURVE ( 'NONE', #253, #2626, #2470, .T. ) ;
#2764 = DIRECTION ( 'NONE',  ( -1.000000000000000000, -7.228014483236695816E-17, 0.000000000000000000 ) ) ;
#2765 = CIRCLE ( 'NONE', #2117, 3.500000000000010214 ) ;
#2766 = ORIENTED_EDGE ( 'NONE', *, *, #909, .F. ) ;
#2767 = EDGE_CURVE ( 'NONE', #2815, #3915, #2599, .T. ) ;
#2768 = VECTOR ( 'NONE', #209, 1000.000000000000000 ) ;
#2769 = ORIENTED_EDGE ( 'NONE', *, *, #1120, .T. ) ;
#2770 = AXIS2_PLACEMENT_3D ( 'NONE', #3465, #1633, #450 ) ;
#2771 = CARTESIAN_POINT ( 'NONE',  ( 18.00000000000000355, 38.99999999999999289, 2.763932022500210195 ) ) ;
#2772 = CARTESIAN_POINT ( 'NONE',  ( 46.00000000000000711, -34.99999999999999289, 22.00000000000000000 ) ) ;
#2773 = EDGE_CURVE ( 'NONE', #3851, #2415, #1573, .T. ) ;
#2774 = ORIENTED_EDGE ( 'NONE', *, *, #2561, .F. ) ;
#2775 = CARTESIAN_POINT ( 'NONE',  ( 48.00000000000000711, -30.99999999999998579, 22.00000000000000000 ) ) ;
#2776 = DIRECTION ( 'NONE',  ( 0.000000000000000000, 0.000000000000000000, -1.000000000000000000 ) ) ;
#2777 = DIRECTION ( 'NONE',  ( -1.000000000000000000, -7.228014483236695816E-17, 0.000000000000000000 ) ) ;
#2778 = DIRECTION ( 'NONE',  ( -6.938893903907228378E-17, 1.000000000000000000, -0.000000000000000000 ) ) ;
#2779 = VECTOR ( 'NONE', #1908, 1000.000000000000000 ) ;
#2780 = CARTESIAN_POINT ( 'NONE',  ( -45.50000000000000000, 28.99999999999998934, 4.000000000000000000 ) ) ;
#2781 = ORIENTED_EDGE ( 'NONE', *, *, #2637, .F. ) ;
#2782 = VERTEX_POINT ( 'NONE', #1053 ) ;
#2783 = EDGE_CURVE ( 'NONE', #3522, #3338, #3214, .T. ) ;
#2784 = DIRECTION ( 'NONE',  ( 0.000000000000000000, 0.000000000000000000, -1.000000000000000000 ) ) ;
#2785 = DIRECTION ( 'NONE',  ( 0.000000000000000000, 0.000000000000000000, -1.000000000000000000 ) ) ;
#2786 = FACE_OUTER_BOUND ( 'NONE', #1502, .T. ) ;
#2787 = VERTEX_POINT ( 'NONE', #772 ) ;
#2788 = LINE ( 'NONE', #2482, #3596 ) ;
#2789 = ORIENTED_EDGE ( 'NONE', *, *, #3695, .F. ) ;
#2790 = CARTESIAN_POINT ( 'NONE',  ( 18.00000000000000355, 38.99999999999998579, 5.000000000000000000 ) ) ;
#2791 = CARTESIAN_POINT ( 'NONE',  ( 0.000000000000000000, 32.50000000000000000, 4.000000000000000000 ) ) ;
#2792 = EDGE_CURVE ( 'NONE', #3194, #2842, #1627, .T. ) ;
#2793 = ORIENTED_EDGE ( 'NONE', *, *, #41, .F. ) ;
#2794 = VECTOR ( 'NONE', #202, 1000.000000000000000 ) ;
#2795 = DIRECTION ( 'NONE',  ( 0.000000000000000000, -1.000000000000000000, 0.000000000000000000 ) ) ;
#2796 = ADVANCED_FACE ( 'NONE', ( #1369, #2901 ), #1989, .F. ) ;
#2797 = DIRECTION ( 'NONE',  ( -0.000000000000000000, 0.000000000000000000, -1.000000000000000000 ) ) ;
#2798 = CARTESIAN_POINT ( 'NONE',  ( -49.99999999999999289, -31.00000000000001066, 0.000000000000000000 ) ) ;
#2799 = LINE ( 'NONE', #1938, #3703 ) ;
#2800 = VECTOR ( 'NONE', #2959, 1000.000000000000000 ) ;
#2801 = FACE_OUTER_BOUND ( 'NONE', #224, .T. ) ;
#2802 = DIRECTION ( 'NONE',  ( -1.000000000000000000, -6.938893903907228378E-17, -0.000000000000000000 ) ) ;
#2803 = ORIENTED_EDGE ( 'NONE', *, *, #1891, .F. ) ;
#2804 = ORIENTED_EDGE ( 'NONE', *, *, #1345, .F. ) ;
#2805 = LINE ( 'NONE', #134, #1892 ) ;
#2806 = ORIENTED_EDGE ( 'NONE', *, *, #663, .F. ) ;
#2807 = AXIS2_PLACEMENT_3D ( 'NONE', #24, #881, #3090 ) ;
#2808 = CARTESIAN_POINT ( 'NONE',  ( 33.00000000000000711, -41.00000000000000711, 5.000000000000000000 ) ) ;
#2809 = ORIENTED_EDGE ( 'NONE', *, *, #2072, .F. ) ;
#2810 = FILL_AREA_STYLE ('',( #413 ) ) ;
#2811 = FACE_OUTER_BOUND ( 'NONE', #1575, .T. ) ;
#2812 = ORIENTED_EDGE ( 'NONE', *, *, #2680, .F. ) ;
#2813 = UNCERTAINTY_MEASURE_WITH_UNIT (LENGTH_MEASURE( 1.000000000000000082E-05 ), #2848, 'distance_accuracy_value', 'NONE');
#2814 = CARTESIAN_POINT ( 'NONE',  ( -6.000000000000000000, -40.00000000000000711, 0.000000000000000000 ) ) ;
#2815 = VERTEX_POINT ( 'NONE', #135 ) ;
#2816 = CARTESIAN_POINT ( 'NONE',  ( 48.00000000000000711, -10.99999999999998934, 8.000000000000000000 ) ) ;
#2817 = DIRECTION ( 'NONE',  ( -0.000000000000000000, 0.000000000000000000, 1.000000000000000000 ) ) ;
#2818 = CARTESIAN_POINT ( 'NONE',  ( -44.50000000000001421, 0.000000000000000000, 4.000000000000000000 ) ) ;
#2819 = EDGE_CURVE ( 'NONE', #513, #188, #3436, .T. ) ;
#2820 = CARTESIAN_POINT ( 'NONE',  ( 0.000000000000000000, 0.000000000000000000, 2.000000000000000000 ) ) ;
#2821 = DIRECTION ( 'NONE',  ( 1.000000000000000000, 0.000000000000000000, 0.000000000000000000 ) ) ;
#2822 = ADVANCED_FACE ( 'NONE', ( #1071 ), #2256, .F. ) ;
#2823 = CARTESIAN_POINT ( 'NONE',  ( 48.00000000000000711, -10.99999999999998934, 4.999999999999999112 ) ) ;
#2824 = ORIENTED_EDGE ( 'NONE', *, *, #2075, .T. ) ;
#2825 = ORIENTED_EDGE ( 'NONE', *, *, #170, .T. ) ;
#2826 = CARTESIAN_POINT ( 'NONE',  ( -45.99999999999999289, -34.10000000000000853, 19.90000000000000568 ) ) ;
#2827 = EDGE_CURVE ( 'NONE', #2143, #1269, #3720, .T. ) ;
#2828 = FACE_OUTER_BOUND ( 'NONE', #1214, .T. ) ;
#2829 = ORIENTED_EDGE ( 'NONE', *, *, #2287, .F. ) ;
#2830 = DIRECTION ( 'NONE',  ( 7.228014483236695816E-17, -1.000000000000000000, 0.000000000000000000 ) ) ;
#2831 = AXIS2_PLACEMENT_3D ( 'NONE', #2683, #3322, #854 ) ;
#2832 = ORIENTED_EDGE ( 'NONE', *, *, #1367, .F. ) ;
#2833 = AXIS2_PLACEMENT_3D ( 'NONE', #2027, #1343, #2208 ) ;
#2834 = FACE_OUTER_BOUND ( 'NONE', #1719, .T. ) ;
#2835 = ORIENTED_EDGE ( 'NONE', *, *, #2379, .F. ) ;
#2836 = DIRECTION ( 'NONE',  ( 0.000000000000000000, 0.000000000000000000, -1.000000000000000000 ) ) ;
#2837 = CARTESIAN_POINT ( 'NONE',  ( -34.99999999999999289, -39.00000000000000711, 5.000000000000000000 ) ) ;
#2838 = CARTESIAN_POINT ( 'NONE',  ( 0.000000000000000000, -31.50000000000000711, 2.000000000000000000 ) ) ;
#2839 = CARTESIAN_POINT ( 'NONE',  ( 30.72280065560936890, 35.19663374006379541, 2.326019655243668272 ) ) ;
#2840 = DIRECTION ( 'NONE',  ( 0.000000000000000000, 0.000000000000000000, -1.000000000000000000 ) ) ;
#2841 = DIRECTION ( 'NONE',  ( -1.000000000000000000, 0.000000000000000000, 0.000000000000000000 ) ) ;
#2842 = VERTEX_POINT ( 'NONE', #2311 ) ;
#2843 = DIRECTION ( 'NONE',  ( 0.000000000000000000, 0.000000000000000000, -1.000000000000000000 ) ) ;
#2844 = FACE_OUTER_BOUND ( 'NONE', #1290, .T. ) ;
#2845 = EDGE_CURVE ( 'NONE', #2515, #3900, #446, .T. ) ;
#2846 = ORIENTED_EDGE ( 'NONE', *, *, #1843, .F. ) ;
#2847 = AXIS2_PLACEMENT_3D ( 'NONE', #242, #1122, #2344 ) ;
#2848 =( LENGTH_UNIT ( ) NAMED_UNIT ( * ) SI_UNIT ( .MILLI., .METRE. ) );
#2849 = ADVANCED_FACE ( 'NONE', ( #3834, #2844 ), #1089, .F. ) ;
#2850 = CIRCLE ( 'NONE', #986, 4.000000000000003553 ) ;
#2851 = ORIENTED_EDGE ( 'NONE', *, *, #3025, .F. ) ;
#2852 = CARTESIAN_POINT ( 'NONE',  ( -33.00000000000000000, -38.00000000000000711, 5.000000000000000000 ) ) ;
#2853 = ORIENTED_EDGE ( 'NONE', *, *, #2310, .T. ) ;
#2854 = CARTESIAN_POINT ( 'NONE',  ( 0.000000000000000000, 32.50000000000000000, 2.000000000000000000 ) ) ;
#2855 = CARTESIAN_POINT ( 'NONE',  ( -49.99999999999999289, 34.99999999999999289, 2.000000000000000000 ) ) ;
#2856 = CARTESIAN_POINT ( 'NONE',  ( 47.00000000000000711, -18.99999999999998934, 2.000000000000000000 ) ) ;
#2857 = VECTOR ( 'NONE', #3459, 1000.000000000000000 ) ;
#2858 = CARTESIAN_POINT ( 'NONE',  ( 29.50000000000001066, 35.87750100080078397, 4.500000000000012434 ) ) ;
#2859 = ORIENTED_EDGE ( 'NONE', *, *, #2921, .F. ) ;
#2860 = ADVANCED_FACE ( 'NONE', ( #154 ), #1352, .T. ) ;
#2861 = CIRCLE ( 'NONE', #803, 2.000000000000001776 ) ;
#2862 = DIRECTION ( 'NONE',  ( 1.000000000000000000, 0.000000000000000000, 0.000000000000000000 ) ) ;
#2863 = ADVANCED_FACE ( 'NONE', ( #3877 ), #2377, .T. ) ;
#2864 = VECTOR ( 'NONE', #1857, 1000.000000000000000 ) ;
#2865 = DIRECTION ( 'NONE',  ( -1.000000000000000000, 0.000000000000000000, 0.000000000000000000 ) ) ;
#2866 = ORIENTED_EDGE ( 'NONE', *, *, #1390, .T. ) ;
#2867 = PRODUCT ( 'casing housing', 'casing housing', '', ( #2666 ) ) ;
#2868 = EDGE_CURVE ( 'NONE', #3098, #3492, #3004, .T. ) ;
#2869 = CARTESIAN_POINT ( 'NONE',  ( 32.00000000000001421, 33.00000000000000000, 7.000000000000000888 ) ) ;
#2870 = ADVANCED_FACE ( 'NONE', ( #3622 ), #521, .F. ) ;
#2871 = VECTOR ( 'NONE', #54, 1000.000000000000000 ) ;
#2872 = CYLINDRICAL_SURFACE ( 'NONE', #3049, 3.500000000000003109 ) ;
#2873 = DIRECTION ( 'NONE',  ( 0.000000000000000000, -0.000000000000000000, 1.000000000000000000 ) ) ;
#2874 = ORIENTED_EDGE ( 'NONE', *, *, #2075, .F. ) ;
#2875 = LINE ( 'NONE', #690, #2524 ) ;
#2876 = LINE ( 'NONE', #3752, #1287 ) ;
#2877 = FACE_OUTER_BOUND ( 'NONE', #3293, .T. ) ;
#2878 = CYLINDRICAL_SURFACE ( 'NONE', #1674, 2.000000000000005329 ) ;
#2879 = EDGE_CURVE ( 'NONE', #3838, #952, #3270, .T. ) ;
#2880 = ORIENTED_EDGE ( 'NONE', *, *, #1647, .F. ) ;
#2881 = LINE ( 'NONE', #153, #307 ) ;
#2882 = VECTOR ( 'NONE', #3360, 1000.000000000000000 ) ;
#2883 = ADVANCED_FACE ( 'NONE', ( #2093 ), #1473, .F. ) ;
#2884 = DIRECTION ( 'NONE',  ( 0.000000000000000000, 0.000000000000000000, -1.000000000000000000 ) ) ;
#2885 = CARTESIAN_POINT ( 'NONE',  ( -16.99999999999999645, 38.99999999999999289, 2.462284491910116113 ) ) ;
#2886 = DIRECTION ( 'NONE',  ( -0.000000000000000000, 1.000000000000000000, -0.000000000000000000 ) ) ;
#2887 = VERTEX_POINT ( 'NONE', #1113 ) ;
#2888 = LINE ( 'NONE', #3125, #3180 ) ;
#2889 = ORIENTED_EDGE ( 'NONE', *, *, #233, .F. ) ;
#2890 = CYLINDRICAL_SURFACE ( 'NONE', #605, 2.500000000000002220 ) ;
#2891 = AXIS2_PLACEMENT_3D ( 'NONE', #99, #61, #996 ) ;
#2892 = DIRECTION ( 'NONE',  ( 0.000000000000000000, -0.000000000000000000, -1.000000000000000000 ) ) ;
#2893 = DIRECTION ( 'NONE',  ( -0.000000000000000000, -0.000000000000000000, -1.000000000000000000 ) ) ;
#2894 = EDGE_CURVE ( 'NONE', #136, #2358, #1030, .T. ) ;
#2895 = LINE ( 'NONE', #3113, #1489 ) ;
#2896 = ORIENTED_EDGE ( 'NONE', *, *, #1429, .F. ) ;
#2897 = ORIENTED_EDGE ( 'NONE', *, *, #999, .T. ) ;
#2898 = VECTOR ( 'NONE', #2638, 1000.000000000000000 ) ;
#2899 = CARTESIAN_POINT ( 'NONE',  ( -47.99999999999999289, -33.00000000000000711, 22.00000000000000000 ) ) ;
#2900 = EDGE_CURVE ( 'NONE', #752, #2431, #2113, .T. ) ;
#2901 = FACE_OUTER_BOUND ( 'NONE', #393, .T. ) ;
#2902 = DIRECTION ( 'NONE',  ( -0.000000000000000000, 0.000000000000000000, 1.000000000000000000 ) ) ;
#2903 = AXIS2_PLACEMENT_3D ( 'NONE', #262, #767, #1737 ) ;
#2904 = AXIS2_PLACEMENT_3D ( 'NONE', #3792, #1045, #438 ) ;
#2905 = AXIS2_PLACEMENT_3D ( 'NONE', #2390, #1451, #2088 ) ;
#2906 = CARTESIAN_POINT ( 'NONE',  ( 50.00000000000000711, -18.99999999999998934, 2.000000000000000000 ) ) ;
#2907 = CARTESIAN_POINT ( 'NONE',  ( 27.10000000000001208, 0.000000000000000000, 4.000000000000000000 ) ) ;
#2908 = ORIENTED_EDGE ( 'NONE', *, *, #3881, .F. ) ;
#2909 = ORIENTED_EDGE ( 'NONE', *, *, #2767, .F. ) ;
#2910 = PLANE ( 'NONE',  #990 ) ;
#2911 = DIRECTION ( 'NONE',  ( -1.000000000000000000, 0.000000000000000000, 0.000000000000000000 ) ) ;
#2912 = CARTESIAN_POINT ( 'NONE',  ( 30.99999999999999645, -40.00000000000000711, 0.000000000000000000 ) ) ;
#2913 = DIRECTION ( 'NONE',  ( -1.000000000000000000, 0.000000000000000000, 0.000000000000000000 ) ) ;
#2914 = CARTESIAN_POINT ( 'NONE',  ( 29.55051025721677505, 35.83772233983165734, 4.999999999999704237 ) ) ;
#2915 = EDGE_LOOP ( 'NONE', ( #2298, #2595, #815, #2495, #1011, #3823, #2279, #2639 ) ) ;
#2916 = EDGE_CURVE ( 'NONE', #3204, #969, #2503, .T. ) ;
#2917 = ORIENTED_EDGE ( 'NONE', *, *, #632, .T. ) ;
#2918 = DIRECTION ( 'NONE',  ( 1.000000000000000000, 0.000000000000000000, 0.000000000000000000 ) ) ;
#2919 = DIRECTION ( 'NONE',  ( 0.000000000000000000, 1.000000000000000000, 0.000000000000000000 ) ) ;
#2920 = VECTOR ( 'NONE', #3777, 1000.000000000000000 ) ;
#2921 = EDGE_CURVE ( 'NONE', #3831, #1104, #97, .T. ) ;
#2922 = CARTESIAN_POINT ( 'NONE',  ( -11.59999999999999254, 0.000000000000000000, 2.000000000000000000 ) ) ;
#2923 = VECTOR ( 'NONE', #3779, 1000.000000000000000 ) ;
#2924 = VERTEX_POINT ( 'NONE', #596 ) ;
#2925 = DIRECTION ( 'NONE',  ( 0.000000000000000000, 0.000000000000000000, -1.000000000000000000 ) ) ;
#2926 = LINE ( 'NONE', #1602, #2726 ) ;
#2927 = CARTESIAN_POINT ( 'NONE',  ( -12.99999999999999822, 35.40579299640689470, 2.855878215653586683 ) ) ;
#2928 = ORIENTED_EDGE ( 'NONE', *, *, #2879, .T. ) ;
#2929 = ORIENTED_EDGE ( 'NONE', *, *, #2182, .F. ) ;
#2930 = DIRECTION ( 'NONE',  ( 0.000000000000000000, 0.000000000000000000, -1.000000000000000000 ) ) ;
#2931 = VECTOR ( 'NONE', #2893, 1000.000000000000000 ) ;
#2932 = LINE ( 'NONE', #3525, #2931 ) ;
#2933 = DIRECTION ( 'NONE',  ( 0.000000000000000000, 0.000000000000000000, -1.000000000000000000 ) ) ;
#2934 = VERTEX_POINT ( 'NONE', #3581 ) ;
#2935 = CARTESIAN_POINT ( 'NONE',  ( -49.99999999999999289, 34.99999999999999289, 19.00000000000000000 ) ) ;
#2936 = ORIENTED_EDGE ( 'NONE', *, *, #2442, .T. ) ;
#2937 = ORIENTED_EDGE ( 'NONE', *, *, #1201, .T. ) ;
#2938 = EDGE_CURVE ( 'NONE', #2684, #2263, #340, .T. ) ;
#2939 = DIRECTION ( 'NONE',  ( -1.000000000000000000, 0.000000000000000000, 0.000000000000000000 ) ) ;
#2940 = EDGE_CURVE ( 'NONE', #1270, #944, #1536, .T. ) ;
#2941 = DIRECTION ( 'NONE',  ( 1.000000000000000000, 0.000000000000000000, 0.000000000000000000 ) ) ;
#2942 = CIRCLE ( 'NONE', #1527, 2.000000000000001776 ) ;
#2943 = VECTOR ( 'NONE', #1778, 1000.000000000000000 ) ;
#2944 = ORIENTED_EDGE ( 'NONE', *, *, #3859, .T. ) ;
#2945 = ORIENTED_EDGE ( 'NONE', *, *, #2353, .F. ) ;
#2946 = DIRECTION ( 'NONE',  ( 1.000000000000000000, -0.000000000000000000, -0.000000000000000000 ) ) ;
#2947 = EDGE_LOOP ( 'NONE', ( #622, #2484, #2874, #2963 ) ) ;
#2948 = EDGE_CURVE ( 'NONE', #876, #1790, #1458, .T. ) ;
#2949 = VERTEX_POINT ( 'NONE', #3898 ) ;
#2950 = CARTESIAN_POINT ( 'NONE',  ( -2.999999999999997780, 38.46410161513774995, 5.000000000000000000 ) ) ;
#2951 = FACE_BOUND ( 'NONE', #789, .T. ) ;
#2952 = CARTESIAN_POINT ( 'NONE',  ( -12.99999999999999822, 38.74699879903904076, 5.000000000000000000 ) ) ;
#2953 = DIRECTION ( 'NONE',  ( 0.000000000000000000, 0.000000000000000000, -1.000000000000000000 ) ) ;
#2954 = VECTOR ( 'NONE', #1637, 1000.000000000000000 ) ;
#2955 = EDGE_LOOP ( 'NONE', ( #917, #3010, #2711, #3298, #1404, #1958, #3193, #2458, #2695, #2896 ) ) ;
#2956 = ORIENTED_EDGE ( 'NONE', *, *, #2894, .T. ) ;
#2957 = ORIENTED_EDGE ( 'NONE', *, *, #2043, .F. ) ;
#2958 = CARTESIAN_POINT ( 'NONE',  ( -2.999999999999997780, 38.90929439725410788, 3.121364526936922790 ) ) ;
#2959 = DIRECTION ( 'NONE',  ( 0.000000000000000000, 0.000000000000000000, -1.000000000000000000 ) ) ;
#2960 = AXIS2_PLACEMENT_3D ( 'NONE', #2059, #2384, #838 ) ;
#2961 = CIRCLE ( 'NONE', #2770, 2.000000000000005329 ) ;
#2962 = CARTESIAN_POINT ( 'NONE',  ( -30.99999999999999645, -38.00000000000000711, 5.000000000000000000 ) ) ;
#2963 = ORIENTED_EDGE ( 'NONE', *, *, #2274, .T. ) ;
#2964 = ADVANCED_FACE ( 'NONE', ( #1787 ), #2702, .F. ) ;
#2965 = DIRECTION ( 'NONE',  ( -0.000000000000000000, 0.000000000000000000, -1.000000000000000000 ) ) ;
#2966 = ORIENTED_EDGE ( 'NONE', *, *, #3502, .F. ) ;
#2967 = CARTESIAN_POINT ( 'NONE',  ( -16.90465164459614655, 34.99999999999999289, 2.522400503380229697 ) ) ;
#2968 = VECTOR ( 'NONE', #3545, 1000.000000000000000 ) ;
#2969 = VERTEX_POINT ( 'NONE', #1768 ) ;
#2970 = ORIENTED_EDGE ( 'NONE', *, *, #1215, .F. ) ;
#2971 = DIRECTION ( 'NONE',  ( 0.000000000000000000, 0.000000000000000000, -1.000000000000000000 ) ) ;
#2972 = DIRECTION ( 'NONE',  ( 0.000000000000000000, -0.000000000000000000, -1.000000000000000000 ) ) ;
#2973 = CARTESIAN_POINT ( 'NONE',  ( 25.99999999999998934, 41.00000000000000000, 5.000000000000000000 ) ) ;
#2974 = DIRECTION ( 'NONE',  ( 0.000000000000000000, -0.000000000000000000, -1.000000000000000000 ) ) ;
#2975 = ORIENTED_EDGE ( 'NONE', *, *, #2012, .F. ) ;
#2976 = DIRECTION ( 'NONE',  ( -0.000000000000000000, 0.000000000000000000, -1.000000000000000000 ) ) ;
#2977 = LINE ( 'NONE', #3693, #1239 ) ;
#2978 = DIRECTION ( 'NONE',  ( -0.000000000000000000, -0.000000000000000000, 1.000000000000000000 ) ) ;
#2979 = LINE ( 'NONE', #248, #3555 ) ;
#2980 = VECTOR ( 'NONE', #534, 1000.000000000000000 ) ;
#2981 = EDGE_CURVE ( 'NONE', #3909, #1270, #3021, .T. ) ;
#2982 = EDGE_CURVE ( 'NONE', #2069, #1967, #3259, .T. ) ;
#2983 = CARTESIAN_POINT ( 'NONE',  ( -38.99999999999999289, -39.00000000000000711, 0.000000000000000000 ) ) ;
#2984 = VECTOR ( 'NONE', #273, 1000.000000000000000 ) ;
#2985 = DIRECTION ( 'NONE',  ( -1.000000000000000000, 0.000000000000000000, 0.000000000000000000 ) ) ;
#2986 = ORIENTED_EDGE ( 'NONE', *, *, #140, .T. ) ;
#2987 = EDGE_CURVE ( 'NONE', #2969, #1884, #308, .T. ) ;
#2988 = VECTOR ( 'NONE', #3526, 1000.000000000000000 ) ;
#2989 = EDGE_LOOP ( 'NONE', ( #1079, #1276, #1986, #3504 ) ) ;
#2990 = CARTESIAN_POINT ( 'NONE',  ( -12.99999999999999645, 34.99999999999998579, 2.462284491910113449 ) ) ;
#2991 = ORIENTED_EDGE ( 'NONE', *, *, #3793, .F. ) ;
#2992 = DIRECTION ( 'NONE',  ( 0.000000000000000000, 0.000000000000000000, 1.000000000000000000 ) ) ;
#2993 = ORIENTED_EDGE ( 'NONE', *, *, #2773, .F. ) ;
#2994 = CARTESIAN_POINT ( 'NONE',  ( 7.155734338404329264E-15, -33.00000000000000000, 4.000000000000000000 ) ) ;
#2995 = CARTESIAN_POINT ( 'NONE',  ( 48.00000000000000711, 33.00000000000000000, 22.00000000000000000 ) ) ;
#2996 = LINE ( 'NONE', #1715, #668 ) ;
#2997 = VECTOR ( 'NONE', #1299, 1000.000000000000000 ) ;
#2998 = ADVANCED_FACE ( 'NONE', ( #2479 ), #2156, .F. ) ;
#2999 = VERTEX_POINT ( 'NONE', #1254 ) ;
#3000 = CARTESIAN_POINT ( 'NONE',  ( -6.000000000000000000, -38.00000000000000711, 5.000000000000000000 ) ) ;
#3001 = CIRCLE ( 'NONE', #1963, 4.000000000000003553 ) ;
#3002 = PLANE ( 'NONE',  #1016 ) ;
#3003 = ADVANCED_FACE ( 'NONE', ( #2828 ), #3706, .F. ) ;
#3004 = LINE ( 'NONE', #813, #1662 ) ;
#3005 = EDGE_LOOP ( 'NONE', ( #2257, #1732, #3897 ) ) ;
#3006 = EDGE_CURVE ( 'NONE', #2815, #3250, #2174, .T. ) ;
#3007 = ORIENTED_EDGE ( 'NONE', *, *, #2481, .F. ) ;
#3008 = CARTESIAN_POINT ( 'NONE',  ( 0.000000000000000000, -29.50000000000001421, 4.000000000000000000 ) ) ;
#3009 = ORIENTED_EDGE ( 'NONE', *, *, #1468, .T. ) ;
#3010 = ORIENTED_EDGE ( 'NONE', *, *, #2688, .F. ) ;
#3011 = CARTESIAN_POINT ( 'NONE',  ( -12.99999999999999822, 38.99999999999999289, 2.889440963084926040 ) ) ;
#3012 = DIRECTION ( 'NONE',  ( -1.000000000000000000, 0.000000000000000000, 0.000000000000000000 ) ) ;
#3013 = ORIENTED_EDGE ( 'NONE', *, *, #2656, .F. ) ;
#3014 = CARTESIAN_POINT ( 'NONE',  ( -2.999999999999999112, 35.64705415375998854, 2.804300931781431583 ) ) ;
#3015 = PLANE ( 'NONE',  #310 ) ;
#3016 = VECTOR ( 'NONE', #225, 1000.000000000000000 ) ;
#3017 = DIRECTION ( 'NONE',  ( -1.000000000000000000, 0.000000000000000000, 0.000000000000000000 ) ) ;
#3018 = ORIENTED_EDGE ( 'NONE', *, *, #3657, .T. ) ;
#3019 = LINE ( 'NONE', #3598, #902 ) ;
#3020 = AXIS2_PLACEMENT_3D ( 'NONE', #1600, #2285, #1303 ) ;
#3021 = LINE ( 'NONE', #1193, #3723 ) ;
#3022 = ORIENTED_EDGE ( 'NONE', *, *, #1809, .F. ) ;
#3023 = DIRECTION ( 'NONE',  ( -0.000000000000000000, -0.000000000000000000, 1.000000000000000000 ) ) ;
#3024 = ORIENTED_EDGE ( 'NONE', *, *, #636, .T. ) ;
#3025 = EDGE_CURVE ( 'NONE', #3915, #1078, #1231, .T. ) ;
#3026 = ORIENTED_EDGE ( 'NONE', *, *, #3269, .T. ) ;
#3027 = CARTESIAN_POINT ( 'NONE',  ( 32.00000000000000000, 39.00000000000000000, 0.000000000000000000 ) ) ;
#3028 = LINE ( 'NONE', #2164, #1336 ) ;
#3029 = EDGE_LOOP ( 'NONE', ( #2615, #1335, #1593, #1462, #545, #25, #3082, #1153, #978, #1773, #1634, #359 ) ) ;
#3030 = VECTOR ( 'NONE', #2, 1000.000000000000000 ) ;
#3031 = CARTESIAN_POINT ( 'NONE',  ( 18.00000000000000355, 35.00000000000000000, 5.000000000000000000 ) ) ;
#3032 = CARTESIAN_POINT ( 'NONE',  ( 39.00000000000000000, -38.99999999999998579, 0.000000000000000000 ) ) ;
#3033 = LINE ( 'NONE', #284, #1528 ) ;
#3034 = AXIS2_PLACEMENT_3D ( 'NONE', #3795, #1984, #473 ) ;
#3035 = PLANE ( 'NONE',  #2643 ) ;
#3036 = ADVANCED_FACE ( 'NONE', ( #40 ), #1871, .T. ) ;
#3037 = ORIENTED_EDGE ( 'NONE', *, *, #3746, .F. ) ;
#3038 = AXIS2_PLACEMENT_3D ( 'NONE', #1301, #2266, #985 ) ;
#3039 = EDGE_CURVE ( 'NONE', #62, #3915, #3742, .T. ) ;
#3040 = DIRECTION ( 'NONE',  ( 0.000000000000000000, 0.000000000000000000, -1.000000000000000000 ) ) ;
#3041 = CARTESIAN_POINT ( 'NONE',  ( 1.000000000000000666, 38.99999999999999289, 2.171572875253812818 ) ) ;
#3042 = ORIENTED_EDGE ( 'NONE', *, *, #918, .T. ) ;
#3043 = DIRECTION ( 'NONE',  ( 0.000000000000000000, -0.000000000000000000, 1.000000000000000000 ) ) ;
#3044 = EDGE_CURVE ( 'NONE', #2119, #1098, #1599, .T. ) ;
#3045 = ORIENTED_EDGE ( 'NONE', *, *, #1608, .T. ) ;
#3046 = ORIENTED_EDGE ( 'NONE', *, *, #2145, .T. ) ;
#3047 = VECTOR ( 'NONE', #370, 1000.000000000000000 ) ;
#3048 = CARTESIAN_POINT ( 'NONE',  ( 18.00000000000000355, 38.88007218864219539, 4.627274248317604588 ) ) ;
#3049 = AXIS2_PLACEMENT_3D ( 'NONE', #704, #3161, #1686 ) ;
#3050 = DIRECTION ( 'NONE',  ( -6.938893903907228378E-17, 1.000000000000000000, -0.000000000000000000 ) ) ;
#3051 = CIRCLE ( 'NONE', #497, 2.000000000000001776 ) ;
#3052 = ORIENTED_EDGE ( 'NONE', *, *, #98, .T. ) ;
#3053 = FACE_OUTER_BOUND ( 'NONE', #1582, .T. ) ;
#3054 = CARTESIAN_POINT ( 'NONE',  ( 0.000000000000000000, -3.100000000000030731, 4.000000000000000000 ) ) ;
#3055 = DIRECTION ( 'NONE',  ( -1.000000000000000000, 0.000000000000000000, 0.000000000000000000 ) ) ;
#3056 = CARTESIAN_POINT ( 'NONE',  ( 32.00000000000001421, 14.99999999999999645, 4.500000000000000888 ) ) ;
#3057 = EDGE_CURVE ( 'NONE', #1794, #2635, #2519, .T. ) ;
#3058 = ORIENTED_EDGE ( 'NONE', *, *, #2982, .F. ) ;
#3059 = AXIS2_PLACEMENT_3D ( 'NONE', #2261, #1974, #178 ) ;
#3060 = EDGE_CURVE ( 'NONE', #2316, #3134, #3840, .T. ) ;
#3061 = CARTESIAN_POINT ( 'NONE',  ( -45.99999999999999289, 32.99999999999999289, 19.00000000000000000 ) ) ;
#3062 = CARTESIAN_POINT ( 'NONE',  ( 39.00000000000000000, -34.99999999999999289, 0.000000000000000000 ) ) ;
#3063 = ORIENTED_EDGE ( 'NONE', *, *, #3757, .T. ) ;
#3064 = CARTESIAN_POINT ( 'NONE',  ( 0.000000000000000000, 32.50000000000000000, 4.000000000000000000 ) ) ;
#3065 = VERTEX_POINT ( 'NONE', #3062 ) ;
#3066 = ORIENTED_EDGE ( 'NONE', *, *, #2783, .T. ) ;
#3067 = CARTESIAN_POINT ( 'NONE',  ( 14.72245504096224167, 34.99999999701044828, 3.721876752846739134 ) ) ;
#3068 = LINE ( 'NONE', #335, #3498 ) ;
#3069 = EDGE_CURVE ( 'NONE', #2762, #2887, #1830, .T. ) ;
#3070 = AXIS2_PLACEMENT_3D ( 'NONE', #1519, #1238, #1858 ) ;
#3071 = VERTEX_POINT ( 'NONE', #3384 ) ;
#3072 = CARTESIAN_POINT ( 'NONE',  ( 46.00000000000000711, -34.99999999999999289, 0.000000000000000000 ) ) ;
#3073 = FACE_OUTER_BOUND ( 'NONE', #1394, .T. ) ;
#3074 = DIRECTION ( 'NONE',  ( -1.000000000000000000, 0.000000000000000000, 0.000000000000000000 ) ) ;
#3075 = CARTESIAN_POINT ( 'NONE',  ( 2.000000000000007550, 14.99999999999999645, 5.000000000000000888 ) ) ;
#3076 = DIRECTION ( 'NONE',  ( 1.000000000000000000, 0.000000000000000000, -0.000000000000000000 ) ) ;
#3077 = ORIENTED_EDGE ( 'NONE', *, *, #1928, .T. ) ;
#3078 = VERTEX_POINT ( 'NONE', #1574 ) ;
#3079 = ORIENTED_EDGE ( 'NONE', *, *, #2137, .T. ) ;
#3080 = DIRECTION ( 'NONE',  ( 1.000000000000000000, 0.000000000000000000, 0.000000000000000000 ) ) ;
#3081 = VECTOR ( 'NONE', #325, 1000.000000000000000 ) ;
#3082 = ORIENTED_EDGE ( 'NONE', *, *, #735, .F. ) ;
#3083 = DIRECTION ( 'NONE',  ( 0.000000000000000000, 0.000000000000000000, -1.000000000000000000 ) ) ;
#3084 = EDGE_CURVE ( 'NONE', #1197, #3842, #3681, .T. ) ;
#3085 = ORIENTED_EDGE ( 'NONE', *, *, #547, .F. ) ;
#3086 = AXIS2_PLACEMENT_3D ( 'NONE', #1333, #2560, #2502 ) ;
#3087 = EDGE_LOOP ( 'NONE', ( #484, #3363, #492, #2011 ) ) ;
#3088 = VECTOR ( 'NONE', #3260, 1000.000000000000000 ) ;
#3089 = CARTESIAN_POINT ( 'NONE',  ( 25.00000000000000711, 38.00000000000000711, 5.000000000000000000 ) ) ;
#3090 = DIRECTION ( 'NONE',  ( 1.000000000000000000, 2.602085213965213008E-15, 0.000000000000000000 ) ) ;
#3091 = VERTEX_POINT ( 'NONE', #2760 ) ;
#3092 = PLANE ( 'NONE',  #1046 ) ;
#3093 = FACE_OUTER_BOUND ( 'NONE', #1055, .T. ) ;
#3094 = CARTESIAN_POINT ( 'NONE',  ( 40.00000000000001421, 35.00000000000000000, 2.000000000000000000 ) ) ;
#3095 = CARTESIAN_POINT ( 'NONE',  ( -49.99999999999999289, -31.00000000000000711, 19.00000000000000000 ) ) ;
#3096 = LINE ( 'NONE', #992, #3292 ) ;
#3097 = ORIENTED_EDGE ( 'NONE', *, *, #2030, .T. ) ;
#3098 = VERTEX_POINT ( 'NONE', #2808 ) ;
#3099 = DIRECTION ( 'NONE',  ( -1.000000000000000000, -7.228014483236695816E-17, 0.000000000000000000 ) ) ;
#3100 = DIRECTION ( 'NONE',  ( 1.000000000000000000, 0.000000000000000000, 0.000000000000000000 ) ) ;
#3101 = ORIENTED_EDGE ( 'NONE', *, *, #2051, .T. ) ;
#3102 = CARTESIAN_POINT ( 'NONE',  ( 20.50000000000000355, 29.00000000000000000, 2.000000000000000000 ) ) ;
#3103 = ADVANCED_FACE ( 'NONE', ( #15 ), #2456, .F. ) ;
#3104 = ORIENTED_EDGE ( 'NONE', *, *, #2640, .F. ) ;
#3105 = CARTESIAN_POINT ( 'NONE',  ( 18.00000000000000355, 38.87298334622098395, 4.813639539691632052 ) ) ;
#3106 = ADVANCED_FACE ( 'NONE', ( #2786 ), #699, .T. ) ;
#3107 = ORIENTED_EDGE ( 'NONE', *, *, #2150, .T. ) ;
#3108 = VECTOR ( 'NONE', #424, 1000.000000000000000 ) ;
#3109 = PLANE ( 'NONE',  #794 ) ;
#3110 = CARTESIAN_POINT ( 'NONE',  ( 27.10000000000001208, 0.000000000000000000, 4.000000000000000000 ) ) ;
#3111 = CARTESIAN_POINT ( 'NONE',  ( 46.00000000000000711, -30.99999999999998579, 4.000000000000000000 ) ) ;
#3112 = AXIS2_PLACEMENT_3D ( 'NONE', #1223, #590, #3375 ) ;
#3113 = CARTESIAN_POINT ( 'NONE',  ( -47.99999999999999289, 0.000000000000000000, 4.000000000000000000 ) ) ;
#3114 = DIRECTION ( 'NONE',  ( 0.000000000000000000, 1.000000000000000000, 0.000000000000000000 ) ) ;
#3115 = ORIENTED_EDGE ( 'NONE', *, *, #1215, .T. ) ;
#3116 = ORIENTED_EDGE ( 'NONE', *, *, #1468, .F. ) ;
#3117 = DIRECTION ( 'NONE',  ( 0.000000000000000000, 0.000000000000000000, -1.000000000000000000 ) ) ;
#3118 = DIRECTION ( 'NONE',  ( -0.000000000000000000, -0.000000000000000000, -1.000000000000000000 ) ) ;
#3119 = ORIENTED_EDGE ( 'NONE', *, *, #3532, .T. ) ;
#3120 = SURFACE_STYLE_USAGE ( .BOTH. , #3745 ) ;
#3121 = ORIENTED_EDGE ( 'NONE', *, *, #1923, .T. ) ;
#3122 = ORIENTED_EDGE ( 'NONE', *, *, #2328, .F. ) ;
#3123 = CARTESIAN_POINT ( 'NONE',  ( 14.19317183379201097, 35.00000000114567911, 2.946482878328737787 ) ) ;
#3124 = EDGE_LOOP ( 'NONE', ( #3367, #2162, #1414, #814 ) ) ;
#3125 = CARTESIAN_POINT ( 'NONE',  ( 45.50000000000001421, 0.000000000000000000, 2.000000000000000000 ) ) ;
#3126 = CARTESIAN_POINT ( 'NONE',  ( -49.99999999999999289, 34.99999999999999289, 0.000000000000000000 ) ) ;
#3127 = LINE ( 'NONE', #3433, #3463 ) ;
#3128 = CARTESIAN_POINT ( 'NONE',  ( -45.99999999999999289, 32.99999999999999289, 19.90000000000000213 ) ) ;
#3129 = DIRECTION ( 'NONE',  ( 1.000000000000000000, 0.000000000000000000, 0.000000000000000000 ) ) ;
#3130 = CIRCLE ( 'NONE', #2748, 2.999999999999999112 ) ;
#3131 = EDGE_CURVE ( 'NONE', #1078, #256, #2436, .T. ) ;
#3132 = CYLINDRICAL_SURFACE ( 'NONE', #2389, 2.000000000000001776 ) ;
#3133 = LINE ( 'NONE', #3419, #2395 ) ;
#3134 = VERTEX_POINT ( 'NONE', #1895 ) ;
#3135 = ORIENTED_EDGE ( 'NONE', *, *, #3896, .F. ) ;
#3136 = EDGE_CURVE ( 'NONE', #132, #2069, #1551, .T. ) ;
#3137 = CARTESIAN_POINT ( 'NONE',  ( -45.99999999999999289, 34.09999999999999432, 19.90000000000000213 ) ) ;
#3138 = CARTESIAN_POINT ( 'NONE',  ( 46.00000000000000711, 31.00000000000000000, 22.00000000000000000 ) ) ;
#3139 = ORIENTED_EDGE ( 'NONE', *, *, #1905, .F. ) ;
#3140 = VECTOR ( 'NONE', #3722, 1000.000000000000000 ) ;
#3141 = VERTEX_POINT ( 'NONE', #3678 ) ;
#3142 = VECTOR ( 'NONE', #2911, 1000.000000000000000 ) ;
#3143 = FACE_OUTER_BOUND ( 'NONE', #853, .T. ) ;
#3144 = ORIENTED_EDGE ( 'NONE', *, *, #130, .F. ) ;
#3145 = CARTESIAN_POINT ( 'NONE',  ( -30.99999999999999645, -40.00000000000000711, 5.000000000000000000 ) ) ;
#3146 = EDGE_CURVE ( 'NONE', #1786, #1275, #2632, .T. ) ;
#3147 = CARTESIAN_POINT ( 'NONE',  ( -10.99999999999998401, 41.00000000000000000, 5.000000000000000000 ) ) ;
#3148 = DIRECTION ( 'NONE',  ( -0.000000000000000000, -0.000000000000000000, -1.000000000000000000 ) ) ;
#3149 = DIRECTION ( 'NONE',  ( 0.000000000000000000, 0.000000000000000000, -1.000000000000000000 ) ) ;
#3150 = CARTESIAN_POINT ( 'NONE',  ( 31.82973660975350327, 34.99999999999999289, 2.000000000000000888 ) ) ;
#3151 = CARTESIAN_POINT ( 'NONE',  ( 6.000000000000000000, -38.00000000000000711, 5.000000000000000000 ) ) ;
#3152 = CARTESIAN_POINT ( 'NONE',  ( -49.99999999999999289, -31.00000000000001066, 2.000000000000000000 ) ) ;
#3153 = ORIENTED_EDGE ( 'NONE', *, *, #1744, .T. ) ;
#3154 = LINE ( 'NONE', #3174, #2920 ) ;
#3155 = EDGE_CURVE ( 'NONE', #835, #562, #2347, .T. ) ;
#3156 = VECTOR ( 'NONE', #3336, 1000.000000000000000 ) ;
#3157 = CARTESIAN_POINT ( 'NONE',  ( 20.50000000000000355, 0.000000000000000000, 4.000000000000000000 ) ) ;
#3158 = EDGE_LOOP ( 'NONE', ( #232, #1930, #2825, #2956 ) ) ;
#3159 = PLANE ( 'NONE',  #3550 ) ;
#3160 = AXIS2_PLACEMENT_3D ( 'NONE', #360, #1903, #2510 ) ;
#3161 = DIRECTION ( 'NONE',  ( -0.000000000000000000, -0.000000000000000000, -1.000000000000000000 ) ) ;
#3162 = ADVANCED_FACE ( 'NONE', ( #2651 ), #3573, .F. ) ;
#3163 = LINE ( 'NONE', #1649, #1132 ) ;
#3164 = ORIENTED_EDGE ( 'NONE', *, *, #3470, .F. ) ;
#3165 = DIRECTION ( 'NONE',  ( 7.228014483236695816E-17, -1.000000000000000000, 0.000000000000000000 ) ) ;
#3166 = DIRECTION ( 'NONE',  ( -0.000000000000000000, -0.000000000000000000, -1.000000000000000000 ) ) ;
#3167 = DIRECTION ( 'NONE',  ( -6.938893903907228378E-17, 1.000000000000000000, -0.000000000000000000 ) ) ;
#3168 = CARTESIAN_POINT ( 'NONE',  ( 48.00000000000000711, -10.99999999999998934, 2.000000000000000000 ) ) ;
#3169 = CIRCLE ( 'NONE', #739, 2.000000000000001776 ) ;
#3170 = DIRECTION ( 'NONE',  ( 0.000000000000000000, 1.000000000000000000, 0.000000000000000000 ) ) ;
#3171 = EDGE_CURVE ( 'NONE', #969, #2096, #2368, .T. ) ;
#3172 = ORIENTED_EDGE ( 'NONE', *, *, #2139, .F. ) ;
#3173 = CIRCLE ( 'NONE', #186, 3.000000000000000000 ) ;
#3174 = CARTESIAN_POINT ( 'NONE',  ( -45.99999999999999289, -33.00000000000000711, 21.10000000000000497 ) ) ;
#3175 = ADVANCED_FACE ( 'NONE', ( #264 ), #1127, .F. ) ;
#3176 = CIRCLE ( 'NONE', #1449, 2.000000000000001776 ) ;
#3177 = DIRECTION ( 'NONE',  ( 1.000000000000000000, 0.000000000000000000, 0.000000000000000000 ) ) ;
#3178 = EDGE_CURVE ( 'NONE', #223, #3341, #1921, .T. ) ;
#3179 = CARTESIAN_POINT ( 'NONE',  ( -3.638262323776786799E-18, 0.9999999999999796829, 4.000000000000000000 ) ) ;
#3180 = VECTOR ( 'NONE', #2548, 1000.000000000000000 ) ;
#3181 = ORIENTED_EDGE ( 'NONE', *, *, #2637, .T. ) ;
#3182 = EDGE_CURVE ( 'NONE', #505, #3134, #3294, .T. ) ;
#3183 = VECTOR ( 'NONE', #319, 1000.000000000000000 ) ;
#3184 = DIRECTION ( 'NONE',  ( 0.000000000000000000, 0.000000000000000000, -1.000000000000000000 ) ) ;
#3185 = CARTESIAN_POINT ( 'NONE',  ( -18.60000000000002629, 34.99999999999999289, 8.000000000000000000 ) ) ;
#3186 = ORIENTED_EDGE ( 'NONE', *, *, #3513, .T. ) ;
#3187 = DIRECTION ( 'NONE',  ( 0.000000000000000000, 1.000000000000000000, 0.000000000000000000 ) ) ;
#3188 = DIRECTION ( 'NONE',  ( 1.000000000000000000, 0.000000000000000000, -0.000000000000000000 ) ) ;
#3189 = CARTESIAN_POINT ( 'NONE',  ( -41.99999999999999289, 1.499999999999986233, 4.000000000000000000 ) ) ;
#3190 = CARTESIAN_POINT ( 'NONE',  ( -41.99999999999999289, 28.99999999999998934, 4.000000000000000000 ) ) ;
#3191 = EDGE_CURVE ( 'NONE', #1258, #2189, #3469, .T. ) ;
#3192 = FACE_OUTER_BOUND ( 'NONE', #903, .T. ) ;
#3193 = ORIENTED_EDGE ( 'NONE', *, *, #1048, .T. ) ;
#3194 = VERTEX_POINT ( 'NONE', #469 ) ;
#3195 = DIRECTION ( 'NONE',  ( -0.000000000000000000, -0.000000000000000000, 1.000000000000000000 ) ) ;
#3196 = PLANE ( 'NONE',  #190 ) ;
#3197 = DIRECTION ( 'NONE',  ( 0.000000000000000000, 0.000000000000000000, -1.000000000000000000 ) ) ;
#3198 = CARTESIAN_POINT ( 'NONE',  ( -10.99999999999998401, 41.00000000000000000, 0.000000000000000000 ) ) ;
#3199 = ORIENTED_EDGE ( 'NONE', *, *, #3084, .T. ) ;
#3200 = EDGE_CURVE ( 'NONE', #1706, #3642, #1942, .T. ) ;
#3201 = CARTESIAN_POINT ( 'NONE',  ( 14.00000000000000533, 35.00000000000000000, 0.000000000000000000 ) ) ;
#3202 = LINE ( 'NONE', #2687, #1354 ) ;
#3203 = EDGE_CURVE ( 'NONE', #2787, #378, #1022, .T. ) ;
#3204 = VERTEX_POINT ( 'NONE', #183 ) ;
#3205 = ORIENTED_EDGE ( 'NONE', *, *, #1411, .T. ) ;
#3206 = CARTESIAN_POINT ( 'NONE',  ( -45.99999999999999289, -31.00000000000000711, 19.00000000000000000 ) ) ;
#3207 = AXIS2_PLACEMENT_3D ( 'NONE', #3041, #1750, #2985 ) ;
#3208 = LINE ( 'NONE', #3189, #3658 ) ;
#3209 = DIRECTION ( 'NONE',  ( 1.000000000000000000, 0.000000000000000000, 0.000000000000000000 ) ) ;
#3210 = CARTESIAN_POINT ( 'NONE',  ( -41.56416923747485725, 32.50000000000000000, 4.000000000000000000 ) ) ;
#3211 = LINE ( 'NONE', #493, #2198 ) ;
#3212 = ORIENTED_EDGE ( 'NONE', *, *, #3886, .F. ) ;
#3213 = CARTESIAN_POINT ( 'NONE',  ( -45.50000000000000000, 28.99999999999998934, 2.000000000000000000 ) ) ;
#3214 = LINE ( 'NONE', #3157, #1189 ) ;
#3215 = LINE ( 'NONE', #3198, #1395 ) ;
#3216 = VECTOR ( 'NONE', #676, 1000.000000000000000 ) ;
#3217 = ORIENTED_EDGE ( 'NONE', *, *, #442, .F. ) ;
#3218 = VECTOR ( 'NONE', #1198, 1000.000000000000000 ) ;
#3219 = VECTOR ( 'NONE', #3672, 1000.000000000000000 ) ;
#3220 = DIRECTION ( 'NONE',  ( -1.000000000000000000, 0.000000000000000000, 0.000000000000000000 ) ) ;
#3221 = CARTESIAN_POINT ( 'NONE',  ( -2.000000000000000444, -38.00000000000000711, 5.000000000000000000 ) ) ;
#3222 = AXIS2_PLACEMENT_3D ( 'NONE', #2509, #382, #452 ) ;
#3223 = EDGE_LOOP ( 'NONE', ( #2609, #3414, #1899, #3232 ) ) ;
#3224 = EDGE_CURVE ( 'NONE', #1765, #2165, #726, .T. ) ;
#3225 = ORIENTED_EDGE ( 'NONE', *, *, #3057, .F. ) ;
#3226 = CARTESIAN_POINT ( 'NONE',  ( -2.999999999999997780, 38.99999999999998579, 2.171572875253812818 ) ) ;
#3227 = CIRCLE ( 'NONE', #2720, 2.000000000000001776 ) ;
#3228 = FACE_BOUND ( 'NONE', #3709, .T. ) ;
#3229 = EDGE_CURVE ( 'NONE', #2165, #2515, #2765, .T. ) ;
#3230 = LINE ( 'NONE', #1943, #1515 ) ;
#3231 = LINE ( 'NONE', #3210, #1953 ) ;
#3232 = ORIENTED_EDGE ( 'NONE', *, *, #2072, .T. ) ;
#3233 = PLANE ( 'NONE',  #3034 ) ;
#3234 = ORIENTED_EDGE ( 'NONE', *, *, #3913, .F. ) ;
#3235 = EDGE_LOOP ( 'NONE', ( #877, #2853, #388, #1939, #2824 ) ) ;
#3236 = DIRECTION ( 'NONE',  ( -1.000000000000000000, 0.000000000000000000, -0.000000000000000000 ) ) ;
#3237 = DIRECTION ( 'NONE',  ( -1.000000000000000000, 0.000000000000000000, 0.000000000000000000 ) ) ;
#3238 = VECTOR ( 'NONE', #1987, 1000.000000000000000 ) ;
#3239 = CARTESIAN_POINT ( 'NONE',  ( 46.00000000000000711, 32.99999999999999289, 21.10000000000000142 ) ) ;
#3240 = CIRCLE ( 'NONE', #922, 2.500000000000002220 ) ;
#3241 = EDGE_CURVE ( 'NONE', #751, #944, #3127, .T. ) ;
#3242 = AXIS2_PLACEMENT_3D ( 'NONE', #973, #954, #2173 ) ;
#3243 = VERTEX_POINT ( 'NONE', #1322 ) ;
#3244 = CARTESIAN_POINT ( 'NONE',  ( -12.99999999999999822, 38.99999999999998579, 2.462284491910116113 ) ) ;
#3245 = ORIENTED_EDGE ( 'NONE', *, *, #2372, .F. ) ;
#3246 = ORIENTED_EDGE ( 'NONE', *, *, #1840, .F. ) ;
#3247 = CARTESIAN_POINT ( 'NONE',  ( -2.999999999999997780, 38.51964298040216050, 4.518926247405387286 ) ) ;
#3248 = DIRECTION ( 'NONE',  ( 0.000000000000000000, 0.000000000000000000, -1.000000000000000000 ) ) ;
#3249 = LINE ( 'NONE', #3527, #1057 ) ;
#3250 = VERTEX_POINT ( 'NONE', #2207 ) ;
#3251 = ORIENTED_EDGE ( 'NONE', *, *, #2468, .F. ) ;
#3252 = ORIENTED_EDGE ( 'NONE', *, *, #1282, .T. ) ;
#3253 = DIRECTION ( 'NONE',  ( 0.000000000000000000, 0.000000000000000000, -1.000000000000000000 ) ) ;
#3254 = FACE_BOUND ( 'NONE', #623, .T. ) ;
#3255 = ADVANCED_FACE ( 'NONE', ( #1904 ), #108, .T. ) ;
#3256 = DIRECTION ( 'NONE',  ( 0.000000000000000000, 0.000000000000000000, -1.000000000000000000 ) ) ;
#3257 = CIRCLE ( 'NONE', #17, 2.000000000000001776 ) ;
#3258 = AXIS2_PLACEMENT_3D ( 'NONE', #1204, #3576, #1453 ) ;
#3259 = LINE ( 'NONE', #2418, #1090 ) ;
#3260 = DIRECTION ( 'NONE',  ( 0.000000000000000000, -1.000000000000000000, 0.000000000000000000 ) ) ;
#3261 = ORIENTED_EDGE ( 'NONE', *, *, #3084, .F. ) ;
#3262 = VERTEX_POINT ( 'NONE', #2837 ) ;
#3263 = DIRECTION ( 'NONE',  ( -1.000000000000000000, 0.000000000000000000, 0.000000000000000000 ) ) ;
#3264 = DIRECTION ( 'NONE',  ( 1.000000000000000000, 0.000000000000000000, 0.000000000000000000 ) ) ;
#3265 = VECTOR ( 'NONE', #184, 1000.000000000000000 ) ;
#3266 = FACE_OUTER_BOUND ( 'NONE', #1437, .T. ) ;
#3267 = EDGE_CURVE ( 'NONE', #3389, #2096, #2440, .T. ) ;
#3268 = DIRECTION ( 'NONE',  ( 0.000000000000000000, 0.000000000000000000, -1.000000000000000000 ) ) ;
#3269 = EDGE_CURVE ( 'NONE', #3563, #2467, #1922, .T. ) ;
#3270 = CIRCLE ( 'NONE', #2761, 2.000000000000000888 ) ;
#3271 = ORIENTED_EDGE ( 'NONE', *, *, #245, .F. ) ;
#3272 = CARTESIAN_POINT ( 'NONE',  ( -2.999999999999999112, 36.15470053837924524, 4.999999999999998224 ) ) ;
#3273 = CARTESIAN_POINT ( 'NONE',  ( -18.60000000000002629, 33.00000000000000000, 5.000000000000000000 ) ) ;
#3274 = DIRECTION ( 'NONE',  ( -0.000000000000000000, -0.000000000000000000, 1.000000000000000000 ) ) ;
#3275 = AXIS2_PLACEMENT_3D ( 'NONE', #1712, #2628, #3845 ) ;
#3276 = PRESENTATION_LAYER_ASSIGNMENT (  '', '', ( #2659 ) ) ;
#3277 = ADVANCED_FACE ( 'NONE', ( #1961 ), #1673, .T. ) ;
#3278 = VECTOR ( 'NONE', #2946, 1000.000000000000000 ) ;
#3279 = EDGE_CURVE ( 'NONE', #1681, #1745, #418, .T. ) ;
#3280 = CARTESIAN_POINT ( 'NONE',  ( -41.99999999999999289, 32.50000000000000000, 4.000000000000000000 ) ) ;
#3281 = DIRECTION ( 'NONE',  ( 1.000000000000000000, 0.000000000000000000, 0.000000000000000000 ) ) ;
#3282 = VERTEX_POINT ( 'NONE', #1654 ) ;
#3283 = DIRECTION ( 'NONE',  ( -1.000000000000000000, 0.000000000000000000, 0.000000000000000000 ) ) ;
#3284 = AXIS2_PLACEMENT_3D ( 'NONE', #321, #3356, #303 ) ;
#3285 = ORIENTED_EDGE ( 'NONE', *, *, #3146, .F. ) ;
#3286 = AXIS2_PLACEMENT_3D ( 'NONE', #3731, #988, #400 ) ;
#3287 = ORIENTED_EDGE ( 'NONE', *, *, #892, .T. ) ;
#3288 = VECTOR ( 'NONE', #28, 1000.000000000000000 ) ;
#3289 = DIRECTION ( 'NONE',  ( -6.938893903907228378E-17, 1.000000000000000000, -0.000000000000000000 ) ) ;
#3290 = LINE ( 'NONE', #1757, #3218 ) ;
#3291 = CARTESIAN_POINT ( 'NONE',  ( 33.00000000000000711, -39.00000000000000711, 0.000000000000000000 ) ) ;
#3292 = VECTOR ( 'NONE', #2802, 1000.000000000000000 ) ;
#3293 = EDGE_LOOP ( 'NONE', ( #2501, #1211, #634, #2704 ) ) ;
#3294 = LINE ( 'NONE', #455, #2954 ) ;
#3295 = CARTESIAN_POINT ( 'NONE',  ( -2.999999999999998668, 38.65631107794455801, 4.052549670183220876 ) ) ;
#3296 = DIRECTION ( 'NONE',  ( -1.000000000000000000, -2.168404344971008868E-16, 0.000000000000000000 ) ) ;
#3297 = CARTESIAN_POINT ( 'NONE',  ( -38.99999999999999289, -35.00000000000000711, 0.000000000000000000 ) ) ;
#3298 = ORIENTED_EDGE ( 'NONE', *, *, #3279, .F. ) ;
#3299 = CARTESIAN_POINT ( 'NONE',  ( -30.99999999999999645, -36.00000000000000711, 0.000000000000000000 ) ) ;
#3300 = ORIENTED_EDGE ( 'NONE', *, *, #733, .F. ) ;
#3301 = AXIS2_PLACEMENT_3D ( 'NONE', #1162, #1400, #3508 ) ;
#3302 = CARTESIAN_POINT ( 'NONE',  ( -38.00000000000000000, 34.99999999999999289, 5.000000000000000888 ) ) ;
#3303 = ORIENTED_EDGE ( 'NONE', *, *, #570, .F. ) ;
#3304 = VECTOR ( 'NONE', #2919, 1000.000000000000000 ) ;
#3305 = VERTEX_POINT ( 'NONE', #2529 ) ;
#3306 = CARTESIAN_POINT ( 'NONE',  ( 47.00000000000000711, -18.99999999999998934, 8.000000000000000000 ) ) ;
#3307 = ORIENTED_EDGE ( 'NONE', *, *, #3837, .T. ) ;
#3308 = EDGE_CURVE ( 'NONE', #2240, #3243, #2876, .T. ) ;
#3309 = ORIENTED_EDGE ( 'NONE', *, *, #1488, .F. ) ;
#3310 = CARTESIAN_POINT ( 'NONE',  ( 2.000000000000000444, -38.00000000000000711, 0.000000000000000000 ) ) ;
#3311 = CARTESIAN_POINT ( 'NONE',  ( -18.60000000000002629, 34.99999999999999289, 8.000000000000000000 ) ) ;
#3312 = CARTESIAN_POINT ( 'NONE',  ( -38.00000000000000000, 14.99999999999999645, 5.000000000000000888 ) ) ;
#3313 = ORIENTED_EDGE ( 'NONE', *, *, #1722, .F. ) ;
#3314 = EDGE_CURVE ( 'NONE', #681, #501, #146, .T. ) ;
#3315 = CARTESIAN_POINT ( 'NONE',  ( -2.999999999999998668, 38.72677492915791930, 3.820727778049677337 ) ) ;
#3316 = DIRECTION ( 'NONE',  ( -0.000000000000000000, 1.000000000000000000, 0.000000000000000000 ) ) ;
#3317 = LINE ( 'NONE', #267, #703 ) ;
#3318 = VERTEX_POINT ( 'NONE', #1980 ) ;
#3319 = LINE ( 'NONE', #2329, #1032 ) ;
#3320 = DIRECTION ( 'NONE',  ( 0.000000000000000000, -1.000000000000000000, 0.000000000000000000 ) ) ;
#3321 = ADVANCED_FACE ( 'NONE', ( #1005 ), #2611, .T. ) ;
#3322 = DIRECTION ( 'NONE',  ( 0.000000000000000000, 0.000000000000000000, -1.000000000000000000 ) ) ;
#3323 = EDGE_LOOP ( 'NONE', ( #1192, #656, #368, #3442 ) ) ;
#3324 = ORIENTED_EDGE ( 'NONE', *, *, #170, .F. ) ;
#3325 = CARTESIAN_POINT ( 'NONE',  ( 48.00000000000000711, -30.99999999999998579, 22.00000000000000000 ) ) ;
#3326 = ORIENTED_EDGE ( 'NONE', *, *, #2278, .F. ) ;
#3327 = ORIENTED_EDGE ( 'NONE', *, *, #1552, .T. ) ;
#3328 = LINE ( 'NONE', #2647, #791 ) ;
#3329 = EDGE_CURVE ( 'NONE', #2725, #3429, #3208, .T. ) ;
#3330 = DIRECTION ( 'NONE',  ( 0.000000000000000000, 0.000000000000000000, -1.000000000000000000 ) ) ;
#3331 = ORIENTED_EDGE ( 'NONE', *, *, #448, .T. ) ;
#3332 = ADVANCED_FACE ( 'NONE', ( #1042 ), #745, .T. ) ;
#3333 = DIRECTION ( 'NONE',  ( -3.252606517456527107E-16, -1.000000000000000000, -0.000000000000000000 ) ) ;
#3334 = FACE_OUTER_BOUND ( 'NONE', #2915, .T. ) ;
#3335 = DIRECTION ( 'NONE',  ( 1.000000000000000000, 0.000000000000000000, 0.000000000000000000 ) ) ;
#3336 = DIRECTION ( 'NONE',  ( 1.000000000000000000, 0.000000000000000000, 0.000000000000000000 ) ) ;
#3337 = ORIENTED_EDGE ( 'NONE', *, *, #3308, .F. ) ;
#3338 = VERTEX_POINT ( 'NONE', #567 ) ;
#3339 = DIRECTION ( 'NONE',  ( 0.000000000000000000, -1.000000000000000000, 0.000000000000000000 ) ) ;
#3340 = AXIS2_PLACEMENT_3D ( 'NONE', #70, #2817, #1941 ) ;
#3341 = VERTEX_POINT ( 'NONE', #2669 ) ;
#3342 = DIRECTION ( 'NONE',  ( -0.000000000000000000, -0.000000000000000000, 1.000000000000000000 ) ) ;
#3343 = ORIENTED_EDGE ( 'NONE', *, *, #45, .T. ) ;
#3344 = CARTESIAN_POINT ( 'NONE',  ( 47.00000000000000711, -10.99999999999998934, 8.000000000000000000 ) ) ;
#3345 = ORIENTED_EDGE ( 'NONE', *, *, #3267, .F. ) ;
#3346 = EDGE_LOOP ( 'NONE', ( #1890, #3585 ) ) ;
#3347 = EDGE_CURVE ( 'NONE', #1270, #2178, #1792, .T. ) ;
#3348 = CARTESIAN_POINT ( 'NONE',  ( 15.00000000000001066, 34.99999999999999289, 4.999999999999998224 ) ) ;
#3349 = LINE ( 'NONE', #3691, #148 ) ;
#3350 = VERTEX_POINT ( 'NONE', #507 ) ;
#3351 = ADVANCED_FACE ( 'NONE', ( #3885 ), #3826, .T. ) ;
#3352 = FACE_OUTER_BOUND ( 'NONE', #2382, .T. ) ;
#3353 = DIRECTION ( 'NONE',  ( 1.000000000000000000, 0.000000000000000000, 0.000000000000000000 ) ) ;
#3354 = FACE_OUTER_BOUND ( 'NONE', #3866, .T. ) ;
#3355 = AXIS2_PLACEMENT_3D ( 'NONE', #32, #93, #3400 ) ;
#3356 = DIRECTION ( 'NONE',  ( 0.000000000000000000, -1.000000000000000000, 0.000000000000000000 ) ) ;
#3357 = EDGE_LOOP ( 'NONE', ( #2804, #2667, #3867, #2034 ) ) ;
#3358 = LINE ( 'NONE', #1425, #2980 ) ;
#3359 = CIRCLE ( 'NONE', #298, 2.000000000000001776 ) ;
#3360 = DIRECTION ( 'NONE',  ( -1.000000000000000000, -6.938893903907228378E-17, 0.000000000000000000 ) ) ;
#3361 = CARTESIAN_POINT ( 'NONE',  ( -45.99999999999999289, 32.99999999999999289, 21.10000000000000142 ) ) ;
#3362 = DIRECTION ( 'NONE',  ( -1.000000000000000000, 0.000000000000000000, 0.000000000000000000 ) ) ;
#3363 = ORIENTED_EDGE ( 'NONE', *, *, #2496, .F. ) ;
#3364 = ADVANCED_FACE ( 'NONE', ( #2342, #2951, #3228, #1158 ), #2364, .T. ) ;
#3365 = CARTESIAN_POINT ( 'NONE',  ( -45.50000000000000000, 4.999999999999986677, 4.000000000000000000 ) ) ;
#3366 = AXIS2_PLACEMENT_3D ( 'NONE', #1917, #428, #2259 ) ;
#3367 = ORIENTED_EDGE ( 'NONE', *, *, #3025, .T. ) ;
#3368 = ORIENTED_EDGE ( 'NONE', *, *, #2182, .T. ) ;
#3369 = CIRCLE ( 'NONE', #2277, 1.999999999999998224 ) ;
#3370 = CARTESIAN_POINT ( 'NONE',  ( 14.95903900313919976, 34.99999999651367943, 4.442040010003625028 ) ) ;
#3371 = FACE_OUTER_BOUND ( 'NONE', #1910, .T. ) ;
#3372 = ORIENTED_EDGE ( 'NONE', *, *, #725, .F. ) ;
#3373 = VECTOR ( 'NONE', #346, 1000.000000000000000 ) ;
#3374 = DIRECTION ( 'NONE',  ( -1.000000000000000000, 0.000000000000000000, 0.000000000000000000 ) ) ;
#3375 = DIRECTION ( 'NONE',  ( -1.000000000000000000, 0.000000000000000000, 0.000000000000000000 ) ) ;
#3376 = CARTESIAN_POINT ( 'NONE',  ( 1.000000000000001998, 38.46410161513774995, 5.000000000000000888 ) ) ;
#3377 = DIRECTION ( 'NONE',  ( -6.938893903907228378E-17, 1.000000000000000000, 0.000000000000000000 ) ) ;
#3378 = FACE_OUTER_BOUND ( 'NONE', #2494, .T. ) ;
#3379 = EDGE_LOOP ( 'NONE', ( #1595, #3480, #804, #2100 ) ) ;
#3380 = EDGE_LOOP ( 'NONE', ( #3850, #2307, #914, #1174 ) ) ;
#3381 = EDGE_CURVE ( 'NONE', #85, #2934, #100, .T. ) ;
#3382 = VECTOR ( 'NONE', #1374, 1000.000000000000000 ) ;
#3383 = CARTESIAN_POINT ( 'NONE',  ( 39.00000000000000000, -35.00000000000000711, 5.000000000000000000 ) ) ;
#3384 = CARTESIAN_POINT ( 'NONE',  ( 47.93649167310370984, -31.50000000000000711, 2.000000000000000000 ) ) ;
#3385 = ORIENTED_EDGE ( 'NONE', *, *, #3484, .F. ) ;
#3386 = DIRECTION ( 'NONE',  ( -1.000000000000000000, 0.000000000000000000, 0.000000000000000000 ) ) ;
#3387 = EDGE_LOOP ( 'NONE', ( #87, #2866, #1475, #2032, #571, #429, #3685, #848, #2617 ) ) ;
#3388 = ADVANCED_FACE ( 'NONE', ( #2318 ), #2081, .F. ) ;
#3389 = VERTEX_POINT ( 'NONE', #3310 ) ;
#3390 = CARTESIAN_POINT ( 'NONE',  ( 18.00000000000000355, 35.75084548828201036, 4.476924298733536922 ) ) ;
#3391 = DIRECTION ( 'NONE',  ( -6.938893903907228378E-17, 1.000000000000000000, -0.000000000000000000 ) ) ;
#3392 = ORIENTED_EDGE ( 'NONE', *, *, #1716, .F. ) ;
#3393 = DIRECTION ( 'NONE',  ( 0.000000000000000000, 0.000000000000000000, 1.000000000000000000 ) ) ;
#3394 = DIRECTION ( 'NONE',  ( 1.000000000000000000, 0.000000000000000000, 0.000000000000000000 ) ) ;
#3395 = EDGE_CURVE ( 'NONE', #3623, #1765, #799, .T. ) ;
#3396 = CARTESIAN_POINT ( 'NONE',  ( 20.00000000000001776, 41.00000000000000000, 0.000000000000000000 ) ) ;
#3397 = DIRECTION ( 'NONE',  ( 0.000000000000000000, 0.000000000000000000, -1.000000000000000000 ) ) ;
#3398 = EDGE_CURVE ( 'NONE', #757, #2559, #1418, .T. ) ;
#3399 = CARTESIAN_POINT ( 'NONE',  ( -45.99999999999999289, 34.99999999999999289, 22.00000000000000000 ) ) ;
#3400 = DIRECTION ( 'NONE',  ( -1.000000000000000000, 0.000000000000000000, 0.000000000000000000 ) ) ;
#3401 = EDGE_LOOP ( 'NONE', ( #2690, #3918, #551, #2157 ) ) ;
#3402 = ORIENTED_EDGE ( 'NONE', *, *, #1056, .T. ) ;
#3403 = CARTESIAN_POINT ( 'NONE',  ( 16.72301556883919815, 0.000000000000000000, 2.000000000000000000 ) ) ;
#3404 = EDGE_CURVE ( 'NONE', #1269, #2178, #241, .T. ) ;
#3405 = CARTESIAN_POINT ( 'NONE',  ( 46.00000000000000711, 34.09999999999999432, 21.10000000000000142 ) ) ;
#3406 = DIRECTION ( 'NONE',  ( 0.000000000000000000, 1.000000000000000000, -0.000000000000000000 ) ) ;
#3407 = VECTOR ( 'NONE', #348, 1000.000000000000000 ) ;
#3408 = ORIENTED_EDGE ( 'NONE', *, *, #1751, .F. ) ;
#3409 = DIRECTION ( 'NONE',  ( 0.000000000000000000, 0.000000000000000000, -1.000000000000000000 ) ) ;
#3410 = AXIS2_PLACEMENT_3D ( 'NONE', #1611, #718, #1935 ) ;
#3411 = ORIENTED_EDGE ( 'NONE', *, *, #1971, .T. ) ;
#3412 = DIRECTION ( 'NONE',  ( -0.000000000000000000, -0.000000000000000000, -1.000000000000000000 ) ) ;
#3413 = ORIENTED_EDGE ( 'NONE', *, *, #800, .T. ) ;
#3414 = ORIENTED_EDGE ( 'NONE', *, *, #2112, .F. ) ;
#3415 = CARTESIAN_POINT ( 'NONE',  ( 1.000000000000003553, 34.99999999999999289, 2.171572875253811929 ) ) ;
#3416 = DIRECTION ( 'NONE',  ( 0.000000000000000000, 0.000000000000000000, -1.000000000000000000 ) ) ;
#3417 = DIRECTION ( 'NONE',  ( -1.000000000000000000, -0.000000000000000000, -0.000000000000000000 ) ) ;
#3418 = CIRCLE ( 'NONE', #2063, 4.000000000000000000 ) ;
#3419 = CARTESIAN_POINT ( 'NONE',  ( -44.50000000000001421, 0.000000000000000000, 2.000000000000000000 ) ) ;
#3420 = EDGE_LOOP ( 'NONE', ( #2945, #2138, #3045, #1308 ) ) ;
#3421 = ORIENTED_EDGE ( 'NONE', *, *, #1923, .F. ) ;
#3422 = AXIS2_PLACEMENT_3D ( 'NONE', #2709, #3925, #2406 ) ;
#3423 = VECTOR ( 'NONE', #2192, 1000.000000000000000 ) ;
#3424 = CARTESIAN_POINT ( 'NONE',  ( -45.99999999999999289, 34.99999999999999289, 19.00000000000000000 ) ) ;
#3425 = CARTESIAN_POINT ( 'NONE',  ( 46.00000000000000711, 32.99999999999999289, 19.90000000000000213 ) ) ;
#3426 = CARTESIAN_POINT ( 'NONE',  ( 14.00000000000000533, 39.00000000000000000, 2.000000000000000000 ) ) ;
#3427 = ORIENTED_EDGE ( 'NONE', *, *, #3601, .T. ) ;
#3428 = DIRECTION ( 'NONE',  ( 0.000000000000000000, -0.000000000000000000, -1.000000000000000000 ) ) ;
#3429 = VERTEX_POINT ( 'NONE', #3916 ) ;
#3430 = CYLINDRICAL_SURFACE ( 'NONE', #1126, 2.000000000000005329 ) ;
#3431 = ORIENTED_EDGE ( 'NONE', *, *, #1195, .T. ) ;
#3432 = VECTOR ( 'NONE', #3435, 1000.000000000000000 ) ;
#3433 = CARTESIAN_POINT ( 'NONE',  ( -2.999999999999997780, 38.99999999999998579, 5.000000000000000000 ) ) ;
#3434 = CARTESIAN_POINT ( 'NONE',  ( -38.00000000000000000, 34.99999999999999289, 5.000000000000000888 ) ) ;
#3435 = DIRECTION ( 'NONE',  ( 1.000000000000000000, 2.081668171172168513E-16, 0.000000000000000000 ) ) ;
#3436 = CIRCLE ( 'NONE', #1690, 3.000000000000002665 ) ;
#3437 = DIRECTION ( 'NONE',  ( -1.000000000000000000, -7.228014483236695816E-17, 0.000000000000000000 ) ) ;
#3438 = EDGE_LOOP ( 'NONE', ( #3392, #648, #1409, #3728, #1789, #3547, #1378, #2665 ) ) ;
#3439 = EDGE_LOOP ( 'NONE', ( #216, #3052, #3287, #2331 ) ) ;
#3440 = DIRECTION ( 'NONE',  ( 0.000000000000000000, -1.000000000000000000, 0.000000000000000000 ) ) ;
#3441 = DIRECTION ( 'NONE',  ( -6.938893903907228378E-17, 1.000000000000000000, -0.000000000000000000 ) ) ;
#3442 = ORIENTED_EDGE ( 'NONE', *, *, #3657, .F. ) ;
#3443 = EDGE_CURVE ( 'NONE', #3134, #2316, #528, .T. ) ;
#3444 = CARTESIAN_POINT ( 'NONE',  ( -45.99999999999999289, -33.00000000000000711, 22.00000000000000000 ) ) ;
#3445 = ORIENTED_EDGE ( 'NONE', *, *, #1230, .T. ) ;
#3446 = DIRECTION ( 'NONE',  ( 0.000000000000000000, 0.000000000000000000, 1.000000000000000000 ) ) ;
#3447 = DIRECTION ( 'NONE',  ( 0.000000000000000000, -1.000000000000000000, 0.000000000000000000 ) ) ;
#3448 = EDGE_CURVE ( 'NONE', #3666, #3838, #3019, .T. ) ;
#3449 = CARTESIAN_POINT ( 'NONE',  ( -44.50000000000001421, 0.000000000000000000, 4.000000000000000000 ) ) ;
#3450 = CARTESIAN_POINT ( 'NONE',  ( -10.99999999999998401, 41.00000000000000000, 5.000000000000000000 ) ) ;
#3451 = CIRCLE ( 'NONE', #1207, 4.000000000000003553 ) ;
#3452 = CARTESIAN_POINT ( 'NONE',  ( -44.50000000000001421, -29.50000000000001421, 4.000000000000000000 ) ) ;
#3453 = CARTESIAN_POINT ( 'NONE',  ( 35.00000000000000711, -39.00000000000000711, 0.000000000000000000 ) ) ;
#3454 = ORIENTED_EDGE ( 'NONE', *, *, #2708, .T. ) ;
#3455 = CARTESIAN_POINT ( 'NONE',  ( 50.00000000000000711, -18.99999999999998934, 5.000000000000000000 ) ) ;
#3456 = CARTESIAN_POINT ( 'NONE',  ( -18.60000000000002629, 34.99999999999999289, 5.000000000000000000 ) ) ;
#3457 = ORIENTED_EDGE ( 'NONE', *, *, #3398, .F. ) ;
#3458 = EDGE_CURVE ( 'NONE', #237, #700, #2485, .T. ) ;
#3459 = DIRECTION ( 'NONE',  ( -1.000000000000000000, -3.638262323776860755E-18, 0.000000000000000000 ) ) ;
#3460 = VECTOR ( 'NONE', #2722, 1000.000000000000000 ) ;
#3461 = B_SPLINE_CURVE_WITH_KNOTS ( 'NONE', 3,
 ( #1776, #3011, #3612, #1179, #2727, #548 ),
 .UNSPECIFIED., .F., .F.,
 ( 4, 2, 4 ),
 ( 8.673617379884035472E-19, 0.001275147992164789692, 0.002550295984329579817 ),
 .UNSPECIFIED. ) ;
#3462 = B_SPLINE_CURVE_WITH_KNOTS ( 'NONE', 3,
 ( #2858, #92, #457, #149 ),
 .UNSPECIFIED., .F., .F.,
 ( 4, 4 ),
 ( 0.004021902169612255606, 0.004525001331060902500 ),
 .UNSPECIFIED. ) ;
#3463 = VECTOR ( 'NONE', #436, 1000.000000000000000 ) ;
#3464 = CARTESIAN_POINT ( 'NONE',  ( -11.59999999999999254, -31.50000000000000711, 4.000000000000000000 ) ) ;
#3465 = CARTESIAN_POINT ( 'NONE',  ( 23.00000000000000355, 38.00000000000000711, 0.000000000000000000 ) ) ;
#3466 = ORIENTED_EDGE ( 'NONE', *, *, #1682, .F. ) ;
#3467 = CARTESIAN_POINT ( 'NONE',  ( -41.56416923747485725, 32.50000000000000000, 2.000000000000000000 ) ) ;
#3468 = AXIS2_PLACEMENT_3D ( 'NONE', #580, #2705, #895 ) ;
#3469 = LINE ( 'NONE', #166, #714 ) ;
#3470 = EDGE_CURVE ( 'NONE', #3338, #1145, #3319, .T. ) ;
#3471 = LINE ( 'NONE', #1065, #2010 ) ;
#3472 = CARTESIAN_POINT ( 'NONE',  ( 29.51742756705441550, 35.86334423012498718, 4.161692076154945852 ) ) ;
#3473 = LINE ( 'NONE', #3491, #230 ) ;
#3474 = ADVANCED_FACE ( 'NONE', ( #1746 ), #3553, .T. ) ;
#3475 = FACE_OUTER_BOUND ( 'NONE', #3737, .T. ) ;
#3476 = EDGE_LOOP ( 'NONE', ( #324, #3528, #1498, #836 ) ) ;
#3477 = DIRECTION ( 'NONE',  ( -1.000000000000000000, 0.000000000000000000, 0.000000000000000000 ) ) ;
#3478 = VECTOR ( 'NONE', #1084, 1000.000000000000000 ) ;
#3479 = EDGE_CURVE ( 'NONE', #677, #597, #109, .T. ) ;
#3480 = ORIENTED_EDGE ( 'NONE', *, *, #2396, .F. ) ;
#3481 = CARTESIAN_POINT ( 'NONE',  ( -38.00000000000000000, 32.99999999999999289, 8.000000000000000000 ) ) ;
#3482 = CIRCLE ( 'NONE', #3741, 3.000000000000000888 ) ;
#3483 = EDGE_LOOP ( 'NONE', ( #2706, #3499, #1606, #845 ) ) ;
#3484 = EDGE_CURVE ( 'NONE', #3350, #1461, #665, .T. ) ;
#3485 = CARTESIAN_POINT ( 'NONE',  ( 48.00000000000000711, 33.00000000000000000, 2.000000000000000000 ) ) ;
#3486 = DIRECTION ( 'NONE',  ( 1.000000000000000000, 0.000000000000000000, 0.000000000000000000 ) ) ;
#3487 = ORIENTED_EDGE ( 'NONE', *, *, #2584, .T. ) ;
#3488 = CARTESIAN_POINT ( 'NONE',  ( -38.99999999999999289, -35.00000000000000711, 5.000000000000000000 ) ) ;
#3489 = DIRECTION ( 'NONE',  ( -0.000000000000000000, -0.000000000000000000, -1.000000000000000000 ) ) ;
#3490 = CARTESIAN_POINT ( 'NONE',  ( 0.000000000000000000, 3.199999999999946443, 4.000000000000000000 ) ) ;
#3491 = CARTESIAN_POINT ( 'NONE',  ( 46.00000000000000711, 34.09999999999999432, 21.10000000000000142 ) ) ;
#3492 = VERTEX_POINT ( 'NONE', #1578 ) ;
#3493 = AXIS2_PLACEMENT_3D ( 'NONE', #3455, #2862, #2843 ) ;
#3494 = LINE ( 'NONE', #3424, #2334 ) ;
#3495 = ADVANCED_FACE ( 'NONE', ( #2811, #177 ), #3730, .T. ) ;
#3496 = EDGE_CURVE ( 'NONE', #1534, #3564, #398, .T. ) ;
#3497 = CARTESIAN_POINT ( 'NONE',  ( 46.00000000000000711, -33.00000000000000711, 21.10000000000000497 ) ) ;
#3498 = VECTOR ( 'NONE', #1538, 1000.000000000000000 ) ;
#3499 = ORIENTED_EDGE ( 'NONE', *, *, #3182, .T. ) ;
#3500 = LINE ( 'NONE', #2852, #936 ) ;
#3501 = CYLINDRICAL_SURFACE ( 'NONE', #2053, 3.999999999999996447 ) ;
#3502 = EDGE_CURVE ( 'NONE', #1197, #876, #3240, .T. ) ;
#3503 = VERTEX_POINT ( 'NONE', #1636 ) ;
#3504 = ORIENTED_EDGE ( 'NONE', *, *, #3329, .T. ) ;
#3505 = DIRECTION ( 'NONE',  ( -0.000000000000000000, -0.000000000000000000, 1.000000000000000000 ) ) ;
#3506 = DIRECTION ( 'NONE',  ( 0.000000000000000000, 1.000000000000000000, 0.000000000000000000 ) ) ;
#3507 = CARTESIAN_POINT ( 'NONE',  ( 46.00000000000000711, 0.000000000000000000, 0.000000000000000000 ) ) ;
#3508 = DIRECTION ( 'NONE',  ( 1.000000000000000000, 0.000000000000000000, 0.000000000000000000 ) ) ;
#3509 = DIRECTION ( 'NONE',  ( -0.000000000000000000, -0.000000000000000000, -1.000000000000000000 ) ) ;
#3510 = ORIENTED_EDGE ( 'NONE', *, *, #1784, .T. ) ;
#3511 = ORIENTED_EDGE ( 'NONE', *, *, #3229, .F. ) ;
#3512 = CARTESIAN_POINT ( 'NONE',  ( 30.99999999999999645, -36.00000000000000711, 5.000000000000000000 ) ) ;
#3513 = EDGE_CURVE ( 'NONE', #344, #3282, #2875, .T. ) ;
#3514 = CARTESIAN_POINT ( 'NONE',  ( -49.99999999999999289, 30.99999999999999289, 0.000000000000000000 ) ) ;
#3515 = EDGE_CURVE ( 'NONE', #3492, #3262, #1812, .T. ) ;
#3516 = ORIENTED_EDGE ( 'NONE', *, *, #1971, .F. ) ;
#3517 = FACE_OUTER_BOUND ( 'NONE', #1859, .T. ) ;
#3518 = FACE_OUTER_BOUND ( 'NONE', #672, .T. ) ;
#3519 = VECTOR ( 'NONE', #496, 1000.000000000000000 ) ;
#3520 = ORIENTED_EDGE ( 'NONE', *, *, #1177, .T. ) ;
#3521 = EDGE_CURVE ( 'NONE', #198, #1588, #2184, .T. ) ;
#3522 = VERTEX_POINT ( 'NONE', #145 ) ;
#3523 = CARTESIAN_POINT ( 'NONE',  ( -2.999999999999997780, 38.65262771439216039, 4.055272822365074248 ) ) ;
#3524 = AXIS2_PLACEMENT_3D ( 'NONE', #3791, #3447, #2892 ) ;
#3525 = CARTESIAN_POINT ( 'NONE',  ( 16.99999999999999645, 32.50000000000000000, 4.000000000000000000 ) ) ;
#3526 = DIRECTION ( 'NONE',  ( -1.000000000000000000, 0.000000000000000000, 0.000000000000000000 ) ) ;
#3527 = CARTESIAN_POINT ( 'NONE',  ( 2.000000000000000444, -38.00000000000000711, 5.000000000000000000 ) ) ;
#3528 = ORIENTED_EDGE ( 'NONE', *, *, #3936, .T. ) ;
#3529 = ORIENTED_EDGE ( 'NONE', *, *, #3224, .T. ) ;
#3530 = CARTESIAN_POINT ( 'NONE',  ( 2.000000000000006217, 34.99999999999999289, 5.000000000000000888 ) ) ;
#3531 = CARTESIAN_POINT ( 'NONE',  ( 20.00000000000000000, 39.00000000000000000, 5.000000000000000000 ) ) ;
#3532 = EDGE_CURVE ( 'NONE', #3250, #1078, #1341, .T. ) ;
#3533 = DIRECTION ( 'NONE',  ( 0.000000000000000000, -1.000000000000000000, 0.000000000000000000 ) ) ;
#3534 = ORIENTED_EDGE ( 'NONE', *, *, #3200, .F. ) ;
#3535 = VECTOR ( 'NONE', #220, 1000.000000000000000 ) ;
#3536 = ORIENTED_EDGE ( 'NONE', *, *, #78, .F. ) ;
#3537 = CARTESIAN_POINT ( 'NONE',  ( -12.99999999999999822, 38.99999999999999289, 2.462284491910116113 ) ) ;
#3538 = ORIENTED_EDGE ( 'NONE', *, *, #1407, .T. ) ;
#3539 = VERTEX_POINT ( 'NONE', #3488 ) ;
#3540 = CYLINDRICAL_SURFACE ( 'NONE', #240, 3.000000000000000000 ) ;
#3541 = AXIS2_PLACEMENT_3D ( 'NONE', #3843, #2971, #1379 ) ;
#3542 = EDGE_CURVE ( 'NONE', #396, #143, #1283, .T. ) ;
#3543 = CARTESIAN_POINT ( 'NONE',  ( -18.60000000000002629, 14.99999999999999645, 5.000000000000000000 ) ) ;
#3544 = CARTESIAN_POINT ( 'NONE',  ( 14.00000000000000178, 39.00000000000000000, 2.763932022500209751 ) ) ;
#3545 = DIRECTION ( 'NONE',  ( 1.000000000000000000, -0.000000000000000000, -0.000000000000000000 ) ) ;
#3546 = EDGE_CURVE ( 'NONE', #2969, #10, #673, .T. ) ;
#3547 = ORIENTED_EDGE ( 'NONE', *, *, #2099, .T. ) ;
#3548 = CARTESIAN_POINT ( 'NONE',  ( -15.60000000000002629, 34.99999999999999289, 5.000000000000000000 ) ) ;
#3549 = ORIENTED_EDGE ( 'NONE', *, *, #3381, .T. ) ;
#3550 = AXIS2_PLACEMENT_3D ( 'NONE', #1035, #63, #1012 ) ;
#3551 = LINE ( 'NONE', #2045, #2800 ) ;
#3552 = CIRCLE ( 'NONE', #1685, 2.000000000000001776 ) ;
#3553 = PLANE ( 'NONE',  #2833 ) ;
#3554 = CARTESIAN_POINT ( 'NONE',  ( 2.000000000000007550, 14.99999999999999645, 8.000000000000000000 ) ) ;
#3555 = VECTOR ( 'NONE', #1452, 1000.000000000000000 ) ;
#3556 = ORIENTED_EDGE ( 'NONE', *, *, #2445, .F. ) ;
#3557 = DIRECTION ( 'NONE',  ( -1.000000000000000000, 0.000000000000000000, 0.000000000000000000 ) ) ;
#3558 = ORIENTED_EDGE ( 'NONE', *, *, #642, .F. ) ;
#3559 = EDGE_CURVE ( 'NONE', #3666, #751, #2202, .T. ) ;
#3560 = ORIENTED_EDGE ( 'NONE', *, *, #3589, .F. ) ;
#3561 = CARTESIAN_POINT ( 'NONE',  ( -15.74795209828744369, 34.99999999410648144, 4.053852559904191466 ) ) ;
#3562 = ADVANCED_FACE ( 'NONE', ( #2488 ), #3109, .T. ) ;
#3563 = VERTEX_POINT ( 'NONE', #3147 ) ;
#3564 = VERTEX_POINT ( 'NONE', #964 ) ;
#3565 = DIRECTION ( 'NONE',  ( -6.938893903907228378E-17, 1.000000000000000000, -0.000000000000000000 ) ) ;
#3566 = CIRCLE ( 'NONE', #2483, 4.000000000000000000 ) ;
#3567 = DIRECTION ( 'NONE',  ( -6.938893903907228378E-17, 1.000000000000000000, -0.000000000000000000 ) ) ;
#3568 = DIRECTION ( 'NONE',  ( -1.000000000000000000, 0.000000000000000000, 0.000000000000000000 ) ) ;
#3569 = EDGE_CURVE ( 'NONE', #223, #1098, #2646, .T. ) ;
#3570 = LINE ( 'NONE', #821, #2794 ) ;
#3571 = ORIENTED_EDGE ( 'NONE', *, *, #1367, .T. ) ;
#3572 = EDGE_CURVE ( 'NONE', #2313, #505, #3359, .T. ) ;
#3573 = PLANE ( 'NONE',  #898 ) ;
#3574 = CARTESIAN_POINT ( 'NONE',  ( -2.999999999999997780, 34.99999999999999289, 2.171572875253811485 ) ) ;
#3575 = LINE ( 'NONE', #207, #3238 ) ;
#3576 = DIRECTION ( 'NONE',  ( -6.938893903907228378E-17, 1.000000000000000000, 0.000000000000000000 ) ) ;
#3577 = DIRECTION ( 'NONE',  ( 1.000000000000000000, 0.000000000000000000, 0.000000000000000000 ) ) ;
#3578 = AXIS2_PLACEMENT_3D ( 'NONE', #3659, #1785, #287 ) ;
#3579 = ORIENTED_EDGE ( 'NONE', *, *, #3705, .F. ) ;
#3580 = EDGE_CURVE ( 'NONE', #1756, #822, #2460, .T. ) ;
#3581 = CARTESIAN_POINT ( 'NONE',  ( 6.000000000000000000, -36.00000000000000711, 0.000000000000000000 ) ) ;
#3582 = ORIENTED_EDGE ( 'NONE', *, *, #1597, .F. ) ;
#3583 = ORIENTED_EDGE ( 'NONE', *, *, #320, .T. ) ;
#3584 = CARTESIAN_POINT ( 'NONE',  ( 46.00000000000000711, 31.00000000000000355, 2.000000000000000000 ) ) ;
#3585 = ORIENTED_EDGE ( 'NONE', *, *, #1143, .T. ) ;
#3586 = ORIENTED_EDGE ( 'NONE', *, *, #1625, .F. ) ;
#3587 = FACE_OUTER_BOUND ( 'NONE', #1178, .T. ) ;
#3588 = DIRECTION ( 'NONE',  ( 0.000000000000000000, -1.000000000000000000, 0.000000000000000000 ) ) ;
#3589 = EDGE_CURVE ( 'NONE', #1145, #860, #425, .T. ) ;
#3590 = DIRECTION ( 'NONE',  ( -1.000000000000000000, 0.000000000000000000, 0.000000000000000000 ) ) ;
#3591 = DIRECTION ( 'NONE',  ( -0.000000000000000000, -0.000000000000000000, -1.000000000000000000 ) ) ;
#3592 = VERTEX_POINT ( 'NONE', #1653 ) ;
#3593 = CARTESIAN_POINT ( 'NONE',  ( -0.5742157975534799563, 34.99999997263214624, 3.442215048739853955 ) ) ;
#3594 = CARTESIAN_POINT ( 'NONE',  ( -38.00000000000000000, 14.99999999999999645, 5.000000000000000888 ) ) ;
#3595 = DIRECTION ( 'NONE',  ( 0.000000000000000000, 0.000000000000000000, 1.000000000000000000 ) ) ;
#3596 = VECTOR ( 'NONE', #3708, 1000.000000000000000 ) ;
#3597 = VECTOR ( 'NONE', #1234, 1000.000000000000000 ) ;
#3598 = CARTESIAN_POINT ( 'NONE',  ( -5.000000000000011546, 41.00000000000000000, 5.000000000000000000 ) ) ;
#3599 = DIRECTION ( 'NONE',  ( 0.000000000000000000, 0.000000000000000000, -1.000000000000000000 ) ) ;
#3600 = ORIENTED_EDGE ( 'NONE', *, *, #201, .F. ) ;
#3601 = EDGE_CURVE ( 'NONE', #2701, #1366, #3227, .T. ) ;
#3602 = DIRECTION ( 'NONE',  ( -1.000000000000000000, -0.000000000000000000, -0.000000000000000000 ) ) ;
#3603 = VERTEX_POINT ( 'NONE', #1979 ) ;
#3604 = ORIENTED_EDGE ( 'NONE', *, *, #1670, .T. ) ;
#3605 = CARTESIAN_POINT ( 'NONE',  ( 40.00000000000001421, 33.00000000000000000, 7.000000000000000888 ) ) ;
#3606 = CIRCLE ( 'NONE', #981, 4.000000000000000000 ) ;
#3607 = ORIENTED_EDGE ( 'NONE', *, *, #1950, .T. ) ;
#3608 = ADVANCED_FACE ( 'NONE', ( #2341 ), #2890, .F. ) ;
#3609 = ORIENTED_EDGE ( 'NONE', *, *, #2521, .T. ) ;
#3610 = VECTOR ( 'NONE', #71, 1000.000000000000000 ) ;
#3611 = DIRECTION ( 'NONE',  ( 0.000000000000000000, -1.000000000000000000, 0.000000000000000000 ) ) ;
#3612 = CARTESIAN_POINT ( 'NONE',  ( -13.00000000000000000, 38.94794434017567397, 3.311407670312445095 ) ) ;
#3613 = DIRECTION ( 'NONE',  ( -6.938893903907228378E-17, 1.000000000000000000, 0.000000000000000000 ) ) ;
#3614 = CARTESIAN_POINT ( 'NONE',  ( 25.00000000000000711, 38.00000000000000711, 0.000000000000000000 ) ) ;
#3615 = ORIENTED_EDGE ( 'NONE', *, *, #64, .T. ) ;
#3616 = CARTESIAN_POINT ( 'NONE',  ( -0.1740967687707528910, 34.99999998765569842, 2.926371109131931103 ) ) ;
#3617 = DIRECTION ( 'NONE',  ( 0.000000000000000000, -0.000000000000000000, -1.000000000000000000 ) ) ;
#3618 = CARTESIAN_POINT ( 'NONE',  ( 0.000000000000000000, -31.50000000000000711, 4.000000000000000000 ) ) ;
#3619 = EDGE_LOOP ( 'NONE', ( #2294, #1978, #769, #3217, #3135, #2025, #2582, #1779, #333, #3116, #1966, #1095, #2719, #806, #1009, #1696, #1666, #194, #2019, #2282, #602, #961, #2575 ) ) ;
#3620 = CARTESIAN_POINT ( 'NONE',  ( -16.99999999999999289, 34.99999999999999289, 2.000000000000000000 ) ) ;
#3621 = AXIS2_PLACEMENT_3D ( 'NONE', #734, #444, #1644 ) ;
#3622 = FACE_OUTER_BOUND ( 'NONE', #3882, .T. ) ;
#3623 = VERTEX_POINT ( 'NONE', #1672 ) ;
#3624 = ADVANCED_FACE ( 'NONE', ( #1063 ), #2910, .T. ) ;
#3625 = CIRCLE ( 'NONE', #3815, 2.000000000000001776 ) ;
#3626 = ORIENTED_EDGE ( 'NONE', *, *, #1639, .F. ) ;
#3627 = LINE ( 'NONE', #3645, #2984 ) ;
#3628 = ORIENTED_EDGE ( 'NONE', *, *, #1265, .F. ) ;
#3629 = EDGE_LOOP ( 'NONE', ( #866, #3724 ) ) ;
#3630 = DIRECTION ( 'NONE',  ( 0.000000000000000000, 0.000000000000000000, -1.000000000000000000 ) ) ;
#3631 = LINE ( 'NONE', #2085, #2361 ) ;
#3632 = ORIENTED_EDGE ( 'NONE', *, *, #1436, .F. ) ;
#3633 = DIRECTION ( 'NONE',  ( 0.000000000000000000, 0.000000000000000000, -1.000000000000000000 ) ) ;
#3634 = CARTESIAN_POINT ( 'NONE',  ( 46.00000000000000711, 33.00000000000000000, 22.00000000000000000 ) ) ;
#3635 = CARTESIAN_POINT ( 'NONE',  ( -6.000000000000000000, -36.00000000000000711, 5.000000000000000000 ) ) ;
#3636 = DIRECTION ( 'NONE',  ( -0.000000000000000000, 0.000000000000000000, 1.000000000000000000 ) ) ;
#3637 = CARTESIAN_POINT ( 'NONE',  ( -18.60000000000002629, 34.99999999999999289, 5.000000000000000000 ) ) ;
#3638 = ORIENTED_EDGE ( 'NONE', *, *, #1309, .T. ) ;
#3639 = ORIENTED_EDGE ( 'NONE', *, *, #317, .F. ) ;
#3640 = DIRECTION ( 'NONE',  ( 0.000000000000000000, 0.000000000000000000, -1.000000000000000000 ) ) ;
#3641 = CARTESIAN_POINT ( 'NONE',  ( -41.56416923747485725, 0.000000000000000000, 4.000000000000000000 ) ) ;
#3642 = VERTEX_POINT ( 'NONE', #182 ) ;
#3643 = ADVANCED_FACE ( 'NONE', ( #3862 ), #454, .T. ) ;
#3644 = AXIS2_PLACEMENT_3D ( 'NONE', #3801, #1054, #2276 ) ;
#3645 = CARTESIAN_POINT ( 'NONE',  ( -10.00000000000000000, 38.00000000000000711, 5.000000000000000000 ) ) ;
#3646 = EDGE_CURVE ( 'NONE', #677, #1756, #2299, .T. ) ;
#3647 = VERTEX_POINT ( 'NONE', #2950 ) ;
#3648 = CARTESIAN_POINT ( 'NONE',  ( 18.00000000000000355, 38.99999999519464211, 2.949794724666085610 ) ) ;
#3649 = CARTESIAN_POINT ( 'NONE',  ( 32.00000000000001421, 34.99999999999999289, 2.000000000000000000 ) ) ;
#3650 = ORIENTED_EDGE ( 'NONE', *, *, #2177, .F. ) ;
#3651 = CARTESIAN_POINT ( 'NONE',  ( -2.999999999999971578, 35.70849234744426326, 2.913657437601566702 ) ) ;
#3652 = CARTESIAN_POINT ( 'NONE',  ( -45.99999999999999289, -31.00000000000000711, 4.000000000000000000 ) ) ;
#3653 = FACE_OUTER_BOUND ( 'NONE', #1752, .T. ) ;
#3654 = AXIS2_PLACEMENT_3D ( 'NONE', #2355, #2031, #541 ) ;
#3655 = CARTESIAN_POINT ( 'NONE',  ( -46.00000000000000000, 34.99999999999999289, 0.000000000000000000 ) ) ;
#3656 = ORIENTED_EDGE ( 'NONE', *, *, #1157, .T. ) ;
#3657 = EDGE_CURVE ( 'NONE', #3647, #944, #1810, .T. ) ;
#3658 = VECTOR ( 'NONE', #3148, 1000.000000000000000 ) ;
#3659 = CARTESIAN_POINT ( 'NONE',  ( 12.00000000000000711, 33.00000000000000000, 5.000000000000000888 ) ) ;
#3660 = LINE ( 'NONE', #3361, #441 ) ;
#3661 = VECTOR ( 'NONE', #142, 1000.000000000000000 ) ;
#3662 = DIRECTION ( 'NONE',  ( 0.000000000000000000, 0.000000000000000000, -1.000000000000000000 ) ) ;
#3663 = ORIENTED_EDGE ( 'NONE', *, *, #870, .T. ) ;
#3664 = CYLINDRICAL_SURFACE ( 'NONE', #2577, 1.999999999999998224 ) ;
#3665 = EDGE_LOOP ( 'NONE', ( #2789, #467, #1669, #1553, #1705 ) ) ;
#3666 = VERTEX_POINT ( 'NONE', #488 ) ;
#3667 = CARTESIAN_POINT ( 'NONE',  ( 18.00000000000000355, 38.92035882347209963, 4.068166126925679471 ) ) ;
#3668 = VECTOR ( 'NONE', #1507, 1000.000000000000000 ) ;
#3669 = PLANE ( 'NONE',  #3070 ) ;
#3670 = ADVANCED_FACE ( 'NONE', ( #1692 ), #3540, .F. ) ;
#3671 = EDGE_LOOP ( 'NONE', ( #2388, #1383, #2441, #1348, #3144, #290 ) ) ;
#3672 = DIRECTION ( 'NONE',  ( -0.000000000000000000, -0.000000000000000000, -1.000000000000000000 ) ) ;
#3673 = CARTESIAN_POINT ( 'NONE',  ( -41.99999999999999289, 1.499999999999986233, 4.000000000000000000 ) ) ;
#3674 = DIRECTION ( 'NONE',  ( 0.000000000000000000, 0.000000000000000000, -1.000000000000000000 ) ) ;
#3675 =( GEOMETRIC_REPRESENTATION_CONTEXT ( 3 ) GLOBAL_UNCERTAINTY_ASSIGNED_CONTEXT ( ( #1278 ) ) GLOBAL_UNIT_ASSIGNED_CONTEXT ( ( #1902, #743, #3806 ) ) REPRESENTATION_CONTEXT ( 'NONE', 'WORKASPACE' ) );
#3676 = LINE ( 'NONE', #1268, #1873 ) ;
#3677 = FACE_OUTER_BOUND ( 'NONE', #657, .T. ) ;
#3678 = CARTESIAN_POINT ( 'NONE',  ( -46.00000000000000000, -35.00000000000000711, 0.000000000000000000 ) ) ;
#3679 = EDGE_CURVE ( 'NONE', #3091, #639, #2327, .T. ) ;
#3680 = LINE ( 'NONE', #1229, #1171 ) ;
#3681 = LINE ( 'NONE', #2216, #409 ) ;
#3682 = VERTEX_POINT ( 'NONE', #1417 ) ;
#3683 = DIRECTION ( 'NONE',  ( -1.000000000000000000, 0.000000000000000000, 0.000000000000000000 ) ) ;
#3684 = AXIS2_PLACEMENT_3D ( 'NONE', #1875, #2830, #1256 ) ;
#3685 = ORIENTED_EDGE ( 'NONE', *, *, #2688, .T. ) ;
#3686 = ADVANCED_FACE ( 'NONE', ( #3587 ), #837, .F. ) ;
#3687 = ORIENTED_EDGE ( 'NONE', *, *, #3837, .F. ) ;
#3688 = AXIS2_PLACEMENT_3D ( 'NONE', #770, #1088, #2026 ) ;
#3689 = EDGE_CURVE ( 'NONE', #1973, #3243, #890, .T. ) ;
#3690 = CIRCLE ( 'NONE', #618, 4.000000000000003553 ) ;
#3691 = CARTESIAN_POINT ( 'NONE',  ( -18.60000000000002629, 14.99999999999999645, 2.000000000000000000 ) ) ;
#3692 = ORIENTED_EDGE ( 'NONE', *, *, #1647, .T. ) ;
#3693 = CARTESIAN_POINT ( 'NONE',  ( 18.00000000000000355, 35.00000000000000000, 5.000000000000000000 ) ) ;
#3694 = DIRECTION ( 'NONE',  ( 0.000000000000000000, 0.000000000000000000, 1.000000000000000000 ) ) ;
#3695 = EDGE_CURVE ( 'NONE', #1628, #1216, #3358, .T. ) ;
#3696 = LINE ( 'NONE', #869, #2215 ) ;
#3697 = CARTESIAN_POINT ( 'NONE',  ( 46.00000000000000711, 34.09999999999999432, 21.10000000000000142 ) ) ;
#3698 = VECTOR ( 'NONE', #646, 1000.000000000000000 ) ;
#3699 = LINE ( 'NONE', #2414, #3668 ) ;
#3700 = PLANE ( 'NONE',  #1807 ) ;
#3701 = ORIENTED_EDGE ( 'NONE', *, *, #2030, .F. ) ;
#3702 = ORIENTED_EDGE ( 'NONE', *, *, #414, .F. ) ;
#3703 = VECTOR ( 'NONE', #2886, 1000.000000000000000 ) ;
#3704 = DIRECTION ( 'NONE',  ( -0.000000000000000000, 0.000000000000000000, 1.000000000000000000 ) ) ;
#3705 = EDGE_CURVE ( 'NONE', #352, #1040, #2977, .T. ) ;
#3706 = CYLINDRICAL_SURFACE ( 'NONE', #653, 4.000000000000000000 ) ;
#3707 = EDGE_LOOP ( 'NONE', ( #3558, #3345 ) ) ;
#3708 = DIRECTION ( 'NONE',  ( 0.000000000000000000, 0.000000000000000000, -1.000000000000000000 ) ) ;
#3709 = EDGE_LOOP ( 'NONE', ( #3520, #2547 ) ) ;
#3710 = CARTESIAN_POINT ( 'NONE',  ( 18.00000000000000355, 35.77459666924148252, 4.999999999999998224 ) ) ;
#3711 = ORIENTED_EDGE ( 'NONE', *, *, #2265, .F. ) ;
#3712 = ORIENTED_EDGE ( 'NONE', *, *, #281, .T. ) ;
#3713 = CARTESIAN_POINT ( 'NONE',  ( -37.99999999999999289, 14.99999999999999645, 2.000000000000000000 ) ) ;
#3714 = CARTESIAN_POINT ( 'NONE',  ( 45.50000000000001421, 33.00000000000000000, 4.000000000000000000 ) ) ;
#3715 = LINE ( 'NONE', #967, #3156 ) ;
#3716 = CYLINDRICAL_SURFACE ( 'NONE', #1111, 3.500000000000006661 ) ;
#3717 = ORIENTED_EDGE ( 'NONE', *, *, #1510, .T. ) ;
#3718 = ORIENTED_EDGE ( 'NONE', *, *, #88, .F. ) ;
#3719 = DIRECTION ( 'NONE',  ( 0.000000000000000000, 0.000000000000000000, -1.000000000000000000 ) ) ;
#3720 = CIRCLE ( 'NONE', #3908, 3.000000000000000000 ) ;
#3721 = CARTESIAN_POINT ( 'NONE',  ( 25.00000000000000711, 38.00000000000000711, 5.000000000000000000 ) ) ;
#3722 = DIRECTION ( 'NONE',  ( -0.000000000000000000, -0.000000000000000000, 1.000000000000000000 ) ) ;
#3723 = VECTOR ( 'NONE', #3342, 1000.000000000000000 ) ;
#3724 = ORIENTED_EDGE ( 'NONE', *, *, #477, .T. ) ;
#3725 = CARTESIAN_POINT ( 'NONE',  ( -41.56416923747485725, 33.00000000000000000, 4.000000000000000000 ) ) ;
#3726 = ORIENTED_EDGE ( 'NONE', *, *, #2137, .F. ) ;
#3727 = CARTESIAN_POINT ( 'NONE',  ( 14.09227226640459740, 34.99999999999999289, 2.846462827718863053 ) ) ;
#3728 = ORIENTED_EDGE ( 'NONE', *, *, #3546, .F. ) ;
#3729 = DIRECTION ( 'NONE',  ( -1.000000000000000000, -0.000000000000000000, -0.000000000000000000 ) ) ;
#3730 = PLANE ( 'NONE',  #3340 ) ;
#3731 = CARTESIAN_POINT ( 'NONE',  ( -49.99999999999999289, -35.00000000000000711, 2.000000000000000000 ) ) ;
#3732 = CARTESIAN_POINT ( 'NONE',  ( 29.76014820021398322, 35.68503355496036988, 3.377827259805383786 ) ) ;
#3733 = DIRECTION ( 'NONE',  ( 0.000000000000000000, 1.000000000000000000, 0.000000000000000000 ) ) ;
#3734 = VECTOR ( 'NONE', #991, 1000.000000000000000 ) ;
#3735 = CARTESIAN_POINT ( 'NONE',  ( -30.99999999999999645, -36.00000000000000711, 5.000000000000000000 ) ) ;
#3736 = ORIENTED_EDGE ( 'NONE', *, *, #601, .F. ) ;
#3737 = EDGE_LOOP ( 'NONE', ( #3860, #3303, #3186, #105 ) ) ;
#3738 = CIRCLE ( 'NONE', #2196, 4.000000000000000000 ) ;
#3739 = EDGE_CURVE ( 'NONE', #2626, #1681, #3927, .T. ) ;
#3740 = CARTESIAN_POINT ( 'NONE',  ( 6.000000000000000000, -40.00000000000000711, 5.000000000000000000 ) ) ;
#3741 = AXIS2_PLACEMENT_3D ( 'NONE', #2823, #1929, #2534 ) ;
#3742 = LINE ( 'NONE', #2500, #1983 ) ;
#3743 = AXIS2_PLACEMENT_3D ( 'NONE', #1800, #1818, #3393 ) ;
#3744 = VERTEX_POINT ( 'NONE', #649 ) ;
#3745 = SURFACE_SIDE_STYLE ('',( #102 ) ) ;
#3746 = EDGE_CURVE ( 'NONE', #732, #1591, #2489, .T. ) ;
#3747 = ORIENTED_EDGE ( 'NONE', *, *, #1533, .F. ) ;
#3748 = PLANE ( 'NONE',  #3059 ) ;
#3749 = ORIENTED_EDGE ( 'NONE', *, *, #3778, .F. ) ;
#3750 = LINE ( 'NONE', #962, #252 ) ;
#3751 = AXIS2_PLACEMENT_3D ( 'NONE', #2187, #729, #947 ) ;
#3752 = CARTESIAN_POINT ( 'NONE',  ( 16.72301556883919815, 32.50000000000000000, 4.000000000000000000 ) ) ;
#3753 = CARTESIAN_POINT ( 'NONE',  ( 46.00000000000000711, -33.00000000000000711, 21.10000000000000497 ) ) ;
#3754 = CARTESIAN_POINT ( 'NONE',  ( 29.50000000000000711, 35.87750100080079108, 4.330555159281063382 ) ) ;
#3755 = AXIS2_PLACEMENT_3D ( 'NONE', #2899, #3816, #3296 ) ;
#3756 = CARTESIAN_POINT ( 'NONE',  ( 0.000000000000000000, -29.50000000000001421, 4.000000000000000000 ) ) ;
#3757 = EDGE_CURVE ( 'NONE', #2842, #2297, #1289, .T. ) ;
#3758 = ORIENTED_EDGE ( 'NONE', *, *, #2287, .T. ) ;
#3759 = DIRECTION ( 'NONE',  ( 1.000000000000000000, 2.940209281316622371E-17, 0.000000000000000000 ) ) ;
#3760 = DIRECTION ( 'NONE',  ( 0.000000000000000000, 0.000000000000000000, -1.000000000000000000 ) ) ;
#3761 = ORIENTED_EDGE ( 'NONE', *, *, #3060, .F. ) ;
#3762 = DIRECTION ( 'NONE',  ( 0.000000000000000000, 0.000000000000000000, -1.000000000000000000 ) ) ;
#3763 = EDGE_CURVE ( 'NONE', #2422, #2782, #968, .T. ) ;
#3764 = DIRECTION ( 'NONE',  ( -0.000000000000000000, -0.000000000000000000, 1.000000000000000000 ) ) ;
#3765 = DIRECTION ( 'NONE',  ( -1.000000000000000000, 0.000000000000000000, 0.000000000000000000 ) ) ;
#3766 = EDGE_CURVE ( 'NONE', #256, #62, #3133, .T. ) ;
#3767 = ORIENTED_EDGE ( 'NONE', *, *, #219, .T. ) ;
#3768 = LINE ( 'NONE', #397, #753 ) ;
#3769 = CARTESIAN_POINT ( 'NONE',  ( 46.00000000000000711, 32.99999999999999289, 19.90000000000000213 ) ) ;
#3770 = DIRECTION ( 'NONE',  ( -0.000000000000000000, 0.000000000000000000, 1.000000000000000000 ) ) ;
#3771 = CARTESIAN_POINT ( 'NONE',  ( 29.63412800695641636, 35.77376561154099477, 3.676071934952745313 ) ) ;
#3772 = VECTOR ( 'NONE', #2130, 1000.000000000000000 ) ;
#3773 = CIRCLE ( 'NONE', #2036, 2.500000000000002220 ) ;
#3774 = DIRECTION ( 'NONE',  ( 1.000000000000000000, 0.000000000000000000, 0.000000000000000000 ) ) ;
#3775 = DIRECTION ( 'NONE',  ( -0.000000000000000000, 0.000000000000000000, -1.000000000000000000 ) ) ;
#3776 = ORIENTED_EDGE ( 'NONE', *, *, #1043, .F. ) ;
#3777 = DIRECTION ( 'NONE',  ( -0.000000000000000000, 1.000000000000000000, -0.000000000000000000 ) ) ;
#3778 = EDGE_CURVE ( 'NONE', #762, #3909, #3096, .T. ) ;
#3779 = DIRECTION ( 'NONE',  ( -0.000000000000000000, -0.000000000000000000, -1.000000000000000000 ) ) ;
#3780 = EDGE_LOOP ( 'NONE', ( #2686, #2516, #343, #3600, #2658, #3261 ) ) ;
#3781 = CARTESIAN_POINT ( 'NONE',  ( 25.99999999999998934, 41.00000000000000000, 0.000000000000000000 ) ) ;
#3782 = VECTOR ( 'NONE', #392, 1000.000000000000000 ) ;
#3783 = VERTEX_POINT ( 'NONE', #2170 ) ;
#3784 = LINE ( 'NONE', #1038, #2159 ) ;
#3785 = LINE ( 'NONE', #1115, #3278 ) ;
#3786 = ORIENTED_EDGE ( 'NONE', *, *, #1702, .F. ) ;
#3787 = FACE_OUTER_BOUND ( 'NONE', #2745, .T. ) ;
#3788 = CIRCLE ( 'NONE', #345, 4.000000000000000000 ) ;
#3789 = AXIS2_PLACEMENT_3D ( 'NONE', #3697, #948, #2873 ) ;
#3790 = CARTESIAN_POINT ( 'NONE',  ( 46.00000000000000711, -34.99999999999999289, 2.000000000000000000 ) ) ;
#3791 = CARTESIAN_POINT ( 'NONE',  ( -32.99999999999999289, -41.00000000000000711, 5.000000000000000000 ) ) ;
#3792 = CARTESIAN_POINT ( 'NONE',  ( 39.00000000000000000, -38.99999999999998579, 5.000000000000000000 ) ) ;
#3793 = EDGE_CURVE ( 'NONE', #3141, #2189, #2850, .T. ) ;
#3794 = FACE_OUTER_BOUND ( 'NONE', #211, .T. ) ;
#3795 = CARTESIAN_POINT ( 'NONE',  ( 20.00000000000001776, 41.00000000000000000, 5.000000000000000000 ) ) ;
#3796 = ORIENTED_EDGE ( 'NONE', *, *, #3404, .T. ) ;
#3797 = LINE ( 'NONE', #1029, #491 ) ;
#3798 = AXIS2_PLACEMENT_3D ( 'NONE', #403, #387, #3774 ) ;
#3799 = DIRECTION ( 'NONE',  ( 0.000000000000000000, 1.000000000000000000, -0.000000000000000000 ) ) ;
#3800 = ADVANCED_FACE ( 'NONE', ( #3378 ), #3716, .F. ) ;
#3801 = CARTESIAN_POINT ( 'NONE',  ( 46.00000000000001421, -30.99999999999998934, 22.00000000000000000 ) ) ;
#3802 = CIRCLE ( 'NONE', #3355, 2.000000000000005329 ) ;
#3803 = CARTESIAN_POINT ( 'NONE',  ( -45.99999999999999289, 32.99999999999999289, 4.000000000000000000 ) ) ;
#3804 = CARTESIAN_POINT ( 'NONE',  ( 39.00000000000000000, -34.99999999999999289, 2.000000000000000000 ) ) ;
#3805 = ORIENTED_EDGE ( 'NONE', *, *, #3224, .F. ) ;
#3806 =( NAMED_UNIT ( * ) SI_UNIT ( $, .STERADIAN. ) SOLID_ANGLE_UNIT ( ) );
#3807 = VERTEX_POINT ( 'NONE', #1246 ) ;
#3808 = DIRECTION ( 'NONE',  ( 1.000000000000000000, 0.000000000000000000, 0.000000000000000000 ) ) ;
#3809 = CARTESIAN_POINT ( 'NONE',  ( 18.00000000000000355, 35.00000000000000000, 5.000000000000000000 ) ) ;
#3810 = CYLINDRICAL_SURFACE ( 'NONE', #1501, 3.500000000000010214 ) ;
#3811 = LINE ( 'NONE', #2513, #850 ) ;
#3812 = CIRCLE ( 'NONE', #124, 2.999999999999999112 ) ;
#3813 = VERTEX_POINT ( 'NONE', #3453 ) ;
#3814 = EDGE_CURVE ( 'NONE', #2022, #3078, #675, .T. ) ;
#3815 = AXIS2_PLACEMENT_3D ( 'NONE', #3652, #906, #3353 ) ;
#3816 = DIRECTION ( 'NONE',  ( -2.168404344971008868E-16, 1.000000000000000000, 0.000000000000000000 ) ) ;
#3817 = EDGE_CURVE ( 'NONE', #1745, #2230, #3482, .T. ) ;
#3818 = PLANE ( 'NONE',  #840 ) ;
#3819 = CIRCLE ( 'NONE', #1580, 3.500000000000006661 ) ;
#3820 = ADVANCED_FACE ( 'NONE', ( #3677 ), #1845, .F. ) ;
#3821 = CARTESIAN_POINT ( 'NONE',  ( -32.99999999999999289, -41.00000000000000711, 5.000000000000000000 ) ) ;
#3822 = CARTESIAN_POINT ( 'NONE',  ( -12.99999999999999822, 38.74699879903904076, 5.000000000000000000 ) ) ;
#3823 = ORIENTED_EDGE ( 'NONE', *, *, #1351, .F. ) ;
#3824 = ORIENTED_EDGE ( 'NONE', *, *, #1670, .F. ) ;
#3825 = CARTESIAN_POINT ( 'NONE',  ( -2.999999999999998224, 38.72813282865232054, 3.825298679894092668 ) ) ;
#3826 = CYLINDRICAL_SURFACE ( 'NONE', #3275, 2.000000000000001776 ) ;
#3827 = CARTESIAN_POINT ( 'NONE',  ( 27.10000000000001208, 33.00000000000000000, 4.000000000000000000 ) ) ;
#3828 = EDGE_CURVE ( 'NONE', #2641, #1579, #3802, .T. ) ;
#3829 = DIRECTION ( 'NONE',  ( 1.000000000000000000, 0.000000000000000000, -0.000000000000000000 ) ) ;
#3830 = VERTEX_POINT ( 'NONE', #2780 ) ;
#3831 = VERTEX_POINT ( 'NONE', #57 ) ;
#3832 = ORIENTED_EDGE ( 'NONE', *, *, #766, .F. ) ;
#3833 = PLANE ( 'NONE',  #3688 ) ;
#3834 = FACE_BOUND ( 'NONE', #3629, .T. ) ;
#3835 = CARTESIAN_POINT ( 'NONE',  ( 6.000000000000000000, -40.00000000000000711, 0.000000000000000000 ) ) ;
#3836 = ADVANCED_FACE ( 'NONE', ( #2493 ), #3700, .T. ) ;
#3837 = EDGE_CURVE ( 'NONE', #3783, #762, #2514, .T. ) ;
#3838 = VERTEX_POINT ( 'NONE', #2553 ) ;
#3839 = CARTESIAN_POINT ( 'NONE',  ( -16.54407730921895592, 34.99999999834852105, 2.809080530411690368 ) ) ;
#3840 = CIRCLE ( 'NONE', #2891, 2.000000000000001776 ) ;
#3841 = ORIENTED_EDGE ( 'NONE', *, *, #1195, .F. ) ;
#3842 = VERTEX_POINT ( 'NONE', #1965 ) ;
#3843 = CARTESIAN_POINT ( 'NONE',  ( -10.99999999999999822, 39.00000000000000000, 5.000000000000000000 ) ) ;
#3844 = AXIS2_PLACEMENT_3D ( 'NONE', #2269, #3611, #1775 ) ;
#3845 = DIRECTION ( 'NONE',  ( -1.000000000000000000, 0.000000000000000000, 0.000000000000000000 ) ) ;
#3846 = DIRECTION ( 'NONE',  ( -0.000000000000000000, -0.000000000000000000, -1.000000000000000000 ) ) ;
#3847 = DIRECTION ( 'NONE',  ( -0.000000000000000000, -0.000000000000000000, 1.000000000000000000 ) ) ;
#3848 = FACE_OUTER_BOUND ( 'NONE', #3899, .T. ) ;
#3849 = ORIENTED_EDGE ( 'NONE', *, *, #88, .T. ) ;
#3850 = ORIENTED_EDGE ( 'NONE', *, *, #1201, .F. ) ;
#3851 = VERTEX_POINT ( 'NONE', #3548 ) ;
#3852 = DIRECTION ( 'NONE',  ( 1.000000000000000000, 0.000000000000000000, 0.000000000000000000 ) ) ;
#3853 = ADVANCED_FACE ( 'NONE', ( #3475 ), #1642, .T. ) ;
#3854 = AXIS2_PLACEMENT_3D ( 'NONE', #3075, #2778, #908 ) ;
#3855 = LINE ( 'NONE', #1704, #1860 ) ;
#3856 = DIRECTION ( 'NONE',  ( -6.938893903907228378E-17, 1.000000000000000000, -0.000000000000000000 ) ) ;
#3857 = EDGE_LOOP ( 'NONE', ( #2078, #3225, #3556, #1060 ) ) ;
#3858 = CARTESIAN_POINT ( 'NONE',  ( -2.999999999999997780, 38.99999999999998579, 2.171572875253812818 ) ) ;
#3859 = EDGE_CURVE ( 'NONE', #2204, #1508, #786, .T. ) ;
#3860 = ORIENTED_EDGE ( 'NONE', *, *, #1228, .F. ) ;
#3861 = ORIENTED_EDGE ( 'NONE', *, *, #3171, .F. ) ;
#3862 = FACE_OUTER_BOUND ( 'NONE', #689, .T. ) ;
#3863 = AXIS2_PLACEMENT_3D ( 'NONE', #506, #2930, #199 ) ;
#3864 = DIRECTION ( 'NONE',  ( 0.000000000000000000, 0.000000000000000000, 1.000000000000000000 ) ) ;
#3865 = LINE ( 'NONE', #1465, #1631 ) ;
#3866 = EDGE_LOOP ( 'NONE', ( #380, #2718, #3013, #3454 ) ) ;
#3867 = ORIENTED_EDGE ( 'NONE', *, *, #576, .F. ) ;
#3868 = CARTESIAN_POINT ( 'NONE',  ( -2.000000000000000444, -38.00000000000000711, 5.000000000000000000 ) ) ;
#3869 = CARTESIAN_POINT ( 'NONE',  ( 0.8344304136448935649, 35.00000000141361767, 2.232657220473285520 ) ) ;
#3870 = COLOUR_RGB ( '',0.7921568627450980005, 0.8196078431372548767, 0.9333333333333333481 ) ;
#3871 = DIRECTION ( 'NONE',  ( 0.000000000000000000, 1.000000000000000000, 0.000000000000000000 ) ) ;
#3872 = CARTESIAN_POINT ( 'NONE',  ( 1.000000000000002220, 38.99999999999999289, 0.000000000000000000 ) ) ;
#3873 = CIRCLE ( 'NONE', #3751, 2.000000000000001776 ) ;
#3874 = VECTOR ( 'NONE', #3764, 1000.000000000000000 ) ;
#3875 = PLANE ( 'NONE',  #328 ) ;
#3876 = VERTEX_POINT ( 'NONE', #1049 ) ;
#3877 = FACE_OUTER_BOUND ( 'NONE', #865, .T. ) ;
#3878 = VECTOR ( 'NONE', #2785, 1000.000000000000000 ) ;
#3879 = ORIENTED_EDGE ( 'NONE', *, *, #3006, .T. ) ;
#3880 = CARTESIAN_POINT ( 'NONE',  ( -12.99999999999980993, 35.80249270462607569, 3.695824967829203889 ) ) ;
#3881 = EDGE_CURVE ( 'NONE', #2189, #1786, #1657, .T. ) ;
#3882 = EDGE_LOOP ( 'NONE', ( #1995, #2650, #2781, #2766 ) ) ;
#3883 = EDGE_LOOP ( 'NONE', ( #939, #2645, #3271, #462 ) ) ;
#3884 = CIRCLE ( 'NONE', #945, 2.000000000000001776 ) ;
#3885 = FACE_OUTER_BOUND ( 'NONE', #3223, .T. ) ;
#3886 = EDGE_CURVE ( 'NONE', #3682, #3350, #2573, .T. ) ;
#3887 = CARTESIAN_POINT ( 'NONE',  ( -30.99999999999999645, -36.00000000000000711, 5.000000000000000000 ) ) ;
#3888 = CYLINDRICAL_SURFACE ( 'NONE', #1998, 2.000000000000005329 ) ;
#3889 = VERTEX_POINT ( 'NONE', #2914 ) ;
#3890 = CARTESIAN_POINT ( 'NONE',  ( -2.999999999999729994, 36.15470055447450903, 4.710314343406901472 ) ) ;
#3891 = ADVANCED_FACE ( 'NONE', ( #2250 ), #3233, .T. ) ;
#3892 = CARTESIAN_POINT ( 'NONE',  ( 46.00000000000000711, 34.09999999999999432, 19.90000000000000213 ) ) ;
#3893 = CARTESIAN_POINT ( 'NONE',  ( -12.99999999999999822, 38.99999999999998579, 5.000000000000000000 ) ) ;
#3894 = VERTEX_POINT ( 'NONE', #1622 ) ;
#3895 = LINE ( 'NONE', #3641, #514 ) ;
#3896 = EDGE_CURVE ( 'NONE', #3842, #2949, #3211, .T. ) ;
#3897 = ORIENTED_EDGE ( 'NONE', *, *, #120, .T. ) ;
#3898 = CARTESIAN_POINT ( 'NONE',  ( 40.00000000000001421, 34.99999999999999289, 7.000000000000000888 ) ) ;
#3899 = EDGE_LOOP ( 'NONE', ( #3516, #101, #2957, #33 ) ) ;
#3900 = VERTEX_POINT ( 'NONE', #187 ) ;
#3901 = CARTESIAN_POINT ( 'NONE',  ( 16.99999999999999645, 29.00000000000000000, 4.000000000000000000 ) ) ;
#3902 = VERTEX_POINT ( 'NONE', #731 ) ;
#3903 = CARTESIAN_POINT ( 'NONE',  ( 0.000000000000000000, 0.000000000000000000, 0.000000000000000000 ) ) ;
#3904 = ORIENTED_EDGE ( 'NONE', *, *, #2767, .T. ) ;
#3905 = CARTESIAN_POINT ( 'NONE',  ( 14.00000000000000178, 38.87298334620740548, 5.000000000000000000 ) ) ;
#3906 = LINE ( 'NONE', #2995, #1315 ) ;
#3907 = CARTESIAN_POINT ( 'NONE',  ( -45.99999999999999289, 34.99999999999999289, 22.00000000000000000 ) ) ;
#3908 = AXIS2_PLACEMENT_3D ( 'NONE', #2619, #736, #3177 ) ;
#3909 = VERTEX_POINT ( 'NONE', #1697 ) ;
#3910 = CARTESIAN_POINT ( 'NONE',  ( -0.3056070807181599513, 35.00000002736783244, 3.066749477837307669 ) ) ;
#3911 = CARTESIAN_POINT ( 'NONE',  ( 20.99999999999999645, 38.00000000000000711, 0.000000000000000000 ) ) ;
#3912 = CARTESIAN_POINT ( 'NONE',  ( -18.10000000000001563, 0.000000000000000000, 4.000000000000000000 ) ) ;
#3913 = EDGE_CURVE ( 'NONE', #2098, #1786, #1402, .T. ) ;
#3914 = ADVANCED_FACE ( 'NONE', ( #1703 ), #1725, .F. ) ;
#3915 = VERTEX_POINT ( 'NONE', #2566 ) ;
#3916 = CARTESIAN_POINT ( 'NONE',  ( -41.99999999999999289, 1.499999999999986233, 2.000000000000000000 ) ) ;
#3917 = DIRECTION ( 'NONE',  ( 0.000000000000000000, 0.000000000000000000, 1.000000000000000000 ) ) ;
#3918 = ORIENTED_EDGE ( 'NONE', *, *, #3580, .F. ) ;
#3919 = VERTEX_POINT ( 'NONE', #1281 ) ;
#3920 = LINE ( 'NONE', #3008, #347 ) ;
#3921 = AXIS2_PLACEMENT_3D ( 'NONE', #2473, #2451, #631 ) ;
#3922 = ORIENTED_EDGE ( 'NONE', *, *, #1751, .T. ) ;
#3923 = VECTOR ( 'NONE', #508, 1000.000000000000000 ) ;
#3924 = ORIENTED_EDGE ( 'NONE', *, *, #778, .F. ) ;
#3925 = DIRECTION ( 'NONE',  ( 6.938893903907228378E-17, -1.000000000000000000, 0.000000000000000000 ) ) ;
#3926 = CARTESIAN_POINT ( 'NONE',  ( 46.00000000000000711, 35.00000000000000000, 2.000000000000000000 ) ) ;
#3927 = CIRCLE ( 'NONE', #3743, 3.000000000000000000 ) ;
#3928 = ORIENTED_EDGE ( 'NONE', *, *, #414, .T. ) ;
#3929 = CARTESIAN_POINT ( 'NONE',  ( -3.000000000000051070, 35.89244259029540984, 3.337272588279398988 ) ) ;
#3930 = DIRECTION ( 'NONE',  ( -1.000000000000000000, 0.000000000000000000, 0.000000000000000000 ) ) ;
#3931 = CARTESIAN_POINT ( 'NONE',  ( 32.00000000000001421, 34.99999999999999289, 4.500000000000000888 ) ) ;
#3932 = CARTESIAN_POINT ( 'NONE',  ( -49.99999999999999289, -35.00000000000000711, 0.000000000000000000 ) ) ;
#3933 = ADVANCED_FACE ( 'NONE', ( #3787 ), #2224, .T. ) ;
#3934 = ORIENTED_EDGE ( 'NONE', *, *, #2320, .T. ) ;
#3935 = AXIS2_PLACEMENT_3D ( 'NONE', #1638, #765, #1323 ) ;
#3936 = EDGE_CURVE ( 'NONE', #1248, #2378, #2242, .T. ) ;
#3937 = CARTESIAN_POINT ( 'NONE',  ( 6.000000000000000000, -38.00000000000000711, 0.000000000000000000 ) ) ;
#3938 = ORIENTED_EDGE ( 'NONE', *, *, #958, .F. ) ;
#3939 = VECTOR ( 'NONE', #754, 1000.000000000000000 ) ;
#3940 = CARTESIAN_POINT ( 'NONE',  ( 29.50000000000001066, 14.99999999999999645, 4.500000000000000888 ) ) ;
#3941 = EDGE_LOOP ( 'NONE', ( #712, #2461, #2087, #2993 ) ) ;
#3942 = CARTESIAN_POINT ( 'NONE',  ( 46.00000000000001421, -30.99999999999998934, 2.000000000000000000 ) ) ;
ENDSEC;
END-ISO-10303-21;
